estudiante_skey,id_estudiante,dni,nombre,apellido,genero,fecha_nacimiento,nacionalidad,anio_ingreso,edad_ingreso,egreso_carrera,anio_egreso,abandono_carrera,anio_abandono,nombre_programa,tipo_programa,duracion_programa,anio_plan_programa,facultad_programa,valid_from,valid_to,es_actual,total_inscripciones,es_ingresante_sin_cursada
25,114512,20006443,Rodrigo,Benítez,M,2004-12-16,Boliviana,2020,16,0,,1,2020.0,Ingeniería Química,Grado,5,,Facultad Regional Buenos Aires,2026-05-26,,1,,1
131,14758,20030151,Sebastián,Ramos,M,1998-07-15,Argentina,2024,26,0,,1,2024.0,Tecnicatura Universitaria En Programación,Pregrado,3,,Facultad Regional Buenos Aires,2026-05-26,,1,,1
149,89672,20033117,Iván,Romero,M,2007-08-22,Argentina,2020,13,0,,1,2020.0,Ingeniería Mecánica,Grado,5,,Facultad Regional Buenos Aires,2026-05-26,,1,,1
204,76879,20043295,Valeria,Cabrera,F,2003-01-21,Argentina,2024,21,0,,1,2024.0,Tecnicatura Universitaria En Programación,Pregrado,3,,Facultad Regional Buenos Aires,2026-05-26,,1,,1
236,96370,20047833,Julián,Souza,M,2005-09-11,Venezolana,2020,15,0,,1,2020.0,Ingeniería Aeronáutica,Grado,5,,Facultad Regional Buenos Aires,2026-05-26,,1,,1
321,50232,20066310,Patricia,Castro,F,2007-07-13,Argentina,2021,14,0,,1,2021.0,Tecnicatura Universitaria En Programación,Pregrado,3,,Facultad Regional Buenos Aires,2026-05-26,,1,,1
382,42252,20078444,Valeria,Oliveira,F,2004-09-30,Peruana,2020,16,0,,1,2020.0,Tecnicatura Universitaria En Programación,Pregrado,3,,Facultad Regional Buenos Aires,2026-05-26,,1,,1
421,3564,20085401,Leandro,Rojas,M,2006-03-14,Argentina,2020,14,0,,1,2020.0,Ingeniería Aeronáutica,Grado,5,,Facultad Regional Buenos Aires,2026-05-26,,1,,1
478,66542,20097635,Fernando,García,M,2003-05-22,Argentina,2024,21,0,,1,2024.0,Tecnicatura Universitaria En Programación,Pregrado,3,,Facultad Regional Buenos Aires,2026-05-26,,1,,1
481,16955,20098483,Iván,Lima,M,2000-04-08,Paraguaya,2024,24,0,,1,2024.0,Tecnicatura Universitaria En Programación,Pregrado,3,,Facultad Regional Buenos Aires,2026-05-26,,1,,1
486,3498,20099430,Gabriela,Rodríguez,F,2005-02-09,Argentina,2020,15,0,,1,2020.0,Ingeniería Química,Grado,5,,Facultad Regional Buenos Aires,2026-05-26,,1,,1
495,91282,20100526,Julián,Condori,M,2004-05-01,Paraguaya,2020,16,0,,1,2020.0,Ingeniería Aeronáutica,Grado,5,,Facultad Regional Buenos Aires,2026-05-26,,1,,1
521,67551,20105379,Federico,Vargas,M,2005-05-16,Argentina,2020,15,0,,1,2020.0,Tecnicatura Universitaria En Programación,Pregrado,3,,Facultad Regional Buenos Aires,2026-05-26,,1,,1
581,54708,20118636,Emilio,Díaz,M,2002-05-24,Argentina,2021,19,0,,1,2021.0,Tecnicatura Universitaria En Programación,Pregrado,3,,Facultad Regional Buenos Aires,2026-05-26,,1,,1
612,65050,20124758,Matías,Lima,M,2007-01-25,Boliviana,2020,13,0,,1,2020.0,Ingeniería Electrónica,Grado,5,,Facultad Regional Buenos Aires,2026-05-26,,1,,1
722,109133,20143517,Lucas,Cruz,M,2005-05-20,Argentina,2020,15,0,,1,2020.0,Ingeniería Eléctrica,Grado,5,,Facultad Regional Buenos Aires,2026-05-26,,1,,1
830,101638,20165741,Emilio,García,M,2005-07-19,Argentina,2024,19,0,,1,2024.0,Tecnicatura Universitaria En Programación,Pregrado,3,,Facultad Regional Buenos Aires,2026-05-26,,1,,1
834,67750,20166566,Sergio,Pérez,M,2001-03-26,Argentina,2024,23,0,,1,2024.0,Tecnicatura Universitaria En Programación,Pregrado,3,,Facultad Regional Buenos Aires,2026-05-26,,1,,1
870,51269,20172865,Emilio,Fuentes,M,2005-02-27,Boliviana,2020,15,0,,1,2020.0,Ingeniería Eléctrica,Grado,5,,Facultad Regional Buenos Aires,2026-05-26,,1,,1
872,101939,20173532,Sergio,Carrizo,M,2005-02-02,Argentina,2020,15,0,,1,2020.0,Ingeniería Aeronáutica,Grado,5,,Facultad Regional Buenos Aires,2026-05-26,,1,,1
915,78487,20180945,Diego,Medina,M,1999-04-04,Argentina,2020,21,0,,1,2020.0,Ingeniería Eléctrica,Grado,5,,Facultad Regional Buenos Aires,2026-05-26,,1,,1
950,61019,20188084,Federico,Acosta,M,2007-11-27,Argentina,2024,17,0,,1,2024.0,Tecnicatura Universitaria En Programación,Pregrado,3,,Facultad Regional Buenos Aires,2026-05-26,,1,,1
999,91824,20196333,Ignacio,Huanca,M,2001-09-10,Brasileña,2024,23,0,,1,2024.0,Tecnicatura Universitaria En Programación,Pregrado,3,,Facultad Regional Buenos Aires,2026-05-26,,1,,1
1112,120936,20218702,Leandro,Ojeda,M,2003-03-26,Argentina,2024,21,0,,1,2024.0,Tecnicatura Universitaria En Programación,Pregrado,3,,Facultad Regional Buenos Aires,2026-05-26,,1,,1
1190,74272,20234468,Alejandra,Ramos,F,2005-12-07,Argentina,2020,15,0,,1,2020.0,Ingeniería Química,Grado,5,,Facultad Regional Buenos Aires,2026-05-26,,1,,1
1201,28508,20236271,Ramiro,Acosta,M,2000-07-09,Argentina,2020,20,0,,1,2020.0,Ingeniería Eléctrica,Grado,5,,Facultad Regional Buenos Aires,2026-05-26,,1,,1
1237,93536,20241470,Soledad,Medina,F,2001-07-10,Argentina,2020,19,0,,1,2020.0,Ingeniería Química,Grado,5,,Facultad Regional Buenos Aires,2026-05-26,,1,,1
1298,54580,20254971,Ezequiel,López,M,2004-08-14,Argentina,2020,16,0,,1,2020.0,Ingeniería Mecánica,Grado,5,,Facultad Regional Buenos Aires,2026-05-26,,1,,1
1396,100437,20277087,Sergio,Vargas,M,1998-05-14,Argentina,2020,22,0,,1,2020.0,Ingeniería Aeronáutica,Grado,5,,Facultad Regional Buenos Aires,2026-05-26,,1,,1
1432,46420,20283520,Sebastián,Díaz,M,1999-02-20,Paraguaya,2024,25,0,,1,2024.0,Tecnicatura Universitaria En Programación,Pregrado,3,,Facultad Regional Buenos Aires,2026-05-26,,1,,1
1506,122170,20296054,Pablo,García,M,2001-12-03,Argentina,2020,19,0,,1,2020.0,Tecnicatura Universitaria En Programación,Pregrado,3,,Facultad Regional Buenos Aires,2026-05-26,,1,,1
1524,56625,20299291,Tomás,Gómez,M,1999-07-11,Argentina,2020,21,0,,1,2020.0,Ingeniería Electrónica,Grado,5,,Facultad Regional Buenos Aires,2026-05-26,,1,,1
1548,19977,20304274,Lucas,Apaza,M,2002-05-26,Paraguaya,2020,18,0,,1,2020.0,Ingeniería Mecánica,Grado,5,,Facultad Regional Buenos Aires,2026-05-26,,1,,1
1558,38261,20306144,Romina,Villalba,F,2001-07-02,Boliviana,2021,20,0,,1,2021.0,Tecnicatura Universitaria En Programación,Pregrado,3,,Facultad Regional Buenos Aires,2026-05-26,,1,,1
1580,91,20310954,Ramiro,Ramos,M,2007-08-10,Argentina,2024,17,0,,1,2024.0,Tecnicatura Universitaria En Programación,Pregrado,3,,Facultad Regional Buenos Aires,2026-05-26,,1,,1
1651,111131,20326030,Pablo,Ruiz,M,2007-09-23,Argentina,2020,13,0,,1,2020.0,Ingeniería Química,Grado,5,,Facultad Regional Buenos Aires,2026-05-26,,1,,1
1655,9814,20326350,Rodrigo,García,M,2007-12-25,Argentina,2020,13,0,,1,2020.0,Ingeniería Mecánica,Grado,5,,Facultad Regional Buenos Aires,2026-05-26,,1,,1
1656,68855,20326375,Claudio,Morales,M,2003-03-06,Argentina,2024,21,0,,1,2024.0,Tecnicatura Universitaria En Programación,Pregrado,3,,Facultad Regional Buenos Aires,2026-05-26,,1,,1
1665,13349,20327927,Martín,García,M,2007-05-13,Argentina,2024,17,0,,1,2024.0,Tecnicatura Universitaria En Programación,Pregrado,3,,Facultad Regional Buenos Aires,2026-05-26,,1,,1
1667,20179,20328350,Alejandro,Ramos,M,2000-01-18,Argentina,2020,20,0,,1,2020.0,Tecnicatura Universitaria En Programación,Pregrado,3,,Facultad Regional Buenos Aires,2026-05-26,,1,,1
1700,80704,20335024,Ezequiel,Fuentes,M,1998-09-14,Peruana,2020,22,0,,1,2020.0,Ingeniería Mecánica,Grado,5,,Facultad Regional Buenos Aires,2026-05-26,,1,,1
1711,30453,20337418,Gabriela Gabriela,Apaza,F,2002-01-12,Boliviana,2021,19,0,,1,2021.0,Tecnicatura Universitaria En Programación,Pregrado,3,,Facultad Regional Buenos Aires,2026-05-26,,1,,1
1727,46241,20342814,Santiago,Carrizo,M,2003-01-09,Argentina,2020,17,0,,1,2020.0,Ingeniería Mecánica,Grado,5,,Facultad Regional Buenos Aires,2026-05-26,,1,,1
1828,47072,20360044,Cristian,Carrizo,M,2004-02-19,Argentina,2024,20,0,,1,2024.0,Tecnicatura Universitaria En Programación,Pregrado,3,,Facultad Regional Buenos Aires,2026-05-26,,1,,1
1867,99399,20368559,Damián,Romero,M,2004-07-09,Argentina,2020,16,0,,1,2020.0,Ingeniería Mecánica,Grado,5,,Facultad Regional Buenos Aires,2026-05-26,,1,,1
1892,50852,20374452,Lucas,Suárez,M,2005-10-06,Argentina,2024,19,0,,1,2024.0,Tecnicatura Universitaria En Programación,Pregrado,3,,Facultad Regional Buenos Aires,2026-05-26,,1,,1
1908,27711,20378817,Gastón,Álvarez,M,2003-08-30,Argentina,2020,17,0,,1,2020.0,Tecnicatura Universitaria En Programación,Pregrado,3,,Facultad Regional Buenos Aires,2026-05-26,,1,,1
1968,22539,20390258,Claudia,Álvarez,F,2003-07-26,Argentina,2020,17,0,,1,2020.0,Ingeniería Electrónica,Grado,5,,Facultad Regional Buenos Aires,2026-05-26,,1,,1
2114,103833,20415253,Tomás,Acosta,M,2003-05-22,Argentina,2020,17,0,,1,2020.0,Tecnicatura Universitaria En Programación,Pregrado,3,,Facultad Regional Buenos Aires,2026-05-26,,1,,1
2118,22580,20416447,Mariela,Oliveira,F,2001-05-21,Chilena,2020,19,0,,1,2020.0,Ingeniería Química,Grado,5,,Facultad Regional Buenos Aires,2026-05-26,,1,,1
2169,19137,20430202,Martín,Condori,M,2006-04-11,Peruana,2021,15,0,,1,2021.0,Tecnicatura Universitaria En Programación,Pregrado,3,,Facultad Regional Buenos Aires,2026-05-26,,1,,1
2232,46545,20446343,Santiago,Díaz,M,1998-03-29,Argentina,2021,23,0,,1,2021.0,Tecnicatura Universitaria En Programación,Pregrado,3,,Facultad Regional Buenos Aires,2026-05-26,,1,,1
2289,35586,20459653,Federico,Rodríguez,M,2005-05-21,Argentina,2020,15,0,,1,2020.0,Ingeniería Eléctrica,Grado,5,,Facultad Regional Buenos Aires,2026-05-26,,1,,1
2374,117394,20476510,Gonzalo,Rojas,M,1997-09-27,Argentina,2020,23,0,,1,2020.0,Ingeniería Eléctrica,Grado,5,,Facultad Regional Buenos Aires,2026-05-26,,1,,1
2379,10212,20477122,Hernán,Santos,M,2003-01-01,Chilena,2024,21,0,,1,2024.0,Tecnicatura Universitaria En Programación,Pregrado,3,,Facultad Regional Buenos Aires,2026-05-26,,1,,1
2381,111915,20477202,Maximiliano,Acosta,M,2001-09-29,Argentina,2024,23,0,,1,2024.0,Tecnicatura Universitaria En Programación,Pregrado,3,,Facultad Regional Buenos Aires,2026-05-26,,1,,1
2400,92320,20481351,Gonzalo,Vera,M,2004-03-11,Argentina,2020,16,0,,1,2020.0,Ingeniería Electrónica,Grado,5,,Facultad Regional Buenos Aires,2026-05-26,,1,,1
2402,109675,20481666,Iván,Álvarez,M,2004-04-24,Argentina,2020,16,0,,1,2020.0,Ingeniería Aeronáutica,Grado,5,,Facultad Regional Buenos Aires,2026-05-26,,1,,1
2405,38381,20482604,Andrea,Santos,F,2006-04-02,Chilena,2024,18,0,,1,2024.0,Tecnicatura Universitaria En Programación,Pregrado,3,,Facultad Regional Buenos Aires,2026-05-26,,1,,1
2439,5801,20491730,Emilio Emilio,Ramos,M,2004-10-26,Argentina,2024,20,0,,1,2024.0,Tecnicatura Universitaria En Programación,Pregrado,3,,Facultad Regional Buenos Aires,2026-05-26,,1,,1
2444,55084,20492833,Claudio,Álvarez,M,2006-06-01,Argentina,2024,18,0,,1,2024.0,Tecnicatura Universitaria En Programación,Pregrado,3,,Facultad Regional Buenos Aires,2026-05-26,,1,,1
2547,7768,20513527,Matías,Ramos,M,2005-12-21,Argentina,2020,15,0,,1,2020.0,Ingeniería Electrónica,Grado,5,,Facultad Regional Buenos Aires,2026-05-26,,1,,1
2550,121461,20514744,Diego,Vera,M,2006-02-08,Argentina,2021,15,0,,1,2021.0,Tecnicatura Universitaria En Programación,Pregrado,3,,Facultad Regional Buenos Aires,2026-05-26,,1,,1
2630,71580,20529327,Tomás,González,M,2007-01-16,Argentina,2024,17,0,,1,2024.0,Tecnicatura Universitaria En Programación,Pregrado,3,,Facultad Regional Buenos Aires,2026-05-26,,1,,1
2638,119566,20532045,Mariela,Silva,F,2001-09-04,Paraguaya,2020,19,0,,1,2020.0,Ingeniería Química,Grado,5,,Facultad Regional Buenos Aires,2026-05-26,,1,,1
2770,101628,20557099,Ezequiel,Molina,M,2007-07-25,Argentina,2020,13,0,,1,2020.0,Ingeniería Aeronáutica,Grado,5,,Facultad Regional Buenos Aires,2026-05-26,,1,,1
2785,34775,20560599,Agustín,Cabrera,M,2007-09-14,Argentina,2020,13,0,,1,2020.0,Ingeniería Electrónica,Grado,5,,Facultad Regional Buenos Aires,2026-05-26,,1,,1
2786,84434,20561246,Sebastián,Silva,M,2003-09-04,Paraguaya,2020,17,0,,1,2020.0,Ingeniería Electrónica,Grado,5,,Facultad Regional Buenos Aires,2026-05-26,,1,,1
2794,17917,20562463,Damián,Torres,M,2007-02-08,Argentina,2021,14,0,,1,2021.0,Tecnicatura Universitaria En Programación,Pregrado,3,,Facultad Regional Buenos Aires,2026-05-26,,1,,1
2809,7304,20565154,Lucas,Rodríguez,M,2003-06-18,Argentina,2020,17,0,,1,2020.0,Ingeniería Electrónica,Grado,5,,Facultad Regional Buenos Aires,2026-05-26,,1,,1
2951,127978,20592901,Emilio,Ríos,M,2007-11-20,Argentina,2020,13,0,,1,2020.0,Ingeniería Electrónica,Grado,5,,Facultad Regional Buenos Aires,2026-05-26,,1,,1
2952,29779,20593120,Facundo,Morales,M,2006-03-12,Argentina,2020,14,0,,1,2020.0,Ingeniería Mecánica,Grado,5,,Facultad Regional Buenos Aires,2026-05-26,,1,,1
3028,25458,20608741,Cristian,Acosta,M,2001-03-11,Argentina,2024,23,0,,1,2024.0,Tecnicatura Universitaria En Programación,Pregrado,3,,Facultad Regional Buenos Aires,2026-05-26,,1,,1
3044,67871,20611037,Alejandro,Reyes,M,2001-07-08,Argentina,2020,19,0,,1,2020.0,Ingeniería Mecánica,Grado,5,,Facultad Regional Buenos Aires,2026-05-26,,1,,1
3055,30415,20613034,Gabriela,Pérez,F,2005-02-21,Argentina,2024,19,0,,1,2024.0,Tecnicatura Universitaria En Programación,Pregrado,3,,Facultad Regional Buenos Aires,2026-05-26,,1,,1
3059,21024,20613595,Diego,Ramos,M,2004-05-03,Argentina,2020,16,0,,1,2020.0,Ingeniería Mecánica,Grado,5,,Facultad Regional Buenos Aires,2026-05-26,,1,,1
3068,22002,20614973,Leandro,Moreno,M,2004-05-11,Argentina,2020,16,0,,1,2020.0,Ingeniería Electrónica,Grado,5,,Facultad Regional Buenos Aires,2026-05-26,,1,,1
3098,70226,20621214,Facundo,Flores,M,2006-12-10,Argentina,2024,18,0,,1,2024.0,Tecnicatura Universitaria En Programación,Pregrado,3,,Facultad Regional Buenos Aires,2026-05-26,,1,,1
3141,28652,20628438,Mariana,Castro,F,2002-10-31,Argentina,2020,18,0,,1,2020.0,Ingeniería Eléctrica,Grado,5,,Facultad Regional Buenos Aires,2026-05-26,,1,,1
3147,56742,20630757,Mariela,Castro,F,1999-05-05,Argentina,2020,21,0,,1,2020.0,Ingeniería Mecánica,Grado,5,,Facultad Regional Buenos Aires,2026-05-26,,1,,1
3172,76177,20634195,Martín,Álvarez,M,2003-10-08,Argentina,2024,21,0,,1,2024.0,Tecnicatura Universitaria En Programación,Pregrado,3,,Facultad Regional Buenos Aires,2026-05-26,,1,,1
3228,40123,20643829,Gastón,Vera,M,2004-09-12,Argentina,2024,20,0,,1,2024.0,Tecnicatura Universitaria En Programación,Pregrado,3,,Facultad Regional Buenos Aires,2026-05-26,,1,,1
3236,56904,20644472,Mariana,Sánchez,F,2001-05-26,Argentina,2024,23,0,,1,2024.0,Tecnicatura Universitaria En Programación,Pregrado,3,,Facultad Regional Buenos Aires,2026-05-26,,1,,1
3283,129828,20655504,Mariela,Bogado,F,2002-07-07,Chilena,2024,22,0,,1,2024.0,Tecnicatura Universitaria En Programación,Pregrado,3,,Facultad Regional Buenos Aires,2026-05-26,,1,,1
3297,29445,20658556,Sebastián,Ortega,M,2003-11-20,Argentina,2020,17,0,,1,2020.0,Ingeniería Química,Grado,5,,Facultad Regional Buenos Aires,2026-05-26,,1,,1
3324,89654,20663702,Santiago,Ríos,M,2002-04-24,Argentina,2020,18,0,,1,2020.0,Ingeniería Química,Grado,5,,Facultad Regional Buenos Aires,2026-05-26,,1,,1
3374,69634,20671769,Mariela,López,F,1999-12-02,Argentina,2020,21,0,,1,2020.0,Ingeniería Química,Grado,5,,Facultad Regional Buenos Aires,2026-05-26,,1,,1
3376,122857,20671958,Matías,Flores,M,2007-06-05,Argentina,2024,17,0,,1,2024.0,Tecnicatura Universitaria En Programación,Pregrado,3,,Facultad Regional Buenos Aires,2026-05-26,,1,,1
3491,8974,20693359,Jimena,Cabrera,F,2001-02-20,Argentina,2024,23,0,,1,2024.0,Tecnicatura Universitaria En Programación,Pregrado,3,,Facultad Regional Buenos Aires,2026-05-26,,1,,1
3573,88369,20708823,Soledad,Ruiz,F,2000-02-01,Argentina,2020,20,0,,1,2020.0,Ingeniería Mecánica,Grado,5,,Facultad Regional Buenos Aires,2026-05-26,,1,,1
3574,67181,20708876,Ramiro,García,M,2002-01-10,Argentina,2024,22,0,,1,2024.0,Tecnicatura Universitaria En Programación,Pregrado,3,,Facultad Regional Buenos Aires,2026-05-26,,1,,1
3579,33565,20709519,Facundo,Álvarez,M,2004-10-10,Argentina,2020,16,0,,1,2020.0,Ingeniería Química,Grado,5,,Facultad Regional Buenos Aires,2026-05-26,,1,,1
3620,94186,20719364,Maximiliano,Romero,M,2003-06-06,Argentina,2020,17,0,,1,2020.0,Ingeniería Química,Grado,5,,Facultad Regional Buenos Aires,2026-05-26,,1,,1
3650,96173,20725184,Rodrigo,Castro,M,2007-09-12,Argentina,2024,17,0,,1,2024.0,Tecnicatura Universitaria En Programación,Pregrado,3,,Facultad Regional Buenos Aires,2026-05-26,,1,,1
3659,65658,20726079,Leandro,Vargas,M,2003-12-16,Argentina,2020,17,0,,1,2020.0,Ingeniería Electrónica,Grado,5,,Facultad Regional Buenos Aires,2026-05-26,,1,,1
3696,37116,20733551,Rodrigo,Castro,M,2004-03-05,Argentina,2020,16,0,,1,2020.0,Ingeniería Electrónica,Grado,5,,Facultad Regional Buenos Aires,2026-05-26,,1,,1
3717,62612,20737880,Cristian,Cabrera,M,1998-04-14,Argentina,2020,22,0,,1,2020.0,Tecnicatura Universitaria En Programación,Pregrado,3,,Facultad Regional Buenos Aires,2026-05-26,,1,,1
3728,97161,20739251,Tomás,Mendoza,M,2005-11-14,Argentina,2024,19,0,,1,2024.0,Tecnicatura Universitaria En Programación,Pregrado,3,,Facultad Regional Buenos Aires,2026-05-26,,1,,1
3766,13068,20745866,Julián,Molina,M,2001-01-20,Argentina,2020,19,0,,1,2020.0,Ingeniería Mecánica,Grado,5,,Facultad Regional Buenos Aires,2026-05-26,,1,,1
3784,85814,20750787,Matías,Ledesma,M,2003-09-19,Argentina,2020,17,0,,1,2020.0,Ingeniería Eléctrica,Grado,5,,Facultad Regional Buenos Aires,2026-05-26,,1,,1
3875,102642,20767624,Ramiro,Bogado,M,2006-06-05,Peruana,2024,18,0,,1,2024.0,Tecnicatura Universitaria En Programación,Pregrado,3,,Facultad Regional Buenos Aires,2026-05-26,,1,,1
4196,17387,20834351,Patricia,Mendoza,F,1997-07-02,Argentina,2024,27,0,,1,2024.0,Tecnicatura Universitaria En Programación,Pregrado,3,,Facultad Regional Buenos Aires,2026-05-26,,1,,1
4204,26968,20836070,Rodrigo,Apaza,M,2006-08-24,Uruguaya,2020,14,0,,1,2020.0,Ingeniería Química,Grado,5,,Facultad Regional Buenos Aires,2026-05-26,,1,,1
4205,69105,20836081,Sebastián,Sánchez,M,2005-02-02,Argentina,2020,15,0,,1,2020.0,Ingeniería Mecánica,Grado,5,,Facultad Regional Buenos Aires,2026-05-26,,1,,1
4326,53939,20860183,Leandro,Cabrera,M,2006-05-01,Argentina,2020,14,0,,1,2020.0,Ingeniería Eléctrica,Grado,5,,Facultad Regional Buenos Aires,2026-05-26,,1,,1
4329,55306,20860632,Damián,Cabrera,M,2007-09-09,Argentina,2020,13,0,,1,2020.0,Tecnicatura Universitaria En Programación,Pregrado,3,,Facultad Regional Buenos Aires,2026-05-26,,1,,1
4363,13619,20869342,Noelia,Álvarez,F,2005-03-07,Argentina,2024,19,0,,1,2024.0,Tecnicatura Universitaria En Programación,Pregrado,3,,Facultad Regional Buenos Aires,2026-05-26,,1,,1
4369,10778,20870720,Ignacio,Rojas,M,2006-05-27,Argentina,2020,14,0,,1,2020.0,Ingeniería Mecánica,Grado,5,,Facultad Regional Buenos Aires,2026-05-26,,1,,1
4385,75753,20873842,Leandro,Martínez,M,1999-05-02,Argentina,2020,21,0,,1,2020.0,Ingeniería Mecánica,Grado,5,,Facultad Regional Buenos Aires,2026-05-26,,1,,1
4409,54834,20878701,Mariana,Álvarez,F,2003-09-03,Argentina,2020,17,0,,1,2020.0,Ingeniería Química,Grado,5,,Facultad Regional Buenos Aires,2026-05-26,,1,,1
4443,96369,20885370,Nicolás,Acosta,M,2005-01-30,Argentina,2020,15,0,,1,2020.0,Ingeniería Electrónica,Grado,5,,Facultad Regional Buenos Aires,2026-05-26,,1,,1
4469,2904,20890912,Tomás,Medina,M,2001-04-01,Argentina,2020,19,0,,1,2020.0,Ingeniería Eléctrica,Grado,5,,Facultad Regional Buenos Aires,2026-05-26,,1,,1
4482,23215,20895177,Alejandra,Ramírez,F,2006-05-02,Argentina,2024,18,0,,1,2024.0,Tecnicatura Universitaria En Programación,Pregrado,3,,Facultad Regional Buenos Aires,2026-05-26,,1,,1
4514,108095,20903137,Agustín,Muñoz,M,2002-04-23,Uruguaya,2020,18,0,,1,2020.0,Ingeniería Mecánica,Grado,5,,Facultad Regional Buenos Aires,2026-05-26,,1,,1
4535,127354,20907039,Laura,Sánchez,F,2003-06-13,Argentina,2020,17,0,,1,2020.0,Ingeniería Electrónica,Grado,5,,Facultad Regional Buenos Aires,2026-05-26,,1,,1
4580,104850,20914157,Florencia,Peralta,F,2001-11-14,Argentina,2020,19,0,,1,2020.0,Ingeniería Electrónica,Grado,5,,Facultad Regional Buenos Aires,2026-05-26,,1,,1
4661,48511,20930843,Ignacio,Rodríguez,M,2003-06-21,Argentina,2020,17,0,,1,2020.0,Ingeniería Mecánica,Grado,5,,Facultad Regional Buenos Aires,2026-05-26,,1,,1
4665,77659,20932135,Federico,Núñez,M,2001-09-28,Argentina,2020,19,0,,1,2020.0,Ingeniería Mecánica,Grado,5,,Facultad Regional Buenos Aires,2026-05-26,,1,,1
4734,33313,20949430,Sebastián,Ramos,M,2006-01-01,Argentina,2020,14,0,,1,2020.0,Tecnicatura Universitaria En Programación,Pregrado,3,,Facultad Regional Buenos Aires,2026-05-26,,1,,1
4776,1621,20956028,Diego,López,M,2000-07-18,Argentina,2024,24,0,,1,2024.0,Tecnicatura Universitaria En Programación,Pregrado,3,,Facultad Regional Buenos Aires,2026-05-26,,1,,1
4839,90024,20970307,Claudio,Mendoza,M,2000-08-11,Argentina,2024,24,0,,1,2024.0,Tecnicatura Universitaria En Programación,Pregrado,3,,Facultad Regional Buenos Aires,2026-05-26,,1,,1
4881,73887,20978948,Tomás,Mendoza,M,2007-05-31,Argentina,2020,13,0,,1,2020.0,Ingeniería Química,Grado,5,,Facultad Regional Buenos Aires,2026-05-26,,1,,1
4906,127889,20982773,Agustín,Morales,M,2000-03-27,Argentina,2020,20,0,,1,2020.0,Tecnicatura Universitaria En Programación,Pregrado,3,,Facultad Regional Buenos Aires,2026-05-26,,1,,1
4911,119356,20983629,Paola,Álvarez,F,2000-04-08,Argentina,2020,20,0,,1,2020.0,Tecnicatura Universitaria En Programación,Pregrado,3,,Facultad Regional Buenos Aires,2026-05-26,,1,,1
4929,32681,20987440,Matías,Ríos,M,2002-10-26,Argentina,2020,18,0,,1,2020.0,Ingeniería Electrónica,Grado,5,,Facultad Regional Buenos Aires,2026-05-26,,1,,1
5087,35634,21017477,Gabriela,Gómez,F,2001-03-03,Argentina,2021,20,0,,1,2021.0,Tecnicatura Universitaria En Programación,Pregrado,3,,Facultad Regional Buenos Aires,2026-05-26,,1,,1
5101,45887,21019524,Hernán,Rodríguez,M,1999-08-18,Argentina,2020,21,0,,1,2020.0,Tecnicatura Universitaria En Programación,Pregrado,3,,Facultad Regional Buenos Aires,2026-05-26,,1,,1
5110,89176,21022141,Facundo,Vera,M,2005-12-06,Argentina,2020,15,0,,1,2020.0,Ingeniería Aeronáutica,Grado,5,,Facultad Regional Buenos Aires,2026-05-26,,1,,1
5132,68908,21025814,Rodrigo,González,M,2002-03-24,Argentina,2020,18,0,,1,2020.0,Ingeniería Mecánica,Grado,5,,Facultad Regional Buenos Aires,2026-05-26,,1,,1
5208,95683,21041021,Ignacio,Mendoza,M,2004-11-21,Argentina,2020,16,0,,1,2020.0,Ingeniería Aeronáutica,Grado,5,,Facultad Regional Buenos Aires,2026-05-26,,1,,1
5403,115774,21079775,Pablo,Ríos,M,2004-08-07,Argentina,2021,17,0,,1,2021.0,Tecnicatura Universitaria En Programación,Pregrado,3,,Facultad Regional Buenos Aires,2026-05-26,,1,,1
5459,72977,21094036,Leandro,Morales,M,2004-10-15,Argentina,2024,20,0,,1,2024.0,Tecnicatura Universitaria En Programación,Pregrado,3,,Facultad Regional Buenos Aires,2026-05-26,,1,,1
5565,118392,21115312,Cristian,Vega,M,2002-12-09,Argentina,2024,22,0,,1,2024.0,Tecnicatura Universitaria En Programación,Pregrado,3,,Facultad Regional Buenos Aires,2026-05-26,,1,,1
5588,37504,21119246,Santiago,Ortega,M,2003-06-07,Argentina,2020,17,0,,1,2020.0,Ingeniería Aeronáutica,Grado,5,,Facultad Regional Buenos Aires,2026-05-26,,1,,1
5613,54024,21123846,Ezequiel,Torres,M,2004-05-25,Argentina,2020,16,0,,1,2020.0,Tecnicatura Universitaria En Programación,Pregrado,3,,Facultad Regional Buenos Aires,2026-05-26,,1,,1
5639,112979,21128381,Tomás,Ramírez,M,2003-10-12,Argentina,2024,21,0,,1,2024.0,Tecnicatura Universitaria En Programación,Pregrado,3,,Facultad Regional Buenos Aires,2026-05-26,,1,,1
5660,90142,21132974,Jimena,Huanca,F,2005-08-15,Brasileña,2020,15,0,,1,2020.0,Tecnicatura Universitaria En Programación,Pregrado,3,,Facultad Regional Buenos Aires,2026-05-26,,1,,1
5693,78736,21139234,Noelia,Morales,F,2006-02-19,Argentina,2020,14,0,,1,2020.0,Ingeniería Química,Grado,5,,Facultad Regional Buenos Aires,2026-05-26,,1,,1
5708,27985,21141960,Emilio,García,M,2004-11-02,Argentina,2024,20,0,,1,2024.0,Tecnicatura Universitaria En Programación,Pregrado,3,,Facultad Regional Buenos Aires,2026-05-26,,1,,1
5733,70256,21147421,Iván,Medina,M,2008-01-01,Argentina,2020,12,0,,1,2020.0,Ingeniería Mecánica,Grado,5,,Facultad Regional Buenos Aires,2026-05-26,,1,,1
5799,42497,21162781,Silvina,Díaz,F,2004-04-12,Argentina,2020,16,0,,1,2020.0,Ingeniería Eléctrica,Grado,5,,Facultad Regional Buenos Aires,2026-05-26,,1,,1
5886,123662,21180029,Martín,Romero,M,2001-11-12,Argentina,2020,19,0,,1,2020.0,Ingeniería Electrónica,Grado,5,,Facultad Regional Buenos Aires,2026-05-26,,1,,1
5981,38071,21198109,Agustín,Díaz,M,2003-01-17,Argentina,2020,17,0,,1,2020.0,Ingeniería Electrónica,Grado,5,,Facultad Regional Buenos Aires,2026-05-26,,1,,1
6027,12885,21206338,Federico,Acosta,M,2003-08-20,Argentina,2021,18,0,,1,2021.0,Tecnicatura Universitaria En Programación,Pregrado,3,,Facultad Regional Buenos Aires,2026-05-26,,1,,1
6030,57425,21207741,Alejandro,Benítez,M,1998-10-05,Brasileña,2020,22,0,,1,2020.0,Ingeniería Mecánica,Grado,5,,Facultad Regional Buenos Aires,2026-05-26,,1,,1
6063,78093,21215503,Julián,Lima,M,2006-06-09,Boliviana,2020,14,0,,1,2020.0,Ingeniería Mecánica,Grado,5,,Facultad Regional Buenos Aires,2026-05-26,,1,,1
6093,106972,21221040,Mariela,Morales,F,2004-06-05,Argentina,2024,20,0,,1,2024.0,Tecnicatura Universitaria En Programación,Pregrado,3,,Facultad Regional Buenos Aires,2026-05-26,,1,,1
6149,111923,21231176,Jimena,Castro,F,2001-01-19,Argentina,2020,19,0,,1,2020.0,Ingeniería Química,Grado,5,,Facultad Regional Buenos Aires,2026-05-26,,1,,1
6162,21307,21233468,Leandro,Ojeda,M,2002-08-15,Argentina,2020,18,0,,1,2020.0,Ingeniería Mecánica,Grado,5,,Facultad Regional Buenos Aires,2026-05-26,,1,,1
6296,117695,21256981,Ramiro,Vargas,M,2005-01-02,Argentina,2020,15,0,,1,2020.0,Ingeniería Electrónica,Grado,5,,Facultad Regional Buenos Aires,2026-05-26,,1,,1
6302,91461,21258701,Nicolás,Vega,M,1999-06-15,Argentina,2020,21,0,,1,2020.0,Tecnicatura Universitaria En Programación,Pregrado,3,,Facultad Regional Buenos Aires,2026-05-26,,1,,1
6318,47420,21263577,Ignacio,Mendoza,M,2001-08-18,Argentina,2020,19,0,,1,2020.0,Ingeniería Aeronáutica,Grado,5,,Facultad Regional Buenos Aires,2026-05-26,,1,,1
6323,103122,21265049,Martín,Quispe,M,2006-06-06,Paraguaya,2020,14,0,,1,2020.0,Ingeniería Química,Grado,5,,Facultad Regional Buenos Aires,2026-05-26,,1,,1
6331,110321,21266641,Ezequiel,Rodríguez,M,2007-09-13,Argentina,2020,13,0,,1,2020.0,Ingeniería Mecánica,Grado,5,,Facultad Regional Buenos Aires,2026-05-26,,1,,1
6352,20742,21269693,Verónica,Molina,F,2001-05-04,Argentina,2024,23,0,,1,2024.0,Tecnicatura Universitaria En Programación,Pregrado,3,,Facultad Regional Buenos Aires,2026-05-26,,1,,1
6361,90930,21271182,Claudio,Suárez,M,2004-05-11,Argentina,2020,16,0,,1,2020.0,Ingeniería Aeronáutica,Grado,5,,Facultad Regional Buenos Aires,2026-05-26,,1,,1
6395,83594,21276665,Pablo,Morales,M,2004-11-25,Argentina,2020,16,0,,1,2020.0,Tecnicatura Universitaria En Programación,Pregrado,3,,Facultad Regional Buenos Aires,2026-05-26,,1,,1
6453,118841,21288551,Pablo,Ortega,M,2006-01-18,Argentina,2020,14,0,,1,2020.0,Ingeniería Mecánica,Grado,5,,Facultad Regional Buenos Aires,2026-05-26,,1,,1
6483,5153,21294091,Paola,Fuentes,F,2006-11-16,Peruana,2024,18,0,,1,2024.0,Tecnicatura Universitaria En Programación,Pregrado,3,,Facultad Regional Buenos Aires,2026-05-26,,1,,1
6562,116184,21307672,Matías,Pérez,M,2007-07-03,Argentina,2020,13,0,,1,2020.0,Ingeniería Aeronáutica,Grado,5,,Facultad Regional Buenos Aires,2026-05-26,,1,,1
6581,109832,21310230,Claudio,Medina,M,2007-02-04,Argentina,2021,14,0,,1,2021.0,Tecnicatura Universitaria En Programación,Pregrado,3,,Facultad Regional Buenos Aires,2026-05-26,,1,,1
6611,40283,21317646,Alejandra,Castro,F,2001-08-27,Argentina,2020,19,0,,1,2020.0,Ingeniería Aeronáutica,Grado,5,,Facultad Regional Buenos Aires,2026-05-26,,1,,1
6631,118032,21321070,Fernando,Flores,M,2006-11-10,Argentina,2020,14,0,,1,2020.0,Tecnicatura Universitaria En Programación,Pregrado,3,,Facultad Regional Buenos Aires,2026-05-26,,1,,1
6684,85694,21333263,Lucas,Rodríguez,M,2004-02-14,Argentina,2020,16,0,,1,2020.0,Ingeniería Eléctrica,Grado,5,,Facultad Regional Buenos Aires,2026-05-26,,1,,1
6771,114479,21351568,Patricia,Peralta,F,2004-07-20,Argentina,2020,16,0,,1,2020.0,Tecnicatura Universitaria En Programación,Pregrado,3,,Facultad Regional Buenos Aires,2026-05-26,,1,,1
6785,65914,21354543,Iván,Morales,M,2000-01-17,Argentina,2021,21,0,,1,2021.0,Tecnicatura Universitaria En Programación,Pregrado,3,,Facultad Regional Buenos Aires,2026-05-26,,1,,1
6879,4856,21374197,Santiago,López,M,2002-09-15,Argentina,2020,18,0,,1,2020.0,Ingeniería Química,Grado,5,,Facultad Regional Buenos Aires,2026-05-26,,1,,1
6974,42127,21393722,Valentina,Cruz,F,2007-08-28,Argentina,2020,13,0,,1,2020.0,Ingeniería Electrónica,Grado,5,,Facultad Regional Buenos Aires,2026-05-26,,1,,1
6976,14599,21394517,Paola,Molina,F,2004-05-07,Argentina,2020,16,0,,1,2020.0,Ingeniería Mecánica,Grado,5,,Facultad Regional Buenos Aires,2026-05-26,,1,,1
6995,97561,21397424,Damián,Castro,M,2006-03-23,Argentina,2020,14,0,,1,2020.0,Tecnicatura Universitaria En Programación,Pregrado,3,,Facultad Regional Buenos Aires,2026-05-26,,1,,1
7030,8677,21402647,Julián,Pérez,M,2004-01-17,Argentina,2020,16,0,,1,2020.0,Ingeniería Mecánica,Grado,5,,Facultad Regional Buenos Aires,2026-05-26,,1,,1
7040,110492,21403942,Romina,Ramírez,F,1998-08-07,Argentina,2020,22,0,,1,2020.0,Tecnicatura Universitaria En Programación,Pregrado,3,,Facultad Regional Buenos Aires,2026-05-26,,1,,1
7155,120296,21425544,Fernando,Carrizo,M,2005-01-06,Argentina,2020,15,0,,1,2020.0,Ingeniería Electrónica,Grado,5,,Facultad Regional Buenos Aires,2026-05-26,,1,,1
7181,7427,21430839,Maximiliano Maximiliano,Ojeda,M,2005-11-12,Argentina,2021,16,0,,1,2021.0,Tecnicatura Universitaria En Programación,Pregrado,3,,Facultad Regional Buenos Aires,2026-05-26,,1,,1
7200,91597,21433895,Mariana,Ojeda,F,2007-05-25,Argentina,2020,13,0,,1,2020.0,Ingeniería Química,Grado,5,,Facultad Regional Buenos Aires,2026-05-26,,1,,1
7266,45720,21450179,Ezequiel,Castro,M,2005-10-01,Argentina,2020,15,0,,1,2020.0,Ingeniería Mecánica,Grado,5,,Facultad Regional Buenos Aires,2026-05-26,,1,,1
7267,119270,21450494,Gastón,Morales,M,2007-02-13,Argentina,2020,13,0,,1,2020.0,Tecnicatura Universitaria En Programación,Pregrado,3,,Facultad Regional Buenos Aires,2026-05-26,,1,,1
7270,57921,21450960,Iván,Núñez,M,2001-04-06,Argentina,2020,19,0,,1,2020.0,Ingeniería Electrónica,Grado,5,,Facultad Regional Buenos Aires,2026-05-26,,1,,1
7324,86607,21459594,Matías,García,M,2006-06-27,Argentina,2020,14,0,,1,2020.0,Ingeniería Mecánica,Grado,5,,Facultad Regional Buenos Aires,2026-05-26,,1,,1
7424,33246,21476955,Lucas,Suárez,M,2003-01-16,Argentina,2020,17,0,,1,2020.0,Ingeniería Electrónica,Grado,5,,Facultad Regional Buenos Aires,2026-05-26,,1,,1
7446,68262,21481445,Tomás Tomás,Cruz,M,2002-12-04,Argentina,2020,18,0,,1,2020.0,Ingeniería Mecánica,Grado,5,,Facultad Regional Buenos Aires,2026-05-26,,1,,1
7476,39872,21486815,Gastón,Rojas,M,1996-03-08,Argentina,2020,24,0,,1,2020.0,Ingeniería Electrónica,Grado,5,,Facultad Regional Buenos Aires,2026-05-26,,1,,1
7488,113397,21488734,Cecilia,Suárez,F,1997-03-09,Argentina,2020,23,0,,1,2020.0,Ingeniería Química,Grado,5,,Facultad Regional Buenos Aires,2026-05-26,,1,,1
7504,107802,21492536,Pablo,Romero,M,2006-04-03,No especificado,2020,14,0,,1,2020.0,Ingeniería Electrónica,Grado,5,,Facultad Regional Buenos Aires,2026-05-26,,1,,1
7513,78643,21493541,Mariela,Vera,F,2005-03-28,Argentina,2020,15,0,,1,2020.0,Ingeniería Eléctrica,Grado,5,,Facultad Regional Buenos Aires,2026-05-26,,1,,1
7550,103327,21502923,Martín,Morales,M,2004-02-03,Argentina,2021,17,0,,1,2021.0,Tecnicatura Universitaria En Programación,Pregrado,3,,Facultad Regional Buenos Aires,2026-05-26,,1,,1
7585,61595,21511102,Sergio,Huanca,M,2003-07-28,Paraguaya,2020,17,0,,1,2020.0,Ingeniería Electrónica,Grado,5,,Facultad Regional Buenos Aires,2026-05-26,,1,,1
7612,24295,21515539,Luciana,Fernández,F,2004-08-22,Argentina,2020,16,0,,1,2020.0,Ingeniería Mecánica,Grado,5,,Facultad Regional Buenos Aires,2026-05-26,,1,,1
7647,129833,21523516,Gonzalo,González,M,2002-01-22,Argentina,2020,18,0,,1,2020.0,Ingeniería Electrónica,Grado,5,,Facultad Regional Buenos Aires,2026-05-26,,1,,1
7658,24090,21525292,Cristian,Villalba,M,2004-06-30,Paraguaya,2020,16,0,,1,2020.0,Ingeniería Mecánica,Grado,5,,Facultad Regional Buenos Aires,2026-05-26,,1,,1
7661,4778,21526026,Cristian,García,M,2004-03-22,Argentina,2020,16,0,,1,2020.0,Ingeniería Eléctrica,Grado,5,,Facultad Regional Buenos Aires,2026-05-26,,1,,1
7734,11088,21538196,Laura,Álvarez,F,1999-01-17,Argentina,2020,21,0,,1,2020.0,Tecnicatura Universitaria En Programación,Pregrado,3,,Facultad Regional Buenos Aires,2026-05-26,,1,,1
7807,95319,21553063,Emilio,Condori,M,2001-12-12,Chilena,2020,19,0,,1,2020.0,Ingeniería Electrónica,Grado,5,,Facultad Regional Buenos Aires,2026-05-26,,1,,1
7849,86969,21562975,Ramiro,Castro,M,2005-06-10,Argentina,2024,19,0,,1,2024.0,Tecnicatura Universitaria En Programación,Pregrado,3,,Facultad Regional Buenos Aires,2026-05-26,,1,,1
7946,115810,21582907,Pablo,Rodríguez,M,2001-11-26,Argentina,2020,19,0,,1,2020.0,Ingeniería Electrónica,Grado,5,,Facultad Regional Buenos Aires,2026-05-26,,1,,1
8305,98633,21653929,Gonzalo,Molina,M,2007-01-27,Argentina,2020,13,0,,1,2020.0,Ingeniería Mecánica,Grado,5,,Facultad Regional Buenos Aires,2026-05-26,,1,,1
8328,52860,21657919,Cecilia,Gómez,F,2004-07-20,Argentina,2020,16,0,,1,2020.0,Tecnicatura Universitaria En Programación,Pregrado,3,,Facultad Regional Buenos Aires,2026-05-26,,1,,1
8343,23418,21662316,Emilio,Lima,M,1998-05-24,Uruguaya,2020,22,0,,1,2020.0,Ingeniería Electrónica,Grado,5,,Facultad Regional Buenos Aires,2026-05-26,,1,,1
8379,63028,21670092,Cecilia,González,F,2002-06-17,Argentina,2020,18,0,,1,2020.0,Ingeniería Química,Grado,5,,Facultad Regional Buenos Aires,2026-05-26,,1,,1
8398,52439,21674076,Martín,Vega,M,2002-01-25,Argentina,2020,18,0,,1,2020.0,Ingeniería Electrónica,Grado,5,,Facultad Regional Buenos Aires,2026-05-26,,1,,1
8431,119237,21680363,Verónica Verónica,Cruz,F,2001-01-15,Argentina,2024,23,0,,1,2024.0,Tecnicatura Universitaria En Programación,Pregrado,3,,Facultad Regional Buenos Aires,2026-05-26,,1,,1
8543,5540,21702366,Romina,Vega,F,2001-01-29,Argentina,2024,23,0,,1,2024.0,Tecnicatura Universitaria En Programación,Pregrado,3,,Facultad Regional Buenos Aires,2026-05-26,,1,,1
8552,65018,21703750,Emilio,Pereira,M,2003-04-22,Chilena,2020,17,0,,1,2020.0,Ingeniería Aeronáutica,Grado,5,,Facultad Regional Buenos Aires,2026-05-26,,1,,1
8593,94144,21710559,Lucas,Moreno,M,2004-01-01,Argentina,2024,20,0,,1,2024.0,Tecnicatura Universitaria En Programación,Pregrado,3,,Facultad Regional Buenos Aires,2026-05-26,,1,,1
8646,41840,21719293,Gastón,Morales,M,2001-05-30,Argentina,2020,19,0,,1,2020.0,Ingeniería Mecánica,Grado,5,,Facultad Regional Buenos Aires,2026-05-26,,1,,1
8676,53924,21725105,Pablo,Pérez,M,2001-09-28,Argentina,2020,19,0,,1,2020.0,Ingeniería Mecánica,Grado,5,,Facultad Regional Buenos Aires,2026-05-26,,1,,1
8715,17893,21732110,Jimena,Reyes,F,2007-12-01,Argentina,2024,17,0,,1,2024.0,Tecnicatura Universitaria En Programación,Pregrado,3,,Facultad Regional Buenos Aires,2026-05-26,,1,,1
8729,59412,21733832,Rodrigo,Moreno,M,2005-06-29,Argentina,2021,16,0,,1,2021.0,Tecnicatura Universitaria En Programación,Pregrado,3,,Facultad Regional Buenos Aires,2026-05-26,,1,,1
8844,23821,21755302,Agustín,Ruiz,M,2002-03-25,Argentina,2020,18,0,,1,2020.0,Ingeniería Eléctrica,Grado,5,,Facultad Regional Buenos Aires,2026-05-26,,1,,1
8878,127031,21760630,Gabriela,Flores,F,2007-12-10,Argentina,2020,13,0,,1,2020.0,Ingeniería Eléctrica,Grado,5,,Facultad Regional Buenos Aires,2026-05-26,,1,,1
8912,27089,21766121,Ezequiel,Núñez,M,2002-05-08,Argentina,2020,18,0,,1,2020.0,Ingeniería Química,Grado,5,,Facultad Regional Buenos Aires,2026-05-26,,1,,1
8937,101754,21769837,Maximiliano,Reyes,M,2001-03-17,Argentina,2024,23,0,,1,2024.0,Tecnicatura Universitaria En Programación,Pregrado,3,,Facultad Regional Buenos Aires,2026-05-26,,1,,1
9068,72383,21798986,Pablo,Ríos,M,2007-09-26,Argentina,2020,13,0,,1,2020.0,Ingeniería Química,Grado,5,,Facultad Regional Buenos Aires,2026-05-26,,1,,1
9078,92720,21800754,Fernando,Cruz,M,2006-02-26,Argentina,2020,14,0,,1,2020.0,Ingeniería Química,Grado,5,,Facultad Regional Buenos Aires,2026-05-26,,1,,1
9119,67151,21809327,Agustín,Lima,M,1999-01-23,Boliviana,2020,21,0,,1,2020.0,Ingeniería Mecánica,Grado,5,,Facultad Regional Buenos Aires,2026-05-26,,1,,1
9144,118768,21813595,Claudio,Martínez,M,2002-08-18,No especificado,2020,18,0,,1,2020.0,Ingeniería Aeronáutica,Grado,5,,Facultad Regional Buenos Aires,2026-05-26,,1,,1
9255,51179,21831184,Patricia,García,F,1999-12-25,Argentina,2024,25,0,,1,2024.0,Tecnicatura Universitaria En Programación,Pregrado,3,,Facultad Regional Buenos Aires,2026-05-26,,1,,1
9312,106570,21839691,Rodrigo,Suárez,M,2007-11-06,Argentina,2020,13,0,,1,2020.0,Ingeniería Mecánica,Grado,5,,Facultad Regional Buenos Aires,2026-05-26,,1,,1
9352,68277,21846726,Natalia,Suárez,F,2005-02-23,Argentina,2024,19,0,,1,2024.0,Tecnicatura Universitaria En Programación,Pregrado,3,,Facultad Regional Buenos Aires,2026-05-26,,1,,1
9356,56761,21847265,Patricia,Ríos,F,2003-07-26,Argentina,2021,18,0,,1,2021.0,Tecnicatura Universitaria En Programación,Pregrado,3,,Facultad Regional Buenos Aires,2026-05-26,,1,,1
9439,18447,21863904,Diego,Díaz,M,2003-02-08,Argentina,2020,17,0,,1,2020.0,Ingeniería Aeronáutica,Grado,5,,Facultad Regional Buenos Aires,2026-05-26,,1,,1
9491,50159,21873579,Claudio,Martínez,M,2007-05-03,Argentina,2021,14,0,,1,2021.0,Tecnicatura Universitaria En Programación,Pregrado,3,,Facultad Regional Buenos Aires,2026-05-26,,1,,1
9498,122221,21875313,Julián,Gómez,M,2001-07-04,Argentina,2020,19,0,,1,2020.0,Ingeniería Electrónica,Grado,5,,Facultad Regional Buenos Aires,2026-05-26,,1,,1
9520,25696,21880097,Rodrigo,Gómez,M,2007-10-12,Argentina,2021,14,0,,1,2021.0,Tecnicatura Universitaria En Programación,Pregrado,3,,Facultad Regional Buenos Aires,2026-05-26,,1,,1
9561,75421,21887320,Daniela,Díaz,F,2007-12-02,Argentina,2020,13,0,,1,2020.0,Ingeniería Eléctrica,Grado,5,,Facultad Regional Buenos Aires,2026-05-26,,1,,1
9569,82007,21888268,Ezequiel,Díaz,M,2007-02-02,No especificado,2020,13,0,,1,2020.0,Ingeniería Química,Grado,5,,Facultad Regional Buenos Aires,2026-05-26,,1,,1
9608,93946,21895987,Leandro,Medina,M,2000-10-25,Argentina,2020,20,0,,1,2020.0,Ingeniería Mecánica,Grado,5,,Facultad Regional Buenos Aires,2026-05-26,,1,,1
9611,14261,21896880,Maximiliano,Molina,M,2007-11-07,Argentina,2020,13,0,,1,2020.0,Ingeniería Mecánica,Grado,5,,Facultad Regional Buenos Aires,2026-05-26,,1,,1
9676,48156,21909842,Iván,Martínez,M,2002-07-08,Argentina,2020,18,0,,1,2020.0,Ingeniería Aeronáutica,Grado,5,,Facultad Regional Buenos Aires,2026-05-26,,1,,1
9716,100549,21917441,Rodrigo,Apaza,M,2003-11-11,Paraguaya,2020,17,0,,1,2020.0,Ingeniería Electrónica,Grado,5,,Facultad Regional Buenos Aires,2026-05-26,,1,,1
9797,83879,21930650,Claudio,Cabrera,M,2007-02-09,Argentina,2024,17,0,,1,2024.0,Tecnicatura Universitaria En Programación,Pregrado,3,,Facultad Regional Buenos Aires,2026-05-26,,1,,1
9800,101423,21931029,Ezequiel,Moreno,M,2007-11-04,Argentina,2020,13,0,,1,2020.0,Ingeniería Electrónica,Grado,5,,Facultad Regional Buenos Aires,2026-05-26,,1,,1
9804,53471,21931631,Sebastián,Cruz,M,1999-10-04,Argentina,2020,21,0,,1,2020.0,Ingeniería Mecánica,Grado,5,,Facultad Regional Buenos Aires,2026-05-26,,1,,1
9806,757,21932093,Ezequiel,Vega,M,2001-05-08,Argentina,2020,19,0,,1,2020.0,Ingeniería Química,Grado,5,,Facultad Regional Buenos Aires,2026-05-26,,1,,1
9909,29637,21951316,Micaela,Ojeda,F,2002-07-26,Argentina,2020,18,0,,1,2020.0,Ingeniería Mecánica,Grado,5,,Facultad Regional Buenos Aires,2026-05-26,,1,,1
9923,61936,21953895,Natalia,Suárez,F,2002-08-22,Argentina,2020,18,0,,1,2020.0,Ingeniería Electrónica,Grado,5,,Facultad Regional Buenos Aires,2026-05-26,,1,,1
9972,95508,21963895,Tomás,Ojeda,M,2007-10-20,Argentina,2024,17,0,,1,2024.0,Tecnicatura Universitaria En Programación,Pregrado,3,,Facultad Regional Buenos Aires,2026-05-26,,1,,1
10037,67514,21977950,Ezequiel,Rojas,M,2002-01-28,Argentina,2020,18,0,,1,2020.0,Ingeniería Eléctrica,Grado,5,,Facultad Regional Buenos Aires,2026-05-26,,1,,1
10060,129169,21980717,Claudio,Cabrera,M,2002-10-08,Argentina,2020,18,0,,1,2020.0,Tecnicatura Universitaria En Programación,Pregrado,3,,Facultad Regional Buenos Aires,2026-05-26,,1,,1
10068,111138,21982207,Mariana,Pérez,F,2001-12-15,Argentina,2020,19,0,,1,2020.0,Ingeniería Química,Grado,5,,Facultad Regional Buenos Aires,2026-05-26,,1,,1
10161,105866,21997702,Cristian,Torres,M,2005-06-06,Argentina,2020,15,0,,1,2020.0,Ingeniería Electrónica,Grado,5,,Facultad Regional Buenos Aires,2026-05-26,,1,,1
10164,76736,21998675,Pablo,García,M,2003-05-09,Argentina,2020,17,0,,1,2020.0,Ingeniería Mecánica,Grado,5,,Facultad Regional Buenos Aires,2026-05-26,,1,,1
10172,53353,21999420,Agustín,Giménez,M,2003-01-01,Brasileña,2024,21,0,,1,2024.0,Tecnicatura Universitaria En Programación,Pregrado,3,,Facultad Regional Buenos Aires,2026-05-26,,1,,1
10205,127791,22006461,Nicolás,Silva,M,2002-05-17,Colombiana,2020,18,0,,1,2020.0,Ingeniería Mecánica,Grado,5,,Facultad Regional Buenos Aires,2026-05-26,,1,,1
10209,55576,22007307,Damián,Ríos,M,2003-06-03,Argentina,2020,17,0,,1,2020.0,Ingeniería Aeronáutica,Grado,5,,Facultad Regional Buenos Aires,2026-05-26,,1,,1
10242,89934,22014242,Matías,Romero,M,2000-05-02,Argentina,2020,20,0,,1,2020.0,Ingeniería Mecánica,Grado,5,,Facultad Regional Buenos Aires,2026-05-26,,1,,1
10346,116622,22034150,Lucas,Romero,M,1998-10-01,Argentina,2020,22,0,,1,2020.0,Ingeniería Química,Grado,5,,Facultad Regional Buenos Aires,2026-05-26,,1,,1
10387,123166,22040119,Nicolás,Cabrera,M,2003-01-22,Argentina,2020,17,0,,1,2020.0,Ingeniería Electrónica,Grado,5,,Facultad Regional Buenos Aires,2026-05-26,,1,,1
10402,103425,22043294,Micaela,Ledesma,F,2006-08-13,Argentina,2020,14,0,,1,2020.0,Ingeniería Electrónica,Grado,5,,Facultad Regional Buenos Aires,2026-05-26,,1,,1
10406,87988,22044158,Gabriela,Carrizo,F,2006-01-14,Argentina,2020,14,0,,1,2020.0,Ingeniería Química,Grado,5,,Facultad Regional Buenos Aires,2026-05-26,,1,,1
10409,17920,22044520,Pablo,Souza,M,2005-02-10,Peruana,2020,15,0,,1,2020.0,Ingeniería Química,Grado,5,,Facultad Regional Buenos Aires,2026-05-26,,1,,1
10439,1604,22052031,Sebastián,Pérez,M,1998-09-07,Argentina,2024,26,0,,1,2024.0,Tecnicatura Universitaria En Programación,Pregrado,3,,Facultad Regional Buenos Aires,2026-05-26,,1,,1
10467,36538,22058024,Iván,Ortega,M,2000-12-22,Argentina,2024,24,0,,1,2024.0,Tecnicatura Universitaria En Programación,Pregrado,3,,Facultad Regional Buenos Aires,2026-05-26,,1,,1
10520,88085,22068773,Federico Federico,Sánchez,M,2004-04-17,Argentina,2020,16,0,,1,2020.0,Ingeniería Mecánica,Grado,5,,Facultad Regional Buenos Aires,2026-05-26,,1,,1
10531,18327,22071153,Claudia,Gómez,F,2007-10-29,Argentina,2020,13,0,,1,2020.0,Ingeniería Química,Grado,5,,Facultad Regional Buenos Aires,2026-05-26,,1,,1
10579,120442,22078068,Agustín,Herrera,M,2005-03-07,Argentina,2020,15,0,,1,2020.0,Ingeniería Química,Grado,5,,Facultad Regional Buenos Aires,2026-05-26,,1,,1
10581,110031,22078181,Ezequiel,Gómez,M,2006-03-19,Argentina,2020,14,0,,1,2020.0,Ingeniería Aeronáutica,Grado,5,,Facultad Regional Buenos Aires,2026-05-26,,1,,1
10590,59879,22079714,Tomás,Fuentes,M,2007-05-07,Boliviana,2020,13,0,,1,2020.0,Ingeniería Mecánica,Grado,5,,Facultad Regional Buenos Aires,2026-05-26,,1,,1
10629,120589,22088026,Leandro,González,M,2004-12-31,Argentina,2020,16,0,,1,2020.0,Ingeniería Eléctrica,Grado,5,,Facultad Regional Buenos Aires,2026-05-26,,1,,1
10857,2550,22130482,Sofía,Ojeda,F,2005-10-13,Argentina,2024,19,0,,1,2024.0,Tecnicatura Universitaria En Programación,Pregrado,3,,Facultad Regional Buenos Aires,2026-05-26,,1,,1
10877,115706,22135216,Julián,Moreno,M,2004-05-16,Argentina,2020,16,0,,1,2020.0,Ingeniería Aeronáutica,Grado,5,,Facultad Regional Buenos Aires,2026-05-26,,1,,1
10880,122686,22135888,Pablo,Flores,M,2003-07-16,Argentina,2020,17,0,,1,2020.0,Ingeniería Eléctrica,Grado,5,,Facultad Regional Buenos Aires,2026-05-26,,1,,1
10900,118028,22139669,Patricia,Benítez,F,2002-08-07,Venezolana,2020,18,0,,1,2020.0,Ingeniería Química,Grado,5,,Facultad Regional Buenos Aires,2026-05-26,,1,,1
10934,57184,22147255,Emilio,Ramos,M,2007-09-10,Argentina,2020,13,0,,1,2020.0,Tecnicatura Universitaria En Programación,Pregrado,3,,Facultad Regional Buenos Aires,2026-05-26,,1,,1
10940,25743,22148891,Iván,García,M,2002-04-29,Argentina,2020,18,0,,1,2020.0,Ingeniería Electrónica,Grado,5,,Facultad Regional Buenos Aires,2026-05-26,,1,,1
11006,70329,22162306,Maximiliano,Gómez,M,2004-04-24,Argentina,2020,16,0,,1,2020.0,Ingeniería Electrónica,Grado,5,,Facultad Regional Buenos Aires,2026-05-26,,1,,1
11024,106133,22165187,Fernando,Ruiz,M,2004-04-14,Argentina,2020,16,0,,1,2020.0,Ingeniería Mecánica,Grado,5,,Facultad Regional Buenos Aires,2026-05-26,,1,,1
11057,33153,22170570,Federico,Ortega,M,2000-07-23,Argentina,2024,24,0,,1,2024.0,Tecnicatura Universitaria En Programación,Pregrado,3,,Facultad Regional Buenos Aires,2026-05-26,,1,,1
11060,103115,22171776,Romina,Sánchez,F,2007-06-13,Argentina,2024,17,0,,1,2024.0,Tecnicatura Universitaria En Programación,Pregrado,3,,Facultad Regional Buenos Aires,2026-05-26,,1,,1
11173,109347,22194396,Cristian,Ledesma,M,2007-01-08,Argentina,2020,13,0,,1,2020.0,Ingeniería Aeronáutica,Grado,5,,Facultad Regional Buenos Aires,2026-05-26,,1,,1
11199,59441,22201899,Micaela,Flores,F,2002-10-31,Argentina,2024,22,0,,1,2024.0,Tecnicatura Universitaria En Programación,Pregrado,3,,Facultad Regional Buenos Aires,2026-05-26,,1,,1
11200,67382,22202442,Vanesa,Moreno,F,2007-05-31,Argentina,2024,17,0,,1,2024.0,Tecnicatura Universitaria En Programación,Pregrado,3,,Facultad Regional Buenos Aires,2026-05-26,,1,,1
11239,60878,22210241,Santiago,Condori,M,2002-04-12,Uruguaya,2020,18,0,,1,2020.0,Ingeniería Eléctrica,Grado,5,,Facultad Regional Buenos Aires,2026-05-26,,1,,1
11247,128061,22212052,Cristian,Martínez,M,1999-01-01,Argentina,2020,21,0,,1,2020.0,Ingeniería Electrónica,Grado,5,,Facultad Regional Buenos Aires,2026-05-26,,1,,1
11257,26791,22214241,Iván Iván,Peralta,M,2005-04-15,Argentina,2024,19,0,,1,2024.0,Tecnicatura Universitaria En Programación,Pregrado,3,,Facultad Regional Buenos Aires,2026-05-26,,1,,1
11262,113312,22214392,Emilio,Pérez,M,1998-03-31,Argentina,2020,22,0,,1,2020.0,Ingeniería Electrónica,Grado,5,,Facultad Regional Buenos Aires,2026-05-26,,1,,1
11280,97916,22217712,Sebastián,Ramos,M,2003-01-27,Argentina,2020,17,0,,1,2020.0,Tecnicatura Universitaria En Programación,Pregrado,3,,Facultad Regional Buenos Aires,2026-05-26,,1,,1
11286,64035,22219170,Matías,Rodríguez,M,2004-02-13,Argentina,2020,16,0,,1,2020.0,Ingeniería Electrónica,Grado,5,,Facultad Regional Buenos Aires,2026-05-26,,1,,1
11305,49276,22222872,Mariana,Reyes,F,2006-08-06,Argentina,2024,18,0,,1,2024.0,Tecnicatura Universitaria En Programación,Pregrado,3,,Facultad Regional Buenos Aires,2026-05-26,,1,,1
11336,21144,22227465,Claudia,Bogado,F,2003-10-03,Venezolana,2024,21,0,,1,2024.0,Tecnicatura Universitaria En Programación,Pregrado,3,,Facultad Regional Buenos Aires,2026-05-26,,1,,1
11364,79115,22233118,Cecilia,Díaz,F,2000-12-23,Argentina,2020,20,0,,1,2020.0,Ingeniería Mecánica,Grado,5,,Facultad Regional Buenos Aires,2026-05-26,,1,,1
11392,76704,22237408,Lucas,Ruiz,M,2004-10-06,Argentina,2020,16,0,,1,2020.0,Tecnicatura Universitaria En Programación,Pregrado,3,,Facultad Regional Buenos Aires,2026-05-26,,1,,1
11399,60164,22239272,Gonzalo,Gómez,M,2007-03-22,Argentina,2020,13,0,,1,2020.0,Ingeniería Mecánica,Grado,5,,Facultad Regional Buenos Aires,2026-05-26,,1,,1
11439,72018,22244374,Sabrina,Martínez,F,2007-02-13,Argentina,2021,14,0,,1,2021.0,Tecnicatura Universitaria En Programación,Pregrado,3,,Facultad Regional Buenos Aires,2026-05-26,,1,,1
11450,91507,22247348,Damián,Ramírez,M,2001-05-25,No especificado,2021,20,0,,1,2021.0,Tecnicatura Universitaria En Programación,Pregrado,3,,Facultad Regional Buenos Aires,2026-05-26,,1,,1
11460,1637,22250125,Santiago,Acosta,M,2006-03-27,Argentina,2020,14,0,,1,2020.0,Ingeniería Electrónica,Grado,5,,Facultad Regional Buenos Aires,2026-05-26,,1,,1
11540,27153,22267604,Romina,Peralta,F,2005-10-28,Argentina,2024,19,0,,1,2024.0,Tecnicatura Universitaria En Programación,Pregrado,3,,Facultad Regional Buenos Aires,2026-05-26,,1,,1
11547,20758,22268704,Pablo,Rojas,M,2007-07-17,Argentina,2020,13,0,,1,2020.0,Ingeniería Electrónica,Grado,5,,Facultad Regional Buenos Aires,2026-05-26,,1,,1
11633,108034,22285526,Facundo,Villalba,M,2007-04-14,Brasileña,2020,13,0,,1,2020.0,Ingeniería Aeronáutica,Grado,5,,Facultad Regional Buenos Aires,2026-05-26,,1,,1
11635,118815,22285674,Iván,Ledesma,M,2007-09-27,Argentina,2024,17,0,,1,2024.0,Tecnicatura Universitaria En Programación,Pregrado,3,,Facultad Regional Buenos Aires,2026-05-26,,1,,1
11683,113741,22295596,Romina,Torres,F,2006-03-03,Argentina,2020,14,0,,1,2020.0,Ingeniería Mecánica,Grado,5,,Facultad Regional Buenos Aires,2026-05-26,,1,,1
11731,54552,22306953,Sebastián,Reyes,M,2002-02-10,Argentina,2020,18,0,,1,2020.0,Ingeniería Electrónica,Grado,5,,Facultad Regional Buenos Aires,2026-05-26,,1,,1
11772,95303,22315367,Alejandro,Castro,M,2004-10-29,Argentina,2020,16,0,,1,2020.0,Ingeniería Electrónica,Grado,5,,Facultad Regional Buenos Aires,2026-05-26,,1,,1
11929,90894,22345702,Matías,Reyes,M,2001-06-02,Argentina,2020,19,0,,1,2020.0,Ingeniería Mecánica,Grado,5,,Facultad Regional Buenos Aires,2026-05-26,,1,,1
12047,88699,22368927,Cecilia,González,F,2003-01-01,Argentina,2024,21,0,,1,2024.0,Tecnicatura Universitaria En Programación,Pregrado,3,,Facultad Regional Buenos Aires,2026-05-26,,1,,1
12126,9062,22386158,Martín,Herrera,M,2001-05-03,Argentina,2020,19,0,,1,2020.0,Ingeniería Mecánica,Grado,5,,Facultad Regional Buenos Aires,2026-05-26,,1,,1
12132,35302,22387917,Emilio,Martínez,M,2006-12-17,Argentina,2020,14,0,,1,2020.0,Ingeniería Electrónica,Grado,5,,Facultad Regional Buenos Aires,2026-05-26,,1,,1
12141,85066,22388690,Rodrigo,Peralta,M,2000-10-15,Argentina,2020,20,0,,1,2020.0,Tecnicatura Universitaria En Programación,Pregrado,3,,Facultad Regional Buenos Aires,2026-05-26,,1,,1
12149,121080,22390092,Julián Julián,Vera,M,2006-01-02,Argentina,2020,14,0,,1,2020.0,Ingeniería Mecánica,Grado,5,,Facultad Regional Buenos Aires,2026-05-26,,1,,1
12195,56777,22398048,Martín,Ortega,M,2007-12-31,Argentina,2020,13,0,,1,2020.0,Ingeniería Mecánica,Grado,5,,Facultad Regional Buenos Aires,2026-05-26,,1,,1
12406,26362,22436780,Mariana,García,F,2005-03-13,Argentina,2024,19,0,,1,2024.0,Tecnicatura Universitaria En Programación,Pregrado,3,,Facultad Regional Buenos Aires,2026-05-26,,1,,1
12441,41864,22443624,Andrea,Suárez,F,2007-09-03,No especificado,2020,13,0,,1,2020.0,Ingeniería Eléctrica,Grado,5,,Facultad Regional Buenos Aires,2026-05-26,,1,,1
12471,100384,22448595,Silvina,Mendoza,F,1999-10-31,Argentina,2021,22,0,,1,2021.0,Tecnicatura Universitaria En Programación,Pregrado,3,,Facultad Regional Buenos Aires,2026-05-26,,1,,1
12490,36127,22452937,Claudio Claudio,Gómez,M,2006-12-12,Argentina,2024,18,0,,1,2024.0,Tecnicatura Universitaria En Programación,Pregrado,3,,Facultad Regional Buenos Aires,2026-05-26,,1,,1
12508,15023,22455868,Florencia,García,F,2007-12-08,Argentina,2020,13,0,,1,2020.0,Ingeniería Mecánica,Grado,5,,Facultad Regional Buenos Aires,2026-05-26,,1,,1
12541,104548,22465157,Agustín,Ramos,M,2000-06-17,Argentina,2020,20,0,,1,2020.0,Ingeniería Mecánica,Grado,5,,Facultad Regional Buenos Aires,2026-05-26,,1,,1
12561,54591,22468718,Leandro,Álvarez,M,2007-09-07,Argentina,2020,13,0,,1,2020.0,Ingeniería Eléctrica,Grado,5,,Facultad Regional Buenos Aires,2026-05-26,,1,,1
12578,84578,22472757,Vanesa,Castro,F,2005-10-23,Argentina,2020,15,0,,1,2020.0,Ingeniería Química,Grado,5,,Facultad Regional Buenos Aires,2026-05-26,,1,,1
12595,55312,22476365,Diego,López,M,2006-12-21,Argentina,2020,14,0,,1,2020.0,Tecnicatura Universitaria En Programación,Pregrado,3,,Facultad Regional Buenos Aires,2026-05-26,,1,,1
12637,93453,22483322,Lucas,Ríos,M,2001-09-12,Argentina,2020,19,0,,1,2020.0,Ingeniería Mecánica,Grado,5,,Facultad Regional Buenos Aires,2026-05-26,,1,,1
12659,69152,22485878,Daniela,Herrera,F,2001-01-01,Argentina,2021,20,0,,1,2021.0,Tecnicatura Universitaria En Programación,Pregrado,3,,Facultad Regional Buenos Aires,2026-05-26,,1,,1
12671,125609,22488031,Daniela,Moreno,F,1998-12-29,Argentina,2024,26,0,,1,2024.0,Tecnicatura Universitaria En Programación,Pregrado,3,,Facultad Regional Buenos Aires,2026-05-26,,1,,1
12727,20408,22500859,Alejandra,Benítez,F,2005-11-03,Colombiana,2024,19,0,,1,2024.0,Tecnicatura Universitaria En Programación,Pregrado,3,,Facultad Regional Buenos Aires,2026-05-26,,1,,1
12783,111844,22510490,Agustín,García,M,2001-08-24,Argentina,2020,19,0,,1,2020.0,Ingeniería Eléctrica,Grado,5,,Facultad Regional Buenos Aires,2026-05-26,,1,,1
12789,90200,22511103,Sergio,Suárez,M,2004-04-29,Argentina,2020,16,0,,1,2020.0,Ingeniería Mecánica,Grado,5,,Facultad Regional Buenos Aires,2026-05-26,,1,,1
12822,72475,22516276,Andrea,Ramírez,F,2002-05-12,Argentina,2021,19,0,,1,2021.0,Tecnicatura Universitaria En Programación,Pregrado,3,,Facultad Regional Buenos Aires,2026-05-26,,1,,1
12865,26821,22522991,Lucas,García,M,2005-11-02,Argentina,2020,15,0,,1,2020.0,Ingeniería Mecánica,Grado,5,,Facultad Regional Buenos Aires,2026-05-26,,1,,1
12871,38628,22523814,Cristian Cristian,Peralta,M,2004-08-31,Argentina,2024,20,0,,1,2024.0,Tecnicatura Universitaria En Programación,Pregrado,3,,Facultad Regional Buenos Aires,2026-05-26,,1,,1
12930,56294,22535675,Emilio Emilio,Núñez,M,2001-01-18,Argentina,2020,19,0,,1,2020.0,Ingeniería Electrónica,Grado,5,,Facultad Regional Buenos Aires,2026-05-26,,1,,1
13025,53967,22552787,Santiago,López,M,2004-09-25,Argentina,2020,16,0,,1,2020.0,Ingeniería Química,Grado,5,,Facultad Regional Buenos Aires,2026-05-26,,1,,1
13091,73757,22566286,Ramiro,Giménez,M,2004-04-10,Brasileña,2020,16,0,,1,2020.0,Ingeniería Mecánica,Grado,5,,Facultad Regional Buenos Aires,2026-05-26,,1,,1
13118,76993,22571527,Valentina,Flores,F,2004-10-29,Argentina,2024,20,0,,1,2024.0,Tecnicatura Universitaria En Programación,Pregrado,3,,Facultad Regional Buenos Aires,2026-05-26,,1,,1
13138,79520,22573586,Julián,Martínez,M,2002-03-12,Argentina,2020,18,0,,1,2020.0,Tecnicatura Universitaria En Programación,Pregrado,3,,Facultad Regional Buenos Aires,2026-05-26,,1,,1
13226,124789,22591619,Tomás,Torres,M,2001-02-24,Argentina,2020,19,0,,1,2020.0,Tecnicatura Universitaria En Programación,Pregrado,3,,Facultad Regional Buenos Aires,2026-05-26,,1,,1
13307,96679,22610520,Leandro,Bogado,M,1998-07-30,Boliviana,2020,22,0,,1,2020.0,Ingeniería Química,Grado,5,,Facultad Regional Buenos Aires,2026-05-26,,1,,1
13316,99201,22611889,Rodrigo,Torres,M,2005-10-21,Argentina,2020,15,0,,1,2020.0,Ingeniería Química,Grado,5,,Facultad Regional Buenos Aires,2026-05-26,,1,,1
13410,50996,22629471,Ignacio,Ramírez,M,2007-09-05,Argentina,2020,13,0,,1,2020.0,Ingeniería Química,Grado,5,,Facultad Regional Buenos Aires,2026-05-26,,1,,1
13433,14558,22634951,Lucas,Vega,M,2004-09-22,Argentina,2020,16,0,,1,2020.0,Ingeniería Aeronáutica,Grado,5,,Facultad Regional Buenos Aires,2026-05-26,,1,,1
13455,127961,22638228,Jimena,Reyes,F,2002-01-27,Argentina,2020,18,0,,1,2020.0,Ingeniería Química,Grado,5,,Facultad Regional Buenos Aires,2026-05-26,,1,,1
13474,59257,22642142,Pablo,Molina,M,2000-11-05,Argentina,2020,20,0,,1,2020.0,Ingeniería Aeronáutica,Grado,5,,Facultad Regional Buenos Aires,2026-05-26,,1,,1
13537,46619,22654620,Ramiro,Ledesma,M,2002-03-09,Argentina,2020,18,0,,1,2020.0,Ingeniería Mecánica,Grado,5,,Facultad Regional Buenos Aires,2026-05-26,,1,,1
13541,90487,22655230,Matías,Suárez,M,2005-05-14,Argentina,2020,15,0,,1,2020.0,Ingeniería Mecánica,Grado,5,,Facultad Regional Buenos Aires,2026-05-26,,1,,1
13551,80145,22656884,Mariana,Ruiz,F,2003-02-04,Argentina,2020,17,0,,1,2020.0,Ingeniería Electrónica,Grado,5,,Facultad Regional Buenos Aires,2026-05-26,,1,,1
13557,5181,22658756,Nicolás,Ramos,M,2000-03-06,Argentina,2021,21,0,,1,2021.0,Tecnicatura Universitaria En Programación,Pregrado,3,,Facultad Regional Buenos Aires,2026-05-26,,1,,1
13567,117197,22660608,Damián,Muñoz,M,2004-07-21,Colombiana,2024,20,0,,1,2024.0,Tecnicatura Universitaria En Programación,Pregrado,3,,Facultad Regional Buenos Aires,2026-05-26,,1,,1
13709,26289,22688423,Claudio,Fernández,M,2002-01-01,Argentina,2020,18,0,,1,2020.0,Ingeniería Mecánica,Grado,5,,Facultad Regional Buenos Aires,2026-05-26,,1,,1
13795,106493,22707299,Agustín,Santos,M,2006-01-05,Brasileña,2020,14,0,,1,2020.0,Ingeniería Química,Grado,5,,Facultad Regional Buenos Aires,2026-05-26,,1,,1
13811,73123,22711272,Alejandro,Cruz,M,2002-03-02,Argentina,2020,18,0,,1,2020.0,Ingeniería Electrónica,Grado,5,,Facultad Regional Buenos Aires,2026-05-26,,1,,1
13812,58921,22711278,Ezequiel,Pérez,M,2004-06-12,Argentina,2020,16,0,,1,2020.0,Ingeniería Eléctrica,Grado,5,,Facultad Regional Buenos Aires,2026-05-26,,1,,1
13841,79056,22717674,Tomás,García,M,1999-02-25,Argentina,2020,21,0,,1,2020.0,Ingeniería Mecánica,Grado,5,,Facultad Regional Buenos Aires,2026-05-26,,1,,1
13843,33553,22719130,Martín,Castro,M,2007-12-03,Argentina,2020,13,0,,1,2020.0,Ingeniería Electrónica,Grado,5,,Facultad Regional Buenos Aires,2026-05-26,,1,,1
13925,47318,22733149,Emilio,Medina,M,2007-12-20,Argentina,2024,17,0,,1,2024.0,Tecnicatura Universitaria En Programación,Pregrado,3,,Facultad Regional Buenos Aires,2026-05-26,,1,,1
13933,71577,22734860,Emilio,Ojeda,M,2000-10-26,Argentina,2020,20,0,,1,2020.0,Ingeniería Química,Grado,5,,Facultad Regional Buenos Aires,2026-05-26,,1,,1
13961,92489,22739360,Nicolás,Rojas,M,2004-12-16,Argentina,2020,16,0,,1,2020.0,Ingeniería Electrónica,Grado,5,,Facultad Regional Buenos Aires,2026-05-26,,1,,1
13965,20263,22740427,Damián,Silva,M,2000-10-20,Uruguaya,2020,20,0,,1,2020.0,Ingeniería Eléctrica,Grado,5,,Facultad Regional Buenos Aires,2026-05-26,,1,,1
14078,73891,22765161,Gonzalo,Romero,M,2003-08-09,Argentina,2020,17,0,,1,2020.0,Ingeniería Mecánica,Grado,5,,Facultad Regional Buenos Aires,2026-05-26,,1,,1
14114,60391,22771546,Fernando,Flores,M,2007-08-20,Argentina,2020,13,0,,1,2020.0,Ingeniería Mecánica,Grado,5,,Facultad Regional Buenos Aires,2026-05-26,,1,,1
14144,99985,22779813,Julián,Flores,M,2006-09-20,Argentina,2020,14,0,,1,2020.0,Ingeniería Mecánica,Grado,5,,Facultad Regional Buenos Aires,2026-05-26,,1,,1
14312,124381,22811153,Sebastián,Moreno,M,2006-08-25,Argentina,2020,14,0,,1,2020.0,Ingeniería Mecánica,Grado,5,,Facultad Regional Buenos Aires,2026-05-26,,1,,1
14364,48787,22819661,Carolina,Pérez,F,2005-10-10,Argentina,2021,16,0,,1,2021.0,Tecnicatura Universitaria En Programación,Pregrado,3,,Facultad Regional Buenos Aires,2026-05-26,,1,,1
14535,105880,22855212,Damián,Suárez,M,2002-01-24,Argentina,2020,18,0,,1,2020.0,Ingeniería Electrónica,Grado,5,,Facultad Regional Buenos Aires,2026-05-26,,1,,1
14564,74108,22861716,Iván,Romero,M,2000-10-23,Argentina,2020,20,0,,1,2020.0,Ingeniería Aeronáutica,Grado,5,,Facultad Regional Buenos Aires,2026-05-26,,1,,1
14598,97241,22868964,Iván,Mendoza,M,2007-04-06,Argentina,2020,13,0,,1,2020.0,Tecnicatura Universitaria En Programación,Pregrado,3,,Facultad Regional Buenos Aires,2026-05-26,,1,,1
14608,56476,22870285,Emilio,Martínez,M,2004-12-27,Argentina,2020,16,0,,1,2020.0,Ingeniería Mecánica,Grado,5,,Facultad Regional Buenos Aires,2026-05-26,,1,,1
14613,101376,22871008,Matías,Ríos,M,2004-01-21,Argentina,2024,20,0,,1,2024.0,Tecnicatura Universitaria En Programación,Pregrado,3,,Facultad Regional Buenos Aires,2026-05-26,,1,,1
14620,26148,22871926,Alejandro,Ramos,M,1999-08-19,Argentina,2024,25,0,,1,2024.0,Tecnicatura Universitaria En Programación,Pregrado,3,,Facultad Regional Buenos Aires,2026-05-26,,1,,1
14649,76435,22877159,Gastón,García,M,2003-08-07,Argentina,2020,17,0,,1,2020.0,Ingeniería Aeronáutica,Grado,5,,Facultad Regional Buenos Aires,2026-05-26,,1,,1
14658,86469,22878017,Hernán,Silva,M,2002-02-18,Paraguaya,2024,22,0,,1,2024.0,Tecnicatura Universitaria En Programación,Pregrado,3,,Facultad Regional Buenos Aires,2026-05-26,,1,,1
14700,102802,22887026,Maximiliano,García,M,1996-07-25,Argentina,2024,28,0,,1,2024.0,Tecnicatura Universitaria En Programación,Pregrado,3,,Facultad Regional Buenos Aires,2026-05-26,,1,,1
14723,7864,22893248,Claudio,Herrera,M,2007-08-13,No especificado,2024,17,0,,1,2024.0,Tecnicatura Universitaria En Programación,Pregrado,3,,Facultad Regional Buenos Aires,2026-05-26,,1,,1
14810,113380,22910751,Damián,García,M,2007-08-19,Argentina,2024,17,0,,1,2024.0,Tecnicatura Universitaria En Programación,Pregrado,3,,Facultad Regional Buenos Aires,2026-05-26,,1,,1
14971,44065,22945484,Jimena,Flores,F,2000-07-21,Argentina,2020,20,0,,1,2020.0,Ingeniería Electrónica,Grado,5,,Facultad Regional Buenos Aires,2026-05-26,,1,,1
15006,90562,22952659,Diego,Suárez,M,2004-11-06,Argentina,2024,20,0,,1,2024.0,Tecnicatura Universitaria En Programación,Pregrado,3,,Facultad Regional Buenos Aires,2026-05-26,,1,,1
15018,125567,22955546,Julián,Rojas,M,2001-11-21,Argentina,2021,20,0,,1,2021.0,Tecnicatura Universitaria En Programación,Pregrado,3,,Facultad Regional Buenos Aires,2026-05-26,,1,,1
15068,73791,22966211,Iván,Ortega,M,1998-04-05,Argentina,2020,22,0,,1,2020.0,Ingeniería Electrónica,Grado,5,,Facultad Regional Buenos Aires,2026-05-26,,1,,1
15197,17480,22990739,Cecilia,Medina,F,2003-03-30,Argentina,2020,17,0,,1,2020.0,Ingeniería Electrónica,Grado,5,,Facultad Regional Buenos Aires,2026-05-26,,1,,1
15203,95633,22991865,Vanesa,Torres,F,2004-01-27,Argentina,2020,16,0,,1,2020.0,Ingeniería Química,Grado,5,,Facultad Regional Buenos Aires,2026-05-26,,1,,1
15280,42176,23008276,Jimena,Souza,F,2007-05-12,Colombiana,2020,13,0,,1,2020.0,Ingeniería Mecánica,Grado,5,,Facultad Regional Buenos Aires,2026-05-26,,1,,1
15283,52047,23009383,Leandro,Cabrera,M,2001-06-06,Argentina,2020,19,0,,1,2020.0,Ingeniería Aeronáutica,Grado,5,,Facultad Regional Buenos Aires,2026-05-26,,1,,1
15312,92667,23015465,Claudia,Fuentes,F,2000-10-01,Chilena,2020,20,0,,1,2020.0,Ingeniería Química,Grado,5,,Facultad Regional Buenos Aires,2026-05-26,,1,,1
15317,66825,23016354,Cristian,Pereira,M,2007-06-27,Venezolana,2021,14,0,,1,2021.0,Tecnicatura Universitaria En Programación,Pregrado,3,,Facultad Regional Buenos Aires,2026-05-26,,1,,1
15332,29856,23019079,Daniela,Pérez,F,2002-04-12,Argentina,2020,18,0,,1,2020.0,Ingeniería Eléctrica,Grado,5,,Facultad Regional Buenos Aires,2026-05-26,,1,,1
15352,46932,23022440,Daniela Daniela,Souza,F,2005-02-18,Brasileña,2020,15,0,,1,2020.0,Ingeniería Eléctrica,Grado,5,,Facultad Regional Buenos Aires,2026-05-26,,1,,1
15364,31763,23024632,Pablo,Rojas,M,2004-05-21,Argentina,2020,16,0,,1,2020.0,Ingeniería Electrónica,Grado,5,,Facultad Regional Buenos Aires,2026-05-26,,1,,1
15370,101259,23026354,Gastón,Pereira,M,2006-07-21,Boliviana,2024,18,0,,1,2024.0,Tecnicatura Universitaria En Programación,Pregrado,3,,Facultad Regional Buenos Aires,2026-05-26,,1,,1
15378,118780,23027239,Julián,Martínez,M,2006-03-25,Argentina,2020,14,0,,1,2020.0,Tecnicatura Universitaria En Programación,Pregrado,3,,Facultad Regional Buenos Aires,2026-05-26,,1,,1
15383,14470,23027950,Matías,Muñoz,M,2003-09-12,Peruana,2020,17,0,,1,2020.0,Tecnicatura Universitaria En Programación,Pregrado,3,,Facultad Regional Buenos Aires,2026-05-26,,1,,1
15431,99667,23037610,Carolina,Ruiz,F,2003-05-23,Argentina,2020,17,0,,1,2020.0,Tecnicatura Universitaria En Programación,Pregrado,3,,Facultad Regional Buenos Aires,2026-05-26,,1,,1
15501,30983,23051472,Micaela,López,F,2002-12-05,No especificado,2020,18,0,,1,2020.0,Ingeniería Química,Grado,5,,Facultad Regional Buenos Aires,2026-05-26,,1,,1
15538,42621,23057819,Jimena,Álvarez,F,2002-11-28,Argentina,2024,22,0,,1,2024.0,Tecnicatura Universitaria En Programación,Pregrado,3,,Facultad Regional Buenos Aires,2026-05-26,,1,,1
15562,14449,23062119,Martín,Carrizo,M,2007-03-31,Argentina,2020,13,0,,1,2020.0,Ingeniería Eléctrica,Grado,5,,Facultad Regional Buenos Aires,2026-05-26,,1,,1
15573,83743,23063975,Natalia,Carrizo,F,2003-03-12,Argentina,2020,17,0,,1,2020.0,Ingeniería Electrónica,Grado,5,,Facultad Regional Buenos Aires,2026-05-26,,1,,1
15635,125377,23077466,Ramiro,Suárez,M,2007-02-21,Argentina,2020,13,0,,1,2020.0,Ingeniería Eléctrica,Grado,5,,Facultad Regional Buenos Aires,2026-05-26,,1,,1
15636,44160,23077500,Ramiro,Mendoza,M,2001-09-25,Argentina,2020,19,0,,1,2020.0,Ingeniería Química,Grado,5,,Facultad Regional Buenos Aires,2026-05-26,,1,,1
15716,108904,23093340,Damián,Cruz,M,2007-01-25,Argentina,2020,13,0,,1,2020.0,Ingeniería Aeronáutica,Grado,5,,Facultad Regional Buenos Aires,2026-05-26,,1,,1
15745,16607,23099686,Federico,Silva,M,2007-08-12,Brasileña,2020,13,0,,1,2020.0,Ingeniería Electrónica,Grado,5,,Facultad Regional Buenos Aires,2026-05-26,,1,,1
15748,85752,23100079,Claudio Claudio,Morales,M,1998-11-24,Argentina,2020,22,0,,1,2020.0,Ingeniería Electrónica,Grado,5,,Facultad Regional Buenos Aires,2026-05-26,,1,,1
15752,113672,23101054,Federico,Carrizo,M,2007-05-17,Argentina,2020,13,0,,1,2020.0,Ingeniería Mecánica,Grado,5,,Facultad Regional Buenos Aires,2026-05-26,,1,,1
15758,70461,23102011,Emilio,Sánchez,M,2004-02-12,Argentina,2021,17,0,,1,2021.0,Tecnicatura Universitaria En Programación,Pregrado,3,,Facultad Regional Buenos Aires,2026-05-26,,1,,1
15794,106415,23108901,Santiago,Vera,M,1999-12-02,Argentina,2020,21,0,,1,2020.0,Ingeniería Química,Grado,5,,Facultad Regional Buenos Aires,2026-05-26,,1,,1
15804,110975,23110487,Nicolás,Condori,M,2001-02-15,Colombiana,2020,19,0,,1,2020.0,Ingeniería Química,Grado,5,,Facultad Regional Buenos Aires,2026-05-26,,1,,1
15811,39578,23111540,Matías,Carrizo,M,1999-09-19,Argentina,2020,21,0,,1,2020.0,Tecnicatura Universitaria En Programación,Pregrado,3,,Facultad Regional Buenos Aires,2026-05-26,,1,,1
15932,100876,23136860,Emilio,Mendoza,M,2000-01-20,Argentina,2021,21,0,,1,2021.0,Tecnicatura Universitaria En Programación,Pregrado,3,,Facultad Regional Buenos Aires,2026-05-26,,1,,1
15944,319,23139952,Damián,Carrizo,M,2005-10-22,Argentina,2021,16,0,,1,2021.0,Tecnicatura Universitaria En Programación,Pregrado,3,,Facultad Regional Buenos Aires,2026-05-26,,1,,1
15972,70213,23145326,Micaela,Reyes,F,2005-02-08,Argentina,2024,19,0,,1,2024.0,Tecnicatura Universitaria En Programación,Pregrado,3,,Facultad Regional Buenos Aires,2026-05-26,,1,,1
16010,100715,23152036,Diego,García,M,2008-01-01,Argentina,2021,13,0,,1,2021.0,Tecnicatura Universitaria En Programación,Pregrado,3,,Facultad Regional Buenos Aires,2026-05-26,,1,,1
16023,87983,23154637,Julián,Acosta,M,2002-04-28,Argentina,2020,18,0,,1,2020.0,Ingeniería Eléctrica,Grado,5,,Facultad Regional Buenos Aires,2026-05-26,,1,,1
16095,115390,23166868,Santiago,Medina,M,2004-12-29,Argentina,2020,16,0,,1,2020.0,Ingeniería Mecánica,Grado,5,,Facultad Regional Buenos Aires,2026-05-26,,1,,1
16102,125618,23168726,Claudio,Quispe,M,2003-03-28,Peruana,2020,17,0,,1,2020.0,Ingeniería Aeronáutica,Grado,5,,Facultad Regional Buenos Aires,2026-05-26,,1,,1
16113,75875,23172298,Hernán,Peralta,M,1999-10-18,Argentina,2024,25,0,,1,2024.0,Tecnicatura Universitaria En Programación,Pregrado,3,,Facultad Regional Buenos Aires,2026-05-26,,1,,1
16117,62530,23172887,Fernando,Apaza,M,2005-04-02,Brasileña,2020,15,0,,1,2020.0,Ingeniería Mecánica,Grado,5,,Facultad Regional Buenos Aires,2026-05-26,,1,,1
16134,25654,23177225,Maximiliano,García,M,2003-03-25,Argentina,2024,21,0,,1,2024.0,Tecnicatura Universitaria En Programación,Pregrado,3,,Facultad Regional Buenos Aires,2026-05-26,,1,,1
16153,117932,23179531,Gonzalo,Cabrera,M,1999-04-28,Argentina,2020,21,0,,1,2020.0,Ingeniería Aeronáutica,Grado,5,,Facultad Regional Buenos Aires,2026-05-26,,1,,1
16176,34155,23184761,Gastón,Cruz,M,2002-09-27,Argentina,2020,18,0,,1,2020.0,Ingeniería Química,Grado,5,,Facultad Regional Buenos Aires,2026-05-26,,1,,1
16241,34084,23200232,Iván,Díaz,M,2001-02-16,Paraguaya,2020,19,0,,1,2020.0,Ingeniería Eléctrica,Grado,5,,Facultad Regional Buenos Aires,2026-05-26,,1,,1
16339,119551,23216305,Jimena,López,F,2004-06-07,Argentina,2024,20,0,,1,2024.0,Tecnicatura Universitaria En Programación,Pregrado,3,,Facultad Regional Buenos Aires,2026-05-26,,1,,1
16366,112950,23222728,Valeria,Peralta,F,2002-04-13,Argentina,2020,18,0,,1,2020.0,Tecnicatura Universitaria En Programación,Pregrado,3,,Facultad Regional Buenos Aires,2026-05-26,,1,,1
16407,5808,23231462,Valentina,Rodríguez,F,1996-03-11,Argentina,2020,24,0,,1,2020.0,Tecnicatura Universitaria En Programación,Pregrado,3,,Facultad Regional Buenos Aires,2026-05-26,,1,,1
16412,120181,23232300,Verónica,Martínez,F,2004-11-01,Argentina,2024,20,0,,1,2024.0,Tecnicatura Universitaria En Programación,Pregrado,3,,Facultad Regional Buenos Aires,2026-05-26,,1,,1
16468,123634,23245696,Mariana,Fuentes,F,2003-03-02,Venezolana,2024,21,0,,1,2024.0,Tecnicatura Universitaria En Programación,Pregrado,3,,Facultad Regional Buenos Aires,2026-05-26,,1,,1
16516,79878,23255135,Matías,Sánchez,M,1994-01-01,Argentina,2020,26,0,,1,2020.0,Ingeniería Química,Grado,5,,Facultad Regional Buenos Aires,2026-05-26,,1,,1
16535,86479,23259141,Claudio,Ruiz,M,2007-05-21,Argentina,2020,13,0,,1,2020.0,Ingeniería Electrónica,Grado,5,,Facultad Regional Buenos Aires,2026-05-26,,1,,1
16582,50398,23267817,Diego,Fuentes,M,2003-02-26,Paraguaya,2020,17,0,,1,2020.0,Ingeniería Aeronáutica,Grado,5,,Facultad Regional Buenos Aires,2026-05-26,,1,,1
16626,41257,23278373,Alejandro,Cabrera,M,2007-12-23,Argentina,2021,14,0,,1,2021.0,Tecnicatura Universitaria En Programación,Pregrado,3,,Facultad Regional Buenos Aires,2026-05-26,,1,,1
16641,28811,23281492,Patricia,Gómez,F,2002-09-15,Argentina,2024,22,0,,1,2024.0,Tecnicatura Universitaria En Programación,Pregrado,3,,Facultad Regional Buenos Aires,2026-05-26,,1,,1
16741,32706,23306092,Leandro,Cruz,M,2007-02-03,No especificado,2020,13,0,,1,2020.0,Ingeniería Electrónica,Grado,5,,Facultad Regional Buenos Aires,2026-05-26,,1,,1
16743,58656,23306225,Ignacio,Reyes,M,2002-05-14,Argentina,2021,19,0,,1,2021.0,Tecnicatura Universitaria En Programación,Pregrado,3,,Facultad Regional Buenos Aires,2026-05-26,,1,,1
16804,44876,23319641,Gabriela,Ramírez,F,2004-08-06,Argentina,2020,16,0,,1,2020.0,Ingeniería Eléctrica,Grado,5,,Facultad Regional Buenos Aires,2026-05-26,,1,,1
16835,73227,23326341,Vanesa,Condori,F,2006-11-11,Paraguaya,2020,14,0,,1,2020.0,Ingeniería Eléctrica,Grado,5,,Facultad Regional Buenos Aires,2026-05-26,,1,,1
16848,29653,23328705,Martín,Quispe,M,2000-12-01,Boliviana,2021,21,0,,1,2021.0,Tecnicatura Universitaria En Programación,Pregrado,3,,Facultad Regional Buenos Aires,2026-05-26,,1,,1
16884,111321,23336294,Ramiro,Villalba,M,1999-07-05,Venezolana,2021,22,0,,1,2021.0,Tecnicatura Universitaria En Programación,Pregrado,3,,Facultad Regional Buenos Aires,2026-05-26,,1,,1
16954,76564,23350492,Leandro,Vera,M,1997-09-17,Argentina,2024,27,0,,1,2024.0,Tecnicatura Universitaria En Programación,Pregrado,3,,Facultad Regional Buenos Aires,2026-05-26,,1,,1
17003,27752,23360169,Facundo,López,M,2006-04-02,Argentina,2024,18,0,,1,2024.0,Tecnicatura Universitaria En Programación,Pregrado,3,,Facultad Regional Buenos Aires,2026-05-26,,1,,1
17021,112388,23363415,Cristian,Ortega,M,2004-08-23,Argentina,2020,16,0,,1,2020.0,Tecnicatura Universitaria En Programación,Pregrado,3,,Facultad Regional Buenos Aires,2026-05-26,,1,,1
17024,8268,23364150,Cristian Cristian,Vega,M,1996-10-17,Argentina,2020,24,0,,1,2020.0,Ingeniería Aeronáutica,Grado,5,,Facultad Regional Buenos Aires,2026-05-26,,1,,1
17036,15090,23366514,Julián,Lima,M,2000-09-28,Brasileña,2024,24,0,,1,2024.0,Tecnicatura Universitaria En Programación,Pregrado,3,,Facultad Regional Buenos Aires,2026-05-26,,1,,1
17081,111088,23376947,Julián,Reyes,M,2003-03-13,Argentina,2020,17,0,,1,2020.0,Tecnicatura Universitaria En Programación,Pregrado,3,,Facultad Regional Buenos Aires,2026-05-26,,1,,1
17083,35201,23377759,Leandro,Molina,M,2005-01-15,Argentina,2020,15,0,,1,2020.0,Ingeniería Aeronáutica,Grado,5,,Facultad Regional Buenos Aires,2026-05-26,,1,,1
17114,120039,23383105,Tomás,Martínez,M,2003-05-29,Argentina,2020,17,0,,1,2020.0,Ingeniería Aeronáutica,Grado,5,,Facultad Regional Buenos Aires,2026-05-26,,1,,1
17125,9871,23384567,Claudio,Ríos,M,2003-10-02,Argentina,2020,17,0,,1,2020.0,Ingeniería Electrónica,Grado,5,,Facultad Regional Buenos Aires,2026-05-26,,1,,1
17201,64288,23400440,Pablo,Pereira,M,2001-09-10,Boliviana,2024,23,0,,1,2024.0,Tecnicatura Universitaria En Programación,Pregrado,3,,Facultad Regional Buenos Aires,2026-05-26,,1,,1
17207,25134,23401026,Emilio,Peralta,M,2007-03-02,Argentina,2024,17,0,,1,2024.0,Tecnicatura Universitaria En Programación,Pregrado,3,,Facultad Regional Buenos Aires,2026-05-26,,1,,1
17254,35715,23409052,Pablo,Sánchez,M,2006-08-08,Argentina,2024,18,0,,1,2024.0,Tecnicatura Universitaria En Programación,Pregrado,3,,Facultad Regional Buenos Aires,2026-05-26,,1,,1
17275,112056,23413331,Soledad,Cruz,F,2002-05-26,Argentina,2024,22,0,,1,2024.0,Tecnicatura Universitaria En Programación,Pregrado,3,,Facultad Regional Buenos Aires,2026-05-26,,1,,1
17310,2889,23417855,Diego,Quispe,M,2007-12-14,Uruguaya,2020,13,0,,1,2020.0,Ingeniería Mecánica,Grado,5,,Facultad Regional Buenos Aires,2026-05-26,,1,,1
17354,121762,23425226,Rodrigo,López,M,2007-07-24,Argentina,2020,13,0,,1,2020.0,Ingeniería Mecánica,Grado,5,,Facultad Regional Buenos Aires,2026-05-26,,1,,1
17381,62326,23429632,Emilio,Sánchez,M,2003-12-20,Argentina,2024,21,0,,1,2024.0,Tecnicatura Universitaria En Programación,Pregrado,3,,Facultad Regional Buenos Aires,2026-05-26,,1,,1
17387,87221,23430396,Valeria,Medina,F,1999-04-16,Argentina,2020,21,0,,1,2020.0,Ingeniería Química,Grado,5,,Facultad Regional Buenos Aires,2026-05-26,,1,,1
17422,50197,23437514,Sabrina,Medina,F,2002-07-07,Argentina,2021,19,0,,1,2021.0,Tecnicatura Universitaria En Programación,Pregrado,3,,Facultad Regional Buenos Aires,2026-05-26,,1,,1
17500,113104,23452339,Hernán,Pérez,M,2001-10-19,Argentina,2020,19,0,,1,2020.0,Ingeniería Aeronáutica,Grado,5,,Facultad Regional Buenos Aires,2026-05-26,,1,,1
17642,42862,23478855,Ezequiel,Vera,M,2004-02-12,Argentina,2020,16,0,,1,2020.0,Tecnicatura Universitaria En Programación,Pregrado,3,,Facultad Regional Buenos Aires,2026-05-26,,1,,1
17738,118530,23497012,Leandro,Rojas,M,1999-07-01,Argentina,2020,21,0,,1,2020.0,Ingeniería Mecánica,Grado,5,,Facultad Regional Buenos Aires,2026-05-26,,1,,1
17756,1987,23500133,Ignacio,Pérez,M,2004-06-30,Argentina,2020,16,0,,1,2020.0,Ingeniería Electrónica,Grado,5,,Facultad Regional Buenos Aires,2026-05-26,,1,,1
17792,97503,23508023,Santiago,Peralta,M,2003-01-22,No especificado,2020,17,0,,1,2020.0,Ingeniería Electrónica,Grado,5,,Facultad Regional Buenos Aires,2026-05-26,,1,,1
17830,49826,23516410,Agustín,Ramos,M,2002-02-27,Argentina,2020,18,0,,1,2020.0,Ingeniería Aeronáutica,Grado,5,,Facultad Regional Buenos Aires,2026-05-26,,1,,1
17940,90494,23537811,Valentina Valentina,Romero,F,2004-08-04,Argentina,2020,16,0,,1,2020.0,Tecnicatura Universitaria En Programación,Pregrado,3,,Facultad Regional Buenos Aires,2026-05-26,,1,,1
17969,21101,23543409,Lucas,Torres,M,2005-05-07,Argentina,2020,15,0,,1,2020.0,Tecnicatura Universitaria En Programación,Pregrado,3,,Facultad Regional Buenos Aires,2026-05-26,,1,,1
17985,112523,23546418,Rodrigo,Herrera,M,2003-12-21,Argentina,2020,17,0,,1,2020.0,Ingeniería Electrónica,Grado,5,,Facultad Regional Buenos Aires,2026-05-26,,1,,1
17997,71450,23547661,Mariela,Moreno,F,2002-03-06,Argentina,2020,18,0,,1,2020.0,Ingeniería Eléctrica,Grado,5,,Facultad Regional Buenos Aires,2026-05-26,,1,,1
18006,87442,23549405,Gonzalo,Reyes,M,2006-04-20,Argentina,2020,14,0,,1,2020.0,Ingeniería Mecánica,Grado,5,,Facultad Regional Buenos Aires,2026-05-26,,1,,1
18038,610,23557155,Damián,Díaz,M,2001-01-31,Argentina,2020,19,0,,1,2020.0,Ingeniería Electrónica,Grado,5,,Facultad Regional Buenos Aires,2026-05-26,,1,,1
18048,127378,23558669,Ramiro,Ruiz,M,2003-12-27,Argentina,2024,21,0,,1,2024.0,Tecnicatura Universitaria En Programación,Pregrado,3,,Facultad Regional Buenos Aires,2026-05-26,,1,,1
18096,22461,23570148,Cristian,Castro,M,2007-09-28,Argentina,2020,13,0,,1,2020.0,Ingeniería Mecánica,Grado,5,,Facultad Regional Buenos Aires,2026-05-26,,1,,1
18101,8517,23571382,Jimena,Mendoza,F,2004-09-30,Argentina,2020,16,0,,1,2020.0,Ingeniería Eléctrica,Grado,5,,Facultad Regional Buenos Aires,2026-05-26,,1,,1
18102,30811,23571608,Cristian,Peralta,M,2000-11-01,Argentina,2024,24,0,,1,2024.0,Tecnicatura Universitaria En Programación,Pregrado,3,,Facultad Regional Buenos Aires,2026-05-26,,1,,1
18111,91577,23572403,Claudio,Rojas,M,2001-07-01,Argentina,2024,23,0,,1,2024.0,Tecnicatura Universitaria En Programación,Pregrado,3,,Facultad Regional Buenos Aires,2026-05-26,,1,,1
18136,15817,23576841,Sofía,Ledesma,F,2003-03-15,Argentina,2020,17,0,,1,2020.0,Ingeniería Eléctrica,Grado,5,,Facultad Regional Buenos Aires,2026-05-26,,1,,1
18183,86944,23584240,Hernán,Núñez,M,2004-01-06,Argentina,2024,20,0,,1,2024.0,Tecnicatura Universitaria En Programación,Pregrado,3,,Facultad Regional Buenos Aires,2026-05-26,,1,,1
18210,59306,23589652,Gonzalo,Fernández,M,2004-07-24,Argentina,2021,17,0,,1,2021.0,Tecnicatura Universitaria En Programación,Pregrado,3,,Facultad Regional Buenos Aires,2026-05-26,,1,,1
18269,119723,23602540,Ezequiel,Castro,M,2004-01-14,Argentina,2024,20,0,,1,2024.0,Tecnicatura Universitaria En Programación,Pregrado,3,,Facultad Regional Buenos Aires,2026-05-26,,1,,1
18332,73455,23613397,Sebastián,Díaz,M,2005-03-17,Argentina,2021,16,0,,1,2021.0,Tecnicatura Universitaria En Programación,Pregrado,3,,Facultad Regional Buenos Aires,2026-05-26,,1,,1
18375,120564,23622944,Rodrigo,Pereira,M,2007-05-06,Colombiana,2021,14,0,,1,2021.0,Tecnicatura Universitaria En Programación,Pregrado,3,,Facultad Regional Buenos Aires,2026-05-26,,1,,1
18411,108229,23630710,Vanesa,Vera,F,2001-01-31,Argentina,2021,20,0,,1,2021.0,Tecnicatura Universitaria En Programación,Pregrado,3,,Facultad Regional Buenos Aires,2026-05-26,,1,,1
18431,113388,23634504,Jimena,Huanca,F,2004-10-18,Chilena,2020,16,0,,1,2020.0,Tecnicatura Universitaria En Programación,Pregrado,3,,Facultad Regional Buenos Aires,2026-05-26,,1,,1
18446,29683,23638974,Julián,Pérez,M,2002-02-10,Argentina,2020,18,0,,1,2020.0,Tecnicatura Universitaria En Programación,Pregrado,3,,Facultad Regional Buenos Aires,2026-05-26,,1,,1
18487,254,23648864,Rodrigo,Benítez,M,2002-06-13,Chilena,2020,18,0,,1,2020.0,Ingeniería Mecánica,Grado,5,,Facultad Regional Buenos Aires,2026-05-26,,1,,1
18492,72785,23649410,Valeria,Ortega,F,2002-12-05,Argentina,2020,18,0,,1,2020.0,Ingeniería Química,Grado,5,,Facultad Regional Buenos Aires,2026-05-26,,1,,1
18514,47715,23653570,Iván,Pérez,M,1998-03-19,Argentina,2024,26,0,,1,2024.0,Tecnicatura Universitaria En Programación,Pregrado,3,,Facultad Regional Buenos Aires,2026-05-26,,1,,1
18530,97138,23657875,Rodrigo,Vega,M,2001-07-22,Argentina,2020,19,0,,1,2020.0,Tecnicatura Universitaria En Programación,Pregrado,3,,Facultad Regional Buenos Aires,2026-05-26,,1,,1
18630,95482,23681146,Emilio,Ríos,M,2007-09-20,Argentina,2020,13,0,,1,2020.0,Ingeniería Electrónica,Grado,5,,Facultad Regional Buenos Aires,2026-05-26,,1,,1
18635,118403,23682468,Federico,Peralta,M,2001-06-07,Argentina,2024,23,0,,1,2024.0,Tecnicatura Universitaria En Programación,Pregrado,3,,Facultad Regional Buenos Aires,2026-05-26,,1,,1
18669,39330,23688195,Damián,Ruiz,M,2007-10-20,Argentina,2020,13,0,,1,2020.0,Ingeniería Mecánica,Grado,5,,Facultad Regional Buenos Aires,2026-05-26,,1,,1
18686,77558,23690873,Martín,Castro,M,2006-01-13,Argentina,2024,18,0,,1,2024.0,Tecnicatura Universitaria En Programación,Pregrado,3,,Facultad Regional Buenos Aires,2026-05-26,,1,,1
18718,99319,23696559,Mariana,Ríos,F,2003-02-07,Argentina,2020,17,0,,1,2020.0,Ingeniería Mecánica,Grado,5,,Facultad Regional Buenos Aires,2026-05-26,,1,,1
18740,17061,23700582,Luciana,Flores,F,2006-03-10,Argentina,2020,14,0,,1,2020.0,Ingeniería Química,Grado,5,,Facultad Regional Buenos Aires,2026-05-26,,1,,1
18826,80607,23719495,Martín,Rojas,M,2002-12-25,Argentina,2024,22,0,,1,2024.0,Tecnicatura Universitaria En Programación,Pregrado,3,,Facultad Regional Buenos Aires,2026-05-26,,1,,1
18898,111025,23731248,Iván,Vargas,M,2000-03-10,Argentina,2020,20,0,,1,2020.0,Ingeniería Eléctrica,Grado,5,,Facultad Regional Buenos Aires,2026-05-26,,1,,1
18951,107580,23740404,Alejandro,Huanca,M,2003-11-13,Uruguaya,2020,17,0,,1,2020.0,Ingeniería Electrónica,Grado,5,,Facultad Regional Buenos Aires,2026-05-26,,1,,1
18974,37530,23744074,Facundo,Vargas,M,2004-12-06,Argentina,2020,16,0,,1,2020.0,Ingeniería Mecánica,Grado,5,,Facultad Regional Buenos Aires,2026-05-26,,1,,1
19009,67089,23752838,Gastón,Bogado,M,2003-12-19,Chilena,2020,17,0,,1,2020.0,Ingeniería Electrónica,Grado,5,,Facultad Regional Buenos Aires,2026-05-26,,1,,1
19027,47804,23755022,Sergio,Torres,M,2007-08-16,Argentina,2024,17,0,,1,2024.0,Tecnicatura Universitaria En Programación,Pregrado,3,,Facultad Regional Buenos Aires,2026-05-26,,1,,1
19063,55207,23762871,Sebastián,Muñoz,M,2007-02-24,Boliviana,2024,17,0,,1,2024.0,Tecnicatura Universitaria En Programación,Pregrado,3,,Facultad Regional Buenos Aires,2026-05-26,,1,,1
19083,92049,23765212,Maximiliano,Peralta,M,2007-10-09,Argentina,2020,13,0,,1,2020.0,Ingeniería Electrónica,Grado,5,,Facultad Regional Buenos Aires,2026-05-26,,1,,1
19214,5765,23794315,Gastón,Acosta,M,2007-03-08,Argentina,2020,13,0,,1,2020.0,Ingeniería Química,Grado,5,,Facultad Regional Buenos Aires,2026-05-26,,1,,1
19294,1371,23808494,Pablo,Rojas,M,2000-07-06,Argentina,2020,20,0,,1,2020.0,Ingeniería Aeronáutica,Grado,5,,Facultad Regional Buenos Aires,2026-05-26,,1,,1
19307,81751,23812104,Ramiro,Medina,M,2007-01-19,Argentina,2020,13,0,,1,2020.0,Ingeniería Aeronáutica,Grado,5,,Facultad Regional Buenos Aires,2026-05-26,,1,,1
19316,98044,23813602,Facundo,Pérez,M,2005-01-01,Argentina,2024,19,0,,1,2024.0,Tecnicatura Universitaria En Programación,Pregrado,3,,Facultad Regional Buenos Aires,2026-05-26,,1,,1
19320,113389,23814726,Ramiro,Medina,M,2001-06-05,Argentina,2020,19,0,,1,2020.0,Ingeniería Mecánica,Grado,5,,Facultad Regional Buenos Aires,2026-05-26,,1,,1
19328,97515,23816396,Martín,Fuentes,M,2000-08-02,Peruana,2020,20,0,,1,2020.0,Ingeniería Mecánica,Grado,5,,Facultad Regional Buenos Aires,2026-05-26,,1,,1
19361,25067,23823291,Facundo,Herrera,M,2002-05-28,Argentina,2020,18,0,,1,2020.0,Ingeniería Mecánica,Grado,5,,Facultad Regional Buenos Aires,2026-05-26,,1,,1
19394,45080,23827773,Ezequiel,Vargas,M,2002-06-07,Argentina,2020,18,0,,1,2020.0,Ingeniería Química,Grado,5,,Facultad Regional Buenos Aires,2026-05-26,,1,,1
19408,25263,23830334,Paola,Ramos,F,2007-10-30,Argentina,2020,13,0,,1,2020.0,Ingeniería Eléctrica,Grado,5,,Facultad Regional Buenos Aires,2026-05-26,,1,,1
19523,65292,23854241,Gonzalo,Suárez,M,1999-04-24,Argentina,2020,21,0,,1,2020.0,Ingeniería Mecánica,Grado,5,,Facultad Regional Buenos Aires,2026-05-26,,1,,1
19535,13651,23858318,Pablo,Díaz,M,2000-02-22,Argentina,2020,20,0,,1,2020.0,Ingeniería Mecánica,Grado,5,,Facultad Regional Buenos Aires,2026-05-26,,1,,1
19537,62687,23858856,Sebastián,Ramos,M,2007-03-15,Argentina,2020,13,0,,1,2020.0,Ingeniería Mecánica,Grado,5,,Facultad Regional Buenos Aires,2026-05-26,,1,,1
19560,114526,23864186,Federico,Cabrera,M,2005-01-27,Argentina,2024,19,0,,1,2024.0,Tecnicatura Universitaria En Programación,Pregrado,3,,Facultad Regional Buenos Aires,2026-05-26,,1,,1
19749,54786,23902480,Lucas Lucas,Vega,M,2007-06-21,No especificado,2024,17,0,,1,2024.0,Tecnicatura Universitaria En Programación,Pregrado,3,,Facultad Regional Buenos Aires,2026-05-26,,1,,1
19751,110977,23902738,Alejandro,Moreno,M,2001-10-23,Argentina,2024,23,0,,1,2024.0,Tecnicatura Universitaria En Programación,Pregrado,3,,Facultad Regional Buenos Aires,2026-05-26,,1,,1
19755,81791,23903220,Pablo,Martínez,M,2004-09-30,Argentina,2024,20,0,,1,2024.0,Tecnicatura Universitaria En Programación,Pregrado,3,,Facultad Regional Buenos Aires,2026-05-26,,1,,1
19771,82960,23906462,Luciana,Herrera,F,2004-10-02,Argentina,2024,20,0,,1,2024.0,Tecnicatura Universitaria En Programación,Pregrado,3,,Facultad Regional Buenos Aires,2026-05-26,,1,,1
19779,95335,23907699,Valeria,Ledesma,F,2000-12-26,Argentina,2020,20,0,,1,2020.0,Ingeniería Electrónica,Grado,5,,Facultad Regional Buenos Aires,2026-05-26,,1,,1
19781,3047,23908319,Iván,Ortega,M,2006-10-06,Argentina,2020,14,0,,1,2020.0,Ingeniería Electrónica,Grado,5,,Facultad Regional Buenos Aires,2026-05-26,,1,,1
19805,85871,23912549,Nicolás,Silva,M,2005-09-14,No especificado,2020,15,0,,1,2020.0,Ingeniería Química,Grado,5,,Facultad Regional Buenos Aires,2026-05-26,,1,,1
19822,67668,23913960,Romina,Acosta,F,2004-04-08,Argentina,2020,16,0,,1,2020.0,Ingeniería Química,Grado,5,,Facultad Regional Buenos Aires,2026-05-26,,1,,1
19840,114517,23921051,Federico,Torres,M,2001-02-11,Argentina,2020,19,0,,1,2020.0,Ingeniería Aeronáutica,Grado,5,,Facultad Regional Buenos Aires,2026-05-26,,1,,1
19885,97167,23927522,Vanesa,Vega,F,2003-08-14,Argentina,2020,17,0,,1,2020.0,Ingeniería Química,Grado,5,,Facultad Regional Buenos Aires,2026-05-26,,1,,1
20017,9528,23952625,Iván,Rojas,M,2002-02-25,Argentina,2021,19,0,,1,2021.0,Tecnicatura Universitaria En Programación,Pregrado,3,,Facultad Regional Buenos Aires,2026-05-26,,1,,1
20025,47355,23954022,Ramiro,Moreno,M,2007-11-28,Argentina,2020,13,0,,1,2020.0,Ingeniería Química,Grado,5,,Facultad Regional Buenos Aires,2026-05-26,,1,,1
20098,93,23966967,Valentina,Peralta,F,2004-09-07,Argentina,2020,16,0,,1,2020.0,Ingeniería Eléctrica,Grado,5,,Facultad Regional Buenos Aires,2026-05-26,,1,,1
20233,16911,23997153,Emilio,Rodríguez,M,2001-07-18,Argentina,2024,23,0,,1,2024.0,Tecnicatura Universitaria En Programación,Pregrado,3,,Facultad Regional Buenos Aires,2026-05-26,,1,,1
20280,42979,24006836,Emilio,Sánchez,M,2003-08-19,Argentina,2020,17,0,,1,2020.0,Tecnicatura Universitaria En Programación,Pregrado,3,,Facultad Regional Buenos Aires,2026-05-26,,1,,1
20367,83500,24022238,Pablo,Mamani,M,2003-11-25,Peruana,2020,17,0,,1,2020.0,Tecnicatura Universitaria En Programación,Pregrado,3,,Facultad Regional Buenos Aires,2026-05-26,,1,,1
20418,126279,24031544,Nicolás,Vargas,M,1998-08-11,Argentina,2024,26,0,,1,2024.0,Tecnicatura Universitaria En Programación,Pregrado,3,,Facultad Regional Buenos Aires,2026-05-26,,1,,1
20435,105835,24034907,Iván,Carrizo,M,2000-12-27,Argentina,2024,24,0,,1,2024.0,Tecnicatura Universitaria En Programación,Pregrado,3,,Facultad Regional Buenos Aires,2026-05-26,,1,,1
20437,27138,24035062,Santiago,Villalba,M,2005-08-06,Boliviana,2020,15,0,,1,2020.0,Ingeniería Química,Grado,5,,Facultad Regional Buenos Aires,2026-05-26,,1,,1
20466,43632,24039945,Santiago,Vega,M,2007-04-27,Argentina,2021,14,0,,1,2021.0,Tecnicatura Universitaria En Programación,Pregrado,3,,Facultad Regional Buenos Aires,2026-05-26,,1,,1
20526,91841,24050880,Nicolás,Vera,M,2005-12-19,Argentina,2024,19,0,,1,2024.0,Tecnicatura Universitaria En Programación,Pregrado,3,,Facultad Regional Buenos Aires,2026-05-26,,1,,1
20568,115843,24057341,Matías,Vega,M,2005-01-01,Argentina,2020,15,0,,1,2020.0,Ingeniería Química,Grado,5,,Facultad Regional Buenos Aires,2026-05-26,,1,,1
20627,85310,24066349,Damián,Morales,M,2006-11-27,Argentina,2020,14,0,,1,2020.0,Ingeniería Mecánica,Grado,5,,Facultad Regional Buenos Aires,2026-05-26,,1,,1
20633,57689,24067858,Fernando,Cabrera,M,2003-11-27,Argentina,2024,21,0,,1,2024.0,Tecnicatura Universitaria En Programación,Pregrado,3,,Facultad Regional Buenos Aires,2026-05-26,,1,,1
20638,33491,24069206,Damián,Moreno,M,2001-08-02,Argentina,2020,19,0,,1,2020.0,Ingeniería Aeronáutica,Grado,5,,Facultad Regional Buenos Aires,2026-05-26,,1,,1
20654,57192,24072573,Ezequiel,Rojas,M,2000-03-01,Argentina,2020,20,0,,1,2020.0,Ingeniería Aeronáutica,Grado,5,,Facultad Regional Buenos Aires,2026-05-26,,1,,1
20680,87621,24077897,Hernán,Moreno,M,2000-06-07,Argentina,2020,20,0,,1,2020.0,Ingeniería Aeronáutica,Grado,5,,Facultad Regional Buenos Aires,2026-05-26,,1,,1
20786,10313,24098860,Hernán,Pereira,M,2000-05-07,Venezolana,2024,24,0,,1,2024.0,Tecnicatura Universitaria En Programación,Pregrado,3,,Facultad Regional Buenos Aires,2026-05-26,,1,,1
20836,22913,24109589,Carolina,Medina,F,2004-06-25,Argentina,2020,16,0,,1,2020.0,Ingeniería Eléctrica,Grado,5,,Facultad Regional Buenos Aires,2026-05-26,,1,,1
20848,57374,24111906,Facundo,Ríos,M,2007-03-20,Argentina,2020,13,0,,1,2020.0,Ingeniería Química,Grado,5,,Facultad Regional Buenos Aires,2026-05-26,,1,,1
20858,116249,24113759,Alejandro,Pérez,M,2007-07-27,Argentina,2020,13,0,,1,2020.0,Ingeniería Electrónica,Grado,5,,Facultad Regional Buenos Aires,2026-05-26,,1,,1
20866,118189,24115988,Fernando,Herrera,M,2007-05-03,Argentina,2021,14,0,,1,2021.0,Tecnicatura Universitaria En Programación,Pregrado,3,,Facultad Regional Buenos Aires,2026-05-26,,1,,1
20881,119936,24119194,Cristian,Romero,M,2004-06-07,Argentina,2020,16,0,,1,2020.0,Ingeniería Eléctrica,Grado,5,,Facultad Regional Buenos Aires,2026-05-26,,1,,1
20941,96611,24128580,Martín,Carrizo,M,2006-10-05,Argentina,2020,14,0,,1,2020.0,Tecnicatura Universitaria En Programación,Pregrado,3,,Facultad Regional Buenos Aires,2026-05-26,,1,,1
20959,29961,24132588,Fernando,Martínez,M,2006-08-09,Argentina,2024,18,0,,1,2024.0,Tecnicatura Universitaria En Programación,Pregrado,3,,Facultad Regional Buenos Aires,2026-05-26,,1,,1
21034,4805,24144825,Iván,Ortega,M,2006-08-18,Argentina,2020,14,0,,1,2020.0,Ingeniería Eléctrica,Grado,5,,Facultad Regional Buenos Aires,2026-05-26,,1,,1
21122,39001,24162956,Sofía,Vega,F,2007-11-21,Argentina,2020,13,0,,1,2020.0,Tecnicatura Universitaria En Programación,Pregrado,3,,Facultad Regional Buenos Aires,2026-05-26,,1,,1
21133,8602,24165779,Rodrigo,Moreno,M,2005-10-16,Argentina,2020,15,0,,1,2020.0,Ingeniería Eléctrica,Grado,5,,Facultad Regional Buenos Aires,2026-05-26,,1,,1
21165,74407,24170607,Damián,Torres,M,2005-10-05,Argentina,2020,15,0,,1,2020.0,Ingeniería Eléctrica,Grado,5,,Facultad Regional Buenos Aires,2026-05-26,,1,,1
21190,25988,24174284,Sergio,Díaz,M,2003-07-23,Argentina,2020,17,0,,1,2020.0,Ingeniería Mecánica,Grado,5,,Facultad Regional Buenos Aires,2026-05-26,,1,,1
21199,120103,24175621,Paola,Vera,F,2002-02-23,Argentina,2024,22,0,,1,2024.0,Tecnicatura Universitaria En Programación,Pregrado,3,,Facultad Regional Buenos Aires,2026-05-26,,1,,1
21206,23336,24177236,Ignacio,Vega,M,2005-01-11,Argentina,2020,15,0,,1,2020.0,Ingeniería Electrónica,Grado,5,,Facultad Regional Buenos Aires,2026-05-26,,1,,1
21302,211,24195643,Gabriela,Ojeda,F,2000-10-04,Argentina,2024,24,0,,1,2024.0,Tecnicatura Universitaria En Programación,Pregrado,3,,Facultad Regional Buenos Aires,2026-05-26,,1,,1
21316,120247,24198614,Maximiliano,Ramos,M,2003-10-20,Argentina,2024,21,0,,1,2024.0,Tecnicatura Universitaria En Programación,Pregrado,3,,Facultad Regional Buenos Aires,2026-05-26,,1,,1
21370,14458,24212687,Hernán,Ramírez,M,2006-10-07,Argentina,2020,14,0,,1,2020.0,Tecnicatura Universitaria En Programación,Pregrado,3,,Facultad Regional Buenos Aires,2026-05-26,,1,,1
21392,42190,24217790,Patricia,Torres,F,2002-09-14,Argentina,2020,18,0,,1,2020.0,Ingeniería Química,Grado,5,,Facultad Regional Buenos Aires,2026-05-26,,1,,1
21404,69443,24220672,Hernán,Vera,M,2005-04-06,Argentina,2021,16,0,,1,2021.0,Tecnicatura Universitaria En Programación,Pregrado,3,,Facultad Regional Buenos Aires,2026-05-26,,1,,1
21447,105087,24230236,Vanesa,Oliveira,F,2007-03-01,Boliviana,2024,17,0,,1,2024.0,Tecnicatura Universitaria En Programación,Pregrado,3,,Facultad Regional Buenos Aires,2026-05-26,,1,,1
21461,12853,24233661,Gastón,Peralta,M,2007-08-26,Argentina,2020,13,0,,1,2020.0,Ingeniería Electrónica,Grado,5,,Facultad Regional Buenos Aires,2026-05-26,,1,,1
21579,27358,24254384,Gonzalo,Santos,M,2003-04-23,Boliviana,2020,17,0,,1,2020.0,Ingeniería Electrónica,Grado,5,,Facultad Regional Buenos Aires,2026-05-26,,1,,1
21747,3452,24286955,Matías,Ledesma,M,2002-08-22,Argentina,2020,18,0,,1,2020.0,Ingeniería Mecánica,Grado,5,,Facultad Regional Buenos Aires,2026-05-26,,1,,1
21773,118952,24291466,Santiago,Ramírez,M,2006-03-12,Argentina,2020,14,0,,1,2020.0,Ingeniería Eléctrica,Grado,5,,Facultad Regional Buenos Aires,2026-05-26,,1,,1
21775,22737,24291605,Santiago,Rojas,M,2003-11-24,Argentina,2020,17,0,,1,2020.0,Ingeniería Aeronáutica,Grado,5,,Facultad Regional Buenos Aires,2026-05-26,,1,,1
21796,81191,24295918,Valentina,Suárez,F,2005-07-31,Argentina,2020,15,0,,1,2020.0,Ingeniería Eléctrica,Grado,5,,Facultad Regional Buenos Aires,2026-05-26,,1,,1
21820,25170,24299488,Lucas,Reyes,M,1998-04-22,Argentina,2020,22,0,,1,2020.0,Ingeniería Eléctrica,Grado,5,,Facultad Regional Buenos Aires,2026-05-26,,1,,1
21853,16195,24306358,Ezequiel,Martínez,M,2005-03-25,Argentina,2020,15,0,,1,2020.0,Ingeniería Química,Grado,5,,Facultad Regional Buenos Aires,2026-05-26,,1,,1
21937,43911,24321718,Maximiliano,Ríos,M,2005-12-22,Argentina,2020,15,0,,1,2020.0,Ingeniería Electrónica,Grado,5,,Facultad Regional Buenos Aires,2026-05-26,,1,,1
21978,71470,24331341,Julián,Lima,M,2005-12-03,Colombiana,2020,15,0,,1,2020.0,Ingeniería Aeronáutica,Grado,5,,Facultad Regional Buenos Aires,2026-05-26,,1,,1
21981,97387,24331451,Ramiro,Ríos,M,2000-01-20,Argentina,2020,20,0,,1,2020.0,Ingeniería Aeronáutica,Grado,5,,Facultad Regional Buenos Aires,2026-05-26,,1,,1
22052,75613,24343358,Cristian,Mendoza,M,2002-07-07,Argentina,2021,19,0,,1,2021.0,Tecnicatura Universitaria En Programación,Pregrado,3,,Facultad Regional Buenos Aires,2026-05-26,,1,,1
22149,85475,24362676,Tomás,Ortega,M,2003-03-16,Argentina,2020,17,0,,1,2020.0,Ingeniería Electrónica,Grado,5,,Facultad Regional Buenos Aires,2026-05-26,,1,,1
22157,89841,24364070,Emilio,Ruiz,M,2003-01-31,Argentina,2020,17,0,,1,2020.0,Ingeniería Química,Grado,5,,Facultad Regional Buenos Aires,2026-05-26,,1,,1
22201,41803,24372070,Federico,Vega,M,2001-05-28,Argentina,2021,20,0,,1,2021.0,Tecnicatura Universitaria En Programación,Pregrado,3,,Facultad Regional Buenos Aires,2026-05-26,,1,,1
22260,110755,24382475,Patricia,Martínez,F,2004-11-02,Argentina,2020,16,0,,1,2020.0,Ingeniería Química,Grado,5,,Facultad Regional Buenos Aires,2026-05-26,,1,,1
22285,100268,24387866,Camila,Cabrera,F,2003-02-13,Argentina,2021,18,0,,1,2021.0,Tecnicatura Universitaria En Programación,Pregrado,3,,Facultad Regional Buenos Aires,2026-05-26,,1,,1
22352,17083,24399995,Claudio,Cruz,M,2007-06-30,Argentina,2020,13,0,,1,2020.0,Ingeniería Mecánica,Grado,5,,Facultad Regional Buenos Aires,2026-05-26,,1,,1
22390,85368,24407282,Santiago,Torres,M,2005-07-13,No especificado,2024,19,0,,1,2024.0,Tecnicatura Universitaria En Programación,Pregrado,3,,Facultad Regional Buenos Aires,2026-05-26,,1,,1
22449,16095,24416950,Fernando,Ramos,M,1998-02-02,Argentina,2024,26,0,,1,2024.0,Tecnicatura Universitaria En Programación,Pregrado,3,,Facultad Regional Buenos Aires,2026-05-26,,1,,1
22480,114141,24421916,Claudio,Ramírez,M,2007-05-13,Argentina,2020,13,0,,1,2020.0,Ingeniería Mecánica,Grado,5,,Facultad Regional Buenos Aires,2026-05-26,,1,,1
22502,19887,24425604,Ezequiel,Díaz,M,2003-05-14,Venezolana,2020,17,0,,1,2020.0,Ingeniería Eléctrica,Grado,5,,Facultad Regional Buenos Aires,2026-05-26,,1,,1
22523,87498,24430072,Gonzalo,Núñez,M,2005-03-31,Argentina,2020,15,0,,1,2020.0,Ingeniería Química,Grado,5,,Facultad Regional Buenos Aires,2026-05-26,,1,,1
22539,97525,24435241,Santiago,Morales,M,1996-01-01,Argentina,2020,24,0,,1,2020.0,Ingeniería Electrónica,Grado,5,,Facultad Regional Buenos Aires,2026-05-26,,1,,1
22557,100936,24438733,Agustín,Flores,M,1999-06-22,Argentina,2024,25,0,,1,2024.0,Tecnicatura Universitaria En Programación,Pregrado,3,,Facultad Regional Buenos Aires,2026-05-26,,1,,1
22667,51848,24460118,Federico,Molina,M,2002-07-26,Argentina,2020,18,0,,1,2020.0,Ingeniería Mecánica,Grado,5,,Facultad Regional Buenos Aires,2026-05-26,,1,,1
22764,103619,24480190,Lucas,Vera,M,2002-07-20,No especificado,2020,18,0,,1,2020.0,Ingeniería Eléctrica,Grado,5,,Facultad Regional Buenos Aires,2026-05-26,,1,,1
22798,16466,24487190,Tomás,Flores,M,2004-10-10,Argentina,2024,20,0,,1,2024.0,Tecnicatura Universitaria En Programación,Pregrado,3,,Facultad Regional Buenos Aires,2026-05-26,,1,,1
22805,59392,24489165,Agustín,Rodríguez,M,2005-06-30,Argentina,2020,15,0,,1,2020.0,Ingeniería Electrónica,Grado,5,,Facultad Regional Buenos Aires,2026-05-26,,1,,1
22874,37525,24504826,Diego,Díaz,M,2000-07-03,Argentina,2024,24,0,,1,2024.0,Tecnicatura Universitaria En Programación,Pregrado,3,,Facultad Regional Buenos Aires,2026-05-26,,1,,1
22888,41070,24506848,Agustín,Gómez,M,2001-06-08,Argentina,2020,19,0,,1,2020.0,Ingeniería Mecánica,Grado,5,,Facultad Regional Buenos Aires,2026-05-26,,1,,1
22964,100573,24521975,Patricia,Giménez,F,2001-11-14,Brasileña,2020,19,0,,1,2020.0,Ingeniería Química,Grado,5,,Facultad Regional Buenos Aires,2026-05-26,,1,,1
22968,52791,24522986,Gonzalo,Molina,M,1999-12-21,Argentina,2020,21,0,,1,2020.0,Ingeniería Química,Grado,5,,Facultad Regional Buenos Aires,2026-05-26,,1,,1
22993,600,24527949,Camila,Morales,F,2006-06-30,Argentina,2020,14,0,,1,2020.0,Ingeniería Aeronáutica,Grado,5,,Facultad Regional Buenos Aires,2026-05-26,,1,,1
23020,326,24533671,Valeria,Ramos,F,2005-08-04,Argentina,2020,15,0,,1,2020.0,Ingeniería Química,Grado,5,,Facultad Regional Buenos Aires,2026-05-26,,1,,1
23034,68888,24536599,Lucas,Gómez,M,2006-10-25,Argentina,2020,14,0,,1,2020.0,Ingeniería Electrónica,Grado,5,,Facultad Regional Buenos Aires,2026-05-26,,1,,1
23054,57429,24541642,Cristian,Vera,M,2003-04-10,Argentina,2020,17,0,,1,2020.0,Ingeniería Mecánica,Grado,5,,Facultad Regional Buenos Aires,2026-05-26,,1,,1
23105,50166,24553145,Gonzalo,Rodríguez,M,2000-10-14,Argentina,2020,20,0,,1,2020.0,Ingeniería Electrónica,Grado,5,,Facultad Regional Buenos Aires,2026-05-26,,1,,1
23125,54250,24559180,Iván,Díaz,M,1997-04-20,Argentina,2020,23,0,,1,2020.0,Ingeniería Mecánica,Grado,5,,Facultad Regional Buenos Aires,2026-05-26,,1,,1
23186,19386,24572058,Martín,Núñez,M,2000-01-05,Argentina,2020,20,0,,1,2020.0,Ingeniería Eléctrica,Grado,5,,Facultad Regional Buenos Aires,2026-05-26,,1,,1
23187,128575,24572091,Ramiro,Acosta,M,2003-01-24,Argentina,2020,17,0,,1,2020.0,Ingeniería Mecánica,Grado,5,,Facultad Regional Buenos Aires,2026-05-26,,1,,1
23238,68597,24585790,Sabrina,Ledesma,F,2006-04-25,Argentina,2020,14,0,,1,2020.0,Ingeniería Electrónica,Grado,5,,Facultad Regional Buenos Aires,2026-05-26,,1,,1
23247,93657,24586969,Noelia,Vargas,F,2001-03-04,Argentina,2020,19,0,,1,2020.0,Ingeniería Química,Grado,5,,Facultad Regional Buenos Aires,2026-05-26,,1,,1
23297,96270,24595223,Noelia,Cruz,F,2003-02-05,Argentina,2020,17,0,,1,2020.0,Ingeniería Electrónica,Grado,5,,Facultad Regional Buenos Aires,2026-05-26,,1,,1
23405,47772,24618660,Cristian,Cruz,M,2005-10-25,Argentina,2020,15,0,,1,2020.0,Ingeniería Electrónica,Grado,5,,Facultad Regional Buenos Aires,2026-05-26,,1,,1
23414,65283,24619826,Hernán,Gómez,M,2002-10-12,Argentina,2024,22,0,,1,2024.0,Tecnicatura Universitaria En Programación,Pregrado,3,,Facultad Regional Buenos Aires,2026-05-26,,1,,1
23448,76466,24625440,Santiago,Suárez,M,2001-04-16,Argentina,2020,19,0,,1,2020.0,Ingeniería Electrónica,Grado,5,,Facultad Regional Buenos Aires,2026-05-26,,1,,1
23461,35990,24628510,Paola,Ramírez,F,2005-11-08,Argentina,2020,15,0,,1,2020.0,Ingeniería Mecánica,Grado,5,,Facultad Regional Buenos Aires,2026-05-26,,1,,1
23593,26408,24655555,Verónica,Ramírez,F,2000-12-05,Argentina,2024,24,0,,1,2024.0,Tecnicatura Universitaria En Programación,Pregrado,3,,Facultad Regional Buenos Aires,2026-05-26,,1,,1
23614,48063,24659652,Sebastián Sebastián,Suárez,M,2001-09-06,Argentina,2024,23,0,,1,2024.0,Tecnicatura Universitaria En Programación,Pregrado,3,,Facultad Regional Buenos Aires,2026-05-26,,1,,1
23660,30298,24668908,Lucas,Ruiz,M,2000-11-22,Argentina,2020,20,0,,1,2020.0,Ingeniería Electrónica,Grado,5,,Facultad Regional Buenos Aires,2026-05-26,,1,,1
23719,42198,24679263,Leandro,Quispe,M,2003-11-01,Paraguaya,2020,17,0,,1,2020.0,Ingeniería Eléctrica,Grado,5,,Facultad Regional Buenos Aires,2026-05-26,,1,,1
23721,121766,24679827,Carolina,Ríos,F,2005-12-17,Argentina,2024,19,0,,1,2024.0,Tecnicatura Universitaria En Programación,Pregrado,3,,Facultad Regional Buenos Aires,2026-05-26,,1,,1
23775,11973,24690062,Agustín,Santos,M,2001-02-23,Brasileña,2024,23,0,,1,2024.0,Tecnicatura Universitaria En Programación,Pregrado,3,,Facultad Regional Buenos Aires,2026-05-26,,1,,1
23842,32339,24702025,Patricia,Ruiz,F,1998-07-17,Argentina,2024,26,0,,1,2024.0,Tecnicatura Universitaria En Programación,Pregrado,3,,Facultad Regional Buenos Aires,2026-05-26,,1,,1
23942,74889,24720702,Diego,García,M,1998-03-19,Argentina,2024,26,0,,1,2024.0,Tecnicatura Universitaria En Programación,Pregrado,3,,Facultad Regional Buenos Aires,2026-05-26,,1,,1
23981,113040,24726809,Natalia,Castro,F,2007-08-13,Argentina,2020,13,0,,1,2020.0,Tecnicatura Universitaria En Programación,Pregrado,3,,Facultad Regional Buenos Aires,2026-05-26,,1,,1
24013,58157,24731489,Gonzalo,Castro,M,2003-10-25,Argentina,2020,17,0,,1,2020.0,Ingeniería Mecánica,Grado,5,,Facultad Regional Buenos Aires,2026-05-26,,1,,1
24172,16015,24762865,Ezequiel,Álvarez,M,2004-07-16,Argentina,2020,16,0,,1,2020.0,Tecnicatura Universitaria En Programación,Pregrado,3,,Facultad Regional Buenos Aires,2026-05-26,,1,,1
24182,16008,24765619,Florencia,Fernández,F,2007-09-26,Argentina,2024,17,0,,1,2024.0,Tecnicatura Universitaria En Programación,Pregrado,3,,Facultad Regional Buenos Aires,2026-05-26,,1,,1
24201,3411,24768999,Claudio,Castro,M,2000-06-17,Argentina,2020,20,0,,1,2020.0,Ingeniería Aeronáutica,Grado,5,,Facultad Regional Buenos Aires,2026-05-26,,1,,1
24243,7339,24776797,Santiago,Díaz,M,2007-09-17,Argentina,2021,14,0,,1,2021.0,Tecnicatura Universitaria En Programación,Pregrado,3,,Facultad Regional Buenos Aires,2026-05-26,,1,,1
24261,92386,24780857,Alejandro,Gómez,M,2001-09-21,Argentina,2021,20,0,,1,2021.0,Tecnicatura Universitaria En Programación,Pregrado,3,,Facultad Regional Buenos Aires,2026-05-26,,1,,1
24271,54957,24782155,Claudio,Ramírez,M,2004-03-31,Argentina,2020,16,0,,1,2020.0,Ingeniería Electrónica,Grado,5,,Facultad Regional Buenos Aires,2026-05-26,,1,,1
24274,21108,24782380,Sergio Sergio,Morales,M,2001-11-29,Argentina,2020,19,0,,1,2020.0,Ingeniería Electrónica,Grado,5,,Facultad Regional Buenos Aires,2026-05-26,,1,,1
24283,122652,24784417,Rodrigo,Mendoza,M,2006-07-08,Argentina,2024,18,0,,1,2024.0,Tecnicatura Universitaria En Programación,Pregrado,3,,Facultad Regional Buenos Aires,2026-05-26,,1,,1
24285,8396,24784661,Alejandro,Romero,M,2007-12-06,Argentina,2024,17,0,,1,2024.0,Tecnicatura Universitaria En Programación,Pregrado,3,,Facultad Regional Buenos Aires,2026-05-26,,1,,1
24409,82476,24806291,Fernando,Reyes,M,2007-09-02,Argentina,2020,13,0,,1,2020.0,Ingeniería Aeronáutica,Grado,5,,Facultad Regional Buenos Aires,2026-05-26,,1,,1
24417,38928,24807389,Nicolás,Vargas,M,2007-02-19,Argentina,2020,13,0,,1,2020.0,Ingeniería Mecánica,Grado,5,,Facultad Regional Buenos Aires,2026-05-26,,1,,1
24440,1353,24812114,Alejandro,Díaz,M,2005-01-31,Argentina,2024,19,0,,1,2024.0,Tecnicatura Universitaria En Programación,Pregrado,3,,Facultad Regional Buenos Aires,2026-05-26,,1,,1
24444,97580,24813127,Pablo,Vera,M,2005-06-25,Argentina,2020,15,0,,1,2020.0,Ingeniería Química,Grado,5,,Facultad Regional Buenos Aires,2026-05-26,,1,,1
24479,100013,24819547,Federico,Reyes,M,2006-06-30,Argentina,2024,18,0,,1,2024.0,Tecnicatura Universitaria En Programación,Pregrado,3,,Facultad Regional Buenos Aires,2026-05-26,,1,,1
24496,35787,24822303,Sergio,Mendoza,M,2006-04-10,Argentina,2024,18,0,,1,2024.0,Tecnicatura Universitaria En Programación,Pregrado,3,,Facultad Regional Buenos Aires,2026-05-26,,1,,1
24520,1794,24827826,Gabriela,Molina,F,2005-10-31,Argentina,2020,15,0,,1,2020.0,Tecnicatura Universitaria En Programación,Pregrado,3,,Facultad Regional Buenos Aires,2026-05-26,,1,,1
24546,41226,24834474,Santiago,Cruz,M,2004-09-21,Argentina,2024,20,0,,1,2024.0,Tecnicatura Universitaria En Programación,Pregrado,3,,Facultad Regional Buenos Aires,2026-05-26,,1,,1
24577,73941,24840314,Mariana,Vera,F,2004-09-23,Argentina,2020,16,0,,1,2020.0,Tecnicatura Universitaria En Programación,Pregrado,3,,Facultad Regional Buenos Aires,2026-05-26,,1,,1
24592,125897,24843832,Cecilia,Ríos,F,2007-04-17,Argentina,2024,17,0,,1,2024.0,Tecnicatura Universitaria En Programación,Pregrado,3,,Facultad Regional Buenos Aires,2026-05-26,,1,,1
24657,67380,24858086,Iván,Suárez,M,2005-01-01,Argentina,2020,15,0,,1,2020.0,Ingeniería Mecánica,Grado,5,,Facultad Regional Buenos Aires,2026-05-26,,1,,1
24872,96320,24895023,Facundo,Núñez,M,1997-09-18,Argentina,2024,27,0,,1,2024.0,Tecnicatura Universitaria En Programación,Pregrado,3,,Facultad Regional Buenos Aires,2026-05-26,,1,,1
24924,80084,24908701,Pablo,Vera,M,2002-05-25,Argentina,2024,22,0,,1,2024.0,Tecnicatura Universitaria En Programación,Pregrado,3,,Facultad Regional Buenos Aires,2026-05-26,,1,,1
25009,27245,24925735,Fernando,Álvarez,M,2007-01-04,Argentina,2020,13,0,,1,2020.0,Ingeniería Aeronáutica,Grado,5,,Facultad Regional Buenos Aires,2026-05-26,,1,,1
25094,21115,24941424,Camila,Martínez,F,2005-07-26,Argentina,2024,19,0,,1,2024.0,Tecnicatura Universitaria En Programación,Pregrado,3,,Facultad Regional Buenos Aires,2026-05-26,,1,,1
25121,3345,24949342,Ignacio,Acosta,M,1996-01-29,Argentina,2020,24,0,,1,2020.0,Tecnicatura Universitaria En Programación,Pregrado,3,,Facultad Regional Buenos Aires,2026-05-26,,1,,1
25142,65456,24955395,Ignacio,Ramos,M,2001-01-01,Argentina,2020,19,0,,1,2020.0,Ingeniería Electrónica,Grado,5,,Facultad Regional Buenos Aires,2026-05-26,,1,,1
25224,129543,24970632,Federico,Cabrera,M,2007-01-01,Argentina,2020,13,0,,1,2020.0,Ingeniería Eléctrica,Grado,5,,Facultad Regional Buenos Aires,2026-05-26,,1,,1
25319,41545,24990632,Daniela,Castro,F,2004-06-22,Argentina,2020,16,0,,1,2020.0,Ingeniería Química,Grado,5,,Facultad Regional Buenos Aires,2026-05-26,,1,,1
25436,64418,25015048,Rodrigo,Ojeda,M,2003-08-27,Argentina,2020,17,0,,1,2020.0,Ingeniería Mecánica,Grado,5,,Facultad Regional Buenos Aires,2026-05-26,,1,,1
25535,46762,25033967,Federico,Cruz,M,2003-09-14,Argentina,2024,21,0,,1,2024.0,Tecnicatura Universitaria En Programación,Pregrado,3,,Facultad Regional Buenos Aires,2026-05-26,,1,,1
25539,32035,25034512,Ignacio,Santos,M,2001-11-14,Venezolana,2020,19,0,,1,2020.0,Ingeniería Aeronáutica,Grado,5,,Facultad Regional Buenos Aires,2026-05-26,,1,,1
25584,42255,25043465,Iván,Cruz,M,2002-05-21,Argentina,2020,18,0,,1,2020.0,Ingeniería Electrónica,Grado,5,,Facultad Regional Buenos Aires,2026-05-26,,1,,1
25759,54534,25074640,Sebastián,González,M,2002-11-02,Argentina,2020,18,0,,1,2020.0,Ingeniería Eléctrica,Grado,5,,Facultad Regional Buenos Aires,2026-05-26,,1,,1
25883,21386,25096825,Julián,Romero,M,2002-01-26,Argentina,2020,18,0,,1,2020.0,Ingeniería Química,Grado,5,,Facultad Regional Buenos Aires,2026-05-26,,1,,1
25907,39341,25100718,Gastón,Souza,M,2002-07-26,Venezolana,2020,18,0,,1,2020.0,Ingeniería Electrónica,Grado,5,,Facultad Regional Buenos Aires,2026-05-26,,1,,1
25926,110096,25104619,Damián,Peralta,M,2002-03-06,Argentina,2020,18,0,,1,2020.0,Ingeniería Mecánica,Grado,5,,Facultad Regional Buenos Aires,2026-05-26,,1,,1
25983,65486,25115184,Sergio,Castro,M,1998-09-29,Argentina,2020,22,0,,1,2020.0,Ingeniería Mecánica,Grado,5,,Facultad Regional Buenos Aires,2026-05-26,,1,,1
26018,36710,25121500,Diego,Ríos,M,2002-04-10,Argentina,2020,18,0,,1,2020.0,Ingeniería Mecánica,Grado,5,,Facultad Regional Buenos Aires,2026-05-26,,1,,1
26040,106696,25125381,Tomás,Oliveira,M,1999-06-14,Paraguaya,2020,21,0,,1,2020.0,Ingeniería Aeronáutica,Grado,5,,Facultad Regional Buenos Aires,2026-05-26,,1,,1
26041,2688,25125443,Tomás,Peralta,M,2006-02-10,Argentina,2020,14,0,,1,2020.0,Ingeniería Mecánica,Grado,5,,Facultad Regional Buenos Aires,2026-05-26,,1,,1
26063,112157,25130081,Damián,González,M,2004-06-14,Argentina,2021,17,0,,1,2021.0,Tecnicatura Universitaria En Programación,Pregrado,3,,Facultad Regional Buenos Aires,2026-05-26,,1,,1
26274,34126,25173200,Sergio,Lima,M,2003-01-28,Peruana,2020,17,0,,1,2020.0,Tecnicatura Universitaria En Programación,Pregrado,3,,Facultad Regional Buenos Aires,2026-05-26,,1,,1
26343,125805,25185645,Lucas,López,M,2007-11-30,Argentina,2024,17,0,,1,2024.0,Tecnicatura Universitaria En Programación,Pregrado,3,,Facultad Regional Buenos Aires,2026-05-26,,1,,1
26363,23641,25189390,Fernando,Ruiz,M,2007-01-07,Argentina,2024,17,0,,1,2024.0,Tecnicatura Universitaria En Programación,Pregrado,3,,Facultad Regional Buenos Aires,2026-05-26,,1,,1
26460,77985,25208048,Rodrigo,González,M,2001-10-17,Argentina,2020,19,0,,1,2020.0,Ingeniería Electrónica,Grado,5,,Facultad Regional Buenos Aires,2026-05-26,,1,,1
26478,72538,25211093,Matías,López,M,2003-10-14,Argentina,2020,17,0,,1,2020.0,Ingeniería Electrónica,Grado,5,,Facultad Regional Buenos Aires,2026-05-26,,1,,1
26487,96334,25212979,Agustín,Álvarez,M,2006-10-22,Argentina,2020,14,0,,1,2020.0,Ingeniería Aeronáutica,Grado,5,,Facultad Regional Buenos Aires,2026-05-26,,1,,1
26491,117480,25213563,Hernán,Carrizo,M,2005-06-30,Argentina,2020,15,0,,1,2020.0,Tecnicatura Universitaria En Programación,Pregrado,3,,Facultad Regional Buenos Aires,2026-05-26,,1,,1
26504,38208,25215306,Rodrigo,Flores,M,2004-01-31,Argentina,2024,20,0,,1,2024.0,Tecnicatura Universitaria En Programación,Pregrado,3,,Facultad Regional Buenos Aires,2026-05-26,,1,,1
26510,60199,25217089,Martín,Fuentes,M,2002-12-09,Colombiana,2020,18,0,,1,2020.0,Ingeniería Mecánica,Grado,5,,Facultad Regional Buenos Aires,2026-05-26,,1,,1
26561,40338,25225569,Natalia,Vega,F,2005-05-15,Argentina,2024,19,0,,1,2024.0,Tecnicatura Universitaria En Programación,Pregrado,3,,Facultad Regional Buenos Aires,2026-05-26,,1,,1
26575,63622,25227807,Fernando,Castro,M,2005-10-22,Argentina,2024,19,0,,1,2024.0,Tecnicatura Universitaria En Programación,Pregrado,3,,Facultad Regional Buenos Aires,2026-05-26,,1,,1
26634,76833,25238909,Florencia,Acosta,F,1999-09-05,Argentina,2024,25,0,,1,2024.0,Tecnicatura Universitaria En Programación,Pregrado,3,,Facultad Regional Buenos Aires,2026-05-26,,1,,1
26635,52321,25239326,Rodrigo Rodrigo,Ríos,M,2007-06-22,Argentina,2024,17,0,,1,2024.0,Tecnicatura Universitaria En Programación,Pregrado,3,,Facultad Regional Buenos Aires,2026-05-26,,1,,1
26652,123184,25242625,Gonzalo,Molina,M,1999-04-04,Argentina,2020,21,0,,1,2020.0,Ingeniería Electrónica,Grado,5,,Facultad Regional Buenos Aires,2026-05-26,,1,,1
26682,92615,25246773,Ezequiel,González,M,2001-05-18,Argentina,2020,19,0,,1,2020.0,Ingeniería Química,Grado,5,,Facultad Regional Buenos Aires,2026-05-26,,1,,1
26698,80038,25248893,Fernando,Fernández,M,2001-12-23,Argentina,2020,19,0,,1,2020.0,Ingeniería Eléctrica,Grado,5,,Facultad Regional Buenos Aires,2026-05-26,,1,,1
26713,46136,25251643,Cristian,Morales,M,1999-03-04,Argentina,2020,21,0,,1,2020.0,Ingeniería Electrónica,Grado,5,,Facultad Regional Buenos Aires,2026-05-26,,1,,1
26762,106040,25262178,Diego,Cabrera,M,2001-09-28,Argentina,2020,19,0,,1,2020.0,Ingeniería Química,Grado,5,,Facultad Regional Buenos Aires,2026-05-26,,1,,1
26893,5216,25290385,Facundo,Díaz,M,2003-10-14,Argentina,2020,17,0,,1,2020.0,Tecnicatura Universitaria En Programación,Pregrado,3,,Facultad Regional Buenos Aires,2026-05-26,,1,,1
26923,90892,25294422,Pablo Pablo,Pérez,M,2001-05-29,Argentina,2024,23,0,,1,2024.0,Tecnicatura Universitaria En Programación,Pregrado,3,,Facultad Regional Buenos Aires,2026-05-26,,1,,1
26940,98428,25296977,Julián,Ortega,M,1999-11-26,Argentina,2020,21,0,,1,2020.0,Ingeniería Eléctrica,Grado,5,,Facultad Regional Buenos Aires,2026-05-26,,1,,1
26953,36097,25297888,Facundo,Rojas,M,2001-10-30,Argentina,2020,19,0,,1,2020.0,Ingeniería Mecánica,Grado,5,,Facultad Regional Buenos Aires,2026-05-26,,1,,1
26957,69900,25298578,Ramiro,Huanca,M,2003-02-09,Boliviana,2020,17,0,,1,2020.0,Ingeniería Electrónica,Grado,5,,Facultad Regional Buenos Aires,2026-05-26,,1,,1
26990,26938,25306500,Maximiliano,Peralta,M,2001-03-13,Argentina,2020,19,0,,1,2020.0,Ingeniería Eléctrica,Grado,5,,Facultad Regional Buenos Aires,2026-05-26,,1,,1
26999,27336,25308370,Agustín,Lima,M,2001-03-05,Peruana,2020,19,0,,1,2020.0,Tecnicatura Universitaria En Programación,Pregrado,3,,Facultad Regional Buenos Aires,2026-05-26,,1,,1
27035,10505,25316351,Ignacio,García,M,2000-07-22,Argentina,2020,20,0,,1,2020.0,Ingeniería Electrónica,Grado,5,,Facultad Regional Buenos Aires,2026-05-26,,1,,1
27050,19466,25320034,Agustín,Huanca,M,2005-12-05,Venezolana,2020,15,0,,1,2020.0,Ingeniería Electrónica,Grado,5,,Facultad Regional Buenos Aires,2026-05-26,,1,,1
27061,59681,25322451,Rodrigo,Rodríguez,M,2007-01-01,Argentina,2020,13,0,,1,2020.0,Ingeniería Eléctrica,Grado,5,,Facultad Regional Buenos Aires,2026-05-26,,1,,1
27097,124074,25328407,Agustín Agustín,Álvarez,M,2001-08-07,Argentina,2021,20,0,,1,2021.0,Tecnicatura Universitaria En Programación,Pregrado,3,,Facultad Regional Buenos Aires,2026-05-26,,1,,1
27110,2331,25332945,Julián,Rodríguez,M,2002-05-18,Argentina,2020,18,0,,1,2020.0,Ingeniería Electrónica,Grado,5,,Facultad Regional Buenos Aires,2026-05-26,,1,,1
27115,56670,25333968,Gastón,Ríos,M,2003-03-11,Argentina,2024,21,0,,1,2024.0,Tecnicatura Universitaria En Programación,Pregrado,3,,Facultad Regional Buenos Aires,2026-05-26,,1,,1
27116,69353,25334133,Rodrigo,Santos,M,2007-11-01,Peruana,2020,13,0,,1,2020.0,Ingeniería Electrónica,Grado,5,,Facultad Regional Buenos Aires,2026-05-26,,1,,1
27134,89948,25338673,Laura,Torres,F,2006-08-14,Argentina,2024,18,0,,1,2024.0,Tecnicatura Universitaria En Programación,Pregrado,3,,Facultad Regional Buenos Aires,2026-05-26,,1,,1
27183,115438,25348386,Gastón,Vega,M,2007-08-28,Argentina,2024,17,0,,1,2024.0,Tecnicatura Universitaria En Programación,Pregrado,3,,Facultad Regional Buenos Aires,2026-05-26,,1,,1
27234,21901,25358754,Iván,Fuentes,M,1996-11-11,Chilena,2020,24,0,,1,2020.0,Tecnicatura Universitaria En Programación,Pregrado,3,,Facultad Regional Buenos Aires,2026-05-26,,1,,1
27398,45806,25391442,Sabrina,Silva,F,2005-06-24,Chilena,2020,15,0,,1,2020.0,Tecnicatura Universitaria En Programación,Pregrado,3,,Facultad Regional Buenos Aires,2026-05-26,,1,,1
27417,91960,25395524,Hernán,Rodríguez,M,2004-10-05,Argentina,2024,20,0,,1,2024.0,Tecnicatura Universitaria En Programación,Pregrado,3,,Facultad Regional Buenos Aires,2026-05-26,,1,,1
27436,42445,25398819,Cristian,Ledesma,M,2002-11-12,No especificado,2020,18,0,,1,2020.0,Ingeniería Mecánica,Grado,5,,Facultad Regional Buenos Aires,2026-05-26,,1,,1
27440,112917,25399240,Tomás,González,M,2005-05-29,Argentina,2020,15,0,,1,2020.0,Tecnicatura Universitaria En Programación,Pregrado,3,,Facultad Regional Buenos Aires,2026-05-26,,1,,1
27485,79005,25406628,Claudio,Moreno,M,2001-11-09,Argentina,2020,19,0,,1,2020.0,Ingeniería Mecánica,Grado,5,,Facultad Regional Buenos Aires,2026-05-26,,1,,1
27527,66703,25415311,Maximiliano,Moreno,M,2001-04-28,Argentina,2024,23,0,,1,2024.0,Tecnicatura Universitaria En Programación,Pregrado,3,,Facultad Regional Buenos Aires,2026-05-26,,1,,1
27528,26039,25416236,Agustín,Romero,M,2005-09-22,Argentina,2020,15,0,,1,2020.0,Ingeniería Electrónica,Grado,5,,Facultad Regional Buenos Aires,2026-05-26,,1,,1
27563,77050,25422999,Paola,Ramírez,F,1999-03-30,Argentina,2024,25,0,,1,2024.0,Tecnicatura Universitaria En Programación,Pregrado,3,,Facultad Regional Buenos Aires,2026-05-26,,1,,1
27635,107419,25436440,Federico,Carrizo,M,2007-11-03,Argentina,2020,13,0,,1,2020.0,Ingeniería Electrónica,Grado,5,,Facultad Regional Buenos Aires,2026-05-26,,1,,1
27648,2094,25439297,Pablo,Díaz,M,2007-04-07,Argentina,2020,13,0,,1,2020.0,Ingeniería Eléctrica,Grado,5,,Facultad Regional Buenos Aires,2026-05-26,,1,,1
27775,87175,25467699,Claudia,Santos,F,2005-04-28,No especificado,2021,16,0,,1,2021.0,Tecnicatura Universitaria En Programación,Pregrado,3,,Facultad Regional Buenos Aires,2026-05-26,,1,,1
27830,14538,25477548,Natalia Natalia,Ruiz,F,2001-09-18,Argentina,2021,20,0,,1,2021.0,Tecnicatura Universitaria En Programación,Pregrado,3,,Facultad Regional Buenos Aires,2026-05-26,,1,,1
27875,123478,25487127,Claudio,Castro,M,2006-09-25,Argentina,2020,14,0,,1,2020.0,Ingeniería Electrónica,Grado,5,,Facultad Regional Buenos Aires,2026-05-26,,1,,1
27881,31131,25488397,Santiago,Álvarez,M,2003-06-22,Argentina,2020,17,0,,1,2020.0,Ingeniería Electrónica,Grado,5,,Facultad Regional Buenos Aires,2026-05-26,,1,,1
27970,109185,25508572,Romina,Rodríguez,F,2003-09-21,Argentina,2020,17,0,,1,2020.0,Tecnicatura Universitaria En Programación,Pregrado,3,,Facultad Regional Buenos Aires,2026-05-26,,1,,1
28084,23564,25530438,Facundo,Sánchez,M,2005-06-19,Argentina,2020,15,0,,1,2020.0,Tecnicatura Universitaria En Programación,Pregrado,3,,Facultad Regional Buenos Aires,2026-05-26,,1,,1
28158,105358,25544368,Ramiro,García,M,2006-01-08,Argentina,2024,18,0,,1,2024.0,Tecnicatura Universitaria En Programación,Pregrado,3,,Facultad Regional Buenos Aires,2026-05-26,,1,,1
28327,63386,25576938,Nicolás,Villalba,M,2001-03-20,Brasileña,2020,19,0,,1,2020.0,Ingeniería Electrónica,Grado,5,,Facultad Regional Buenos Aires,2026-05-26,,1,,1
28334,25576,25578036,Santiago,Reyes,M,2005-07-10,Argentina,2024,19,0,,1,2024.0,Tecnicatura Universitaria En Programación,Pregrado,3,,Facultad Regional Buenos Aires,2026-05-26,,1,,1
28425,66433,25598237,Ignacio,González,M,2002-09-24,Argentina,2021,19,0,,1,2021.0,Tecnicatura Universitaria En Programación,Pregrado,3,,Facultad Regional Buenos Aires,2026-05-26,,1,,1
28477,78001,25607849,Julián,Oliveira,M,2005-04-14,Peruana,2020,15,0,,1,2020.0,Ingeniería Electrónica,Grado,5,,Facultad Regional Buenos Aires,2026-05-26,,1,,1
28529,87414,25618051,Mariela,Bogado,F,2003-02-27,Paraguaya,2024,21,0,,1,2024.0,Tecnicatura Universitaria En Programación,Pregrado,3,,Facultad Regional Buenos Aires,2026-05-26,,1,,1
28544,43681,25621260,Facundo,Santos,M,1998-01-01,Venezolana,2020,22,0,,1,2020.0,Ingeniería Electrónica,Grado,5,,Facultad Regional Buenos Aires,2026-05-26,,1,,1
28575,115204,25629642,Alejandra,González,F,2007-01-27,Argentina,2021,14,0,,1,2021.0,Tecnicatura Universitaria En Programación,Pregrado,3,,Facultad Regional Buenos Aires,2026-05-26,,1,,1
28607,119633,25636753,Sebastián,Flores,M,2003-09-06,Argentina,2021,18,0,,1,2021.0,Tecnicatura Universitaria En Programación,Pregrado,3,,Facultad Regional Buenos Aires,2026-05-26,,1,,1
28634,102944,25642588,Ignacio,Acosta,M,2007-01-13,Argentina,2024,17,0,,1,2024.0,Tecnicatura Universitaria En Programación,Pregrado,3,,Facultad Regional Buenos Aires,2026-05-26,,1,,1
28742,115452,25665265,Damián,López,M,2001-10-25,Argentina,2020,19,0,,1,2020.0,Ingeniería Electrónica,Grado,5,,Facultad Regional Buenos Aires,2026-05-26,,1,,1
28824,81945,25680657,Iván,Peralta,M,2005-07-03,Argentina,2024,19,0,,1,2024.0,Tecnicatura Universitaria En Programación,Pregrado,3,,Facultad Regional Buenos Aires,2026-05-26,,1,,1
28881,114084,25692415,Sabrina,López,F,2007-11-06,Argentina,2024,17,0,,1,2024.0,Tecnicatura Universitaria En Programación,Pregrado,3,,Facultad Regional Buenos Aires,2026-05-26,,1,,1
28884,129003,25692786,Lucas,Condori,M,2003-10-20,Brasileña,2020,17,0,,1,2020.0,Tecnicatura Universitaria En Programación,Pregrado,3,,Facultad Regional Buenos Aires,2026-05-26,,1,,1
28888,17363,25693332,Valeria,Apaza,F,2000-06-13,Uruguaya,2020,20,0,,1,2020.0,Ingeniería Electrónica,Grado,5,,Facultad Regional Buenos Aires,2026-05-26,,1,,1
28954,37234,25704997,Santiago,Medina,M,2000-08-27,Argentina,2020,20,0,,1,2020.0,Tecnicatura Universitaria En Programación,Pregrado,3,,Facultad Regional Buenos Aires,2026-05-26,,1,,1
28963,79527,25706578,Cristian,Suárez,M,2002-10-12,Argentina,2024,22,0,,1,2024.0,Tecnicatura Universitaria En Programación,Pregrado,3,,Facultad Regional Buenos Aires,2026-05-26,,1,,1
28974,63886,25708202,Sergio,Ortega,M,2001-12-01,Argentina,2020,19,0,,1,2020.0,Ingeniería Electrónica,Grado,5,,Facultad Regional Buenos Aires,2026-05-26,,1,,1
29024,115833,25719004,Gastón,Acosta,M,2002-03-04,Argentina,2020,18,0,,1,2020.0,Ingeniería Química,Grado,5,,Facultad Regional Buenos Aires,2026-05-26,,1,,1
29033,105410,25720552,Sebastián,Ramos,M,2002-05-25,Argentina,2020,18,0,,1,2020.0,Ingeniería Mecánica,Grado,5,,Facultad Regional Buenos Aires,2026-05-26,,1,,1
29088,26120,25732027,Ignacio,Herrera,M,2005-11-18,Argentina,2020,15,0,,1,2020.0,Tecnicatura Universitaria En Programación,Pregrado,3,,Facultad Regional Buenos Aires,2026-05-26,,1,,1
29117,103040,25738028,Cristian,Suárez,M,2007-06-25,Argentina,2020,13,0,,1,2020.0,Ingeniería Mecánica,Grado,5,,Facultad Regional Buenos Aires,2026-05-26,,1,,1
29157,57274,25744693,Silvina,Bogado,F,2001-10-12,No especificado,2024,23,0,,1,2024.0,Tecnicatura Universitaria En Programación,Pregrado,3,,Facultad Regional Buenos Aires,2026-05-26,,1,,1
29221,64960,25755942,Sergio,Oliveira,M,2007-12-09,Boliviana,2020,13,0,,1,2020.0,Ingeniería Mecánica,Grado,5,,Facultad Regional Buenos Aires,2026-05-26,,1,,1
29225,50732,25757105,Ramiro,Flores,M,2005-10-06,Argentina,2020,15,0,,1,2020.0,Ingeniería Mecánica,Grado,5,,Facultad Regional Buenos Aires,2026-05-26,,1,,1
29293,74691,25772181,Martín,Ramos,M,2003-01-01,Argentina,2024,21,0,,1,2024.0,Tecnicatura Universitaria En Programación,Pregrado,3,,Facultad Regional Buenos Aires,2026-05-26,,1,,1
29450,16957,25805414,Ramiro,Oliveira,M,2000-11-01,Peruana,2020,20,0,,1,2020.0,Ingeniería Electrónica,Grado,5,,Facultad Regional Buenos Aires,2026-05-26,,1,,1
29455,52507,25806217,Daniela,Ledesma,F,2006-03-12,Argentina,2020,14,0,,1,2020.0,Ingeniería Electrónica,Grado,5,,Facultad Regional Buenos Aires,2026-05-26,,1,,1
29480,81148,25810217,Gastón,Castro,M,2005-12-16,Argentina,2020,15,0,,1,2020.0,Ingeniería Mecánica,Grado,5,,Facultad Regional Buenos Aires,2026-05-26,,1,,1
29512,41960,25815844,Sofía Sofía,Cruz,F,2004-12-27,Argentina,2021,17,0,,1,2021.0,Tecnicatura Universitaria En Programación,Pregrado,3,,Facultad Regional Buenos Aires,2026-05-26,,1,,1
29800,118922,25871633,Pablo,Flores,M,2002-11-05,Argentina,2024,22,0,,1,2024.0,Tecnicatura Universitaria En Programación,Pregrado,3,,Facultad Regional Buenos Aires,2026-05-26,,1,,1
29810,62784,25873215,Martín,Ramos,M,1998-09-30,Argentina,2020,22,0,,1,2020.0,Tecnicatura Universitaria En Programación,Pregrado,3,,Facultad Regional Buenos Aires,2026-05-26,,1,,1
29878,23586,25888919,Emilio,Álvarez,M,2005-03-26,Argentina,2020,15,0,,1,2020.0,Ingeniería Mecánica,Grado,5,,Facultad Regional Buenos Aires,2026-05-26,,1,,1
29961,39154,25906187,Damián,Fernández,M,2002-12-01,Argentina,2020,18,0,,1,2020.0,Ingeniería Electrónica,Grado,5,,Facultad Regional Buenos Aires,2026-05-26,,1,,1
29970,358,25908177,Ezequiel,Carrizo,M,2006-10-06,Argentina,2021,15,0,,1,2021.0,Tecnicatura Universitaria En Programación,Pregrado,3,,Facultad Regional Buenos Aires,2026-05-26,,1,,1
30018,30370,25916402,Lucas,Núñez,M,1998-01-23,Argentina,2024,26,0,,1,2024.0,Tecnicatura Universitaria En Programación,Pregrado,3,,Facultad Regional Buenos Aires,2026-05-26,,1,,1
30045,91233,25921625,Iván,Suárez,M,1999-07-29,No especificado,2020,21,0,,1,2020.0,Tecnicatura Universitaria En Programación,Pregrado,3,,Facultad Regional Buenos Aires,2026-05-26,,1,,1
30074,60596,25928161,Iván,Pereira,M,2007-01-24,Boliviana,2020,13,0,,1,2020.0,Ingeniería Electrónica,Grado,5,,Facultad Regional Buenos Aires,2026-05-26,,1,,1
30119,105763,25935427,Nicolás,Ramos,M,2003-05-29,Argentina,2020,17,0,,1,2020.0,Ingeniería Mecánica,Grado,5,,Facultad Regional Buenos Aires,2026-05-26,,1,,1
30121,104930,25936199,Rodrigo,Condori,M,2005-01-01,Peruana,2024,19,0,,1,2024.0,Tecnicatura Universitaria En Programación,Pregrado,3,,Facultad Regional Buenos Aires,2026-05-26,,1,,1
30177,7545,25947292,Alejandra,Molina,F,2001-08-14,Argentina,2021,20,0,,1,2021.0,Tecnicatura Universitaria En Programación,Pregrado,3,,Facultad Regional Buenos Aires,2026-05-26,,1,,1
30224,120915,25955373,Federico,Reyes,M,1999-11-15,Argentina,2024,25,0,,1,2024.0,Tecnicatura Universitaria En Programación,Pregrado,3,,Facultad Regional Buenos Aires,2026-05-26,,1,,1
30226,51259,25955566,Santiago,González,M,2002-07-04,Argentina,2020,18,0,,1,2020.0,Ingeniería Eléctrica,Grado,5,,Facultad Regional Buenos Aires,2026-05-26,,1,,1
30228,91355,25955620,Facundo,Núñez,M,2007-01-03,Argentina,2020,13,0,,1,2020.0,Ingeniería Electrónica,Grado,5,,Facultad Regional Buenos Aires,2026-05-26,,1,,1
30318,45064,25970329,Diego,Quispe,M,2001-01-01,Venezolana,2020,19,0,,1,2020.0,Ingeniería Eléctrica,Grado,5,,Facultad Regional Buenos Aires,2026-05-26,,1,,1
30328,71395,25972908,Lucas,Vargas,M,2007-06-12,Argentina,2021,14,0,,1,2021.0,Tecnicatura Universitaria En Programación,Pregrado,3,,Facultad Regional Buenos Aires,2026-05-26,,1,,1
30333,58063,25974128,Hernán,Gómez,M,2006-03-05,Argentina,2020,14,0,,1,2020.0,Tecnicatura Universitaria En Programación,Pregrado,3,,Facultad Regional Buenos Aires,2026-05-26,,1,,1
30360,48387,25978060,Lucas Lucas,Vega,M,2004-08-30,Argentina,2024,20,0,,1,2024.0,Tecnicatura Universitaria En Programación,Pregrado,3,,Facultad Regional Buenos Aires,2026-05-26,,1,,1
30367,118672,25979391,Ezequiel,Santos,M,2007-10-29,Brasileña,2020,13,0,,1,2020.0,Ingeniería Mecánica,Grado,5,,Facultad Regional Buenos Aires,2026-05-26,,1,,1
30393,94444,25985382,Noelia,Villalba,F,1998-03-27,Paraguaya,2020,22,0,,1,2020.0,Ingeniería Electrónica,Grado,5,,Facultad Regional Buenos Aires,2026-05-26,,1,,1
30401,42080,25987451,Rodrigo,Moreno,M,1995-05-13,Argentina,2020,25,0,,1,2020.0,Ingeniería Mecánica,Grado,5,,Facultad Regional Buenos Aires,2026-05-26,,1,,1
30415,94833,25990451,Patricia,Vera,F,2004-02-15,Argentina,2024,20,0,,1,2024.0,Tecnicatura Universitaria En Programación,Pregrado,3,,Facultad Regional Buenos Aires,2026-05-26,,1,,1
30426,91909,25994096,Maximiliano,Mendoza,M,2007-01-01,Argentina,2020,13,0,,1,2020.0,Tecnicatura Universitaria En Programación,Pregrado,3,,Facultad Regional Buenos Aires,2026-05-26,,1,,1
30454,84010,26001898,Florencia,Medina,F,2004-02-16,Argentina,2020,16,0,,1,2020.0,Ingeniería Electrónica,Grado,5,,Facultad Regional Buenos Aires,2026-05-26,,1,,1
30486,84015,26009753,Iván,Rojas,M,2006-07-12,Argentina,2021,15,0,,1,2021.0,Tecnicatura Universitaria En Programación,Pregrado,3,,Facultad Regional Buenos Aires,2026-05-26,,1,,1
30487,7738,26009808,Sergio,Suárez,M,2004-11-09,Argentina,2020,16,0,,1,2020.0,Tecnicatura Universitaria En Programación,Pregrado,3,,Facultad Regional Buenos Aires,2026-05-26,,1,,1
30580,117378,26027099,Damián,Núñez,M,2005-01-01,Argentina,2021,16,0,,1,2021.0,Tecnicatura Universitaria En Programación,Pregrado,3,,Facultad Regional Buenos Aires,2026-05-26,,1,,1
30585,100259,26028626,Ezequiel,Ojeda,M,2004-02-17,Argentina,2024,20,0,,1,2024.0,Tecnicatura Universitaria En Programación,Pregrado,3,,Facultad Regional Buenos Aires,2026-05-26,,1,,1
30637,66764,26038919,Rodrigo,Cruz,M,2006-10-29,Argentina,2020,14,0,,1,2020.0,Ingeniería Mecánica,Grado,5,,Facultad Regional Buenos Aires,2026-05-26,,1,,1
30742,14418,26059149,Tomás,Vargas,M,2001-01-31,Argentina,2020,19,0,,1,2020.0,Ingeniería Aeronáutica,Grado,5,,Facultad Regional Buenos Aires,2026-05-26,,1,,1
30744,128929,26059198,Tomás,Cabrera,M,2006-01-01,Argentina,2021,15,0,,1,2021.0,Tecnicatura Universitaria En Programación,Pregrado,3,,Facultad Regional Buenos Aires,2026-05-26,,1,,1
30885,123050,26087686,Damián,Peralta,M,2007-06-27,Argentina,2020,13,0,,1,2020.0,Ingeniería Electrónica,Grado,5,,Facultad Regional Buenos Aires,2026-05-26,,1,,1
30897,27262,26090193,Diego,Giménez,M,2001-07-07,Brasileña,2024,23,0,,1,2024.0,Tecnicatura Universitaria En Programación,Pregrado,3,,Facultad Regional Buenos Aires,2026-05-26,,1,,1
30900,128282,26090566,Valeria,Ríos,F,2001-03-06,Argentina,2020,19,0,,1,2020.0,Ingeniería Mecánica,Grado,5,,Facultad Regional Buenos Aires,2026-05-26,,1,,1
30930,58944,26096899,Gonzalo Gonzalo,González,M,2003-02-28,Argentina,2024,21,0,,1,2024.0,Tecnicatura Universitaria En Programación,Pregrado,3,,Facultad Regional Buenos Aires,2026-05-26,,1,,1
30981,21211,26106827,Lucas,Molina,M,2002-12-25,Argentina,2024,22,0,,1,2024.0,Tecnicatura Universitaria En Programación,Pregrado,3,,Facultad Regional Buenos Aires,2026-05-26,,1,,1
30998,3731,26111535,Matías,Souza,M,2000-07-12,Paraguaya,2020,20,0,,1,2020.0,Ingeniería Mecánica,Grado,5,,Facultad Regional Buenos Aires,2026-05-26,,1,,1
31039,59603,26120214,Gonzalo,Suárez,M,2006-12-28,Argentina,2021,15,0,,1,2021.0,Tecnicatura Universitaria En Programación,Pregrado,3,,Facultad Regional Buenos Aires,2026-05-26,,1,,1
31116,105172,26135548,Claudia,Vargas,F,2006-04-07,Argentina,2020,14,0,,1,2020.0,Ingeniería Mecánica,Grado,5,,Facultad Regional Buenos Aires,2026-05-26,,1,,1
31133,54127,26139187,Ezequiel,Torres,M,2002-11-04,Argentina,2020,18,0,,1,2020.0,Tecnicatura Universitaria En Programación,Pregrado,3,,Facultad Regional Buenos Aires,2026-05-26,,1,,1
31139,52334,26140375,Cristian,Ruiz,M,1999-12-07,Argentina,2020,21,0,,1,2020.0,Ingeniería Eléctrica,Grado,5,,Facultad Regional Buenos Aires,2026-05-26,,1,,1
31167,10846,26146576,Fernando,Ramos,M,2001-04-07,Argentina,2020,19,0,,1,2020.0,Ingeniería Eléctrica,Grado,5,,Facultad Regional Buenos Aires,2026-05-26,,1,,1
31179,63066,26148772,Patricia,Martínez,F,1998-04-07,Argentina,2024,26,0,,1,2024.0,Tecnicatura Universitaria En Programación,Pregrado,3,,Facultad Regional Buenos Aires,2026-05-26,,1,,1
31195,51375,26152679,Julián,Medina,M,2000-02-17,Argentina,2024,24,0,,1,2024.0,Tecnicatura Universitaria En Programación,Pregrado,3,,Facultad Regional Buenos Aires,2026-05-26,,1,,1
31311,23551,26178481,Sabrina,Souza,F,2006-09-19,Paraguaya,2024,18,0,,1,2024.0,Tecnicatura Universitaria En Programación,Pregrado,3,,Facultad Regional Buenos Aires,2026-05-26,,1,,1
31317,58048,26180809,Martín,Souza,M,2004-08-14,Uruguaya,2020,16,0,,1,2020.0,Ingeniería Aeronáutica,Grado,5,,Facultad Regional Buenos Aires,2026-05-26,,1,,1
31321,113432,26181652,Damián,Reyes,M,2006-08-10,Argentina,2024,18,0,,1,2024.0,Tecnicatura Universitaria En Programación,Pregrado,3,,Facultad Regional Buenos Aires,2026-05-26,,1,,1
31354,119012,26187912,Sabrina,Apaza,F,2003-08-10,Brasileña,2020,17,0,,1,2020.0,Tecnicatura Universitaria En Programación,Pregrado,3,,Facultad Regional Buenos Aires,2026-05-26,,1,,1
31406,7979,26198076,Sergio,García,M,2007-11-05,Argentina,2020,13,0,,1,2020.0,Ingeniería Química,Grado,5,,Facultad Regional Buenos Aires,2026-05-26,,1,,1
31426,105876,26200886,Hernán,Álvarez,M,2000-05-13,Argentina,2021,21,0,,1,2021.0,Tecnicatura Universitaria En Programación,Pregrado,3,,Facultad Regional Buenos Aires,2026-05-26,,1,,1
31440,17641,26204439,Micaela,García,F,2006-08-01,Argentina,2020,14,0,,1,2020.0,Ingeniería Electrónica,Grado,5,,Facultad Regional Buenos Aires,2026-05-26,,1,,1
31460,6827,26208042,Diego,Flores,M,1998-02-12,Argentina,2020,22,0,,1,2020.0,Ingeniería Mecánica,Grado,5,,Facultad Regional Buenos Aires,2026-05-26,,1,,1
31596,29799,26232003,Gonzalo,Pérez,M,1999-10-06,Argentina,2020,21,0,,1,2020.0,Tecnicatura Universitaria En Programación,Pregrado,3,,Facultad Regional Buenos Aires,2026-05-26,,1,,1
31603,30285,26233554,Nicolás,Díaz,M,2001-01-20,Colombiana,2020,19,0,,1,2020.0,Tecnicatura Universitaria En Programación,Pregrado,3,,Facultad Regional Buenos Aires,2026-05-26,,1,,1
31605,104208,26233928,Pablo,Romero,M,2002-05-04,Argentina,2020,18,0,,1,2020.0,Ingeniería Mecánica,Grado,5,,Facultad Regional Buenos Aires,2026-05-26,,1,,1
31656,125414,26241987,Fernando,Ríos,M,2001-05-01,Argentina,2020,19,0,,1,2020.0,Ingeniería Mecánica,Grado,5,,Facultad Regional Buenos Aires,2026-05-26,,1,,1
31697,111736,26248909,Vanesa,Acosta,F,1999-02-06,Argentina,2024,25,0,,1,2024.0,Tecnicatura Universitaria En Programación,Pregrado,3,,Facultad Regional Buenos Aires,2026-05-26,,1,,1
31702,106441,26249559,Diego,Vega,M,1999-12-07,Argentina,2020,21,0,,1,2020.0,Ingeniería Mecánica,Grado,5,,Facultad Regional Buenos Aires,2026-05-26,,1,,1
31802,10327,26272884,Lucas,Vargas,M,2004-02-27,Argentina,2020,16,0,,1,2020.0,Ingeniería Química,Grado,5,,Facultad Regional Buenos Aires,2026-05-26,,1,,1
31826,39566,26276525,Cristian,Sánchez,M,2001-04-21,Argentina,2020,19,0,,1,2020.0,Ingeniería Electrónica,Grado,5,,Facultad Regional Buenos Aires,2026-05-26,,1,,1
31843,77096,26279596,Cecilia,Ruiz,F,2000-08-31,Argentina,2024,24,0,,1,2024.0,Tecnicatura Universitaria En Programación,Pregrado,3,,Facultad Regional Buenos Aires,2026-05-26,,1,,1
31914,75037,26293734,Patricia,Vega,F,2001-04-27,Argentina,2020,19,0,,1,2020.0,Ingeniería Mecánica,Grado,5,,Facultad Regional Buenos Aires,2026-05-26,,1,,1
32016,120955,26310388,Rodrigo,Gómez,M,2004-05-14,Argentina,2024,20,0,,1,2024.0,Tecnicatura Universitaria En Programación,Pregrado,3,,Facultad Regional Buenos Aires,2026-05-26,,1,,1
32027,36317,26312205,Claudio,Carrizo,M,1999-12-04,Argentina,2020,21,0,,1,2020.0,Tecnicatura Universitaria En Programación,Pregrado,3,,Facultad Regional Buenos Aires,2026-05-26,,1,,1
32058,54561,26318229,Noelia,Herrera,F,2006-01-01,Argentina,2020,14,0,,1,2020.0,Ingeniería Eléctrica,Grado,5,,Facultad Regional Buenos Aires,2026-05-26,,1,,1
32064,88381,26319543,Lucas,Vega,M,2002-06-01,Argentina,2024,22,0,,1,2024.0,Tecnicatura Universitaria En Programación,Pregrado,3,,Facultad Regional Buenos Aires,2026-05-26,,1,,1
32074,106408,26321200,Emilio,Giménez,M,2007-02-03,Chilena,2024,17,0,,1,2024.0,Tecnicatura Universitaria En Programación,Pregrado,3,,Facultad Regional Buenos Aires,2026-05-26,,1,,1
32227,28363,26349122,Julián,Suárez,M,2002-03-18,Argentina,2020,18,0,,1,2020.0,Ingeniería Electrónica,Grado,5,,Facultad Regional Buenos Aires,2026-05-26,,1,,1
32258,95835,26356434,Gonzalo,García,M,2007-12-01,Argentina,2020,13,0,,1,2020.0,Ingeniería Electrónica,Grado,5,,Facultad Regional Buenos Aires,2026-05-26,,1,,1
32291,99530,26363512,Florencia,Ojeda,F,2007-11-15,Argentina,2021,14,0,,1,2021.0,Tecnicatura Universitaria En Programación,Pregrado,3,,Facultad Regional Buenos Aires,2026-05-26,,1,,1
32325,66876,26370013,Hernán,Quispe,M,2001-06-23,Brasileña,2020,19,0,,1,2020.0,Ingeniería Química,Grado,5,,Facultad Regional Buenos Aires,2026-05-26,,1,,1
32338,69197,26373289,Paola,Fernández,F,2003-11-13,Argentina,2024,21,0,,1,2024.0,Tecnicatura Universitaria En Programación,Pregrado,3,,Facultad Regional Buenos Aires,2026-05-26,,1,,1
32352,95343,26376285,Leandro,Vega,M,2004-02-19,Argentina,2020,16,0,,1,2020.0,Ingeniería Electrónica,Grado,5,,Facultad Regional Buenos Aires,2026-05-26,,1,,1
32426,115389,26394409,Laura,Cabrera,F,2005-01-28,Argentina,2020,15,0,,1,2020.0,Ingeniería Aeronáutica,Grado,5,,Facultad Regional Buenos Aires,2026-05-26,,1,,1
32429,89418,26394716,Soledad,Cabrera,F,2000-04-30,No especificado,2024,24,0,,1,2024.0,Tecnicatura Universitaria En Programación,Pregrado,3,,Facultad Regional Buenos Aires,2026-05-26,,1,,1
32449,19492,26398080,Rodrigo,Herrera,M,2002-09-24,Argentina,2020,18,0,,1,2020.0,Ingeniería Química,Grado,5,,Facultad Regional Buenos Aires,2026-05-26,,1,,1
32564,90689,26419095,Gonzalo,Sánchez,M,1999-07-01,Argentina,2020,21,0,,1,2020.0,Ingeniería Electrónica,Grado,5,,Facultad Regional Buenos Aires,2026-05-26,,1,,1
32576,53642,26421339,Sergio,Gómez,M,2007-03-27,Argentina,2020,13,0,,1,2020.0,Ingeniería Mecánica,Grado,5,,Facultad Regional Buenos Aires,2026-05-26,,1,,1
32621,28140,26431269,Gastón,Ruiz,M,2000-08-20,Argentina,2024,24,0,,1,2024.0,Tecnicatura Universitaria En Programación,Pregrado,3,,Facultad Regional Buenos Aires,2026-05-26,,1,,1
32625,71872,26432397,Gastón,Medina,M,2003-04-03,Argentina,2024,21,0,,1,2024.0,Tecnicatura Universitaria En Programación,Pregrado,3,,Facultad Regional Buenos Aires,2026-05-26,,1,,1
32674,48621,26442802,Sebastián,Oliveira,M,2002-04-26,Venezolana,2024,22,0,,1,2024.0,Tecnicatura Universitaria En Programación,Pregrado,3,,Facultad Regional Buenos Aires,2026-05-26,,1,,1
32676,111441,26443572,Tomás,Santos,M,2004-05-09,Peruana,2024,20,0,,1,2024.0,Tecnicatura Universitaria En Programación,Pregrado,3,,Facultad Regional Buenos Aires,2026-05-26,,1,,1
32740,29052,26455315,Pablo,Martínez,M,2004-04-29,Argentina,2020,16,0,,1,2020.0,Ingeniería Aeronáutica,Grado,5,,Facultad Regional Buenos Aires,2026-05-26,,1,,1
32784,123586,26464988,Sebastián,Pérez,M,2007-11-09,Argentina,2020,13,0,,1,2020.0,Ingeniería Química,Grado,5,,Facultad Regional Buenos Aires,2026-05-26,,1,,1
32813,55350,26471830,Nicolás,Mendoza,M,1997-11-06,Argentina,2020,23,0,,1,2020.0,Ingeniería Eléctrica,Grado,5,,Facultad Regional Buenos Aires,2026-05-26,,1,,1
32887,70682,26487259,Sebastián,Reyes,M,2007-06-28,Argentina,2020,13,0,,1,2020.0,Ingeniería Electrónica,Grado,5,,Facultad Regional Buenos Aires,2026-05-26,,1,,1
32961,98866,26504512,Matías,Mendoza,M,2006-01-04,Argentina,2020,14,0,,1,2020.0,Ingeniería Aeronáutica,Grado,5,,Facultad Regional Buenos Aires,2026-05-26,,1,,1
33060,18727,26525909,Natalia,Ríos,F,2004-11-30,Argentina,2024,20,0,,1,2024.0,Tecnicatura Universitaria En Programación,Pregrado,3,,Facultad Regional Buenos Aires,2026-05-26,,1,,1
33175,31697,26548299,Gonzalo,Herrera,M,2007-01-02,Argentina,2024,17,0,,1,2024.0,Tecnicatura Universitaria En Programación,Pregrado,3,,Facultad Regional Buenos Aires,2026-05-26,,1,,1
33207,50299,26554843,Alejandro,Flores,M,2004-09-08,Argentina,2021,17,0,,1,2021.0,Tecnicatura Universitaria En Programación,Pregrado,3,,Facultad Regional Buenos Aires,2026-05-26,,1,,1
33245,35823,26563783,Laura,Muñoz,F,2002-03-29,Boliviana,2024,22,0,,1,2024.0,Tecnicatura Universitaria En Programación,Pregrado,3,,Facultad Regional Buenos Aires,2026-05-26,,1,,1
33252,93604,26564767,Damián,Suárez,M,2004-11-30,Argentina,2024,20,0,,1,2024.0,Tecnicatura Universitaria En Programación,Pregrado,3,,Facultad Regional Buenos Aires,2026-05-26,,1,,1
33299,122547,26571391,Damián,Romero,M,2002-06-28,Argentina,2021,19,0,,1,2021.0,Tecnicatura Universitaria En Programación,Pregrado,3,,Facultad Regional Buenos Aires,2026-05-26,,1,,1
33326,50729,26577771,Federico,Morales,M,1997-07-07,Argentina,2020,23,0,,1,2020.0,Ingeniería Eléctrica,Grado,5,,Facultad Regional Buenos Aires,2026-05-26,,1,,1
33378,117613,26588521,Florencia,Torres,F,2007-06-23,Argentina,2021,14,0,,1,2021.0,Tecnicatura Universitaria En Programación,Pregrado,3,,Facultad Regional Buenos Aires,2026-05-26,,1,,1
33435,35032,26600385,Martín,Moreno,M,2006-07-12,Argentina,2024,18,0,,1,2024.0,Tecnicatura Universitaria En Programación,Pregrado,3,,Facultad Regional Buenos Aires,2026-05-26,,1,,1
33473,45752,26606938,Alejandro,Ríos,M,2002-12-02,Argentina,2024,22,0,,1,2024.0,Tecnicatura Universitaria En Programación,Pregrado,3,,Facultad Regional Buenos Aires,2026-05-26,,1,,1
33479,37362,26607846,Matías,Díaz,M,2002-05-22,Argentina,2020,18,0,,1,2020.0,Ingeniería Química,Grado,5,,Facultad Regional Buenos Aires,2026-05-26,,1,,1
33517,5646,26614231,Emilio,Flores,M,2002-05-01,Argentina,2021,19,0,,1,2021.0,Tecnicatura Universitaria En Programación,Pregrado,3,,Facultad Regional Buenos Aires,2026-05-26,,1,,1
33549,34171,26619390,Ramiro,Pérez,M,2006-08-20,Argentina,2020,14,0,,1,2020.0,Tecnicatura Universitaria En Programación,Pregrado,3,,Facultad Regional Buenos Aires,2026-05-26,,1,,1
33554,100604,26619679,Iván,Souza,M,2003-06-02,Chilena,2020,17,0,,1,2020.0,Tecnicatura Universitaria En Programación,Pregrado,3,,Facultad Regional Buenos Aires,2026-05-26,,1,,1
33619,114471,26631729,Facundo,Carrizo,M,2002-01-02,Argentina,2020,18,0,,1,2020.0,Ingeniería Química,Grado,5,,Facultad Regional Buenos Aires,2026-05-26,,1,,1
33620,63377,26631946,Sofía,Herrera,F,2004-11-16,Argentina,2024,20,0,,1,2024.0,Tecnicatura Universitaria En Programación,Pregrado,3,,Facultad Regional Buenos Aires,2026-05-26,,1,,1
33651,123450,26637468,Ignacio,Fuentes,M,2005-10-22,Paraguaya,2020,15,0,,1,2020.0,Ingeniería Eléctrica,Grado,5,,Facultad Regional Buenos Aires,2026-05-26,,1,,1
33681,56371,26643149,Hernán,Medina,M,2001-02-02,Argentina,2024,23,0,,1,2024.0,Tecnicatura Universitaria En Programación,Pregrado,3,,Facultad Regional Buenos Aires,2026-05-26,,1,,1
33696,48183,26645957,Facundo,Mendoza,M,2001-08-31,Argentina,2024,23,0,,1,2024.0,Tecnicatura Universitaria En Programación,Pregrado,3,,Facultad Regional Buenos Aires,2026-05-26,,1,,1
33794,112901,26665347,Gonzalo,Flores,M,1998-10-27,Argentina,2024,26,0,,1,2024.0,Tecnicatura Universitaria En Programación,Pregrado,3,,Facultad Regional Buenos Aires,2026-05-26,,1,,1
33851,92744,26678702,Iván,García,M,2003-09-18,Argentina,2024,21,0,,1,2024.0,Tecnicatura Universitaria En Programación,Pregrado,3,,Facultad Regional Buenos Aires,2026-05-26,,1,,1
33867,109497,26682121,Emilio,Ruiz,M,2006-11-04,Argentina,2020,14,0,,1,2020.0,Ingeniería Mecánica,Grado,5,,Facultad Regional Buenos Aires,2026-05-26,,1,,1
33882,47593,26686082,Martín,Ortega,M,2005-05-09,Argentina,2024,19,0,,1,2024.0,Tecnicatura Universitaria En Programación,Pregrado,3,,Facultad Regional Buenos Aires,2026-05-26,,1,,1
33911,38616,26692083,Mariana,Villalba,F,2005-12-29,Chilena,2021,16,0,,1,2021.0,Tecnicatura Universitaria En Programación,Pregrado,3,,Facultad Regional Buenos Aires,2026-05-26,,1,,1
33940,97152,26701310,Damián,Vera,M,2002-08-05,Argentina,2020,18,0,,1,2020.0,Ingeniería Mecánica,Grado,5,,Facultad Regional Buenos Aires,2026-05-26,,1,,1
33947,14818,26702370,Paola,Castro,F,2005-05-05,Argentina,2021,16,0,,1,2021.0,Tecnicatura Universitaria En Programación,Pregrado,3,,Facultad Regional Buenos Aires,2026-05-26,,1,,1
34054,103240,26723776,Carolina Carolina,Castro,F,2005-09-22,Argentina,2020,15,0,,1,2020.0,Tecnicatura Universitaria En Programación,Pregrado,3,,Facultad Regional Buenos Aires,2026-05-26,,1,,1
34073,83483,26727414,Ignacio Ignacio,Ojeda,M,2003-01-01,Argentina,2020,17,0,,1,2020.0,Ingeniería Mecánica,Grado,5,,Facultad Regional Buenos Aires,2026-05-26,,1,,1
34207,33931,26754227,Vanesa,Ojeda,F,2004-12-09,Argentina,2024,20,0,,1,2024.0,Tecnicatura Universitaria En Programación,Pregrado,3,,Facultad Regional Buenos Aires,2026-05-26,,1,,1
34234,33156,26760138,Hernán,Ledesma,M,2006-02-04,Argentina,2020,14,0,,1,2020.0,Ingeniería Mecánica,Grado,5,,Facultad Regional Buenos Aires,2026-05-26,,1,,1
34280,104311,26769103,Martín,Molina,M,2007-08-02,Argentina,2020,13,0,,1,2020.0,Ingeniería Electrónica,Grado,5,,Facultad Regional Buenos Aires,2026-05-26,,1,,1
34291,128497,26771334,Hernán,Pérez,M,2008-01-03,Argentina,2020,12,0,,1,2020.0,Ingeniería Mecánica,Grado,5,,Facultad Regional Buenos Aires,2026-05-26,,1,,1
34305,25487,26775382,Sergio,García,M,1998-04-16,Argentina,2020,22,0,,1,2020.0,Ingeniería Eléctrica,Grado,5,,Facultad Regional Buenos Aires,2026-05-26,,1,,1
34347,115376,26784721,Nicolás,Vega,M,2007-08-16,Argentina,2020,13,0,,1,2020.0,Ingeniería Electrónica,Grado,5,,Facultad Regional Buenos Aires,2026-05-26,,1,,1
34412,129963,26798085,Ignacio,Gómez,M,2001-09-15,Argentina,2024,23,0,,1,2024.0,Tecnicatura Universitaria En Programación,Pregrado,3,,Facultad Regional Buenos Aires,2026-05-26,,1,,1
34413,46215,26798229,Martín,Santos,M,2001-12-27,Brasileña,2020,19,0,,1,2020.0,Ingeniería Eléctrica,Grado,5,,Facultad Regional Buenos Aires,2026-05-26,,1,,1
34455,78949,26805863,Julián,Gómez,M,2002-08-22,Argentina,2020,18,0,,1,2020.0,Ingeniería Electrónica,Grado,5,,Facultad Regional Buenos Aires,2026-05-26,,1,,1
34471,18593,26808344,Rodrigo Rodrigo,Ojeda,M,2004-09-19,No especificado,2020,16,0,,1,2020.0,Ingeniería Electrónica,Grado,5,,Facultad Regional Buenos Aires,2026-05-26,,1,,1
34528,87204,26818738,Sebastián,Muñoz,M,2007-01-27,Paraguaya,2020,13,0,,1,2020.0,Ingeniería Electrónica,Grado,5,,Facultad Regional Buenos Aires,2026-05-26,,1,,1
34565,55169,26826924,Ezequiel,Suárez,M,1994-11-20,Argentina,2024,30,0,,1,2024.0,Tecnicatura Universitaria En Programación,Pregrado,3,,Facultad Regional Buenos Aires,2026-05-26,,1,,1
34631,68553,26837503,Sofía,Acosta,F,2001-03-20,Argentina,2020,19,0,,1,2020.0,Ingeniería Química,Grado,5,,Facultad Regional Buenos Aires,2026-05-26,,1,,1
34677,107294,26847240,Cecilia,Flores,F,2004-07-04,Argentina,2020,16,0,,1,2020.0,Ingeniería Electrónica,Grado,5,,Facultad Regional Buenos Aires,2026-05-26,,1,,1
34725,101240,26858935,Gonzalo,Carrizo,M,1999-01-19,Argentina,2020,21,0,,1,2020.0,Ingeniería Mecánica,Grado,5,,Facultad Regional Buenos Aires,2026-05-26,,1,,1
34734,110064,26860405,Hernán,Vargas,M,2006-03-17,Argentina,2020,14,0,,1,2020.0,Tecnicatura Universitaria En Programación,Pregrado,3,,Facultad Regional Buenos Aires,2026-05-26,,1,,1
34797,48421,26875066,Camila,Ríos,F,2007-10-28,Argentina,2024,17,0,,1,2024.0,Tecnicatura Universitaria En Programación,Pregrado,3,,Facultad Regional Buenos Aires,2026-05-26,,1,,1
34802,45775,26875920,Facundo,Álvarez,M,1997-03-24,Argentina,2020,23,0,,1,2020.0,Tecnicatura Universitaria En Programación,Pregrado,3,,Facultad Regional Buenos Aires,2026-05-26,,1,,1
34846,34281,26882991,Gastón,Gómez,M,2003-10-21,Argentina,2020,17,0,,1,2020.0,Ingeniería Electrónica,Grado,5,,Facultad Regional Buenos Aires,2026-05-26,,1,,1
34884,18171,26888989,Ignacio,Cabrera,M,2004-10-25,Argentina,2020,16,0,,1,2020.0,Ingeniería Química,Grado,5,,Facultad Regional Buenos Aires,2026-05-26,,1,,1
34896,46933,26891568,Hernán,Cruz,M,2003-12-13,Argentina,2020,17,0,,1,2020.0,Ingeniería Mecánica,Grado,5,,Facultad Regional Buenos Aires,2026-05-26,,1,,1
34908,116259,26893176,Maximiliano,Ojeda,M,1999-01-19,Argentina,2020,21,0,,1,2020.0,Tecnicatura Universitaria En Programación,Pregrado,3,,Facultad Regional Buenos Aires,2026-05-26,,1,,1
34923,22821,26895531,Emilio,Mendoza,M,2005-11-29,Argentina,2021,16,0,,1,2021.0,Tecnicatura Universitaria En Programación,Pregrado,3,,Facultad Regional Buenos Aires,2026-05-26,,1,,1
35079,64683,26927396,Ramiro,Castro,M,2002-10-06,Argentina,2024,22,0,,1,2024.0,Tecnicatura Universitaria En Programación,Pregrado,3,,Facultad Regional Buenos Aires,2026-05-26,,1,,1
35086,85201,26928331,Iván,Moreno,M,2004-03-09,Argentina,2020,16,0,,1,2020.0,Tecnicatura Universitaria En Programación,Pregrado,3,,Facultad Regional Buenos Aires,2026-05-26,,1,,1
35141,205,26938339,Damián,Ruiz,M,2004-09-04,Argentina,2024,20,0,,1,2024.0,Tecnicatura Universitaria En Programación,Pregrado,3,,Facultad Regional Buenos Aires,2026-05-26,,1,,1
35148,34315,26939132,Ramiro,Flores,M,2003-07-11,Argentina,2020,17,0,,1,2020.0,Tecnicatura Universitaria En Programación,Pregrado,3,,Facultad Regional Buenos Aires,2026-05-26,,1,,1
35201,40054,26951027,Julián,Pérez,M,2003-12-19,Argentina,2024,21,0,,1,2024.0,Tecnicatura Universitaria En Programación,Pregrado,3,,Facultad Regional Buenos Aires,2026-05-26,,1,,1
35227,97482,26956600,Fernando,Rojas,M,2003-10-19,Argentina,2020,17,0,,1,2020.0,Ingeniería Aeronáutica,Grado,5,,Facultad Regional Buenos Aires,2026-05-26,,1,,1
35246,75160,26960965,Sebastián,Pérez,M,1997-02-03,Argentina,2020,23,0,,1,2020.0,Ingeniería Mecánica,Grado,5,,Facultad Regional Buenos Aires,2026-05-26,,1,,1
35374,13461,26985952,Iván,Vega,M,2003-06-16,Argentina,2020,17,0,,1,2020.0,Ingeniería Mecánica,Grado,5,,Facultad Regional Buenos Aires,2026-05-26,,1,,1
35395,108440,26990738,Martín,Vera,M,2001-03-09,Argentina,2020,19,0,,1,2020.0,Tecnicatura Universitaria En Programación,Pregrado,3,,Facultad Regional Buenos Aires,2026-05-26,,1,,1
35424,83339,26997350,Damián,Lima,M,2003-08-26,Chilena,2020,17,0,,1,2020.0,Ingeniería Química,Grado,5,,Facultad Regional Buenos Aires,2026-05-26,,1,,1
35443,100444,27000524,Jimena,Vera,F,2006-11-20,Argentina,2021,15,0,,1,2021.0,Tecnicatura Universitaria En Programación,Pregrado,3,,Facultad Regional Buenos Aires,2026-05-26,,1,,1
35492,37774,27013179,Santiago,Morales,M,2007-10-12,Argentina,2020,13,0,,1,2020.0,Ingeniería Química,Grado,5,,Facultad Regional Buenos Aires,2026-05-26,,1,,1
35511,33619,27017126,Alejandro,Giménez,M,2001-01-19,Boliviana,2024,23,0,,1,2024.0,Tecnicatura Universitaria En Programación,Pregrado,3,,Facultad Regional Buenos Aires,2026-05-26,,1,,1
35542,111925,27022823,Maximiliano,Flores,M,1998-07-25,Argentina,2020,22,0,,1,2020.0,Ingeniería Mecánica,Grado,5,,Facultad Regional Buenos Aires,2026-05-26,,1,,1
35618,62003,27039533,Martín,Vera,M,2005-08-02,Argentina,2020,15,0,,1,2020.0,Ingeniería Electrónica,Grado,5,,Facultad Regional Buenos Aires,2026-05-26,,1,,1
35700,109432,27054139,Diego Diego,Gómez,M,1998-06-29,Argentina,2020,22,0,,1,2020.0,Ingeniería Mecánica,Grado,5,,Facultad Regional Buenos Aires,2026-05-26,,1,,1
35707,123987,27056181,Damián,Vargas,M,2004-04-17,Argentina,2024,20,0,,1,2024.0,Tecnicatura Universitaria En Programación,Pregrado,3,,Facultad Regional Buenos Aires,2026-05-26,,1,,1
35791,128906,27073025,Maximiliano,Morales,M,2007-05-21,Argentina,2020,13,0,,1,2020.0,Ingeniería Mecánica,Grado,5,,Facultad Regional Buenos Aires,2026-05-26,,1,,1
35830,91721,27080579,Tomás,Martínez,M,2003-09-18,Argentina,2020,17,0,,1,2020.0,Tecnicatura Universitaria En Programación,Pregrado,3,,Facultad Regional Buenos Aires,2026-05-26,,1,,1
35866,61848,27087954,Ezequiel,Ramos,M,2001-12-20,Argentina,2020,19,0,,1,2020.0,Ingeniería Mecánica,Grado,5,,Facultad Regional Buenos Aires,2026-05-26,,1,,1
35913,90710,27098377,Gastón,Souza,M,2005-12-15,Brasileña,2024,19,0,,1,2024.0,Tecnicatura Universitaria En Programación,Pregrado,3,,Facultad Regional Buenos Aires,2026-05-26,,1,,1
36021,37631,27119538,Sebastián,Morales,M,2000-02-27,Argentina,2024,24,0,,1,2024.0,Tecnicatura Universitaria En Programación,Pregrado,3,,Facultad Regional Buenos Aires,2026-05-26,,1,,1
36051,24790,27124445,Ignacio,Ríos,M,2002-02-24,Argentina,2024,22,0,,1,2024.0,Tecnicatura Universitaria En Programación,Pregrado,3,,Facultad Regional Buenos Aires,2026-05-26,,1,,1
36078,41958,27129483,Sebastián,Romero,M,2002-04-23,Argentina,2020,18,0,,1,2020.0,Ingeniería Eléctrica,Grado,5,,Facultad Regional Buenos Aires,2026-05-26,,1,,1
36188,100252,27150576,Cristian,Vega,M,1998-12-11,Argentina,2020,22,0,,1,2020.0,Ingeniería Mecánica,Grado,5,,Facultad Regional Buenos Aires,2026-05-26,,1,,1
36279,22367,27166028,Mariela,Díaz,F,2001-03-24,Argentina,2020,19,0,,1,2020.0,Ingeniería Química,Grado,5,,Facultad Regional Buenos Aires,2026-05-26,,1,,1
36331,126223,27177531,Silvina,Álvarez,F,2000-12-07,Argentina,2020,20,0,,1,2020.0,Ingeniería Electrónica,Grado,5,,Facultad Regional Buenos Aires,2026-05-26,,1,,1
36450,4218,27201398,Martín Martín,Gómez,M,2000-06-13,Argentina,2020,20,0,,1,2020.0,Ingeniería Mecánica,Grado,5,,Facultad Regional Buenos Aires,2026-05-26,,1,,1
36466,79020,27204259,Daniela,Suárez,F,2005-01-19,Argentina,2024,19,0,,1,2024.0,Tecnicatura Universitaria En Programación,Pregrado,3,,Facultad Regional Buenos Aires,2026-05-26,,1,,1
36583,102308,27230084,Tomás Tomás,Carrizo,M,2005-03-11,Argentina,2020,15,0,,1,2020.0,Tecnicatura Universitaria En Programación,Pregrado,3,,Facultad Regional Buenos Aires,2026-05-26,,1,,1
36594,126396,27232828,Jimena,Ruiz,F,2001-08-27,Argentina,2024,23,0,,1,2024.0,Tecnicatura Universitaria En Programación,Pregrado,3,,Facultad Regional Buenos Aires,2026-05-26,,1,,1
36656,4230,27242018,Matías,López,M,2004-11-06,Argentina,2021,17,0,,1,2021.0,Tecnicatura Universitaria En Programación,Pregrado,3,,Facultad Regional Buenos Aires,2026-05-26,,1,,1
36701,8577,27249936,Ezequiel,Vega,M,2006-02-24,Argentina,2020,14,0,,1,2020.0,Tecnicatura Universitaria En Programación,Pregrado,3,,Facultad Regional Buenos Aires,2026-05-26,,1,,1
36803,70454,27269719,Verónica,Molina,F,2007-01-08,Argentina,2020,13,0,,1,2020.0,Ingeniería Química,Grado,5,,Facultad Regional Buenos Aires,2026-05-26,,1,,1
36808,113800,27270896,Emilio,Mamani,M,2005-06-28,Colombiana,2020,15,0,,1,2020.0,Ingeniería Electrónica,Grado,5,,Facultad Regional Buenos Aires,2026-05-26,,1,,1
36824,26038,27274450,Tomás,Flores,M,2002-09-16,Argentina,2020,18,0,,1,2020.0,Ingeniería Electrónica,Grado,5,,Facultad Regional Buenos Aires,2026-05-26,,1,,1
36845,25919,27279372,Sabrina,Fernández,F,2002-10-23,Argentina,2020,18,0,,1,2020.0,Tecnicatura Universitaria En Programación,Pregrado,3,,Facultad Regional Buenos Aires,2026-05-26,,1,,1
36912,51454,27291190,Ramiro,Souza,M,2007-07-25,Boliviana,2024,17,0,,1,2024.0,Tecnicatura Universitaria En Programación,Pregrado,3,,Facultad Regional Buenos Aires,2026-05-26,,1,,1
36975,68243,27304813,Ezequiel,Gómez,M,2001-07-04,Argentina,2020,19,0,,1,2020.0,Ingeniería Mecánica,Grado,5,,Facultad Regional Buenos Aires,2026-05-26,,1,,1
37040,61851,27316923,Ignacio,Ríos,M,2006-03-08,Argentina,2024,18,0,,1,2024.0,Tecnicatura Universitaria En Programación,Pregrado,3,,Facultad Regional Buenos Aires,2026-05-26,,1,,1
37085,82621,27325559,Emilio,Álvarez,M,2007-10-04,Argentina,2021,14,0,,1,2021.0,Tecnicatura Universitaria En Programación,Pregrado,3,,Facultad Regional Buenos Aires,2026-05-26,,1,,1
37112,20698,27330068,Federico,Cruz,M,2004-05-29,Argentina,2024,20,0,,1,2024.0,Tecnicatura Universitaria En Programación,Pregrado,3,,Facultad Regional Buenos Aires,2026-05-26,,1,,1
37146,83367,27336357,Julián,Oliveira,M,1998-06-12,No especificado,2020,22,0,,1,2020.0,Tecnicatura Universitaria En Programación,Pregrado,3,,Facultad Regional Buenos Aires,2026-05-26,,1,,1
37159,26804,27337890,Nicolás,Molina,M,1999-07-10,Argentina,2020,21,0,,1,2020.0,Ingeniería Electrónica,Grado,5,,Facultad Regional Buenos Aires,2026-05-26,,1,,1
37189,59127,27343113,Santiago,Herrera,M,2007-09-29,Argentina,2020,13,0,,1,2020.0,Ingeniería Mecánica,Grado,5,,Facultad Regional Buenos Aires,2026-05-26,,1,,1
37209,107366,27347890,Ezequiel,Pérez,M,2006-05-26,Argentina,2024,18,0,,1,2024.0,Tecnicatura Universitaria En Programación,Pregrado,3,,Facultad Regional Buenos Aires,2026-05-26,,1,,1
37265,71160,27358613,Ezequiel,Vera,M,2004-03-26,No especificado,2020,16,0,,1,2020.0,Ingeniería Eléctrica,Grado,5,,Facultad Regional Buenos Aires,2026-05-26,,1,,1
37322,62356,27368834,Claudio,Gómez,M,2005-07-02,Argentina,2021,16,0,,1,2021.0,Tecnicatura Universitaria En Programación,Pregrado,3,,Facultad Regional Buenos Aires,2026-05-26,,1,,1
37375,63582,27377804,Santiago,González,M,1998-11-25,Argentina,2024,26,0,,1,2024.0,Tecnicatura Universitaria En Programación,Pregrado,3,,Facultad Regional Buenos Aires,2026-05-26,,1,,1
37414,102680,27386390,Rodrigo,Ramírez,M,2003-05-21,Argentina,2020,17,0,,1,2020.0,Tecnicatura Universitaria En Programación,Pregrado,3,,Facultad Regional Buenos Aires,2026-05-26,,1,,1
37615,61855,27431222,Jimena,Martínez,F,2002-07-22,Argentina,2024,22,0,,1,2024.0,Tecnicatura Universitaria En Programación,Pregrado,3,,Facultad Regional Buenos Aires,2026-05-26,,1,,1
37642,13965,27434460,Matías,Núñez,M,2005-12-05,Argentina,2024,19,0,,1,2024.0,Tecnicatura Universitaria En Programación,Pregrado,3,,Facultad Regional Buenos Aires,2026-05-26,,1,,1
37645,54104,27434835,Patricia,Villalba,F,2003-02-19,Colombiana,2020,17,0,,1,2020.0,Ingeniería Electrónica,Grado,5,,Facultad Regional Buenos Aires,2026-05-26,,1,,1
37660,97380,27437949,Paola,Herrera,F,2003-11-29,Argentina,2020,17,0,,1,2020.0,Ingeniería Mecánica,Grado,5,,Facultad Regional Buenos Aires,2026-05-26,,1,,1
37662,81256,27438259,Diego,Gómez,M,2003-02-20,Argentina,2024,21,0,,1,2024.0,Tecnicatura Universitaria En Programación,Pregrado,3,,Facultad Regional Buenos Aires,2026-05-26,,1,,1
37719,21099,27449740,Laura,Medina,F,2001-06-20,Argentina,2020,19,0,,1,2020.0,Ingeniería Eléctrica,Grado,5,,Facultad Regional Buenos Aires,2026-05-26,,1,,1
37778,29105,27460094,Matías,Rodríguez,M,2007-04-23,Argentina,2020,13,0,,1,2020.0,Tecnicatura Universitaria En Programación,Pregrado,3,,Facultad Regional Buenos Aires,2026-05-26,,1,,1
37782,24121,27461330,Lucas,Rojas,M,2005-09-24,Argentina,2020,15,0,,1,2020.0,Tecnicatura Universitaria En Programación,Pregrado,3,,Facultad Regional Buenos Aires,2026-05-26,,1,,1
37796,13451,27464648,Tomás,Díaz,M,2005-07-20,Boliviana,2020,15,0,,1,2020.0,Ingeniería Electrónica,Grado,5,,Facultad Regional Buenos Aires,2026-05-26,,1,,1
37803,24377,27465440,Emilio,Moreno,M,2004-06-26,Argentina,2024,20,0,,1,2024.0,Tecnicatura Universitaria En Programación,Pregrado,3,,Facultad Regional Buenos Aires,2026-05-26,,1,,1
37814,109180,27467142,Rodrigo,González,M,2004-10-10,Argentina,2020,16,0,,1,2020.0,Ingeniería Aeronáutica,Grado,5,,Facultad Regional Buenos Aires,2026-05-26,,1,,1
37826,47986,27469755,Sergio Sergio,Ortega,M,2002-05-26,Argentina,2020,18,0,,1,2020.0,Ingeniería Electrónica,Grado,5,,Facultad Regional Buenos Aires,2026-05-26,,1,,1
37829,89738,27470063,Alejandro Alejandro,Moreno,M,2002-09-22,Argentina,2020,18,0,,1,2020.0,Ingeniería Electrónica,Grado,5,,Facultad Regional Buenos Aires,2026-05-26,,1,,1
37842,69739,27474330,Claudia,Lima,F,2003-07-08,Brasileña,2020,17,0,,1,2020.0,Ingeniería Química,Grado,5,,Facultad Regional Buenos Aires,2026-05-26,,1,,1
37848,118101,27475482,Martín,Martínez,M,2003-06-09,Argentina,2020,17,0,,1,2020.0,Ingeniería Mecánica,Grado,5,,Facultad Regional Buenos Aires,2026-05-26,,1,,1
37976,68174,27496923,Iván,Vargas,M,2005-10-19,Argentina,2020,15,0,,1,2020.0,Ingeniería Eléctrica,Grado,5,,Facultad Regional Buenos Aires,2026-05-26,,1,,1
38054,3889,27512390,Maximiliano,Torres,M,2004-09-26,Argentina,2020,16,0,,1,2020.0,Ingeniería Electrónica,Grado,5,,Facultad Regional Buenos Aires,2026-05-26,,1,,1
38124,88131,27525836,Maximiliano,Rojas,M,2004-11-08,Argentina,2020,16,0,,1,2020.0,Ingeniería Aeronáutica,Grado,5,,Facultad Regional Buenos Aires,2026-05-26,,1,,1
38143,125738,27529709,Diego,Peralta,M,2003-05-08,Argentina,2024,21,0,,1,2024.0,Tecnicatura Universitaria En Programación,Pregrado,3,,Facultad Regional Buenos Aires,2026-05-26,,1,,1
38156,422,27533723,Damián,Pérez,M,2003-10-12,Argentina,2024,21,0,,1,2024.0,Tecnicatura Universitaria En Programación,Pregrado,3,,Facultad Regional Buenos Aires,2026-05-26,,1,,1
38165,109909,27536217,Carolina,Huanca,F,2000-05-29,Uruguaya,2024,24,0,,1,2024.0,Tecnicatura Universitaria En Programación,Pregrado,3,,Facultad Regional Buenos Aires,2026-05-26,,1,,1
38203,70441,27543213,Paola,Díaz,F,2002-10-19,Chilena,2021,19,0,,1,2021.0,Tecnicatura Universitaria En Programación,Pregrado,3,,Facultad Regional Buenos Aires,2026-05-26,,1,,1
38305,73888,27561030,Emilio,Álvarez,M,2000-01-13,Argentina,2020,20,0,,1,2020.0,Tecnicatura Universitaria En Programación,Pregrado,3,,Facultad Regional Buenos Aires,2026-05-26,,1,,1
38355,100012,27572432,Ramiro,Muñoz,M,2007-11-14,Chilena,2020,13,0,,1,2020.0,Ingeniería Mecánica,Grado,5,,Facultad Regional Buenos Aires,2026-05-26,,1,,1
38402,8363,27580138,Cecilia,Rojas,F,2002-02-15,Argentina,2024,22,0,,1,2024.0,Tecnicatura Universitaria En Programación,Pregrado,3,,Facultad Regional Buenos Aires,2026-05-26,,1,,1
38412,52701,27581977,Gabriela,Ortega,F,2003-11-02,Argentina,2020,17,0,,1,2020.0,Ingeniería Química,Grado,5,,Facultad Regional Buenos Aires,2026-05-26,,1,,1
38487,35894,27596610,Maximiliano,Peralta,M,2004-11-24,Argentina,2020,16,0,,1,2020.0,Tecnicatura Universitaria En Programación,Pregrado,3,,Facultad Regional Buenos Aires,2026-05-26,,1,,1
38524,116965,27603516,Ignacio,Reyes,M,2006-11-07,Argentina,2024,18,0,,1,2024.0,Tecnicatura Universitaria En Programación,Pregrado,3,,Facultad Regional Buenos Aires,2026-05-26,,1,,1
38664,61785,27629077,Nicolás,Sánchez,M,2000-09-02,Argentina,2020,20,0,,1,2020.0,Ingeniería Química,Grado,5,,Facultad Regional Buenos Aires,2026-05-26,,1,,1
38679,110070,27632161,Gonzalo,Villalba,M,2003-09-23,Peruana,2020,17,0,,1,2020.0,Ingeniería Eléctrica,Grado,5,,Facultad Regional Buenos Aires,2026-05-26,,1,,1
38696,21362,27634752,Agustín,Herrera,M,1999-04-27,Argentina,2020,21,0,,1,2020.0,Tecnicatura Universitaria En Programación,Pregrado,3,,Facultad Regional Buenos Aires,2026-05-26,,1,,1
38706,79052,27637563,Diego,Ríos,M,2006-05-05,Argentina,2020,14,0,,1,2020.0,Ingeniería Mecánica,Grado,5,,Facultad Regional Buenos Aires,2026-05-26,,1,,1
38715,101039,27639404,Emilio,Villalba,M,2001-12-17,Colombiana,2020,19,0,,1,2020.0,Ingeniería Aeronáutica,Grado,5,,Facultad Regional Buenos Aires,2026-05-26,,1,,1
38780,52463,27650328,Hernán,Romero,M,2007-10-14,Argentina,2020,13,0,,1,2020.0,Ingeniería Aeronáutica,Grado,5,,Facultad Regional Buenos Aires,2026-05-26,,1,,1
38802,63613,27653523,Federico,García,M,2004-10-30,Argentina,2024,20,0,,1,2024.0,Tecnicatura Universitaria En Programación,Pregrado,3,,Facultad Regional Buenos Aires,2026-05-26,,1,,1
38849,81657,27663486,Nicolás,Lima,M,2002-02-26,Brasileña,2024,22,0,,1,2024.0,Tecnicatura Universitaria En Programación,Pregrado,3,,Facultad Regional Buenos Aires,2026-05-26,,1,,1
38864,24676,27665451,Gonzalo,Acosta,M,2003-11-22,Argentina,2020,17,0,,1,2020.0,Ingeniería Química,Grado,5,,Facultad Regional Buenos Aires,2026-05-26,,1,,1
38875,95891,27667999,Agustín,Rojas,M,2004-06-08,Argentina,2024,20,0,,1,2024.0,Tecnicatura Universitaria En Programación,Pregrado,3,,Facultad Regional Buenos Aires,2026-05-26,,1,,1
38945,46795,27682449,Lucas,Ramos,M,1998-08-26,Argentina,2021,23,0,,1,2021.0,Tecnicatura Universitaria En Programación,Pregrado,3,,Facultad Regional Buenos Aires,2026-05-26,,1,,1
38946,1926,27682486,Martín,Ortega,M,2003-05-05,Argentina,2024,21,0,,1,2024.0,Tecnicatura Universitaria En Programación,Pregrado,3,,Facultad Regional Buenos Aires,2026-05-26,,1,,1
39017,96875,27695779,Matías,Suárez,M,2002-09-14,Argentina,2024,22,0,,1,2024.0,Tecnicatura Universitaria En Programación,Pregrado,3,,Facultad Regional Buenos Aires,2026-05-26,,1,,1
39021,5018,27696175,Claudio,Torres,M,2004-05-17,Argentina,2024,20,0,,1,2024.0,Tecnicatura Universitaria En Programación,Pregrado,3,,Facultad Regional Buenos Aires,2026-05-26,,1,,1
39052,105845,27701468,Hernán,Ledesma,M,1998-10-31,Argentina,2020,22,0,,1,2020.0,Ingeniería Electrónica,Grado,5,,Facultad Regional Buenos Aires,2026-05-26,,1,,1
39073,43055,27705395,Hernán,Ledesma,M,2000-02-10,Argentina,2020,20,0,,1,2020.0,Ingeniería Aeronáutica,Grado,5,,Facultad Regional Buenos Aires,2026-05-26,,1,,1
39088,106863,27707885,Diego,López,M,2006-11-10,Argentina,2020,14,0,,1,2020.0,Ingeniería Electrónica,Grado,5,,Facultad Regional Buenos Aires,2026-05-26,,1,,1
39104,124048,27710736,Martín,López,M,2001-05-18,Argentina,2020,19,0,,1,2020.0,Ingeniería Química,Grado,5,,Facultad Regional Buenos Aires,2026-05-26,,1,,1
39108,1748,27711571,Luciana,Carrizo,F,2007-01-01,Argentina,2024,17,0,,1,2024.0,Tecnicatura Universitaria En Programación,Pregrado,3,,Facultad Regional Buenos Aires,2026-05-26,,1,,1
39114,76784,27712381,Ignacio,Mamani,M,2004-10-17,Venezolana,2021,17,0,,1,2021.0,Tecnicatura Universitaria En Programación,Pregrado,3,,Facultad Regional Buenos Aires,2026-05-26,,1,,1
39158,27847,27724841,Tomás,Torres,M,1999-03-09,Argentina,2024,25,0,,1,2024.0,Tecnicatura Universitaria En Programación,Pregrado,3,,Facultad Regional Buenos Aires,2026-05-26,,1,,1
39212,75409,27738626,Sebastián,Torres,M,2000-03-09,Argentina,2020,20,0,,1,2020.0,Ingeniería Química,Grado,5,,Facultad Regional Buenos Aires,2026-05-26,,1,,1
39253,101180,27744981,Martín,Muñoz,M,2000-10-22,Boliviana,2020,20,0,,1,2020.0,Ingeniería Electrónica,Grado,5,,Facultad Regional Buenos Aires,2026-05-26,,1,,1
39333,109614,27760283,Tomás,González,M,2007-11-09,Argentina,2020,13,0,,1,2020.0,Ingeniería Electrónica,Grado,5,,Facultad Regional Buenos Aires,2026-05-26,,1,,1
39363,80050,27767741,Sabrina,Rojas,F,2006-12-19,Argentina,2021,15,0,,1,2021.0,Tecnicatura Universitaria En Programación,Pregrado,3,,Facultad Regional Buenos Aires,2026-05-26,,1,,1
39377,94044,27770318,Santiago,Gómez,M,2006-06-25,Argentina,2020,14,0,,1,2020.0,Ingeniería Electrónica,Grado,5,,Facultad Regional Buenos Aires,2026-05-26,,1,,1
39416,113749,27778287,Daniela Daniela,Ojeda,F,2006-02-09,Argentina,2024,18,0,,1,2024.0,Tecnicatura Universitaria En Programación,Pregrado,3,,Facultad Regional Buenos Aires,2026-05-26,,1,,1
39418,75149,27778661,Claudio,Fernández,M,2006-10-30,Argentina,2024,18,0,,1,2024.0,Tecnicatura Universitaria En Programación,Pregrado,3,,Facultad Regional Buenos Aires,2026-05-26,,1,,1
39450,74425,27783960,Ezequiel,Díaz,M,2003-09-25,Argentina,2020,17,0,,1,2020.0,Ingeniería Eléctrica,Grado,5,,Facultad Regional Buenos Aires,2026-05-26,,1,,1
39486,105192,27790612,Emilio Emilio,Ruiz,M,2003-12-02,Argentina,2020,17,0,,1,2020.0,Tecnicatura Universitaria En Programación,Pregrado,3,,Facultad Regional Buenos Aires,2026-05-26,,1,,1
39525,5375,27798245,Agustín,Molina,M,2004-11-21,Argentina,2024,20,0,,1,2024.0,Tecnicatura Universitaria En Programación,Pregrado,3,,Facultad Regional Buenos Aires,2026-05-26,,1,,1
39546,109066,27804010,Facundo,Cabrera,M,1999-04-10,Argentina,2024,25,0,,1,2024.0,Tecnicatura Universitaria En Programación,Pregrado,3,,Facultad Regional Buenos Aires,2026-05-26,,1,,1
39576,63807,27809370,Julián,Ledesma,M,2003-09-05,Argentina,2021,18,0,,1,2021.0,Tecnicatura Universitaria En Programación,Pregrado,3,,Facultad Regional Buenos Aires,2026-05-26,,1,,1
39584,19802,27812026,Alejandro,Vargas,M,2001-10-20,Argentina,2020,19,0,,1,2020.0,Ingeniería Química,Grado,5,,Facultad Regional Buenos Aires,2026-05-26,,1,,1
39589,104692,27813940,Gastón,Medina,M,2003-06-26,Argentina,2020,17,0,,1,2020.0,Ingeniería Eléctrica,Grado,5,,Facultad Regional Buenos Aires,2026-05-26,,1,,1
39597,7119,27817961,Ramiro,Pérez,M,2000-08-15,Argentina,2020,20,0,,1,2020.0,Ingeniería Mecánica,Grado,5,,Facultad Regional Buenos Aires,2026-05-26,,1,,1
39601,33756,27818421,Leandro,Ruiz,M,2007-03-18,Argentina,2020,13,0,,1,2020.0,Ingeniería Electrónica,Grado,5,,Facultad Regional Buenos Aires,2026-05-26,,1,,1
39605,6951,27819195,Diego,Ojeda,M,2002-11-27,Argentina,2020,18,0,,1,2020.0,Ingeniería Química,Grado,5,,Facultad Regional Buenos Aires,2026-05-26,,1,,1
39614,57654,27821307,Gonzalo,Carrizo,M,2005-10-07,Argentina,2024,19,0,,1,2024.0,Tecnicatura Universitaria En Programación,Pregrado,3,,Facultad Regional Buenos Aires,2026-05-26,,1,,1
39749,103872,27848357,Micaela,Santos,F,2006-05-29,Colombiana,2024,18,0,,1,2024.0,Tecnicatura Universitaria En Programación,Pregrado,3,,Facultad Regional Buenos Aires,2026-05-26,,1,,1
39765,28623,27851388,Ezequiel,Moreno,M,2002-09-09,Argentina,2020,18,0,,1,2020.0,Ingeniería Mecánica,Grado,5,,Facultad Regional Buenos Aires,2026-05-26,,1,,1
39780,123340,27853271,Sergio,Romero,M,2003-08-04,Argentina,2024,21,0,,1,2024.0,Tecnicatura Universitaria En Programación,Pregrado,3,,Facultad Regional Buenos Aires,2026-05-26,,1,,1
39825,106344,27864880,Jimena,Martínez,F,2005-02-19,Argentina,2020,15,0,,1,2020.0,Ingeniería Electrónica,Grado,5,,Facultad Regional Buenos Aires,2026-05-26,,1,,1
39872,21806,27874895,Pablo,Vargas,M,2000-02-25,Argentina,2020,20,0,,1,2020.0,Ingeniería Aeronáutica,Grado,5,,Facultad Regional Buenos Aires,2026-05-26,,1,,1
39887,124319,27878439,Valeria,Vargas,F,2005-10-25,Argentina,2020,15,0,,1,2020.0,Ingeniería Mecánica,Grado,5,,Facultad Regional Buenos Aires,2026-05-26,,1,,1
39947,62088,27889903,Sofía Sofía,Rodríguez,F,2002-01-20,Argentina,2020,18,0,,1,2020.0,Ingeniería Química,Grado,5,,Facultad Regional Buenos Aires,2026-05-26,,1,,1
40015,92211,27902463,Agustín Agustín,Sánchez,M,2003-11-23,Argentina,2020,17,0,,1,2020.0,Ingeniería Electrónica,Grado,5,,Facultad Regional Buenos Aires,2026-05-26,,1,,1
40043,116418,27907926,Tomás,Acosta,M,2007-02-21,Argentina,2020,13,0,,1,2020.0,Ingeniería Aeronáutica,Grado,5,,Facultad Regional Buenos Aires,2026-05-26,,1,,1
40050,101199,27908891,Cristian,Moreno,M,2005-02-20,Argentina,2020,15,0,,1,2020.0,Ingeniería Eléctrica,Grado,5,,Facultad Regional Buenos Aires,2026-05-26,,1,,1
40058,28258,27909944,Sebastián,Medina,M,2005-01-01,Argentina,2020,15,0,,1,2020.0,Ingeniería Química,Grado,5,,Facultad Regional Buenos Aires,2026-05-26,,1,,1
40133,105455,27925328,Natalia,Moreno,F,2006-10-06,Argentina,2024,18,0,,1,2024.0,Tecnicatura Universitaria En Programación,Pregrado,3,,Facultad Regional Buenos Aires,2026-05-26,,1,,1
40163,129144,27930812,Ezequiel,Molina,M,2006-07-10,Argentina,2021,15,0,,1,2021.0,Tecnicatura Universitaria En Programación,Pregrado,3,,Facultad Regional Buenos Aires,2026-05-26,,1,,1
40190,32503,27937425,Soledad,Gómez,F,1999-08-01,Argentina,2020,21,0,,1,2020.0,Ingeniería Eléctrica,Grado,5,,Facultad Regional Buenos Aires,2026-05-26,,1,,1
40230,59087,27942933,Facundo,Gómez,M,1998-09-03,Argentina,2024,26,0,,1,2024.0,Tecnicatura Universitaria En Programación,Pregrado,3,,Facultad Regional Buenos Aires,2026-05-26,,1,,1
40243,78188,27944742,Ignacio,Cabrera,M,2006-04-15,Argentina,2020,14,0,,1,2020.0,Ingeniería Química,Grado,5,,Facultad Regional Buenos Aires,2026-05-26,,1,,1
40258,114158,27947681,Sebastián,García,M,2004-04-03,Argentina,2020,16,0,,1,2020.0,Ingeniería Electrónica,Grado,5,,Facultad Regional Buenos Aires,2026-05-26,,1,,1
40272,34244,27950117,Ramiro,Acosta,M,2003-08-17,Argentina,2020,17,0,,1,2020.0,Tecnicatura Universitaria En Programación,Pregrado,3,,Facultad Regional Buenos Aires,2026-05-26,,1,,1
40432,123285,27981224,Iván,Álvarez,M,1999-05-10,Argentina,2024,25,0,,1,2024.0,Tecnicatura Universitaria En Programación,Pregrado,3,,Facultad Regional Buenos Aires,2026-05-26,,1,,1
40611,19205,28014619,Diego,Ramírez,M,2005-05-07,Argentina,2020,15,0,,1,2020.0,Ingeniería Electrónica,Grado,5,,Facultad Regional Buenos Aires,2026-05-26,,1,,1
40679,63462,28029051,Iván,González,M,2005-03-04,Argentina,2024,19,0,,1,2024.0,Tecnicatura Universitaria En Programación,Pregrado,3,,Facultad Regional Buenos Aires,2026-05-26,,1,,1
40700,101232,28034840,Ramiro,González,M,2003-04-13,Argentina,2024,21,0,,1,2024.0,Tecnicatura Universitaria En Programación,Pregrado,3,,Facultad Regional Buenos Aires,2026-05-26,,1,,1
40784,45424,28050955,Daniela,Díaz,F,2007-08-03,Brasileña,2020,13,0,,1,2020.0,Ingeniería Electrónica,Grado,5,,Facultad Regional Buenos Aires,2026-05-26,,1,,1
40851,1619,28062974,Martín,Carrizo,M,2002-12-03,Argentina,2020,18,0,,1,2020.0,Ingeniería Electrónica,Grado,5,,Facultad Regional Buenos Aires,2026-05-26,,1,,1
40854,14707,28063719,Alejandro,Fernández,M,2001-04-08,Argentina,2020,19,0,,1,2020.0,Ingeniería Eléctrica,Grado,5,,Facultad Regional Buenos Aires,2026-05-26,,1,,1
40871,18311,28067611,Damián,Torres,M,2003-05-18,Argentina,2020,17,0,,1,2020.0,Ingeniería Mecánica,Grado,5,,Facultad Regional Buenos Aires,2026-05-26,,1,,1
40873,64228,28068383,Iván,Rojas,M,2002-11-22,Argentina,2020,18,0,,1,2020.0,Ingeniería Electrónica,Grado,5,,Facultad Regional Buenos Aires,2026-05-26,,1,,1
40880,86394,28070557,Rodrigo,Bogado,M,2002-12-29,Paraguaya,2020,18,0,,1,2020.0,Tecnicatura Universitaria En Programación,Pregrado,3,,Facultad Regional Buenos Aires,2026-05-26,,1,,1
40909,53477,28076360,Silvina,Ruiz,F,2005-05-20,Argentina,2024,19,0,,1,2024.0,Tecnicatura Universitaria En Programación,Pregrado,3,,Facultad Regional Buenos Aires,2026-05-26,,1,,1
40926,67072,28080524,Sebastián,Suárez,M,2007-03-10,Argentina,2020,13,0,,1,2020.0,Ingeniería Electrónica,Grado,5,,Facultad Regional Buenos Aires,2026-05-26,,1,,1
40944,57387,28083790,Iván,Fuentes,M,2003-10-13,Paraguaya,2024,21,0,,1,2024.0,Tecnicatura Universitaria En Programación,Pregrado,3,,Facultad Regional Buenos Aires,2026-05-26,,1,,1
40985,47976,28091984,Cristian,Cruz,M,2000-06-08,Argentina,2020,20,0,,1,2020.0,Ingeniería Mecánica,Grado,5,,Facultad Regional Buenos Aires,2026-05-26,,1,,1
41092,63211,28111703,Iván,Mendoza,M,2005-04-16,Argentina,2020,15,0,,1,2020.0,Ingeniería Eléctrica,Grado,5,,Facultad Regional Buenos Aires,2026-05-26,,1,,1
41109,38719,28115570,Santiago,Mendoza,M,2007-12-05,Argentina,2020,13,0,,1,2020.0,Ingeniería Electrónica,Grado,5,,Facultad Regional Buenos Aires,2026-05-26,,1,,1
41145,6342,28122643,Ezequiel,Fernández,M,2006-06-11,Argentina,2024,18,0,,1,2024.0,Tecnicatura Universitaria En Programación,Pregrado,3,,Facultad Regional Buenos Aires,2026-05-26,,1,,1
41159,88376,28125681,Gastón,Torres,M,2006-04-18,Argentina,2020,14,0,,1,2020.0,Ingeniería Electrónica,Grado,5,,Facultad Regional Buenos Aires,2026-05-26,,1,,1
41169,60561,28127505,Emilio,Díaz,M,2006-04-27,Argentina,2024,18,0,,1,2024.0,Tecnicatura Universitaria En Programación,Pregrado,3,,Facultad Regional Buenos Aires,2026-05-26,,1,,1
41172,121400,28127906,Diego,Vera,M,2002-09-07,Argentina,2024,22,0,,1,2024.0,Tecnicatura Universitaria En Programación,Pregrado,3,,Facultad Regional Buenos Aires,2026-05-26,,1,,1
41196,44344,28132845,Hernán,Cruz,M,2001-03-06,Argentina,2020,19,0,,1,2020.0,Ingeniería Eléctrica,Grado,5,,Facultad Regional Buenos Aires,2026-05-26,,1,,1
41225,30008,28137131,Sebastián,Vera,M,2003-07-18,Argentina,2024,21,0,,1,2024.0,Tecnicatura Universitaria En Programación,Pregrado,3,,Facultad Regional Buenos Aires,2026-05-26,,1,,1
41240,82470,28140079,Sofía,Souza,F,2005-04-25,Uruguaya,2020,15,0,,1,2020.0,Ingeniería Química,Grado,5,,Facultad Regional Buenos Aires,2026-05-26,,1,,1
41301,55114,28154021,Federico,Ríos,M,2004-02-14,No especificado,2020,16,0,,1,2020.0,Tecnicatura Universitaria En Programación,Pregrado,3,,Facultad Regional Buenos Aires,2026-05-26,,1,,1
41353,86364,28164707,Fernando,Souza,M,2003-05-22,Colombiana,2020,17,0,,1,2020.0,Ingeniería Eléctrica,Grado,5,,Facultad Regional Buenos Aires,2026-05-26,,1,,1
41357,59726,28165161,Claudia,Condori,F,2002-07-25,Chilena,2020,18,0,,1,2020.0,Ingeniería Química,Grado,5,,Facultad Regional Buenos Aires,2026-05-26,,1,,1
41387,116981,28173722,Sergio,Ruiz,M,2003-05-02,Argentina,2024,21,0,,1,2024.0,Tecnicatura Universitaria En Programación,Pregrado,3,,Facultad Regional Buenos Aires,2026-05-26,,1,,1
41392,106943,28174267,Santiago,Álvarez,M,2006-10-20,Argentina,2024,18,0,,1,2024.0,Tecnicatura Universitaria En Programación,Pregrado,3,,Facultad Regional Buenos Aires,2026-05-26,,1,,1
41542,3092,28200400,Cecilia,Núñez,F,2002-03-09,Argentina,2024,22,0,,1,2024.0,Tecnicatura Universitaria En Programación,Pregrado,3,,Facultad Regional Buenos Aires,2026-05-26,,1,,1
41562,94921,28205437,Soledad,Ramírez,F,2003-05-03,Argentina,2024,21,0,,1,2024.0,Tecnicatura Universitaria En Programación,Pregrado,3,,Facultad Regional Buenos Aires,2026-05-26,,1,,1
41574,63381,28210275,Ramiro,Díaz,M,2007-01-10,Argentina,2020,13,0,,1,2020.0,Ingeniería Mecánica,Grado,5,,Facultad Regional Buenos Aires,2026-05-26,,1,,1
41580,76348,28210674,Sofía,Romero,F,2003-01-01,Argentina,2020,17,0,,1,2020.0,Ingeniería Aeronáutica,Grado,5,,Facultad Regional Buenos Aires,2026-05-26,,1,,1
41581,52605,28210686,Nicolás,Ramírez,M,2007-09-20,Argentina,2024,17,0,,1,2024.0,Tecnicatura Universitaria En Programación,Pregrado,3,,Facultad Regional Buenos Aires,2026-05-26,,1,,1
41658,47457,28223783,Cristian,Ríos,M,2006-02-26,Argentina,2024,18,0,,1,2024.0,Tecnicatura Universitaria En Programación,Pregrado,3,,Facultad Regional Buenos Aires,2026-05-26,,1,,1
41671,85120,28226259,Diego,Fernández,M,1998-12-03,Argentina,2020,22,0,,1,2020.0,Tecnicatura Universitaria En Programación,Pregrado,3,,Facultad Regional Buenos Aires,2026-05-26,,1,,1
41673,53239,28226417,Facundo,Núñez,M,2003-04-13,Argentina,2020,17,0,,1,2020.0,Ingeniería Eléctrica,Grado,5,,Facultad Regional Buenos Aires,2026-05-26,,1,,1
41779,91475,28250249,Sebastián,Ríos,M,2001-12-07,Argentina,2020,19,0,,1,2020.0,Ingeniería Electrónica,Grado,5,,Facultad Regional Buenos Aires,2026-05-26,,1,,1
41839,56303,28261602,Leandro,Silva,M,2002-05-23,Chilena,2024,22,0,,1,2024.0,Tecnicatura Universitaria En Programación,Pregrado,3,,Facultad Regional Buenos Aires,2026-05-26,,1,,1
41939,126602,28282599,Facundo,Cruz,M,2005-01-09,Argentina,2020,15,0,,1,2020.0,Ingeniería Electrónica,Grado,5,,Facultad Regional Buenos Aires,2026-05-26,,1,,1
41947,77736,28283999,Cristian,Moreno,M,2003-12-17,Argentina,2024,21,0,,1,2024.0,Tecnicatura Universitaria En Programación,Pregrado,3,,Facultad Regional Buenos Aires,2026-05-26,,1,,1
42111,62081,28317556,Ezequiel,Medina,M,2004-02-25,Argentina,2020,16,0,,1,2020.0,Ingeniería Mecánica,Grado,5,,Facultad Regional Buenos Aires,2026-05-26,,1,,1
42146,35130,28325776,Leandro,Ríos,M,2001-03-19,Argentina,2020,19,0,,1,2020.0,Ingeniería Mecánica,Grado,5,,Facultad Regional Buenos Aires,2026-05-26,,1,,1
42182,40518,28335826,Hernán,Martínez,M,2000-01-17,Argentina,2024,24,0,,1,2024.0,Tecnicatura Universitaria En Programación,Pregrado,3,,Facultad Regional Buenos Aires,2026-05-26,,1,,1
42210,129160,28341881,Hernán,Ojeda,M,2000-10-31,Argentina,2020,20,0,,1,2020.0,Ingeniería Aeronáutica,Grado,5,,Facultad Regional Buenos Aires,2026-05-26,,1,,1
42271,110257,28353529,Patricia,Ojeda,F,2001-10-29,Argentina,2020,19,0,,1,2020.0,Ingeniería Eléctrica,Grado,5,,Facultad Regional Buenos Aires,2026-05-26,,1,,1
42330,68423,28365141,Pablo,Núñez,M,2003-04-25,Argentina,2020,17,0,,1,2020.0,Ingeniería Química,Grado,5,,Facultad Regional Buenos Aires,2026-05-26,,1,,1
42332,62728,28365406,Hernán,López,M,2001-09-22,Argentina,2020,19,0,,1,2020.0,Tecnicatura Universitaria En Programación,Pregrado,3,,Facultad Regional Buenos Aires,2026-05-26,,1,,1
42374,101556,28373773,Julián,Ojeda,M,2006-08-14,Argentina,2024,18,0,,1,2024.0,Tecnicatura Universitaria En Programación,Pregrado,3,,Facultad Regional Buenos Aires,2026-05-26,,1,,1
42388,53036,28377029,Claudio,Pérez,M,2007-08-20,Argentina,2024,17,0,,1,2024.0,Tecnicatura Universitaria En Programación,Pregrado,3,,Facultad Regional Buenos Aires,2026-05-26,,1,,1
42468,30425,28392409,Luciana,Díaz,F,2002-05-06,Peruana,2020,18,0,,1,2020.0,Ingeniería Electrónica,Grado,5,,Facultad Regional Buenos Aires,2026-05-26,,1,,1
42510,92250,28397955,Tomás,Vera,M,2002-05-13,Argentina,2020,18,0,,1,2020.0,Ingeniería Electrónica,Grado,5,,Facultad Regional Buenos Aires,2026-05-26,,1,,1
42556,53610,28406133,Ignacio,Moreno,M,2007-05-23,Argentina,2020,13,0,,1,2020.0,Ingeniería Electrónica,Grado,5,,Facultad Regional Buenos Aires,2026-05-26,,1,,1
42574,63189,28410425,Emilio,Acosta,M,2004-12-28,Argentina,2021,17,0,,1,2021.0,Tecnicatura Universitaria En Programación,Pregrado,3,,Facultad Regional Buenos Aires,2026-05-26,,1,,1
42590,119382,28412388,Rodrigo,Gómez,M,2005-04-05,Argentina,2020,15,0,,1,2020.0,Ingeniería Química,Grado,5,,Facultad Regional Buenos Aires,2026-05-26,,1,,1
42644,99022,28421583,Vanesa,Castro,F,2006-08-06,Argentina,2020,14,0,,1,2020.0,Ingeniería Química,Grado,5,,Facultad Regional Buenos Aires,2026-05-26,,1,,1
42661,10496,28423965,Vanesa,Vega,F,2005-11-24,Argentina,2024,19,0,,1,2024.0,Tecnicatura Universitaria En Programación,Pregrado,3,,Facultad Regional Buenos Aires,2026-05-26,,1,,1
42706,51976,28433814,Leandro,Ojeda,M,2003-01-01,Argentina,2020,17,0,,1,2020.0,Ingeniería Electrónica,Grado,5,,Facultad Regional Buenos Aires,2026-05-26,,1,,1
42721,114817,28436073,Ignacio,Medina,M,1997-03-25,Argentina,2020,23,0,,1,2020.0,Ingeniería Mecánica,Grado,5,,Facultad Regional Buenos Aires,2026-05-26,,1,,1
42728,86874,28437752,Pablo,Rojas,M,2004-04-15,Argentina,2020,16,0,,1,2020.0,Ingeniería Eléctrica,Grado,5,,Facultad Regional Buenos Aires,2026-05-26,,1,,1
42735,112649,28438580,Facundo,Acosta,M,2001-04-23,Argentina,2024,23,0,,1,2024.0,Tecnicatura Universitaria En Programación,Pregrado,3,,Facultad Regional Buenos Aires,2026-05-26,,1,,1
42742,76887,28439648,Alejandro,Benítez,M,2006-06-21,Peruana,2020,14,0,,1,2020.0,Ingeniería Electrónica,Grado,5,,Facultad Regional Buenos Aires,2026-05-26,,1,,1
42798,94210,28449414,Facundo,Molina,M,2003-12-22,Argentina,2020,17,0,,1,2020.0,Ingeniería Aeronáutica,Grado,5,,Facultad Regional Buenos Aires,2026-05-26,,1,,1
42817,185,28452629,Cristian,González,M,2004-11-29,Argentina,2020,16,0,,1,2020.0,Ingeniería Química,Grado,5,,Facultad Regional Buenos Aires,2026-05-26,,1,,1
42832,84925,28455368,Mariela,Vera,F,2001-10-12,Argentina,2024,23,0,,1,2024.0,Tecnicatura Universitaria En Programación,Pregrado,3,,Facultad Regional Buenos Aires,2026-05-26,,1,,1
42882,118787,28464924,Rodrigo,Martínez,M,2005-09-06,Argentina,2024,19,0,,1,2024.0,Tecnicatura Universitaria En Programación,Pregrado,3,,Facultad Regional Buenos Aires,2026-05-26,,1,,1
42891,124284,28466691,Hernán,Suárez,M,2003-10-28,Argentina,2020,17,0,,1,2020.0,Ingeniería Mecánica,Grado,5,,Facultad Regional Buenos Aires,2026-05-26,,1,,1
42982,80611,28486940,Gonzalo,Carrizo,M,2003-02-21,Argentina,2020,17,0,,1,2020.0,Ingeniería Electrónica,Grado,5,,Facultad Regional Buenos Aires,2026-05-26,,1,,1
43024,105324,28494832,Patricia,Acosta,F,2005-05-16,Argentina,2024,19,0,,1,2024.0,Tecnicatura Universitaria En Programación,Pregrado,3,,Facultad Regional Buenos Aires,2026-05-26,,1,,1
43049,22312,28500831,Ramiro,Cabrera,M,2006-12-27,Argentina,2020,14,0,,1,2020.0,Ingeniería Aeronáutica,Grado,5,,Facultad Regional Buenos Aires,2026-05-26,,1,,1
43084,120779,28507589,Silvina,Gómez,F,2001-02-12,Argentina,2020,19,0,,1,2020.0,Ingeniería Mecánica,Grado,5,,Facultad Regional Buenos Aires,2026-05-26,,1,,1
43127,75663,28515206,Gabriela,Vega,F,2005-06-27,Argentina,2024,19,0,,1,2024.0,Tecnicatura Universitaria En Programación,Pregrado,3,,Facultad Regional Buenos Aires,2026-05-26,,1,,1
43158,73642,28520329,Patricia,Giménez,F,2004-05-18,Paraguaya,2020,16,0,,1,2020.0,Ingeniería Química,Grado,5,,Facultad Regional Buenos Aires,2026-05-26,,1,,1
43210,8624,28531427,Gonzalo,Díaz,M,2007-03-03,Brasileña,2020,13,0,,1,2020.0,Ingeniería Química,Grado,5,,Facultad Regional Buenos Aires,2026-05-26,,1,,1
43274,91414,28544696,Emilio,Souza,M,2007-01-29,Uruguaya,2024,17,0,,1,2024.0,Tecnicatura Universitaria En Programación,Pregrado,3,,Facultad Regional Buenos Aires,2026-05-26,,1,,1
43345,124710,28560410,Agustín,Medina,M,2003-03-14,Argentina,2020,17,0,,1,2020.0,Ingeniería Mecánica,Grado,5,,Facultad Regional Buenos Aires,2026-05-26,,1,,1
43359,120819,28565029,Andrea,Fernández,F,1997-01-18,Argentina,2020,23,0,,1,2020.0,Ingeniería Electrónica,Grado,5,,Facultad Regional Buenos Aires,2026-05-26,,1,,1
43393,3816,28572180,Ramiro,Molina,M,2001-07-12,Argentina,2020,19,0,,1,2020.0,Tecnicatura Universitaria En Programación,Pregrado,3,,Facultad Regional Buenos Aires,2026-05-26,,1,,1
43422,23685,28577667,Ezequiel,Mendoza,M,2007-08-31,Argentina,2021,14,0,,1,2021.0,Tecnicatura Universitaria En Programación,Pregrado,3,,Facultad Regional Buenos Aires,2026-05-26,,1,,1
43498,26345,28593978,Julián,Torres,M,1999-10-06,Argentina,2020,21,0,,1,2020.0,Tecnicatura Universitaria En Programación,Pregrado,3,,Facultad Regional Buenos Aires,2026-05-26,,1,,1
43541,84773,28602471,Valentina,Cruz,F,2003-10-07,Argentina,2021,18,0,,1,2021.0,Tecnicatura Universitaria En Programación,Pregrado,3,,Facultad Regional Buenos Aires,2026-05-26,,1,,1
43587,128612,28611073,Ramiro,Ruiz,M,2001-07-21,Argentina,2020,19,0,,1,2020.0,Ingeniería Mecánica,Grado,5,,Facultad Regional Buenos Aires,2026-05-26,,1,,1
43614,59954,28617228,Cristian,Ramos,M,2007-09-27,Argentina,2020,13,0,,1,2020.0,Ingeniería Mecánica,Grado,5,,Facultad Regional Buenos Aires,2026-05-26,,1,,1
43647,68416,28622264,Gonzalo,Pérez,M,2001-07-04,Argentina,2020,19,0,,1,2020.0,Ingeniería Mecánica,Grado,5,,Facultad Regional Buenos Aires,2026-05-26,,1,,1
43762,94690,28646431,Fernando,Ledesma,M,2007-09-07,Argentina,2020,13,0,,1,2020.0,Ingeniería Electrónica,Grado,5,,Facultad Regional Buenos Aires,2026-05-26,,1,,1
43820,59104,28657127,Martín,Moreno,M,2007-03-16,Argentina,2020,13,0,,1,2020.0,Ingeniería Mecánica,Grado,5,,Facultad Regional Buenos Aires,2026-05-26,,1,,1
43899,71950,28671750,Romina,Herrera,F,2007-11-16,Argentina,2020,13,0,,1,2020.0,Ingeniería Química,Grado,5,,Facultad Regional Buenos Aires,2026-05-26,,1,,1
43939,34531,28680939,Diego,Ortega,M,2000-11-11,Argentina,2020,20,0,,1,2020.0,Ingeniería Electrónica,Grado,5,,Facultad Regional Buenos Aires,2026-05-26,,1,,1
44016,23566,28694476,Facundo,Suárez,M,2004-12-24,Argentina,2020,16,0,,1,2020.0,Ingeniería Electrónica,Grado,5,,Facultad Regional Buenos Aires,2026-05-26,,1,,1
44094,75999,28709923,Matías,Gómez,M,2002-11-22,Argentina,2020,18,0,,1,2020.0,Ingeniería Mecánica,Grado,5,,Facultad Regional Buenos Aires,2026-05-26,,1,,1
44174,74487,28724283,Camila,Mamani,F,2007-05-24,Venezolana,2020,13,0,,1,2020.0,Ingeniería Electrónica,Grado,5,,Facultad Regional Buenos Aires,2026-05-26,,1,,1
44282,127120,28745254,Rodrigo,Díaz,M,1999-01-25,Argentina,2021,22,0,,1,2021.0,Tecnicatura Universitaria En Programación,Pregrado,3,,Facultad Regional Buenos Aires,2026-05-26,,1,,1
44488,120032,28784637,Nicolás,Ramos,M,1999-12-02,Argentina,2020,21,0,,1,2020.0,Ingeniería Eléctrica,Grado,5,,Facultad Regional Buenos Aires,2026-05-26,,1,,1
44523,65051,28791106,Ezequiel,Santos,M,2005-12-26,Chilena,2024,19,0,,1,2024.0,Tecnicatura Universitaria En Programación,Pregrado,3,,Facultad Regional Buenos Aires,2026-05-26,,1,,1
44534,44239,28794436,Martín,Díaz,M,2003-07-01,Argentina,2020,17,0,,1,2020.0,Ingeniería Mecánica,Grado,5,,Facultad Regional Buenos Aires,2026-05-26,,1,,1
44577,59724,28802073,Andrea,Medina,F,2001-10-24,Argentina,2020,19,0,,1,2020.0,Ingeniería Química,Grado,5,,Facultad Regional Buenos Aires,2026-05-26,,1,,1
44617,128666,28809077,Pablo,Suárez,M,1996-08-15,Argentina,2020,24,0,,1,2020.0,Ingeniería Química,Grado,5,,Facultad Regional Buenos Aires,2026-05-26,,1,,1
44646,95699,28814041,Agustín,Pérez,M,2003-07-09,Argentina,2020,17,0,,1,2020.0,Ingeniería Mecánica,Grado,5,,Facultad Regional Buenos Aires,2026-05-26,,1,,1
44676,34780,28819301,Natalia,Cabrera,F,2006-06-11,Argentina,2021,15,0,,1,2021.0,Tecnicatura Universitaria En Programación,Pregrado,3,,Facultad Regional Buenos Aires,2026-05-26,,1,,1
44677,2621,28819303,Hernán,Mendoza,M,2006-10-04,Argentina,2020,14,0,,1,2020.0,Ingeniería Electrónica,Grado,5,,Facultad Regional Buenos Aires,2026-05-26,,1,,1
44681,78177,28820007,Natalia,Fernández,F,2004-11-10,Argentina,2020,16,0,,1,2020.0,Ingeniería Química,Grado,5,,Facultad Regional Buenos Aires,2026-05-26,,1,,1
44691,73946,28822020,Pablo,Ramírez,M,2006-09-19,Argentina,2020,14,0,,1,2020.0,Tecnicatura Universitaria En Programación,Pregrado,3,,Facultad Regional Buenos Aires,2026-05-26,,1,,1
44714,97663,28826444,Damián,Sánchez,M,2002-04-01,Argentina,2024,22,0,,1,2024.0,Tecnicatura Universitaria En Programación,Pregrado,3,,Facultad Regional Buenos Aires,2026-05-26,,1,,1
44781,39924,28839808,Facundo,Pérez,M,2003-02-22,Argentina,2020,17,0,,1,2020.0,Ingeniería Eléctrica,Grado,5,,Facultad Regional Buenos Aires,2026-05-26,,1,,1
44789,117855,28840723,Diego,Díaz,M,2003-06-03,Argentina,2020,17,0,,1,2020.0,Tecnicatura Universitaria En Programación,Pregrado,3,,Facultad Regional Buenos Aires,2026-05-26,,1,,1
44853,63683,28854930,Agustín,Muñoz,M,2006-03-04,Peruana,2024,18,0,,1,2024.0,Tecnicatura Universitaria En Programación,Pregrado,3,,Facultad Regional Buenos Aires,2026-05-26,,1,,1
44862,73411,28856440,Cristian,Santos,M,2002-10-14,Colombiana,2020,18,0,,1,2020.0,Ingeniería Electrónica,Grado,5,,Facultad Regional Buenos Aires,2026-05-26,,1,,1
44904,97937,28865233,Cristian,Martínez,M,2004-12-15,No especificado,2024,20,0,,1,2024.0,Tecnicatura Universitaria En Programación,Pregrado,3,,Facultad Regional Buenos Aires,2026-05-26,,1,,1
44975,67969,28879372,Martín,Peralta,M,2008-01-01,Argentina,2020,12,0,,1,2020.0,Ingeniería Química,Grado,5,,Facultad Regional Buenos Aires,2026-05-26,,1,,1
45047,102580,28893896,Julián,Rodríguez,M,2005-06-21,Argentina,2020,15,0,,1,2020.0,Ingeniería Electrónica,Grado,5,,Facultad Regional Buenos Aires,2026-05-26,,1,,1
45110,9763,28906942,Federico,Vera,M,2000-05-25,Argentina,2020,20,0,,1,2020.0,Ingeniería Electrónica,Grado,5,,Facultad Regional Buenos Aires,2026-05-26,,1,,1
45130,81773,28910788,Emilio,Herrera,M,2005-09-09,Argentina,2020,15,0,,1,2020.0,Ingeniería Electrónica,Grado,5,,Facultad Regional Buenos Aires,2026-05-26,,1,,1
45136,118932,28911295,Julián,Cabrera,M,1998-12-09,Argentina,2020,22,0,,1,2020.0,Tecnicatura Universitaria En Programación,Pregrado,3,,Facultad Regional Buenos Aires,2026-05-26,,1,,1
45186,13103,28920456,Federico,Castro,M,2003-06-16,Argentina,2020,17,0,,1,2020.0,Ingeniería Electrónica,Grado,5,,Facultad Regional Buenos Aires,2026-05-26,,1,,1
45249,109979,28933085,Gabriela,Acosta,F,2001-07-19,Argentina,2020,19,0,,1,2020.0,Ingeniería Eléctrica,Grado,5,,Facultad Regional Buenos Aires,2026-05-26,,1,,1
45277,119164,28938318,Alejandro Alejandro,González,M,2004-07-25,Argentina,2020,16,0,,1,2020.0,Ingeniería Aeronáutica,Grado,5,,Facultad Regional Buenos Aires,2026-05-26,,1,,1
45306,107172,28943398,Matías,Díaz,M,2002-09-17,Argentina,2020,18,0,,1,2020.0,Ingeniería Mecánica,Grado,5,,Facultad Regional Buenos Aires,2026-05-26,,1,,1
45392,26111,28958722,Fernando,Morales,M,2005-08-03,Argentina,2024,19,0,,1,2024.0,Tecnicatura Universitaria En Programación,Pregrado,3,,Facultad Regional Buenos Aires,2026-05-26,,1,,1
45464,69576,28974580,Ezequiel,Huanca,M,2000-03-04,Uruguaya,2021,21,0,,1,2021.0,Tecnicatura Universitaria En Programación,Pregrado,3,,Facultad Regional Buenos Aires,2026-05-26,,1,,1
45469,34855,28975006,Matías,Díaz,M,2007-06-10,Argentina,2024,17,0,,1,2024.0,Tecnicatura Universitaria En Programación,Pregrado,3,,Facultad Regional Buenos Aires,2026-05-26,,1,,1
45508,92425,28981213,Alejandra,Romero,F,1998-04-01,Argentina,2024,26,0,,1,2024.0,Tecnicatura Universitaria En Programación,Pregrado,3,,Facultad Regional Buenos Aires,2026-05-26,,1,,1
45530,5152,28985529,Maximiliano,Cabrera,M,2004-04-08,Argentina,2020,16,0,,1,2020.0,Ingeniería Eléctrica,Grado,5,,Facultad Regional Buenos Aires,2026-05-26,,1,,1
45593,74042,28998792,Agustín,Herrera,M,1998-10-19,Argentina,2020,22,0,,1,2020.0,Ingeniería Química,Grado,5,,Facultad Regional Buenos Aires,2026-05-26,,1,,1
45634,39631,29005257,Martín,Medina,M,1998-09-28,Argentina,2020,22,0,,1,2020.0,Ingeniería Aeronáutica,Grado,5,,Facultad Regional Buenos Aires,2026-05-26,,1,,1
45671,19967,29012337,Rodrigo,Villalba,M,2004-02-17,Chilena,2020,16,0,,1,2020.0,Ingeniería Mecánica,Grado,5,,Facultad Regional Buenos Aires,2026-05-26,,1,,1
45715,37519,29021676,Cristian,Pérez,M,1997-04-20,Argentina,2020,23,0,,1,2020.0,Ingeniería Aeronáutica,Grado,5,,Facultad Regional Buenos Aires,2026-05-26,,1,,1
45828,85917,29043073,Julián,Álvarez,M,1997-08-03,Argentina,2020,23,0,,1,2020.0,Ingeniería Química,Grado,5,,Facultad Regional Buenos Aires,2026-05-26,,1,,1
45859,11147,29048289,Santiago,Vargas,M,2005-04-03,Argentina,2020,15,0,,1,2020.0,Ingeniería Eléctrica,Grado,5,,Facultad Regional Buenos Aires,2026-05-26,,1,,1
45865,85840,29049147,Leandro,Oliveira,M,2006-10-23,Peruana,2020,14,0,,1,2020.0,Ingeniería Electrónica,Grado,5,,Facultad Regional Buenos Aires,2026-05-26,,1,,1
45922,43047,29062156,Florencia,González,F,2004-07-08,Argentina,2020,16,0,,1,2020.0,Ingeniería Química,Grado,5,,Facultad Regional Buenos Aires,2026-05-26,,1,,1
45976,112548,29073223,Martín,Morales,M,2005-09-10,Argentina,2020,15,0,,1,2020.0,Tecnicatura Universitaria En Programación,Pregrado,3,,Facultad Regional Buenos Aires,2026-05-26,,1,,1
46018,41544,29082529,Facundo,García,M,2005-07-16,Argentina,2021,16,0,,1,2021.0,Tecnicatura Universitaria En Programación,Pregrado,3,,Facultad Regional Buenos Aires,2026-05-26,,1,,1
46030,8964,29085617,Laura,Cabrera,F,2003-02-09,Argentina,2020,17,0,,1,2020.0,Ingeniería Electrónica,Grado,5,,Facultad Regional Buenos Aires,2026-05-26,,1,,1
46129,82096,29106852,Claudio,Lima,M,2007-06-27,Chilena,2021,14,0,,1,2021.0,Tecnicatura Universitaria En Programación,Pregrado,3,,Facultad Regional Buenos Aires,2026-05-26,,1,,1
46147,56155,29109681,Patricia,Medina,F,2004-05-01,Argentina,2020,16,0,,1,2020.0,Tecnicatura Universitaria En Programación,Pregrado,3,,Facultad Regional Buenos Aires,2026-05-26,,1,,1
46292,127937,29140724,Ramiro,Núñez,M,2003-03-13,Argentina,2020,17,0,,1,2020.0,Ingeniería Mecánica,Grado,5,,Facultad Regional Buenos Aires,2026-05-26,,1,,1
46420,85905,29165623,Ignacio,Ledesma,M,2003-05-14,Argentina,2020,17,0,,1,2020.0,Ingeniería Aeronáutica,Grado,5,,Facultad Regional Buenos Aires,2026-05-26,,1,,1
46421,23667,29165811,Nicolás,Ramírez,M,2007-07-26,Argentina,2024,17,0,,1,2024.0,Tecnicatura Universitaria En Programación,Pregrado,3,,Facultad Regional Buenos Aires,2026-05-26,,1,,1
46432,74669,29168222,Emilio,Ledesma,M,2002-06-25,Argentina,2020,18,0,,1,2020.0,Ingeniería Electrónica,Grado,5,,Facultad Regional Buenos Aires,2026-05-26,,1,,1
46500,88822,29182740,Claudia,Flores,F,2002-05-11,Argentina,2020,18,0,,1,2020.0,Ingeniería Química,Grado,5,,Facultad Regional Buenos Aires,2026-05-26,,1,,1
46521,106566,29187097,Damián,Moreno,M,2005-11-09,Argentina,2020,15,0,,1,2020.0,Ingeniería Electrónica,Grado,5,,Facultad Regional Buenos Aires,2026-05-26,,1,,1
46524,33094,29188184,Facundo,López,M,2007-04-04,Argentina,2020,13,0,,1,2020.0,Ingeniería Electrónica,Grado,5,,Facultad Regional Buenos Aires,2026-05-26,,1,,1
46672,123692,29216098,Cecilia,Fernández,F,2003-02-11,Argentina,2020,17,0,,1,2020.0,Tecnicatura Universitaria En Programación,Pregrado,3,,Facultad Regional Buenos Aires,2026-05-26,,1,,1
46777,98528,29236382,Ezequiel,Pérez,M,2007-03-07,Argentina,2020,13,0,,1,2020.0,Ingeniería Mecánica,Grado,5,,Facultad Regional Buenos Aires,2026-05-26,,1,,1
46784,74589,29238886,Tomás,Rodríguez,M,2006-12-10,Argentina,2020,14,0,,1,2020.0,Ingeniería Mecánica,Grado,5,,Facultad Regional Buenos Aires,2026-05-26,,1,,1
46815,87445,29244274,Cecilia,Ramírez,F,2002-03-01,Argentina,2024,22,0,,1,2024.0,Tecnicatura Universitaria En Programación,Pregrado,3,,Facultad Regional Buenos Aires,2026-05-26,,1,,1
46822,66630,29246705,Fernando,Ortega,M,1999-04-16,Argentina,2020,21,0,,1,2020.0,Ingeniería Electrónica,Grado,5,,Facultad Regional Buenos Aires,2026-05-26,,1,,1
46823,125502,29247302,Lucas,Ramírez,M,2006-05-28,Argentina,2020,14,0,,1,2020.0,Ingeniería Electrónica,Grado,5,,Facultad Regional Buenos Aires,2026-05-26,,1,,1
46867,128620,29255125,Iván,Álvarez,M,2003-04-28,Argentina,2020,17,0,,1,2020.0,Ingeniería Eléctrica,Grado,5,,Facultad Regional Buenos Aires,2026-05-26,,1,,1
46883,49745,29260258,Matías,Martínez,M,1999-02-16,Argentina,2024,25,0,,1,2024.0,Tecnicatura Universitaria En Programación,Pregrado,3,,Facultad Regional Buenos Aires,2026-05-26,,1,,1
46908,60769,29265162,Matías,Gómez,M,1998-09-21,No especificado,2024,26,0,,1,2024.0,Tecnicatura Universitaria En Programación,Pregrado,3,,Facultad Regional Buenos Aires,2026-05-26,,1,,1
46915,81640,29265690,Gonzalo,Vargas,M,1994-10-22,Argentina,2020,26,0,,1,2020.0,Ingeniería Electrónica,Grado,5,,Facultad Regional Buenos Aires,2026-05-26,,1,,1
46916,486,29265866,Rodrigo,Cruz,M,2007-08-26,Argentina,2024,17,0,,1,2024.0,Tecnicatura Universitaria En Programación,Pregrado,3,,Facultad Regional Buenos Aires,2026-05-26,,1,,1
46920,111344,29266422,Sebastián,Sánchez,M,2007-05-13,Argentina,2020,13,0,,1,2020.0,Ingeniería Mecánica,Grado,5,,Facultad Regional Buenos Aires,2026-05-26,,1,,1
46933,3428,29268146,Damián,González,M,2003-05-31,Argentina,2020,17,0,,1,2020.0,Ingeniería Eléctrica,Grado,5,,Facultad Regional Buenos Aires,2026-05-26,,1,,1
46992,31981,29277892,Ignacio,Muñoz,M,2002-04-08,Boliviana,2024,22,0,,1,2024.0,Tecnicatura Universitaria En Programación,Pregrado,3,,Facultad Regional Buenos Aires,2026-05-26,,1,,1
47008,46635,29280096,Damián,Villalba,M,2001-02-02,Peruana,2020,19,0,,1,2020.0,Ingeniería Eléctrica,Grado,5,,Facultad Regional Buenos Aires,2026-05-26,,1,,1
47052,39096,29291283,Rodrigo,Acosta,M,2004-11-20,Argentina,2020,16,0,,1,2020.0,Ingeniería Mecánica,Grado,5,,Facultad Regional Buenos Aires,2026-05-26,,1,,1
47061,95866,29293428,Sebastián Sebastián,Quispe,M,2004-01-01,Chilena,2024,20,0,,1,2024.0,Tecnicatura Universitaria En Programación,Pregrado,3,,Facultad Regional Buenos Aires,2026-05-26,,1,,1
47076,84024,29295711,Noelia,Vargas,F,2003-07-15,Argentina,2020,17,0,,1,2020.0,Ingeniería Química,Grado,5,,Facultad Regional Buenos Aires,2026-05-26,,1,,1
47116,42472,29303528,Matías,Suárez,M,2004-01-05,Argentina,2021,17,0,,1,2021.0,Tecnicatura Universitaria En Programación,Pregrado,3,,Facultad Regional Buenos Aires,2026-05-26,,1,,1
47153,32623,29312029,Nicolás,Martínez,M,2007-08-30,Argentina,2020,13,0,,1,2020.0,Ingeniería Química,Grado,5,,Facultad Regional Buenos Aires,2026-05-26,,1,,1
47155,10638,29312215,Pablo,Cruz,M,2005-10-30,Argentina,2020,15,0,,1,2020.0,Ingeniería Eléctrica,Grado,5,,Facultad Regional Buenos Aires,2026-05-26,,1,,1
47172,31965,29317043,Facundo,Benítez,M,1999-11-30,Paraguaya,2021,22,0,,1,2021.0,Tecnicatura Universitaria En Programación,Pregrado,3,,Facultad Regional Buenos Aires,2026-05-26,,1,,1
47252,32691,29336522,Santiago,Cabrera,M,2005-12-27,Argentina,2024,19,0,,1,2024.0,Tecnicatura Universitaria En Programación,Pregrado,3,,Facultad Regional Buenos Aires,2026-05-26,,1,,1
47256,116661,29337621,Julián,Acosta,M,2001-09-10,Argentina,2020,19,0,,1,2020.0,Ingeniería Electrónica,Grado,5,,Facultad Regional Buenos Aires,2026-05-26,,1,,1
47340,83810,29353216,Facundo,Gómez,M,2003-08-30,Argentina,2021,18,0,,1,2021.0,Tecnicatura Universitaria En Programación,Pregrado,3,,Facultad Regional Buenos Aires,2026-05-26,,1,,1
47427,119923,29371747,Tomás,Ruiz,M,2001-06-03,Argentina,2020,19,0,,1,2020.0,Ingeniería Química,Grado,5,,Facultad Regional Buenos Aires,2026-05-26,,1,,1
47529,16830,29389121,Daniela,Ruiz,F,2005-09-16,Argentina,2021,16,0,,1,2021.0,Tecnicatura Universitaria En Programación,Pregrado,3,,Facultad Regional Buenos Aires,2026-05-26,,1,,1
47597,10932,29402356,Alejandro,Mendoza,M,2007-10-15,Argentina,2020,13,0,,1,2020.0,Ingeniería Electrónica,Grado,5,,Facultad Regional Buenos Aires,2026-05-26,,1,,1
47611,11717,29404145,Ignacio,Suárez,M,2007-03-20,Argentina,2020,13,0,,1,2020.0,Ingeniería Química,Grado,5,,Facultad Regional Buenos Aires,2026-05-26,,1,,1
47647,10445,29410974,Rodrigo,Oliveira,M,2003-07-03,Venezolana,2020,17,0,,1,2020.0,Ingeniería Mecánica,Grado,5,,Facultad Regional Buenos Aires,2026-05-26,,1,,1
47685,116679,29420344,Nicolás,Carrizo,M,2004-03-16,Argentina,2021,17,0,,1,2021.0,Tecnicatura Universitaria En Programación,Pregrado,3,,Facultad Regional Buenos Aires,2026-05-26,,1,,1
47702,96922,29424388,Gonzalo,Medina,M,2004-10-12,Argentina,2024,20,0,,1,2024.0,Tecnicatura Universitaria En Programación,Pregrado,3,,Facultad Regional Buenos Aires,2026-05-26,,1,,1
47705,66066,29424895,Diego,Souza,M,1999-08-29,Uruguaya,2020,21,0,,1,2020.0,Ingeniería Mecánica,Grado,5,,Facultad Regional Buenos Aires,2026-05-26,,1,,1
47727,67781,29427978,Pablo,Herrera,M,2005-09-01,Argentina,2020,15,0,,1,2020.0,Ingeniería Electrónica,Grado,5,,Facultad Regional Buenos Aires,2026-05-26,,1,,1
47761,85956,29434770,Gastón,Benítez,M,2006-07-17,Chilena,2020,14,0,,1,2020.0,Ingeniería Aeronáutica,Grado,5,,Facultad Regional Buenos Aires,2026-05-26,,1,,1
47796,80011,29442118,Pablo,Castro,M,2007-06-22,Argentina,2020,13,0,,1,2020.0,Tecnicatura Universitaria En Programación,Pregrado,3,,Facultad Regional Buenos Aires,2026-05-26,,1,,1
47887,39765,29457886,Agustín,Carrizo,M,2006-04-15,Argentina,2024,18,0,,1,2024.0,Tecnicatura Universitaria En Programación,Pregrado,3,,Facultad Regional Buenos Aires,2026-05-26,,1,,1
47894,29518,29459113,Diego Diego,Núñez,M,2003-05-12,Argentina,2020,17,0,,1,2020.0,Ingeniería Eléctrica,Grado,5,,Facultad Regional Buenos Aires,2026-05-26,,1,,1
47904,41172,29461239,Iván,Díaz,M,1995-04-14,Argentina,2020,25,0,,1,2020.0,Ingeniería Electrónica,Grado,5,,Facultad Regional Buenos Aires,2026-05-26,,1,,1
47918,5373,29463805,Laura,Flores,F,2002-03-20,Argentina,2020,18,0,,1,2020.0,Ingeniería Electrónica,Grado,5,,Facultad Regional Buenos Aires,2026-05-26,,1,,1
47971,15344,29473701,Gastón,Díaz,M,2000-08-21,Argentina,2020,20,0,,1,2020.0,Ingeniería Mecánica,Grado,5,,Facultad Regional Buenos Aires,2026-05-26,,1,,1
47984,20534,29475428,Hernán,Carrizo,M,2007-06-11,Argentina,2020,13,0,,1,2020.0,Ingeniería Electrónica,Grado,5,,Facultad Regional Buenos Aires,2026-05-26,,1,,1
47985,91672,29475482,Gabriela,Ramos,F,2003-04-23,Argentina,2024,21,0,,1,2024.0,Tecnicatura Universitaria En Programación,Pregrado,3,,Facultad Regional Buenos Aires,2026-05-26,,1,,1
48065,21645,29492327,Noelia,Núñez,F,2007-11-06,Argentina,2024,17,0,,1,2024.0,Tecnicatura Universitaria En Programación,Pregrado,3,,Facultad Regional Buenos Aires,2026-05-26,,1,,1
48094,80532,29496040,Matías,Suárez,M,2004-01-02,Argentina,2024,20,0,,1,2024.0,Tecnicatura Universitaria En Programación,Pregrado,3,,Facultad Regional Buenos Aires,2026-05-26,,1,,1
48183,34830,29514338,Rodrigo,Condori,M,2007-08-31,Colombiana,2024,17,0,,1,2024.0,Tecnicatura Universitaria En Programación,Pregrado,3,,Facultad Regional Buenos Aires,2026-05-26,,1,,1
48232,14803,29522510,Agustín,Reyes,M,1999-09-16,Argentina,2020,21,0,,1,2020.0,Ingeniería Eléctrica,Grado,5,,Facultad Regional Buenos Aires,2026-05-26,,1,,1
48245,1942,29524385,Patricia,Vega,F,2004-02-20,Argentina,2024,20,0,,1,2024.0,Tecnicatura Universitaria En Programación,Pregrado,3,,Facultad Regional Buenos Aires,2026-05-26,,1,,1
48276,5989,29530611,Emilio,Silva,M,2001-01-01,Brasileña,2024,23,0,,1,2024.0,Tecnicatura Universitaria En Programación,Pregrado,3,,Facultad Regional Buenos Aires,2026-05-26,,1,,1
48301,3171,29536520,Verónica,García,F,2005-12-25,Argentina,2020,15,0,,1,2020.0,Ingeniería Química,Grado,5,,Facultad Regional Buenos Aires,2026-05-26,,1,,1
48311,99904,29538948,Ramiro,Rojas,M,2003-09-10,Argentina,2020,17,0,,1,2020.0,Ingeniería Electrónica,Grado,5,,Facultad Regional Buenos Aires,2026-05-26,,1,,1
48322,70247,29541691,Ramiro,Ramos,M,1998-12-19,Argentina,2020,22,0,,1,2020.0,Ingeniería Eléctrica,Grado,5,,Facultad Regional Buenos Aires,2026-05-26,,1,,1
48333,91002,29544680,Noelia,Flores,F,2005-06-01,Argentina,2024,19,0,,1,2024.0,Tecnicatura Universitaria En Programación,Pregrado,3,,Facultad Regional Buenos Aires,2026-05-26,,1,,1
48367,30918,29550400,Ezequiel,Moreno,M,2005-01-02,Argentina,2020,15,0,,1,2020.0,Ingeniería Mecánica,Grado,5,,Facultad Regional Buenos Aires,2026-05-26,,1,,1
48376,15784,29552204,Sergio,Torres,M,2002-01-04,Argentina,2020,18,0,,1,2020.0,Tecnicatura Universitaria En Programación,Pregrado,3,,Facultad Regional Buenos Aires,2026-05-26,,1,,1
48379,71050,29552362,Gastón,Ramírez,M,1998-02-17,Argentina,2024,26,0,,1,2024.0,Tecnicatura Universitaria En Programación,Pregrado,3,,Facultad Regional Buenos Aires,2026-05-26,,1,,1
48467,43373,29569654,Leandro,Silva,M,2002-03-06,Brasileña,2024,22,0,,1,2024.0,Tecnicatura Universitaria En Programación,Pregrado,3,,Facultad Regional Buenos Aires,2026-05-26,,1,,1
48495,41995,29575736,Sebastián,Benítez,M,2007-12-12,Peruana,2024,17,0,,1,2024.0,Tecnicatura Universitaria En Programación,Pregrado,3,,Facultad Regional Buenos Aires,2026-05-26,,1,,1
48498,85316,29576285,Sergio,Ramírez,M,2005-11-02,Argentina,2020,15,0,,1,2020.0,Ingeniería Aeronáutica,Grado,5,,Facultad Regional Buenos Aires,2026-05-26,,1,,1
48537,17999,29583255,Ezequiel,González,M,2005-04-07,Argentina,2020,15,0,,1,2020.0,Ingeniería Mecánica,Grado,5,,Facultad Regional Buenos Aires,2026-05-26,,1,,1
48639,37417,29603969,Mariana Mariana,Mendoza,F,2006-12-07,Argentina,2020,14,0,,1,2020.0,Ingeniería Mecánica,Grado,5,,Facultad Regional Buenos Aires,2026-05-26,,1,,1
48675,115694,29613224,Emilio,Torres,M,2005-12-09,Argentina,2020,15,0,,1,2020.0,Tecnicatura Universitaria En Programación,Pregrado,3,,Facultad Regional Buenos Aires,2026-05-26,,1,,1
48689,117955,29615255,Diego,Oliveira,M,2007-08-28,Uruguaya,2020,13,0,,1,2020.0,Ingeniería Mecánica,Grado,5,,Facultad Regional Buenos Aires,2026-05-26,,1,,1
48709,46475,29619444,Luciana,Vargas,F,2003-01-19,Argentina,2024,21,0,,1,2024.0,Tecnicatura Universitaria En Programación,Pregrado,3,,Facultad Regional Buenos Aires,2026-05-26,,1,,1
48723,94521,29624171,Micaela,Souza,F,2003-06-27,Paraguaya,2020,17,0,,1,2020.0,Ingeniería Mecánica,Grado,5,,Facultad Regional Buenos Aires,2026-05-26,,1,,1
48728,27962,29625076,Martín Martín,Quispe,M,2000-07-09,Paraguaya,2024,24,0,,1,2024.0,Tecnicatura Universitaria En Programación,Pregrado,3,,Facultad Regional Buenos Aires,2026-05-26,,1,,1
48805,56550,29642386,Leandro,Ledesma,M,2000-08-14,Argentina,2020,20,0,,1,2020.0,Ingeniería Química,Grado,5,,Facultad Regional Buenos Aires,2026-05-26,,1,,1
48840,108595,29649727,Cecilia,Molina,F,2000-09-21,Argentina,2020,20,0,,1,2020.0,Ingeniería Aeronáutica,Grado,5,,Facultad Regional Buenos Aires,2026-05-26,,1,,1
48865,26667,29655649,Matías,Reyes,M,2005-03-11,Argentina,2020,15,0,,1,2020.0,Ingeniería Aeronáutica,Grado,5,,Facultad Regional Buenos Aires,2026-05-26,,1,,1
48880,52348,29657586,Ezequiel,Suárez,M,2002-06-02,Argentina,2024,22,0,,1,2024.0,Tecnicatura Universitaria En Programación,Pregrado,3,,Facultad Regional Buenos Aires,2026-05-26,,1,,1
48931,85611,29668091,Diego,Peralta,M,2002-09-14,Argentina,2020,18,0,,1,2020.0,Ingeniería Electrónica,Grado,5,,Facultad Regional Buenos Aires,2026-05-26,,1,,1
48968,45575,29672704,Luciana,Herrera,F,2002-08-11,Argentina,2020,18,0,,1,2020.0,Ingeniería Química,Grado,5,,Facultad Regional Buenos Aires,2026-05-26,,1,,1
48989,282,29676181,Nicolás,Martínez,M,2006-06-19,Argentina,2024,18,0,,1,2024.0,Tecnicatura Universitaria En Programación,Pregrado,3,,Facultad Regional Buenos Aires,2026-05-26,,1,,1
48992,33521,29677508,Ramiro,Medina,M,2006-01-10,Argentina,2024,18,0,,1,2024.0,Tecnicatura Universitaria En Programación,Pregrado,3,,Facultad Regional Buenos Aires,2026-05-26,,1,,1
49072,119853,29694670,Tomás,Sánchez,M,2006-12-03,Argentina,2024,18,0,,1,2024.0,Tecnicatura Universitaria En Programación,Pregrado,3,,Facultad Regional Buenos Aires,2026-05-26,,1,,1
49090,13165,29696383,Ignacio,Vargas,M,2003-06-07,Argentina,2024,21,0,,1,2024.0,Tecnicatura Universitaria En Programación,Pregrado,3,,Facultad Regional Buenos Aires,2026-05-26,,1,,1
49161,122597,29708911,Mariela,Rodríguez,F,1999-09-06,Argentina,2020,21,0,,1,2020.0,Ingeniería Química,Grado,5,,Facultad Regional Buenos Aires,2026-05-26,,1,,1
49175,1822,29711477,Nicolás,Rodríguez,M,2007-01-03,Argentina,2020,13,0,,1,2020.0,Ingeniería Química,Grado,5,,Facultad Regional Buenos Aires,2026-05-26,,1,,1
49187,49535,29715063,Santiago Santiago,García,M,2001-05-20,Argentina,2020,19,0,,1,2020.0,Ingeniería Mecánica,Grado,5,,Facultad Regional Buenos Aires,2026-05-26,,1,,1
49206,7202,29718644,Sergio,Herrera,M,2003-10-24,Argentina,2021,18,0,,1,2021.0,Tecnicatura Universitaria En Programación,Pregrado,3,,Facultad Regional Buenos Aires,2026-05-26,,1,,1
49253,13082,29727665,Sergio,Ríos,M,2002-03-21,Argentina,2020,18,0,,1,2020.0,Ingeniería Mecánica,Grado,5,,Facultad Regional Buenos Aires,2026-05-26,,1,,1
49341,37230,29744810,Lucas,Mendoza,M,2002-07-18,Argentina,2020,18,0,,1,2020.0,Ingeniería Eléctrica,Grado,5,,Facultad Regional Buenos Aires,2026-05-26,,1,,1
49358,62413,29747970,Gabriela,Bogado,F,2007-06-09,Brasileña,2020,13,0,,1,2020.0,Ingeniería Mecánica,Grado,5,,Facultad Regional Buenos Aires,2026-05-26,,1,,1
49433,191,29764311,Sebastián,Álvarez,M,2007-03-10,Argentina,2024,17,0,,1,2024.0,Tecnicatura Universitaria En Programación,Pregrado,3,,Facultad Regional Buenos Aires,2026-05-26,,1,,1
49436,46612,29764504,Matías,Álvarez,M,2007-05-06,Argentina,2021,14,0,,1,2021.0,Tecnicatura Universitaria En Programación,Pregrado,3,,Facultad Regional Buenos Aires,2026-05-26,,1,,1
49472,63525,29771054,Sergio,Muñoz,M,2003-05-23,Chilena,2020,17,0,,1,2020.0,Tecnicatura Universitaria En Programación,Pregrado,3,,Facultad Regional Buenos Aires,2026-05-26,,1,,1
49480,122040,29772387,Iván,Villalba,M,2007-10-15,Boliviana,2024,17,0,,1,2024.0,Tecnicatura Universitaria En Programación,Pregrado,3,,Facultad Regional Buenos Aires,2026-05-26,,1,,1
49488,19840,29774654,Cristian,Huanca,M,2007-09-03,Venezolana,2020,13,0,,1,2020.0,Ingeniería Electrónica,Grado,5,,Facultad Regional Buenos Aires,2026-05-26,,1,,1
49570,117056,29790578,Pablo,Cruz,M,1998-09-27,Argentina,2020,22,0,,1,2020.0,Ingeniería Electrónica,Grado,5,,Facultad Regional Buenos Aires,2026-05-26,,1,,1
49573,49296,29791316,Diego,Díaz,M,2002-06-03,Argentina,2020,18,0,,1,2020.0,Ingeniería Electrónica,Grado,5,,Facultad Regional Buenos Aires,2026-05-26,,1,,1
49623,119124,29800232,Santiago,Oliveira,M,2000-10-06,Peruana,2024,24,0,,1,2024.0,Tecnicatura Universitaria En Programación,Pregrado,3,,Facultad Regional Buenos Aires,2026-05-26,,1,,1
49640,6626,29803538,Ramiro,Fuentes,M,2006-11-02,Paraguaya,2020,14,0,,1,2020.0,Ingeniería Mecánica,Grado,5,,Facultad Regional Buenos Aires,2026-05-26,,1,,1
49729,58366,29821130,Sebastián,González,M,2007-04-25,Argentina,2024,17,0,,1,2024.0,Tecnicatura Universitaria En Programación,Pregrado,3,,Facultad Regional Buenos Aires,2026-05-26,,1,,1
49754,80781,29824584,Ramiro,Díaz,M,2005-10-14,Argentina,2024,19,0,,1,2024.0,Tecnicatura Universitaria En Programación,Pregrado,3,,Facultad Regional Buenos Aires,2026-05-26,,1,,1
49764,62079,29826741,Hernán,López,M,2005-11-25,Argentina,2024,19,0,,1,2024.0,Tecnicatura Universitaria En Programación,Pregrado,3,,Facultad Regional Buenos Aires,2026-05-26,,1,,1
49795,63026,29832825,Ramiro,López,M,2006-11-03,Argentina,2024,18,0,,1,2024.0,Tecnicatura Universitaria En Programación,Pregrado,3,,Facultad Regional Buenos Aires,2026-05-26,,1,,1
49797,54437,29833069,Gonzalo,Giménez,M,2007-10-28,No especificado,2020,13,0,,1,2020.0,Ingeniería Mecánica,Grado,5,,Facultad Regional Buenos Aires,2026-05-26,,1,,1
49839,106819,29840985,Matías,Villalba,M,1994-09-12,Boliviana,2024,30,0,,1,2024.0,Tecnicatura Universitaria En Programación,Pregrado,3,,Facultad Regional Buenos Aires,2026-05-26,,1,,1
49899,35161,29850558,Ignacio,Herrera,M,2007-10-25,Argentina,2020,13,0,,1,2020.0,Ingeniería Electrónica,Grado,5,,Facultad Regional Buenos Aires,2026-05-26,,1,,1
49981,106511,29869165,Sofía,Suárez,F,2006-12-16,Argentina,2021,15,0,,1,2021.0,Tecnicatura Universitaria En Programación,Pregrado,3,,Facultad Regional Buenos Aires,2026-05-26,,1,,1
50020,34609,29878866,Maximiliano,Torres,M,2002-02-25,Argentina,2021,19,0,,1,2021.0,Tecnicatura Universitaria En Programación,Pregrado,3,,Facultad Regional Buenos Aires,2026-05-26,,1,,1
50048,54516,29883190,Maximiliano,Rojas,M,2006-03-14,Argentina,2020,14,0,,1,2020.0,Ingeniería Electrónica,Grado,5,,Facultad Regional Buenos Aires,2026-05-26,,1,,1
50062,112420,29887285,Cecilia,Suárez,F,2004-06-23,Argentina,2020,16,0,,1,2020.0,Ingeniería Mecánica,Grado,5,,Facultad Regional Buenos Aires,2026-05-26,,1,,1
50077,20640,29890390,Martín,Núñez,M,2004-11-10,Argentina,2020,16,0,,1,2020.0,Ingeniería Aeronáutica,Grado,5,,Facultad Regional Buenos Aires,2026-05-26,,1,,1
50082,25612,29890830,Ramiro,Ruiz,M,2004-06-28,Argentina,2024,20,0,,1,2024.0,Tecnicatura Universitaria En Programación,Pregrado,3,,Facultad Regional Buenos Aires,2026-05-26,,1,,1
50085,112305,29891842,Alejandro,Ortega,M,2001-06-02,No especificado,2020,19,0,,1,2020.0,Ingeniería Mecánica,Grado,5,,Facultad Regional Buenos Aires,2026-05-26,,1,,1
50112,60341,29896341,Pablo,Castro,M,2002-09-16,Argentina,2020,18,0,,1,2020.0,Ingeniería Mecánica,Grado,5,,Facultad Regional Buenos Aires,2026-05-26,,1,,1
50115,51095,29896554,Facundo,García,M,2006-11-06,Argentina,2020,14,0,,1,2020.0,Ingeniería Electrónica,Grado,5,,Facultad Regional Buenos Aires,2026-05-26,,1,,1
50161,52332,29903781,Ezequiel,Bogado,M,2007-12-07,Peruana,2020,13,0,,1,2020.0,Ingeniería Mecánica,Grado,5,,Facultad Regional Buenos Aires,2026-05-26,,1,,1
50242,79432,29920678,Micaela,González,F,2004-01-01,Argentina,2020,16,0,,1,2020.0,Ingeniería Electrónica,Grado,5,,Facultad Regional Buenos Aires,2026-05-26,,1,,1
50301,33010,29931201,Diego,Díaz,M,2005-05-13,Boliviana,2024,19,0,,1,2024.0,Tecnicatura Universitaria En Programación,Pregrado,3,,Facultad Regional Buenos Aires,2026-05-26,,1,,1
50312,94217,29931933,Hernán,Ríos,M,2000-03-09,Argentina,2020,20,0,,1,2020.0,Ingeniería Mecánica,Grado,5,,Facultad Regional Buenos Aires,2026-05-26,,1,,1
50317,14313,29932855,Verónica,Carrizo,F,2006-09-07,Argentina,2020,14,0,,1,2020.0,Ingeniería Eléctrica,Grado,5,,Facultad Regional Buenos Aires,2026-05-26,,1,,1
50404,91377,29949220,Claudio,Suárez,M,2005-01-01,Argentina,2020,15,0,,1,2020.0,Ingeniería Electrónica,Grado,5,,Facultad Regional Buenos Aires,2026-05-26,,1,,1
50406,105232,29949469,Lucas,Ledesma,M,2003-06-06,Argentina,2020,17,0,,1,2020.0,Ingeniería Aeronáutica,Grado,5,,Facultad Regional Buenos Aires,2026-05-26,,1,,1
50453,115536,29958580,Ramiro,Cruz,M,2005-12-04,Argentina,2020,15,0,,1,2020.0,Tecnicatura Universitaria En Programación,Pregrado,3,,Facultad Regional Buenos Aires,2026-05-26,,1,,1
50477,70496,29962191,Iván,Mendoza,M,2002-04-15,Argentina,2020,18,0,,1,2020.0,Ingeniería Química,Grado,5,,Facultad Regional Buenos Aires,2026-05-26,,1,,1
50478,97861,29962543,Gastón,Morales,M,2002-09-16,Argentina,2020,18,0,,1,2020.0,Ingeniería Electrónica,Grado,5,,Facultad Regional Buenos Aires,2026-05-26,,1,,1
50593,48851,29986700,Ignacio,Carrizo,M,2005-11-23,Argentina,2020,15,0,,1,2020.0,Tecnicatura Universitaria En Programación,Pregrado,3,,Facultad Regional Buenos Aires,2026-05-26,,1,,1
50618,35866,29991604,Iván,Herrera,M,2000-01-13,Argentina,2024,24,0,,1,2024.0,Tecnicatura Universitaria En Programación,Pregrado,3,,Facultad Regional Buenos Aires,2026-05-26,,1,,1
50667,115929,30000817,Cristian,Acosta,M,2005-02-11,Argentina,2020,15,0,,1,2020.0,Ingeniería Mecánica,Grado,5,,Facultad Regional Buenos Aires,2026-05-26,,1,,1
50749,32435,30015906,Matías,Cabrera,M,2007-05-31,Argentina,2024,17,0,,1,2024.0,Tecnicatura Universitaria En Programación,Pregrado,3,,Facultad Regional Buenos Aires,2026-05-26,,1,,1
50805,105877,30026592,Julián,Díaz,M,1997-06-14,Argentina,2020,23,0,,1,2020.0,Ingeniería Electrónica,Grado,5,,Facultad Regional Buenos Aires,2026-05-26,,1,,1
50826,61149,30030157,Romina,Apaza,F,2004-03-28,Peruana,2020,16,0,,1,2020.0,Ingeniería Química,Grado,5,,Facultad Regional Buenos Aires,2026-05-26,,1,,1
50834,68286,30031790,Emilio,Ledesma,M,2007-08-19,Argentina,2020,13,0,,1,2020.0,Ingeniería Mecánica,Grado,5,,Facultad Regional Buenos Aires,2026-05-26,,1,,1
50889,72943,30040992,Agustín,Vega,M,2004-11-26,Argentina,2020,16,0,,1,2020.0,Tecnicatura Universitaria En Programación,Pregrado,3,,Facultad Regional Buenos Aires,2026-05-26,,1,,1
50900,246,30044309,Emilio,Reyes,M,2000-12-09,Argentina,2024,24,0,,1,2024.0,Tecnicatura Universitaria En Programación,Pregrado,3,,Facultad Regional Buenos Aires,2026-05-26,,1,,1
50912,66207,30045996,Gonzalo,Giménez,M,2003-11-09,Boliviana,2020,17,0,,1,2020.0,Tecnicatura Universitaria En Programación,Pregrado,3,,Facultad Regional Buenos Aires,2026-05-26,,1,,1
50953,28141,30053016,Lucas,Lima,M,1998-09-24,Peruana,2020,22,0,,1,2020.0,Ingeniería Mecánica,Grado,5,,Facultad Regional Buenos Aires,2026-05-26,,1,,1
50962,110213,30054323,Lucas,Rojas,M,2004-03-27,Argentina,2020,16,0,,1,2020.0,Ingeniería Electrónica,Grado,5,,Facultad Regional Buenos Aires,2026-05-26,,1,,1
50983,74320,30059690,Agustín,Ramos,M,2007-09-02,Argentina,2020,13,0,,1,2020.0,Ingeniería Mecánica,Grado,5,,Facultad Regional Buenos Aires,2026-05-26,,1,,1
50988,113910,30061336,Julián,Carrizo,M,2007-04-08,Argentina,2020,13,0,,1,2020.0,Ingeniería Mecánica,Grado,5,,Facultad Regional Buenos Aires,2026-05-26,,1,,1
50989,91131,30061585,Silvina,Oliveira,F,2003-10-02,Chilena,2020,17,0,,1,2020.0,Ingeniería Eléctrica,Grado,5,,Facultad Regional Buenos Aires,2026-05-26,,1,,1
51002,35490,30063365,Alejandro,Herrera,M,2003-11-25,Argentina,2020,17,0,,1,2020.0,Ingeniería Electrónica,Grado,5,,Facultad Regional Buenos Aires,2026-05-26,,1,,1
51007,124128,30064186,Emilio,Benítez,M,2007-01-30,Venezolana,2020,13,0,,1,2020.0,Ingeniería Eléctrica,Grado,5,,Facultad Regional Buenos Aires,2026-05-26,,1,,1
51062,80728,30075726,Nicolás,Gómez,M,2007-09-09,No especificado,2020,13,0,,1,2020.0,Ingeniería Mecánica,Grado,5,,Facultad Regional Buenos Aires,2026-05-26,,1,,1
51104,114801,30083921,Matías,Ramos,M,2007-01-07,Argentina,2020,13,0,,1,2020.0,Ingeniería Eléctrica,Grado,5,,Facultad Regional Buenos Aires,2026-05-26,,1,,1
51156,125037,30093839,Facundo Facundo,Torres,M,2005-05-06,Argentina,2024,19,0,,1,2024.0,Tecnicatura Universitaria En Programación,Pregrado,3,,Facultad Regional Buenos Aires,2026-05-26,,1,,1
51203,122309,30104263,Matías,Molina,M,2004-06-24,Argentina,2024,20,0,,1,2024.0,Tecnicatura Universitaria En Programación,Pregrado,3,,Facultad Regional Buenos Aires,2026-05-26,,1,,1
51254,109615,30114443,Sergio,Gómez,M,2005-02-13,Argentina,2024,19,0,,1,2024.0,Tecnicatura Universitaria En Programación,Pregrado,3,,Facultad Regional Buenos Aires,2026-05-26,,1,,1
51271,92885,30117865,Santiago,Díaz,M,2006-02-11,Argentina,2020,14,0,,1,2020.0,Ingeniería Eléctrica,Grado,5,,Facultad Regional Buenos Aires,2026-05-26,,1,,1
51275,77923,30119133,Hernán,Silva,M,2007-10-29,Chilena,2020,13,0,,1,2020.0,Ingeniería Aeronáutica,Grado,5,,Facultad Regional Buenos Aires,2026-05-26,,1,,1
51329,32777,30130028,Federico,Benítez,M,2006-10-13,Colombiana,2020,14,0,,1,2020.0,Ingeniería Mecánica,Grado,5,,Facultad Regional Buenos Aires,2026-05-26,,1,,1
51343,91756,30132054,Gabriela,Huanca,F,2001-01-01,Paraguaya,2020,19,0,,1,2020.0,Ingeniería Mecánica,Grado,5,,Facultad Regional Buenos Aires,2026-05-26,,1,,1
51345,27664,30132291,Pablo,Benítez,M,2001-07-20,Peruana,2024,23,0,,1,2024.0,Tecnicatura Universitaria En Programación,Pregrado,3,,Facultad Regional Buenos Aires,2026-05-26,,1,,1
51445,50176,30152168,Pablo,Martínez,M,2007-04-04,Argentina,2024,17,0,,1,2024.0,Tecnicatura Universitaria En Programación,Pregrado,3,,Facultad Regional Buenos Aires,2026-05-26,,1,,1
51532,21852,30169909,Matías,Reyes,M,2006-09-24,Argentina,2020,14,0,,1,2020.0,Ingeniería Aeronáutica,Grado,5,,Facultad Regional Buenos Aires,2026-05-26,,1,,1
51582,18407,30179543,Santiago,Torres,M,2005-09-30,Argentina,2020,15,0,,1,2020.0,Ingeniería Electrónica,Grado,5,,Facultad Regional Buenos Aires,2026-05-26,,1,,1
51594,119447,30182410,Ezequiel,Ramírez,M,2002-10-31,Argentina,2024,22,0,,1,2024.0,Tecnicatura Universitaria En Programación,Pregrado,3,,Facultad Regional Buenos Aires,2026-05-26,,1,,1
51622,56538,30188518,Gastón,Núñez,M,2000-01-01,Argentina,2020,20,0,,1,2020.0,Tecnicatura Universitaria En Programación,Pregrado,3,,Facultad Regional Buenos Aires,2026-05-26,,1,,1
51655,23411,30194398,Emilio,Suárez,M,1999-05-16,Argentina,2020,21,0,,1,2020.0,Ingeniería Química,Grado,5,,Facultad Regional Buenos Aires,2026-05-26,,1,,1
51728,51098,30207860,Gonzalo Gonzalo,Moreno,M,2006-07-24,Argentina,2020,14,0,,1,2020.0,Tecnicatura Universitaria En Programación,Pregrado,3,,Facultad Regional Buenos Aires,2026-05-26,,1,,1
51736,42289,30209310,Maximiliano,Rodríguez,M,2003-06-12,Argentina,2020,17,0,,1,2020.0,Ingeniería Mecánica,Grado,5,,Facultad Regional Buenos Aires,2026-05-26,,1,,1
51785,63033,30218228,Iván,Ortega,M,2000-01-13,Argentina,2020,20,0,,1,2020.0,Tecnicatura Universitaria En Programación,Pregrado,3,,Facultad Regional Buenos Aires,2026-05-26,,1,,1
51791,76427,30219073,Claudia,Díaz,F,2007-04-26,Argentina,2021,14,0,,1,2021.0,Tecnicatura Universitaria En Programación,Pregrado,3,,Facultad Regional Buenos Aires,2026-05-26,,1,,1
51920,6770,30247147,Emilio,Pérez,M,2007-03-10,Argentina,2020,13,0,,1,2020.0,Ingeniería Mecánica,Grado,5,,Facultad Regional Buenos Aires,2026-05-26,,1,,1
51959,128496,30255217,Alejandro,Fernández,M,2004-06-30,Argentina,2020,16,0,,1,2020.0,Ingeniería Eléctrica,Grado,5,,Facultad Regional Buenos Aires,2026-05-26,,1,,1
51961,35446,30255328,Rodrigo,Mendoza,M,2006-05-30,Argentina,2020,14,0,,1,2020.0,Tecnicatura Universitaria En Programación,Pregrado,3,,Facultad Regional Buenos Aires,2026-05-26,,1,,1
51988,3925,30260646,Ezequiel,Acosta,M,2006-01-01,Argentina,2020,14,0,,1,2020.0,Ingeniería Mecánica,Grado,5,,Facultad Regional Buenos Aires,2026-05-26,,1,,1
52040,95338,30268908,Leandro,Sánchez,M,2002-04-11,Argentina,2020,18,0,,1,2020.0,Ingeniería Mecánica,Grado,5,,Facultad Regional Buenos Aires,2026-05-26,,1,,1
52058,39878,30272034,Sebastián,Ojeda,M,2004-10-18,Argentina,2020,16,0,,1,2020.0,Ingeniería Aeronáutica,Grado,5,,Facultad Regional Buenos Aires,2026-05-26,,1,,1
52108,91604,30280469,Martín,Martínez,M,2005-11-15,Argentina,2020,15,0,,1,2020.0,Tecnicatura Universitaria En Programación,Pregrado,3,,Facultad Regional Buenos Aires,2026-05-26,,1,,1
52122,56149,30282845,Cristian,Martínez,M,2002-06-17,Argentina,2020,18,0,,1,2020.0,Ingeniería Electrónica,Grado,5,,Facultad Regional Buenos Aires,2026-05-26,,1,,1
52153,56961,30289895,Santiago,Molina,M,2000-12-04,Argentina,2021,21,0,,1,2021.0,Tecnicatura Universitaria En Programación,Pregrado,3,,Facultad Regional Buenos Aires,2026-05-26,,1,,1
52197,55015,30298485,Camila,Flores,F,2004-10-14,Argentina,2020,16,0,,1,2020.0,Ingeniería Mecánica,Grado,5,,Facultad Regional Buenos Aires,2026-05-26,,1,,1
52287,3625,30315977,Gonzalo,Flores,M,2002-10-19,Argentina,2024,22,0,,1,2024.0,Tecnicatura Universitaria En Programación,Pregrado,3,,Facultad Regional Buenos Aires,2026-05-26,,1,,1
52324,12957,30323819,Soledad,Rodríguez,F,1996-01-27,Argentina,2020,24,0,,1,2020.0,Tecnicatura Universitaria En Programación,Pregrado,3,,Facultad Regional Buenos Aires,2026-05-26,,1,,1
52335,43477,30325392,Fernando,Souza,M,2002-04-24,Venezolana,2020,18,0,,1,2020.0,Ingeniería Eléctrica,Grado,5,,Facultad Regional Buenos Aires,2026-05-26,,1,,1
52473,27803,30354181,Tomás,Ríos,M,2003-10-20,Argentina,2020,17,0,,1,2020.0,Ingeniería Mecánica,Grado,5,,Facultad Regional Buenos Aires,2026-05-26,,1,,1
52510,92514,30363467,Julián,Pérez,M,2002-05-27,Argentina,2020,18,0,,1,2020.0,Ingeniería Aeronáutica,Grado,5,,Facultad Regional Buenos Aires,2026-05-26,,1,,1
52536,54227,30368052,Fernando,Muñoz,M,2001-08-25,Peruana,2020,19,0,,1,2020.0,Ingeniería Electrónica,Grado,5,,Facultad Regional Buenos Aires,2026-05-26,,1,,1
52676,110001,30394372,Gabriela,Ramírez,F,2004-11-17,Argentina,2020,16,0,,1,2020.0,Ingeniería Electrónica,Grado,5,,Facultad Regional Buenos Aires,2026-05-26,,1,,1
52690,35206,30397090,Santiago,González,M,2005-02-24,Argentina,2024,19,0,,1,2024.0,Tecnicatura Universitaria En Programación,Pregrado,3,,Facultad Regional Buenos Aires,2026-05-26,,1,,1
52698,128159,30399183,Iván,Suárez,M,2001-02-27,Argentina,2024,23,0,,1,2024.0,Tecnicatura Universitaria En Programación,Pregrado,3,,Facultad Regional Buenos Aires,2026-05-26,,1,,1
52750,67137,30408830,Ezequiel,Reyes,M,2001-09-30,Argentina,2024,23,0,,1,2024.0,Tecnicatura Universitaria En Programación,Pregrado,3,,Facultad Regional Buenos Aires,2026-05-26,,1,,1
52775,109034,30414807,Claudia,Quispe,F,2004-10-02,Peruana,2020,16,0,,1,2020.0,Ingeniería Química,Grado,5,,Facultad Regional Buenos Aires,2026-05-26,,1,,1
52785,106038,30417587,Martín,Martínez,M,2007-08-29,Argentina,2024,17,0,,1,2024.0,Tecnicatura Universitaria En Programación,Pregrado,3,,Facultad Regional Buenos Aires,2026-05-26,,1,,1
52798,37096,30420193,Ramiro,Ledesma,M,2004-04-29,Argentina,2024,20,0,,1,2024.0,Tecnicatura Universitaria En Programación,Pregrado,3,,Facultad Regional Buenos Aires,2026-05-26,,1,,1
52841,32683,30430647,Sergio,Martínez,M,2007-09-10,Argentina,2024,17,0,,1,2024.0,Tecnicatura Universitaria En Programación,Pregrado,3,,Facultad Regional Buenos Aires,2026-05-26,,1,,1
52857,79747,30432374,Ramiro,Mendoza,M,2001-11-01,Argentina,2024,23,0,,1,2024.0,Tecnicatura Universitaria En Programación,Pregrado,3,,Facultad Regional Buenos Aires,2026-05-26,,1,,1
52925,40234,30448041,Leandro,Lima,M,2005-12-23,Colombiana,2024,19,0,,1,2024.0,Tecnicatura Universitaria En Programación,Pregrado,3,,Facultad Regional Buenos Aires,2026-05-26,,1,,1
53081,68603,30479206,Ezequiel,Rojas,M,2003-08-22,Argentina,2024,21,0,,1,2024.0,Tecnicatura Universitaria En Programación,Pregrado,3,,Facultad Regional Buenos Aires,2026-05-26,,1,,1
53112,75984,30486899,Alejandro,Castro,M,2001-10-25,Argentina,2020,19,0,,1,2020.0,Ingeniería Aeronáutica,Grado,5,,Facultad Regional Buenos Aires,2026-05-26,,1,,1
53125,10146,30489176,Verónica,Souza,F,2007-10-25,Peruana,2021,14,0,,1,2021.0,Tecnicatura Universitaria En Programación,Pregrado,3,,Facultad Regional Buenos Aires,2026-05-26,,1,,1
53134,56487,30491482,Alejandra,Rojas,F,2006-04-07,Argentina,2020,14,0,,1,2020.0,Ingeniería Mecánica,Grado,5,,Facultad Regional Buenos Aires,2026-05-26,,1,,1
53184,97648,30498973,Luciana,Gómez,F,2003-11-04,Argentina,2020,17,0,,1,2020.0,Ingeniería Química,Grado,5,,Facultad Regional Buenos Aires,2026-05-26,,1,,1
53283,33654,30520504,Matías,Rojas,M,2003-03-03,Argentina,2020,17,0,,1,2020.0,Ingeniería Mecánica,Grado,5,,Facultad Regional Buenos Aires,2026-05-26,,1,,1
53289,97054,30521607,Lucas,Ramos,M,2003-07-07,Argentina,2020,17,0,,1,2020.0,Ingeniería Electrónica,Grado,5,,Facultad Regional Buenos Aires,2026-05-26,,1,,1
53292,46781,30522464,Gonzalo,Torres,M,2006-12-10,Argentina,2020,14,0,,1,2020.0,Ingeniería Mecánica,Grado,5,,Facultad Regional Buenos Aires,2026-05-26,,1,,1
53300,36362,30524858,Leandro,Ramírez,M,2003-09-11,Argentina,2020,17,0,,1,2020.0,Ingeniería Mecánica,Grado,5,,Facultad Regional Buenos Aires,2026-05-26,,1,,1
53328,81389,30531305,Iván,Ruiz,M,2006-08-22,Argentina,2020,14,0,,1,2020.0,Ingeniería Electrónica,Grado,5,,Facultad Regional Buenos Aires,2026-05-26,,1,,1
53333,12153,30531978,Sofía,Castro,F,2001-03-12,Argentina,2021,20,0,,1,2021.0,Tecnicatura Universitaria En Programación,Pregrado,3,,Facultad Regional Buenos Aires,2026-05-26,,1,,1
53340,4879,30532405,Alejandro,Mendoza,M,2003-09-24,Argentina,2020,17,0,,1,2020.0,Ingeniería Mecánica,Grado,5,,Facultad Regional Buenos Aires,2026-05-26,,1,,1
53351,84327,30535084,Maximiliano Maximiliano,Oliveira,M,2000-03-27,No especificado,2024,24,0,,1,2024.0,Tecnicatura Universitaria En Programación,Pregrado,3,,Facultad Regional Buenos Aires,2026-05-26,,1,,1
53504,84457,30563240,Sergio,López,M,2003-01-01,Argentina,2020,17,0,,1,2020.0,Ingeniería Eléctrica,Grado,5,,Facultad Regional Buenos Aires,2026-05-26,,1,,1
53611,78065,30587795,Sergio,Fuentes,M,2007-07-20,Chilena,2020,13,0,,1,2020.0,Ingeniería Mecánica,Grado,5,,Facultad Regional Buenos Aires,2026-05-26,,1,,1
53642,124701,30593276,Maximiliano,Vera,M,1998-12-01,No especificado,2020,22,0,,1,2020.0,Ingeniería Mecánica,Grado,5,,Facultad Regional Buenos Aires,2026-05-26,,1,,1
53683,91765,30599631,Federico,Cruz,M,1997-08-29,Argentina,2020,23,0,,1,2020.0,Tecnicatura Universitaria En Programación,Pregrado,3,,Facultad Regional Buenos Aires,2026-05-26,,1,,1
53710,11080,30606545,Claudio,Castro,M,2003-08-09,Argentina,2020,17,0,,1,2020.0,Ingeniería Eléctrica,Grado,5,,Facultad Regional Buenos Aires,2026-05-26,,1,,1
53712,87469,30606935,Vanesa,Ortega,F,2007-06-03,Argentina,2020,13,0,,1,2020.0,Tecnicatura Universitaria En Programación,Pregrado,3,,Facultad Regional Buenos Aires,2026-05-26,,1,,1
53818,115867,30629457,Alejandro,Sánchez,M,2005-03-24,Argentina,2020,15,0,,1,2020.0,Tecnicatura Universitaria En Programación,Pregrado,3,,Facultad Regional Buenos Aires,2026-05-26,,1,,1
53847,83233,30636072,Lucas,Carrizo,M,2001-06-01,Argentina,2024,23,0,,1,2024.0,Tecnicatura Universitaria En Programación,Pregrado,3,,Facultad Regional Buenos Aires,2026-05-26,,1,,1
53885,90818,30644324,Ezequiel,Moreno,M,2006-05-29,Argentina,2020,14,0,,1,2020.0,Ingeniería Eléctrica,Grado,5,,Facultad Regional Buenos Aires,2026-05-26,,1,,1
53918,2192,30651402,Federico,Benítez,M,2006-05-04,Colombiana,2024,18,0,,1,2024.0,Tecnicatura Universitaria En Programación,Pregrado,3,,Facultad Regional Buenos Aires,2026-05-26,,1,,1
53959,64080,30663282,Soledad,Mendoza,F,2001-11-05,Argentina,2021,20,0,,1,2021.0,Tecnicatura Universitaria En Programación,Pregrado,3,,Facultad Regional Buenos Aires,2026-05-26,,1,,1
53971,51205,30667306,Emilio,Bogado,M,2001-02-09,Uruguaya,2020,19,0,,1,2020.0,Ingeniería Electrónica,Grado,5,,Facultad Regional Buenos Aires,2026-05-26,,1,,1
54149,80035,30705222,Pablo,Ledesma,M,2004-01-22,Argentina,2020,16,0,,1,2020.0,Ingeniería Mecánica,Grado,5,,Facultad Regional Buenos Aires,2026-05-26,,1,,1
54171,19127,30709441,Santiago,Ruiz,M,2006-01-06,Argentina,2020,14,0,,1,2020.0,Ingeniería Electrónica,Grado,5,,Facultad Regional Buenos Aires,2026-05-26,,1,,1
54180,112443,30711362,Ignacio,Benítez,M,2007-04-09,Paraguaya,2020,13,0,,1,2020.0,Ingeniería Química,Grado,5,,Facultad Regional Buenos Aires,2026-05-26,,1,,1
54226,10209,30718988,Ezequiel,Ramos,M,2005-01-12,Argentina,2020,15,0,,1,2020.0,Ingeniería Electrónica,Grado,5,,Facultad Regional Buenos Aires,2026-05-26,,1,,1
54233,1055,30721181,Agustín,Álvarez,M,2002-12-18,Argentina,2020,18,0,,1,2020.0,Tecnicatura Universitaria En Programación,Pregrado,3,,Facultad Regional Buenos Aires,2026-05-26,,1,,1
54261,114046,30728146,Natalia,Ríos,F,2001-09-08,Argentina,2020,19,0,,1,2020.0,Ingeniería Electrónica,Grado,5,,Facultad Regional Buenos Aires,2026-05-26,,1,,1
54266,63315,30729259,Pablo,Molina,M,2001-01-01,Argentina,2024,23,0,,1,2024.0,Tecnicatura Universitaria En Programación,Pregrado,3,,Facultad Regional Buenos Aires,2026-05-26,,1,,1
54357,84748,30746518,Claudio Claudio,Pérez,M,2002-05-02,Argentina,2020,18,0,,1,2020.0,Ingeniería Química,Grado,5,,Facultad Regional Buenos Aires,2026-05-26,,1,,1
54449,25349,30764458,Ezequiel Ezequiel,Núñez,M,2003-03-29,Argentina,2020,17,0,,1,2020.0,Tecnicatura Universitaria En Programación,Pregrado,3,,Facultad Regional Buenos Aires,2026-05-26,,1,,1
54539,51763,30783665,Sergio,Fernández,M,2007-07-06,Argentina,2020,13,0,,1,2020.0,Ingeniería Electrónica,Grado,5,,Facultad Regional Buenos Aires,2026-05-26,,1,,1
54596,24138,30796766,Facundo,Suárez,M,2007-11-29,Argentina,2024,17,0,,1,2024.0,Tecnicatura Universitaria En Programación,Pregrado,3,,Facultad Regional Buenos Aires,2026-05-26,,1,,1
54607,16609,30798686,Ramiro,Pereira,M,2002-05-07,Colombiana,2020,18,0,,1,2020.0,Ingeniería Mecánica,Grado,5,,Facultad Regional Buenos Aires,2026-05-26,,1,,1
54615,70775,30800290,Claudio,Suárez,M,2002-09-04,Argentina,2020,18,0,,1,2020.0,Ingeniería Mecánica,Grado,5,,Facultad Regional Buenos Aires,2026-05-26,,1,,1
54760,373,30827329,Silvina,Díaz,F,2002-11-12,Argentina,2024,22,0,,1,2024.0,Tecnicatura Universitaria En Programación,Pregrado,3,,Facultad Regional Buenos Aires,2026-05-26,,1,,1
54786,97516,30832427,Emilio,Sánchez,M,2007-02-19,Argentina,2020,13,0,,1,2020.0,Ingeniería Aeronáutica,Grado,5,,Facultad Regional Buenos Aires,2026-05-26,,1,,1
54790,74409,30833459,Leandro,Herrera,M,1997-05-04,Argentina,2020,23,0,,1,2020.0,Ingeniería Eléctrica,Grado,5,,Facultad Regional Buenos Aires,2026-05-26,,1,,1
54792,32692,30833897,Ignacio,Reyes,M,2004-01-01,Argentina,2020,16,0,,1,2020.0,Ingeniería Mecánica,Grado,5,,Facultad Regional Buenos Aires,2026-05-26,,1,,1
54830,115427,30841611,Emilio,Ríos,M,2004-07-29,Argentina,2021,17,0,,1,2021.0,Tecnicatura Universitaria En Programación,Pregrado,3,,Facultad Regional Buenos Aires,2026-05-26,,1,,1
54831,111245,30841640,Emilio,Fernández,M,2002-05-27,Argentina,2024,22,0,,1,2024.0,Tecnicatura Universitaria En Programación,Pregrado,3,,Facultad Regional Buenos Aires,2026-05-26,,1,,1
54882,108425,30850146,Noelia,Herrera,F,2007-10-22,Argentina,2020,13,0,,1,2020.0,Ingeniería Electrónica,Grado,5,,Facultad Regional Buenos Aires,2026-05-26,,1,,1
54924,37776,30858425,Alejandro,Souza,M,2001-09-12,Colombiana,2020,19,0,,1,2020.0,Ingeniería Eléctrica,Grado,5,,Facultad Regional Buenos Aires,2026-05-26,,1,,1
54968,108087,30865700,Santiago,Ruiz,M,2007-05-06,Argentina,2021,14,0,,1,2021.0,Tecnicatura Universitaria En Programación,Pregrado,3,,Facultad Regional Buenos Aires,2026-05-26,,1,,1
54976,106813,30867481,Florencia,Ojeda,F,2007-06-09,Argentina,2020,13,0,,1,2020.0,Ingeniería Química,Grado,5,,Facultad Regional Buenos Aires,2026-05-26,,1,,1
54984,94950,30869494,Damián,Ramos,M,2006-07-02,Argentina,2024,18,0,,1,2024.0,Tecnicatura Universitaria En Programación,Pregrado,3,,Facultad Regional Buenos Aires,2026-05-26,,1,,1
55061,7709,30884919,Cristian,Ríos,M,1998-01-26,Argentina,2024,26,0,,1,2024.0,Tecnicatura Universitaria En Programación,Pregrado,3,,Facultad Regional Buenos Aires,2026-05-26,,1,,1
55121,42985,30898064,Santiago,Apaza,M,2002-04-15,Paraguaya,2020,18,0,,1,2020.0,Ingeniería Electrónica,Grado,5,,Facultad Regional Buenos Aires,2026-05-26,,1,,1
55132,126168,30899808,Leandro,Ledesma,M,2005-03-29,Argentina,2020,15,0,,1,2020.0,Ingeniería Aeronáutica,Grado,5,,Facultad Regional Buenos Aires,2026-05-26,,1,,1
55152,69362,30902351,Agustín,Cabrera,M,2007-03-28,Argentina,2020,13,0,,1,2020.0,Ingeniería Aeronáutica,Grado,5,,Facultad Regional Buenos Aires,2026-05-26,,1,,1
55158,19250,30904261,Claudia,Apaza,F,2001-05-14,Brasileña,2020,19,0,,1,2020.0,Ingeniería Mecánica,Grado,5,,Facultad Regional Buenos Aires,2026-05-26,,1,,1
55166,127901,30905464,Martín,Cabrera,M,2002-04-24,Argentina,2021,19,0,,1,2021.0,Tecnicatura Universitaria En Programación,Pregrado,3,,Facultad Regional Buenos Aires,2026-05-26,,1,,1
55172,56981,30906471,Gastón,Mendoza,M,2005-07-25,Argentina,2020,15,0,,1,2020.0,Ingeniería Mecánica,Grado,5,,Facultad Regional Buenos Aires,2026-05-26,,1,,1
55179,55065,30908673,Maximiliano,Ortega,M,2002-03-08,Argentina,2020,18,0,,1,2020.0,Ingeniería Mecánica,Grado,5,,Facultad Regional Buenos Aires,2026-05-26,,1,,1
55227,57854,30918865,Emilio,Cabrera,M,2000-09-21,Argentina,2024,24,0,,1,2024.0,Tecnicatura Universitaria En Programación,Pregrado,3,,Facultad Regional Buenos Aires,2026-05-26,,1,,1
55281,107670,30931267,Claudio,Núñez,M,1998-08-24,Argentina,2020,22,0,,1,2020.0,Ingeniería Mecánica,Grado,5,,Facultad Regional Buenos Aires,2026-05-26,,1,,1
55331,114765,30939235,Gonzalo,Fuentes,M,2005-07-18,Peruana,2020,15,0,,1,2020.0,Ingeniería Química,Grado,5,,Facultad Regional Buenos Aires,2026-05-26,,1,,1
55459,101209,30965092,Hernán,Herrera,M,2006-07-03,Argentina,2020,14,0,,1,2020.0,Tecnicatura Universitaria En Programación,Pregrado,3,,Facultad Regional Buenos Aires,2026-05-26,,1,,1
55604,98295,30995639,Ignacio,Quispe,M,2007-08-20,Colombiana,2020,13,0,,1,2020.0,Ingeniería Electrónica,Grado,5,,Facultad Regional Buenos Aires,2026-05-26,,1,,1
55622,26077,30997654,Iván,Ledesma,M,2005-06-28,Argentina,2024,19,0,,1,2024.0,Tecnicatura Universitaria En Programación,Pregrado,3,,Facultad Regional Buenos Aires,2026-05-26,,1,,1
55644,33867,31001973,Natalia,Moreno,F,2007-01-20,Argentina,2024,17,0,,1,2024.0,Tecnicatura Universitaria En Programación,Pregrado,3,,Facultad Regional Buenos Aires,2026-05-26,,1,,1
55647,108977,31002704,Cristian,Gómez,M,2002-04-05,Argentina,2024,22,0,,1,2024.0,Tecnicatura Universitaria En Programación,Pregrado,3,,Facultad Regional Buenos Aires,2026-05-26,,1,,1
55694,69354,31011795,Matías,Ojeda,M,2004-04-11,Argentina,2021,17,0,,1,2021.0,Tecnicatura Universitaria En Programación,Pregrado,3,,Facultad Regional Buenos Aires,2026-05-26,,1,,1
55709,26559,31014820,Vanesa,Huanca,F,2000-01-03,Peruana,2024,24,0,,1,2024.0,Tecnicatura Universitaria En Programación,Pregrado,3,,Facultad Regional Buenos Aires,2026-05-26,,1,,1
55789,50009,31031384,Silvina,Pérez,F,2003-02-09,Argentina,2020,17,0,,1,2020.0,Ingeniería Química,Grado,5,,Facultad Regional Buenos Aires,2026-05-26,,1,,1
55843,63599,31042590,Romina,Ríos,F,2005-01-01,Argentina,2024,19,0,,1,2024.0,Tecnicatura Universitaria En Programación,Pregrado,3,,Facultad Regional Buenos Aires,2026-05-26,,1,,1
55867,13894,31047713,Iván,Castro,M,2007-09-01,Argentina,2020,13,0,,1,2020.0,Ingeniería Electrónica,Grado,5,,Facultad Regional Buenos Aires,2026-05-26,,1,,1
55868,7360,31048291,Pablo,Ledesma,M,2007-04-11,Argentina,2024,17,0,,1,2024.0,Tecnicatura Universitaria En Programación,Pregrado,3,,Facultad Regional Buenos Aires,2026-05-26,,1,,1
55879,86289,31050075,Emilio,Morales,M,2001-02-26,Argentina,2020,19,0,,1,2020.0,Ingeniería Mecánica,Grado,5,,Facultad Regional Buenos Aires,2026-05-26,,1,,1
55891,29192,31052763,Carolina,Rojas,F,2006-01-01,Argentina,2024,18,0,,1,2024.0,Tecnicatura Universitaria En Programación,Pregrado,3,,Facultad Regional Buenos Aires,2026-05-26,,1,,1
55991,22954,31069791,Cristian,Mendoza,M,2004-08-16,Argentina,2020,16,0,,1,2020.0,Ingeniería Electrónica,Grado,5,,Facultad Regional Buenos Aires,2026-05-26,,1,,1
56037,105766,31077383,Julián,Peralta,M,2001-03-03,Argentina,2020,19,0,,1,2020.0,Ingeniería Aeronáutica,Grado,5,,Facultad Regional Buenos Aires,2026-05-26,,1,,1
56150,113372,31101772,Ignacio Ignacio,Vargas,M,2006-11-11,Argentina,2020,14,0,,1,2020.0,Ingeniería Mecánica,Grado,5,,Facultad Regional Buenos Aires,2026-05-26,,1,,1
56171,52856,31107191,Iván,Sánchez,M,2003-07-13,Argentina,2020,17,0,,1,2020.0,Ingeniería Mecánica,Grado,5,,Facultad Regional Buenos Aires,2026-05-26,,1,,1
56180,62388,31108760,Agustín,Vargas,M,1999-09-12,Argentina,2020,21,0,,1,2020.0,Ingeniería Electrónica,Grado,5,,Facultad Regional Buenos Aires,2026-05-26,,1,,1
56184,118702,31109521,Damián,González,M,2007-01-05,Argentina,2020,13,0,,1,2020.0,Ingeniería Aeronáutica,Grado,5,,Facultad Regional Buenos Aires,2026-05-26,,1,,1
56222,1198,31119306,Mariela,Ramírez,F,2004-12-08,Argentina,2024,20,0,,1,2024.0,Tecnicatura Universitaria En Programación,Pregrado,3,,Facultad Regional Buenos Aires,2026-05-26,,1,,1
56245,73511,31123111,Luciana,Cruz,F,2003-05-06,Argentina,2020,17,0,,1,2020.0,Ingeniería Química,Grado,5,,Facultad Regional Buenos Aires,2026-05-26,,1,,1
56249,52426,31123948,Gonzalo,Torres,M,2002-04-10,Argentina,2020,18,0,,1,2020.0,Ingeniería Eléctrica,Grado,5,,Facultad Regional Buenos Aires,2026-05-26,,1,,1
56315,68217,31137762,Agustín,Ojeda,M,2003-09-22,Argentina,2024,21,0,,1,2024.0,Tecnicatura Universitaria En Programación,Pregrado,3,,Facultad Regional Buenos Aires,2026-05-26,,1,,1
56376,39867,31148776,Pablo,Lima,M,2006-04-26,Uruguaya,2020,14,0,,1,2020.0,Ingeniería Eléctrica,Grado,5,,Facultad Regional Buenos Aires,2026-05-26,,1,,1
56413,89389,31157604,Jimena,Ruiz,F,2003-02-03,Argentina,2020,17,0,,1,2020.0,Ingeniería Química,Grado,5,,Facultad Regional Buenos Aires,2026-05-26,,1,,1
56448,50356,31165561,Pablo,Rojas,M,2004-04-17,Argentina,2020,16,0,,1,2020.0,Tecnicatura Universitaria En Programación,Pregrado,3,,Facultad Regional Buenos Aires,2026-05-26,,1,,1
56485,70939,31171570,Tomás,Vargas,M,1999-08-27,Argentina,2024,25,0,,1,2024.0,Tecnicatura Universitaria En Programación,Pregrado,3,,Facultad Regional Buenos Aires,2026-05-26,,1,,1
56522,52826,31179320,Patricia,Vega,F,2005-08-10,Argentina,2020,15,0,,1,2020.0,Ingeniería Eléctrica,Grado,5,,Facultad Regional Buenos Aires,2026-05-26,,1,,1
56607,24203,31193919,Diego,Rojas,M,2001-08-08,Argentina,2020,19,0,,1,2020.0,Ingeniería Mecánica,Grado,5,,Facultad Regional Buenos Aires,2026-05-26,,1,,1
56626,78030,31196529,Claudio,Silva,M,2002-01-01,Paraguaya,2020,18,0,,1,2020.0,Ingeniería Mecánica,Grado,5,,Facultad Regional Buenos Aires,2026-05-26,,1,,1
56652,118252,31202389,Noelia,Souza,F,2004-10-08,Chilena,2024,20,0,,1,2024.0,Tecnicatura Universitaria En Programación,Pregrado,3,,Facultad Regional Buenos Aires,2026-05-26,,1,,1
56676,31181,31206567,Mariela,Morales,F,2000-08-24,Argentina,2024,24,0,,1,2024.0,Tecnicatura Universitaria En Programación,Pregrado,3,,Facultad Regional Buenos Aires,2026-05-26,,1,,1
56679,19784,31207421,Matías,Quispe,M,2004-02-25,Venezolana,2020,16,0,,1,2020.0,Ingeniería Electrónica,Grado,5,,Facultad Regional Buenos Aires,2026-05-26,,1,,1
56680,78142,31207926,Gastón,Ruiz,M,2004-04-26,Argentina,2020,16,0,,1,2020.0,Tecnicatura Universitaria En Programación,Pregrado,3,,Facultad Regional Buenos Aires,2026-05-26,,1,,1
56956,82711,31261853,Gonzalo,Ojeda,M,2005-08-02,Argentina,2020,15,0,,1,2020.0,Ingeniería Mecánica,Grado,5,,Facultad Regional Buenos Aires,2026-05-26,,1,,1
56973,98648,31266762,Maximiliano,García,M,2000-02-14,Argentina,2024,24,0,,1,2024.0,Tecnicatura Universitaria En Programación,Pregrado,3,,Facultad Regional Buenos Aires,2026-05-26,,1,,1
56991,60829,31270613,Santiago,Fuentes,M,2007-06-14,Paraguaya,2020,13,0,,1,2020.0,Ingeniería Mecánica,Grado,5,,Facultad Regional Buenos Aires,2026-05-26,,1,,1
57032,72610,31281627,Leandro,Rodríguez,M,2006-12-12,Argentina,2020,14,0,,1,2020.0,Ingeniería Mecánica,Grado,5,,Facultad Regional Buenos Aires,2026-05-26,,1,,1
57059,40812,31287489,Claudio Claudio,Torres,M,1999-01-01,Argentina,2020,21,0,,1,2020.0,Ingeniería Mecánica,Grado,5,,Facultad Regional Buenos Aires,2026-05-26,,1,,1
57068,50149,31288443,Alejandro,Sánchez,M,2007-10-10,Argentina,2024,17,0,,1,2024.0,Tecnicatura Universitaria En Programación,Pregrado,3,,Facultad Regional Buenos Aires,2026-05-26,,1,,1
57115,108895,31297587,Martín,Álvarez,M,2004-08-29,Argentina,2024,20,0,,1,2024.0,Tecnicatura Universitaria En Programación,Pregrado,3,,Facultad Regional Buenos Aires,2026-05-26,,1,,1
57147,105699,31305536,Claudio,Reyes,M,2000-11-21,Argentina,2020,20,0,,1,2020.0,Ingeniería Eléctrica,Grado,5,,Facultad Regional Buenos Aires,2026-05-26,,1,,1
57241,53969,31325682,Julián,Cruz,M,2007-09-19,Argentina,2020,13,0,,1,2020.0,Ingeniería Química,Grado,5,,Facultad Regional Buenos Aires,2026-05-26,,1,,1
57247,98172,31326436,Cecilia,Díaz,F,2004-12-23,Boliviana,2020,16,0,,1,2020.0,Ingeniería Mecánica,Grado,5,,Facultad Regional Buenos Aires,2026-05-26,,1,,1
57270,32299,31331125,Mariana,Vargas,F,2005-08-19,No especificado,2020,15,0,,1,2020.0,Ingeniería Mecánica,Grado,5,,Facultad Regional Buenos Aires,2026-05-26,,1,,1
57281,93576,31332820,Martín,Cruz,M,2004-09-09,Argentina,2020,16,0,,1,2020.0,Ingeniería Eléctrica,Grado,5,,Facultad Regional Buenos Aires,2026-05-26,,1,,1
57347,52017,31344362,Sofía,Pérez,F,2000-04-03,Argentina,2020,20,0,,1,2020.0,Ingeniería Mecánica,Grado,5,,Facultad Regional Buenos Aires,2026-05-26,,1,,1
57349,77817,31344959,Emilio,López,M,2000-05-24,Argentina,2020,20,0,,1,2020.0,Ingeniería Mecánica,Grado,5,,Facultad Regional Buenos Aires,2026-05-26,,1,,1
57425,18775,31360329,Natalia,López,F,1999-06-03,Argentina,2020,21,0,,1,2020.0,Ingeniería Química,Grado,5,,Facultad Regional Buenos Aires,2026-05-26,,1,,1
57444,98824,31364726,Natalia Natalia,Sánchez,F,2007-05-08,Argentina,2020,13,0,,1,2020.0,Ingeniería Química,Grado,5,,Facultad Regional Buenos Aires,2026-05-26,,1,,1
57482,65286,31373330,Facundo,Cabrera,M,2001-04-16,Argentina,2024,23,0,,1,2024.0,Tecnicatura Universitaria En Programación,Pregrado,3,,Facultad Regional Buenos Aires,2026-05-26,,1,,1
57501,70196,31376180,Leandro,Ramírez,M,2004-07-16,Argentina,2020,16,0,,1,2020.0,Ingeniería Química,Grado,5,,Facultad Regional Buenos Aires,2026-05-26,,1,,1
57511,58128,31378066,Iván,Suárez,M,2000-02-29,Argentina,2020,20,0,,1,2020.0,Ingeniería Electrónica,Grado,5,,Facultad Regional Buenos Aires,2026-05-26,,1,,1
57539,97457,31385844,Pablo,Vargas,M,2004-07-19,Argentina,2024,20,0,,1,2024.0,Tecnicatura Universitaria En Programación,Pregrado,3,,Facultad Regional Buenos Aires,2026-05-26,,1,,1
57550,36639,31388291,Verónica,Pérez,F,2002-01-08,Argentina,2024,22,0,,1,2024.0,Tecnicatura Universitaria En Programación,Pregrado,3,,Facultad Regional Buenos Aires,2026-05-26,,1,,1
57582,59138,31394442,Matías,Cabrera,M,2002-02-23,Argentina,2020,18,0,,1,2020.0,Ingeniería Eléctrica,Grado,5,,Facultad Regional Buenos Aires,2026-05-26,,1,,1
57610,127200,31400101,Santiago,Molina,M,2001-07-20,Argentina,2024,23,0,,1,2024.0,Tecnicatura Universitaria En Programación,Pregrado,3,,Facultad Regional Buenos Aires,2026-05-26,,1,,1
57612,45944,31400644,Ezequiel,Flores,M,2007-07-17,Argentina,2020,13,0,,1,2020.0,Ingeniería Mecánica,Grado,5,,Facultad Regional Buenos Aires,2026-05-26,,1,,1
57617,39993,31401706,Nicolás,Pérez,M,1999-05-14,Argentina,2020,21,0,,1,2020.0,Ingeniería Eléctrica,Grado,5,,Facultad Regional Buenos Aires,2026-05-26,,1,,1
57724,32592,31420626,Sergio,Vargas,M,2002-03-31,Argentina,2020,18,0,,1,2020.0,Tecnicatura Universitaria En Programación,Pregrado,3,,Facultad Regional Buenos Aires,2026-05-26,,1,,1
57759,2435,31426458,Ezequiel,Vega,M,2001-03-05,Argentina,2020,19,0,,1,2020.0,Ingeniería Electrónica,Grado,5,,Facultad Regional Buenos Aires,2026-05-26,,1,,1
57951,98260,31462302,Alejandro,Ríos,M,2004-08-16,Argentina,2021,17,0,,1,2021.0,Tecnicatura Universitaria En Programación,Pregrado,3,,Facultad Regional Buenos Aires,2026-05-26,,1,,1
57957,127597,31463850,Cecilia,Huanca,F,2001-02-18,Brasileña,2020,19,0,,1,2020.0,Ingeniería Mecánica,Grado,5,,Facultad Regional Buenos Aires,2026-05-26,,1,,1
57967,13174,31465350,Emilio,Acosta,M,2000-04-14,Argentina,2020,20,0,,1,2020.0,Ingeniería Mecánica,Grado,5,,Facultad Regional Buenos Aires,2026-05-26,,1,,1
58104,60363,31493261,Fernando,Suárez,M,2006-01-01,Argentina,2020,14,0,,1,2020.0,Ingeniería Eléctrica,Grado,5,,Facultad Regional Buenos Aires,2026-05-26,,1,,1
58107,7741,31493616,Santiago,Ramos,M,2004-07-20,Argentina,2020,16,0,,1,2020.0,Ingeniería Mecánica,Grado,5,,Facultad Regional Buenos Aires,2026-05-26,,1,,1
58135,94696,31499302,Leandro,Sánchez,M,2005-01-01,Argentina,2020,15,0,,1,2020.0,Ingeniería Eléctrica,Grado,5,,Facultad Regional Buenos Aires,2026-05-26,,1,,1
58155,87672,31503266,Damián,Rojas,M,2001-05-30,Argentina,2024,23,0,,1,2024.0,Tecnicatura Universitaria En Programación,Pregrado,3,,Facultad Regional Buenos Aires,2026-05-26,,1,,1
58254,25004,31524858,Gastón,Ríos,M,2007-05-14,No especificado,2020,13,0,,1,2020.0,Ingeniería Electrónica,Grado,5,,Facultad Regional Buenos Aires,2026-05-26,,1,,1
58307,8083,31532536,Damián,Herrera,M,2004-12-11,Argentina,2024,20,0,,1,2024.0,Tecnicatura Universitaria En Programación,Pregrado,3,,Facultad Regional Buenos Aires,2026-05-26,,1,,1
58317,100365,31533902,Natalia,Ledesma,F,2000-04-16,Argentina,2020,20,0,,1,2020.0,Ingeniería Mecánica,Grado,5,,Facultad Regional Buenos Aires,2026-05-26,,1,,1
58360,119380,31543601,Ramiro,Rojas,M,2002-06-15,Argentina,2020,18,0,,1,2020.0,Ingeniería Química,Grado,5,,Facultad Regional Buenos Aires,2026-05-26,,1,,1
58411,27273,31555087,Iván,Flores,M,2004-04-17,Argentina,2020,16,0,,1,2020.0,Ingeniería Mecánica,Grado,5,,Facultad Regional Buenos Aires,2026-05-26,,1,,1
58452,12516,31563324,Alejandro,Ramos,M,2006-01-03,Argentina,2020,14,0,,1,2020.0,Tecnicatura Universitaria En Programación,Pregrado,3,,Facultad Regional Buenos Aires,2026-05-26,,1,,1
58585,37479,31589369,Santiago,López,M,2004-03-25,Argentina,2024,20,0,,1,2024.0,Tecnicatura Universitaria En Programación,Pregrado,3,,Facultad Regional Buenos Aires,2026-05-26,,1,,1
58663,42938,31606069,Gastón,Apaza,M,2007-12-01,Peruana,2020,13,0,,1,2020.0,Ingeniería Química,Grado,5,,Facultad Regional Buenos Aires,2026-05-26,,1,,1
58667,94281,31606825,Daniela,Ojeda,F,2002-03-24,Argentina,2020,18,0,,1,2020.0,Ingeniería Química,Grado,5,,Facultad Regional Buenos Aires,2026-05-26,,1,,1
58681,16130,31610068,Hernán,Morales,M,2001-09-17,Argentina,2020,19,0,,1,2020.0,Ingeniería Electrónica,Grado,5,,Facultad Regional Buenos Aires,2026-05-26,,1,,1
58751,52824,31623733,Cristian,Fernández,M,2002-07-09,Argentina,2024,22,0,,1,2024.0,Tecnicatura Universitaria En Programación,Pregrado,3,,Facultad Regional Buenos Aires,2026-05-26,,1,,1
58780,119514,31628680,Ezequiel,Sánchez,M,2005-08-19,Argentina,2020,15,0,,1,2020.0,Tecnicatura Universitaria En Programación,Pregrado,3,,Facultad Regional Buenos Aires,2026-05-26,,1,,1
58801,71152,31631930,Leandro,Vargas,M,2001-04-16,No especificado,2024,23,0,,1,2024.0,Tecnicatura Universitaria En Programación,Pregrado,3,,Facultad Regional Buenos Aires,2026-05-26,,1,,1
58831,79834,31637595,Laura,Ortega,F,2001-09-17,Argentina,2020,19,0,,1,2020.0,Ingeniería Mecánica,Grado,5,,Facultad Regional Buenos Aires,2026-05-26,,1,,1
58870,30190,31644779,Leandro,Ledesma,M,2005-01-01,Argentina,2024,19,0,,1,2024.0,Tecnicatura Universitaria En Programación,Pregrado,3,,Facultad Regional Buenos Aires,2026-05-26,,1,,1
58878,20771,31645993,Camila,Medina,F,2000-06-30,Argentina,2020,20,0,,1,2020.0,Ingeniería Química,Grado,5,,Facultad Regional Buenos Aires,2026-05-26,,1,,1
58882,1886,31647303,Tomás,Romero,M,1999-08-26,Argentina,2020,21,0,,1,2020.0,Ingeniería Mecánica,Grado,5,,Facultad Regional Buenos Aires,2026-05-26,,1,,1
58913,74014,31652203,Cristian Cristian,Ramírez,M,2007-05-13,Argentina,2020,13,0,,1,2020.0,Ingeniería Química,Grado,5,,Facultad Regional Buenos Aires,2026-05-26,,1,,1
58950,77312,31658597,Soledad,Romero,F,2006-04-05,Argentina,2024,18,0,,1,2024.0,Tecnicatura Universitaria En Programación,Pregrado,3,,Facultad Regional Buenos Aires,2026-05-26,,1,,1
59037,108254,31676728,Nicolás,Vera,M,2007-09-07,Argentina,2020,13,0,,1,2020.0,Ingeniería Electrónica,Grado,5,,Facultad Regional Buenos Aires,2026-05-26,,1,,1
59066,44616,31681887,Mariana,Cabrera,F,2002-06-02,Argentina,2020,18,0,,1,2020.0,Ingeniería Aeronáutica,Grado,5,,Facultad Regional Buenos Aires,2026-05-26,,1,,1
59077,81366,31683912,Ignacio,Vega,M,2007-10-07,Argentina,2020,13,0,,1,2020.0,Ingeniería Mecánica,Grado,5,,Facultad Regional Buenos Aires,2026-05-26,,1,,1
59203,96339,31708979,Nicolás,Acosta,M,2001-12-05,Argentina,2020,19,0,,1,2020.0,Ingeniería Mecánica,Grado,5,,Facultad Regional Buenos Aires,2026-05-26,,1,,1
59232,64756,31713640,Iván,Huanca,M,2000-07-20,Paraguaya,2020,20,0,,1,2020.0,Ingeniería Mecánica,Grado,5,,Facultad Regional Buenos Aires,2026-05-26,,1,,1
59267,7956,31720938,Gastón,Moreno,M,2007-06-22,Argentina,2020,13,0,,1,2020.0,Ingeniería Electrónica,Grado,5,,Facultad Regional Buenos Aires,2026-05-26,,1,,1
59318,44384,31729209,Santiago,Rojas,M,2001-02-20,Argentina,2020,19,0,,1,2020.0,Ingeniería Eléctrica,Grado,5,,Facultad Regional Buenos Aires,2026-05-26,,1,,1
59471,15017,31762426,Claudio,Carrizo,M,2003-06-26,Argentina,2020,17,0,,1,2020.0,Ingeniería Electrónica,Grado,5,,Facultad Regional Buenos Aires,2026-05-26,,1,,1
59512,89964,31770312,Cristian,Ortega,M,2002-06-01,Argentina,2020,18,0,,1,2020.0,Ingeniería Mecánica,Grado,5,,Facultad Regional Buenos Aires,2026-05-26,,1,,1
59543,53243,31776363,Lucas,Molina,M,2000-10-25,Argentina,2024,24,0,,1,2024.0,Tecnicatura Universitaria En Programación,Pregrado,3,,Facultad Regional Buenos Aires,2026-05-26,,1,,1
59546,96473,31776918,Fernando,Peralta,M,2005-01-24,Argentina,2020,15,0,,1,2020.0,Ingeniería Eléctrica,Grado,5,,Facultad Regional Buenos Aires,2026-05-26,,1,,1
59550,13641,31777164,Ignacio,García,M,2000-01-13,Argentina,2020,20,0,,1,2020.0,Ingeniería Química,Grado,5,,Facultad Regional Buenos Aires,2026-05-26,,1,,1
59717,64791,31807210,Cristian,Silva,M,1997-01-01,Boliviana,2020,23,0,,1,2020.0,Ingeniería Eléctrica,Grado,5,,Facultad Regional Buenos Aires,2026-05-26,,1,,1
59751,81126,31815192,Iván,Acosta,M,2007-01-03,Argentina,2020,13,0,,1,2020.0,Ingeniería Mecánica,Grado,5,,Facultad Regional Buenos Aires,2026-05-26,,1,,1
59833,8493,31828792,Claudio,Ramírez,M,2005-05-01,Argentina,2024,19,0,,1,2024.0,Tecnicatura Universitaria En Programación,Pregrado,3,,Facultad Regional Buenos Aires,2026-05-26,,1,,1
59839,18028,31829577,Gonzalo,López,M,2004-10-27,Argentina,2020,16,0,,1,2020.0,Ingeniería Química,Grado,5,,Facultad Regional Buenos Aires,2026-05-26,,1,,1
59895,126084,31839631,Nicolás,Ojeda,M,2002-10-20,Argentina,2020,18,0,,1,2020.0,Ingeniería Electrónica,Grado,5,,Facultad Regional Buenos Aires,2026-05-26,,1,,1
59921,16900,31844641,Sabrina,Mamani,F,2005-12-04,Paraguaya,2024,19,0,,1,2024.0,Tecnicatura Universitaria En Programación,Pregrado,3,,Facultad Regional Buenos Aires,2026-05-26,,1,,1
59955,77334,31851127,Agustín,Acosta,M,2002-03-03,Argentina,2020,18,0,,1,2020.0,Ingeniería Electrónica,Grado,5,,Facultad Regional Buenos Aires,2026-05-26,,1,,1
59966,91274,31852755,Ezequiel,Santos,M,2001-11-23,Brasileña,2020,19,0,,1,2020.0,Ingeniería Eléctrica,Grado,5,,Facultad Regional Buenos Aires,2026-05-26,,1,,1
60035,112522,31865181,Damián,Condori,M,2002-08-06,Venezolana,2020,18,0,,1,2020.0,Ingeniería Mecánica,Grado,5,,Facultad Regional Buenos Aires,2026-05-26,,1,,1
60052,74792,31867920,Alejandra,Ledesma,F,2000-03-10,Argentina,2021,21,0,,1,2021.0,Tecnicatura Universitaria En Programación,Pregrado,3,,Facultad Regional Buenos Aires,2026-05-26,,1,,1
60138,85005,31882133,Julián,Ruiz,M,2006-03-22,Argentina,2024,18,0,,1,2024.0,Tecnicatura Universitaria En Programación,Pregrado,3,,Facultad Regional Buenos Aires,2026-05-26,,1,,1
60149,44208,31883808,Damián,Pérez,M,2004-11-04,Argentina,2020,16,0,,1,2020.0,Tecnicatura Universitaria En Programación,Pregrado,3,,Facultad Regional Buenos Aires,2026-05-26,,1,,1
60184,51224,31891321,Rodrigo,Villalba,M,2007-01-19,Venezolana,2020,13,0,,1,2020.0,Tecnicatura Universitaria En Programación,Pregrado,3,,Facultad Regional Buenos Aires,2026-05-26,,1,,1
60192,108473,31893356,Daniela,Fuentes,F,2006-02-14,Uruguaya,2024,18,0,,1,2024.0,Tecnicatura Universitaria En Programación,Pregrado,3,,Facultad Regional Buenos Aires,2026-05-26,,1,,1
60291,46605,31913500,Paola,Ramos,F,2004-03-29,Argentina,2020,16,0,,1,2020.0,Ingeniería Química,Grado,5,,Facultad Regional Buenos Aires,2026-05-26,,1,,1
60292,126783,31913765,Alejandro,Oliveira,M,2003-03-28,Brasileña,2020,17,0,,1,2020.0,Ingeniería Mecánica,Grado,5,,Facultad Regional Buenos Aires,2026-05-26,,1,,1
60317,76483,31918194,Diego,Acosta,M,2005-04-08,Argentina,2021,16,0,,1,2021.0,Tecnicatura Universitaria En Programación,Pregrado,3,,Facultad Regional Buenos Aires,2026-05-26,,1,,1
60372,127643,31927192,Maximiliano,Carrizo,M,2006-10-08,Argentina,2024,18,0,,1,2024.0,Tecnicatura Universitaria En Programación,Pregrado,3,,Facultad Regional Buenos Aires,2026-05-26,,1,,1
60402,50326,31932270,Luciana,Ortega,F,2007-03-19,Argentina,2020,13,0,,1,2020.0,Tecnicatura Universitaria En Programación,Pregrado,3,,Facultad Regional Buenos Aires,2026-05-26,,1,,1
60429,86880,31937796,Vanesa,Álvarez,F,2003-01-05,Argentina,2020,17,0,,1,2020.0,Ingeniería Química,Grado,5,,Facultad Regional Buenos Aires,2026-05-26,,1,,1
60486,110939,31949008,Federico,Cruz,M,2003-07-11,Argentina,2020,17,0,,1,2020.0,Ingeniería Electrónica,Grado,5,,Facultad Regional Buenos Aires,2026-05-26,,1,,1
60543,7402,31957520,Emilio,Flores,M,2002-09-28,Argentina,2021,19,0,,1,2021.0,Tecnicatura Universitaria En Programación,Pregrado,3,,Facultad Regional Buenos Aires,2026-05-26,,1,,1
60558,94033,31960735,Emilio,Peralta,M,2005-03-19,Argentina,2020,15,0,,1,2020.0,Ingeniería Aeronáutica,Grado,5,,Facultad Regional Buenos Aires,2026-05-26,,1,,1
60629,124141,31973134,Gonzalo,Díaz,M,2003-04-21,Argentina,2024,21,0,,1,2024.0,Tecnicatura Universitaria En Programación,Pregrado,3,,Facultad Regional Buenos Aires,2026-05-26,,1,,1
60711,112000,31992573,Lucas,Herrera,M,2000-10-11,Argentina,2020,20,0,,1,2020.0,Ingeniería Eléctrica,Grado,5,,Facultad Regional Buenos Aires,2026-05-26,,1,,1
60741,3641,31998758,Claudio,Ríos,M,2007-01-29,Argentina,2020,13,0,,1,2020.0,Tecnicatura Universitaria En Programación,Pregrado,3,,Facultad Regional Buenos Aires,2026-05-26,,1,,1
60794,58470,32010477,Rodrigo,Vargas,M,2005-05-07,Argentina,2024,19,0,,1,2024.0,Tecnicatura Universitaria En Programación,Pregrado,3,,Facultad Regional Buenos Aires,2026-05-26,,1,,1
60798,61934,32011871,Damián,Molina,M,2002-11-29,Argentina,2021,19,0,,1,2021.0,Tecnicatura Universitaria En Programación,Pregrado,3,,Facultad Regional Buenos Aires,2026-05-26,,1,,1
60904,920,32029633,Cristian,Gómez,M,2003-09-12,Argentina,2024,21,0,,1,2024.0,Tecnicatura Universitaria En Programación,Pregrado,3,,Facultad Regional Buenos Aires,2026-05-26,,1,,1
60932,122045,32033276,Sergio,Ramos,M,2004-09-15,Argentina,2020,16,0,,1,2020.0,Ingeniería Mecánica,Grado,5,,Facultad Regional Buenos Aires,2026-05-26,,1,,1
60975,26466,32044524,Mariela,Vera,F,2007-04-05,Argentina,2020,13,0,,1,2020.0,Tecnicatura Universitaria En Programación,Pregrado,3,,Facultad Regional Buenos Aires,2026-05-26,,1,,1
61095,76760,32063699,Federico,Gómez,M,2006-09-27,Argentina,2021,15,0,,1,2021.0,Tecnicatura Universitaria En Programación,Pregrado,3,,Facultad Regional Buenos Aires,2026-05-26,,1,,1
61144,10818,32073849,Julián,Núñez,M,2004-07-07,No especificado,2020,16,0,,1,2020.0,Ingeniería Aeronáutica,Grado,5,,Facultad Regional Buenos Aires,2026-05-26,,1,,1
61223,129053,32086995,Pablo,Acosta,M,2000-06-09,Argentina,2024,24,0,,1,2024.0,Tecnicatura Universitaria En Programación,Pregrado,3,,Facultad Regional Buenos Aires,2026-05-26,,1,,1
61266,13597,32094932,Fernando,Fuentes,M,2003-12-28,Peruana,2021,18,0,,1,2021.0,Tecnicatura Universitaria En Programación,Pregrado,3,,Facultad Regional Buenos Aires,2026-05-26,,1,,1
61302,117620,32101483,Carolina,Gómez,F,2006-03-08,Argentina,2024,18,0,,1,2024.0,Tecnicatura Universitaria En Programación,Pregrado,3,,Facultad Regional Buenos Aires,2026-05-26,,1,,1
61352,110090,32113152,Leandro,Apaza,M,1999-06-03,Venezolana,2020,21,0,,1,2020.0,Ingeniería Electrónica,Grado,5,,Facultad Regional Buenos Aires,2026-05-26,,1,,1
61455,36529,32130861,Lucas,Flores,M,2001-03-05,Argentina,2020,19,0,,1,2020.0,Ingeniería Química,Grado,5,,Facultad Regional Buenos Aires,2026-05-26,,1,,1
61492,35357,32136987,Sofía,Huanca,F,2004-09-16,Paraguaya,2020,16,0,,1,2020.0,Tecnicatura Universitaria En Programación,Pregrado,3,,Facultad Regional Buenos Aires,2026-05-26,,1,,1
61510,59205,32141325,Andrea,Sánchez,F,2005-01-16,Argentina,2020,15,0,,1,2020.0,Tecnicatura Universitaria En Programación,Pregrado,3,,Facultad Regional Buenos Aires,2026-05-26,,1,,1
61585,105883,32155615,Sebastián,Gómez,M,2004-11-21,Argentina,2020,16,0,,1,2020.0,Ingeniería Electrónica,Grado,5,,Facultad Regional Buenos Aires,2026-05-26,,1,,1
61606,11851,32159740,Cristian,Suárez,M,2000-02-02,Argentina,2020,20,0,,1,2020.0,Ingeniería Electrónica,Grado,5,,Facultad Regional Buenos Aires,2026-05-26,,1,,1
61616,52675,32163146,Agustín,Acosta,M,2006-06-05,Argentina,2020,14,0,,1,2020.0,Ingeniería Eléctrica,Grado,5,,Facultad Regional Buenos Aires,2026-05-26,,1,,1
61677,64446,32170956,Matías,González,M,2007-12-07,Argentina,2020,13,0,,1,2020.0,Ingeniería Mecánica,Grado,5,,Facultad Regional Buenos Aires,2026-05-26,,1,,1
61697,112822,32174652,Federico,Giménez,M,2001-09-16,Paraguaya,2024,23,0,,1,2024.0,Tecnicatura Universitaria En Programación,Pregrado,3,,Facultad Regional Buenos Aires,2026-05-26,,1,,1
61714,50599,32177031,Gonzalo,Fernández,M,2000-01-01,Argentina,2020,20,0,,1,2020.0,Ingeniería Aeronáutica,Grado,5,,Facultad Regional Buenos Aires,2026-05-26,,1,,1
61721,35096,32178999,Alejandra,Morales,F,2001-11-19,Argentina,2020,19,0,,1,2020.0,Ingeniería Electrónica,Grado,5,,Facultad Regional Buenos Aires,2026-05-26,,1,,1
61790,11774,32194430,Rodrigo,Castro,M,2006-04-24,Argentina,2024,18,0,,1,2024.0,Tecnicatura Universitaria En Programación,Pregrado,3,,Facultad Regional Buenos Aires,2026-05-26,,1,,1
61840,76099,32205270,Emilio,Rodríguez,M,2007-08-01,Argentina,2021,14,0,,1,2021.0,Tecnicatura Universitaria En Programación,Pregrado,3,,Facultad Regional Buenos Aires,2026-05-26,,1,,1
61857,59173,32208485,Maximiliano,Núñez,M,2002-06-03,Argentina,2024,22,0,,1,2024.0,Tecnicatura Universitaria En Programación,Pregrado,3,,Facultad Regional Buenos Aires,2026-05-26,,1,,1
61940,94424,32222374,Martín,Torres,M,2004-10-19,Argentina,2020,16,0,,1,2020.0,Ingeniería Mecánica,Grado,5,,Facultad Regional Buenos Aires,2026-05-26,,1,,1
61952,28065,32225493,Fernando,Mendoza,M,2005-05-30,Argentina,2020,15,0,,1,2020.0,Ingeniería Electrónica,Grado,5,,Facultad Regional Buenos Aires,2026-05-26,,1,,1
61998,16672,32234439,Leandro,Molina,M,2004-04-25,Argentina,2020,16,0,,1,2020.0,Ingeniería Electrónica,Grado,5,,Facultad Regional Buenos Aires,2026-05-26,,1,,1
62004,3721,32235210,Matías,Torres,M,1998-02-24,Argentina,2020,22,0,,1,2020.0,Ingeniería Química,Grado,5,,Facultad Regional Buenos Aires,2026-05-26,,1,,1
62091,24017,32256878,Ezequiel,Vargas,M,2001-05-14,Argentina,2024,23,0,,1,2024.0,Tecnicatura Universitaria En Programación,Pregrado,3,,Facultad Regional Buenos Aires,2026-05-26,,1,,1
62093,19602,32257096,Emilio,Carrizo,M,2002-04-11,Argentina,2020,18,0,,1,2020.0,Ingeniería Mecánica,Grado,5,,Facultad Regional Buenos Aires,2026-05-26,,1,,1
62131,101405,32262139,Maximiliano,Reyes,M,1999-07-23,Argentina,2020,21,0,,1,2020.0,Ingeniería Mecánica,Grado,5,,Facultad Regional Buenos Aires,2026-05-26,,1,,1
62160,46340,32266766,Rodrigo,González,M,2000-10-30,Argentina,2020,20,0,,1,2020.0,Ingeniería Electrónica,Grado,5,,Facultad Regional Buenos Aires,2026-05-26,,1,,1
62171,113651,32268747,Hernán,Castro,M,2003-02-25,Argentina,2020,17,0,,1,2020.0,Ingeniería Mecánica,Grado,5,,Facultad Regional Buenos Aires,2026-05-26,,1,,1
62323,73738,32300503,Agustín,Rojas,M,2001-10-04,Argentina,2021,20,0,,1,2021.0,Tecnicatura Universitaria En Programación,Pregrado,3,,Facultad Regional Buenos Aires,2026-05-26,,1,,1
62345,105308,32304529,Claudia,Vega,F,2004-11-25,Argentina,2020,16,0,,1,2020.0,Tecnicatura Universitaria En Programación,Pregrado,3,,Facultad Regional Buenos Aires,2026-05-26,,1,,1
62356,75087,32306619,Rodrigo,González,M,2007-08-17,Argentina,2020,13,0,,1,2020.0,Ingeniería Química,Grado,5,,Facultad Regional Buenos Aires,2026-05-26,,1,,1
62374,7470,32310116,Agustín,García,M,2005-02-23,Argentina,2020,15,0,,1,2020.0,Ingeniería Mecánica,Grado,5,,Facultad Regional Buenos Aires,2026-05-26,,1,,1
62432,7540,32322758,Pablo,Ramos,M,2005-12-06,Argentina,2024,19,0,,1,2024.0,Tecnicatura Universitaria En Programación,Pregrado,3,,Facultad Regional Buenos Aires,2026-05-26,,1,,1
62438,119035,32324542,Federico,Ruiz,M,2005-07-20,Argentina,2020,15,0,,1,2020.0,Tecnicatura Universitaria En Programación,Pregrado,3,,Facultad Regional Buenos Aires,2026-05-26,,1,,1
62458,19769,32327349,Julián,Fuentes,M,2007-10-14,No especificado,2024,17,0,,1,2024.0,Tecnicatura Universitaria En Programación,Pregrado,3,,Facultad Regional Buenos Aires,2026-05-26,,1,,1
62512,16832,32338508,Ezequiel,Sánchez,M,2003-10-19,Argentina,2020,17,0,,1,2020.0,Ingeniería Mecánica,Grado,5,,Facultad Regional Buenos Aires,2026-05-26,,1,,1
62552,69639,32344696,Florencia,Morales,F,1999-09-22,Argentina,2020,21,0,,1,2020.0,Ingeniería Electrónica,Grado,5,,Facultad Regional Buenos Aires,2026-05-26,,1,,1
62555,60059,32345197,Fernando,Acosta,M,2000-03-06,No especificado,2020,20,0,,1,2020.0,Tecnicatura Universitaria En Programación,Pregrado,3,,Facultad Regional Buenos Aires,2026-05-26,,1,,1
62565,85724,32348483,Ramiro,Martínez,M,2001-07-05,Argentina,2020,19,0,,1,2020.0,Tecnicatura Universitaria En Programación,Pregrado,3,,Facultad Regional Buenos Aires,2026-05-26,,1,,1
62576,63675,32349816,Lucas,García,M,2007-01-01,No especificado,2020,13,0,,1,2020.0,Ingeniería Eléctrica,Grado,5,,Facultad Regional Buenos Aires,2026-05-26,,1,,1
62578,98502,32349905,Diego,Oliveira,M,2004-07-09,Boliviana,2020,16,0,,1,2020.0,Ingeniería Química,Grado,5,,Facultad Regional Buenos Aires,2026-05-26,,1,,1
62646,68366,32362636,Luciana,Cabrera,F,2003-01-07,Argentina,2024,21,0,,1,2024.0,Tecnicatura Universitaria En Programación,Pregrado,3,,Facultad Regional Buenos Aires,2026-05-26,,1,,1
62669,14437,32367268,Nicolás,Romero,M,2003-03-25,Argentina,2020,17,0,,1,2020.0,Ingeniería Aeronáutica,Grado,5,,Facultad Regional Buenos Aires,2026-05-26,,1,,1
62713,129500,32376340,Federico,Cabrera,M,2006-04-10,Argentina,2020,14,0,,1,2020.0,Ingeniería Eléctrica,Grado,5,,Facultad Regional Buenos Aires,2026-05-26,,1,,1
62758,100193,32383739,Nicolás,Huanca,M,2005-03-10,Uruguaya,2020,15,0,,1,2020.0,Ingeniería Aeronáutica,Grado,5,,Facultad Regional Buenos Aires,2026-05-26,,1,,1
62866,109235,32403327,Gonzalo,Flores,M,2007-10-31,Argentina,2024,17,0,,1,2024.0,Tecnicatura Universitaria En Programación,Pregrado,3,,Facultad Regional Buenos Aires,2026-05-26,,1,,1
62869,50457,32403867,Federico,Cruz,M,2001-05-20,Argentina,2020,19,0,,1,2020.0,Ingeniería Mecánica,Grado,5,,Facultad Regional Buenos Aires,2026-05-26,,1,,1
62881,112185,32406153,Sergio,González,M,2003-06-26,Argentina,2020,17,0,,1,2020.0,Tecnicatura Universitaria En Programación,Pregrado,3,,Facultad Regional Buenos Aires,2026-05-26,,1,,1
62884,5502,32406961,Federico,Torres,M,2002-07-07,Argentina,2020,18,0,,1,2020.0,Ingeniería Aeronáutica,Grado,5,,Facultad Regional Buenos Aires,2026-05-26,,1,,1
62886,44275,32407628,Damián,Medina,M,2002-11-18,Argentina,2020,18,0,,1,2020.0,Ingeniería Mecánica,Grado,5,,Facultad Regional Buenos Aires,2026-05-26,,1,,1
62990,6605,32430520,Hernán,Cruz,M,2005-07-06,Argentina,2020,15,0,,1,2020.0,Ingeniería Mecánica,Grado,5,,Facultad Regional Buenos Aires,2026-05-26,,1,,1
63015,67591,32436003,Sergio,Moreno,M,2007-08-13,No especificado,2020,13,0,,1,2020.0,Ingeniería Química,Grado,5,,Facultad Regional Buenos Aires,2026-05-26,,1,,1
63048,45022,32441614,Paola,Ortega,F,2004-12-23,Argentina,2020,16,0,,1,2020.0,Ingeniería Electrónica,Grado,5,,Facultad Regional Buenos Aires,2026-05-26,,1,,1
63088,120284,32449429,Damián,Morales,M,2004-03-10,No especificado,2024,20,0,,1,2024.0,Tecnicatura Universitaria En Programación,Pregrado,3,,Facultad Regional Buenos Aires,2026-05-26,,1,,1
63252,126866,32480600,Tomás,Molina,M,2002-02-13,Argentina,2024,22,0,,1,2024.0,Tecnicatura Universitaria En Programación,Pregrado,3,,Facultad Regional Buenos Aires,2026-05-26,,1,,1
63281,107037,32485192,Gastón,Acosta,M,2000-01-29,Argentina,2020,20,0,,1,2020.0,Ingeniería Mecánica,Grado,5,,Facultad Regional Buenos Aires,2026-05-26,,1,,1
63306,55190,32490102,Camila,García,F,2007-02-19,Argentina,2024,17,0,,1,2024.0,Tecnicatura Universitaria En Programación,Pregrado,3,,Facultad Regional Buenos Aires,2026-05-26,,1,,1
63313,108013,32490807,Lucas,Vargas,M,2005-01-28,Argentina,2021,16,0,,1,2021.0,Tecnicatura Universitaria En Programación,Pregrado,3,,Facultad Regional Buenos Aires,2026-05-26,,1,,1
63337,39625,32494880,Leandro,Carrizo,M,2004-06-13,Argentina,2020,16,0,,1,2020.0,Ingeniería Electrónica,Grado,5,,Facultad Regional Buenos Aires,2026-05-26,,1,,1
63380,27809,32501962,Damián,Flores,M,2001-10-19,Argentina,2024,23,0,,1,2024.0,Tecnicatura Universitaria En Programación,Pregrado,3,,Facultad Regional Buenos Aires,2026-05-26,,1,,1
63384,79689,32502831,Alejandro,Martínez,M,2004-03-23,Argentina,2024,20,0,,1,2024.0,Tecnicatura Universitaria En Programación,Pregrado,3,,Facultad Regional Buenos Aires,2026-05-26,,1,,1
63446,57306,32514785,Martín,Sánchez,M,2004-08-15,Argentina,2020,16,0,,1,2020.0,Ingeniería Electrónica,Grado,5,,Facultad Regional Buenos Aires,2026-05-26,,1,,1
63450,126389,32515087,Sergio,Díaz,M,2004-11-22,Argentina,2020,16,0,,1,2020.0,Ingeniería Mecánica,Grado,5,,Facultad Regional Buenos Aires,2026-05-26,,1,,1
63498,40970,32525410,Cristian,Vargas,M,2003-02-14,Argentina,2020,17,0,,1,2020.0,Ingeniería Electrónica,Grado,5,,Facultad Regional Buenos Aires,2026-05-26,,1,,1
63521,113224,32530710,Claudio,Álvarez,M,2002-10-24,Argentina,2020,18,0,,1,2020.0,Tecnicatura Universitaria En Programación,Pregrado,3,,Facultad Regional Buenos Aires,2026-05-26,,1,,1
63606,98921,32547550,Gabriela,Ortega,F,2006-04-21,Argentina,2024,18,0,,1,2024.0,Tecnicatura Universitaria En Programación,Pregrado,3,,Facultad Regional Buenos Aires,2026-05-26,,1,,1
63618,19884,32550837,Leandro,Fuentes,M,2006-01-25,Brasileña,2020,14,0,,1,2020.0,Tecnicatura Universitaria En Programación,Pregrado,3,,Facultad Regional Buenos Aires,2026-05-26,,1,,1
63698,31741,32563710,Alejandra,González,F,1997-06-19,Argentina,2020,23,0,,1,2020.0,Tecnicatura Universitaria En Programación,Pregrado,3,,Facultad Regional Buenos Aires,2026-05-26,,1,,1
63711,688,32567330,Damián,Díaz,M,2005-06-26,Argentina,2020,15,0,,1,2020.0,Ingeniería Química,Grado,5,,Facultad Regional Buenos Aires,2026-05-26,,1,,1
63832,55791,32594793,Sebastián,Díaz,M,2003-10-22,Argentina,2020,17,0,,1,2020.0,Ingeniería Aeronáutica,Grado,5,,Facultad Regional Buenos Aires,2026-05-26,,1,,1
63835,99637,32595096,Rodrigo,Reyes,M,2007-07-19,Argentina,2020,13,0,,1,2020.0,Tecnicatura Universitaria En Programación,Pregrado,3,,Facultad Regional Buenos Aires,2026-05-26,,1,,1
63849,13682,32597653,Agustín,Medina,M,2003-10-24,Argentina,2024,21,0,,1,2024.0,Tecnicatura Universitaria En Programación,Pregrado,3,,Facultad Regional Buenos Aires,2026-05-26,,1,,1
63863,28598,32600407,Cristian,Díaz,M,2000-03-10,Chilena,2024,24,0,,1,2024.0,Tecnicatura Universitaria En Programación,Pregrado,3,,Facultad Regional Buenos Aires,2026-05-26,,1,,1
63949,11628,32617617,Ignacio,Morales,M,1999-07-10,Argentina,2020,21,0,,1,2020.0,Ingeniería Eléctrica,Grado,5,,Facultad Regional Buenos Aires,2026-05-26,,1,,1
63994,45719,32626730,Ramiro,Molina,M,2003-12-07,Argentina,2020,17,0,,1,2020.0,Ingeniería Mecánica,Grado,5,,Facultad Regional Buenos Aires,2026-05-26,,1,,1
64045,125800,32637453,Maximiliano,García,M,2007-02-22,Argentina,2024,17,0,,1,2024.0,Tecnicatura Universitaria En Programación,Pregrado,3,,Facultad Regional Buenos Aires,2026-05-26,,1,,1
64049,57161,32638055,Florencia,Silva,F,2001-10-19,Boliviana,2020,19,0,,1,2020.0,Ingeniería Química,Grado,5,,Facultad Regional Buenos Aires,2026-05-26,,1,,1
64099,120652,32648580,Diego,Pereira,M,2007-05-03,Boliviana,2024,17,0,,1,2024.0,Tecnicatura Universitaria En Programación,Pregrado,3,,Facultad Regional Buenos Aires,2026-05-26,,1,,1
64117,72586,32652021,Nicolás,Díaz,M,2001-04-14,Argentina,2020,19,0,,1,2020.0,Ingeniería Mecánica,Grado,5,,Facultad Regional Buenos Aires,2026-05-26,,1,,1
64124,121382,32653218,Pablo,Díaz,M,2000-10-11,Argentina,2020,20,0,,1,2020.0,Ingeniería Electrónica,Grado,5,,Facultad Regional Buenos Aires,2026-05-26,,1,,1
64153,3021,32658454,Maximiliano,Fernández,M,2002-11-25,Argentina,2024,22,0,,1,2024.0,Tecnicatura Universitaria En Programación,Pregrado,3,,Facultad Regional Buenos Aires,2026-05-26,,1,,1
64178,3652,32663222,Andrea,Lima,F,2005-05-03,Paraguaya,2024,19,0,,1,2024.0,Tecnicatura Universitaria En Programación,Pregrado,3,,Facultad Regional Buenos Aires,2026-05-26,,1,,1
64225,29618,32672541,Agustín,Rojas,M,2003-10-14,Argentina,2020,17,0,,1,2020.0,Ingeniería Electrónica,Grado,5,,Facultad Regional Buenos Aires,2026-05-26,,1,,1
64234,9686,32674681,Tomás,Sánchez,M,2007-01-01,Argentina,2020,13,0,,1,2020.0,Tecnicatura Universitaria En Programación,Pregrado,3,,Facultad Regional Buenos Aires,2026-05-26,,1,,1
64240,98367,32675121,Julián,Gómez,M,2001-02-09,Argentina,2020,19,0,,1,2020.0,Ingeniería Electrónica,Grado,5,,Facultad Regional Buenos Aires,2026-05-26,,1,,1
64253,44079,32677424,Cecilia,Vera,F,2006-05-19,Argentina,2024,18,0,,1,2024.0,Tecnicatura Universitaria En Programación,Pregrado,3,,Facultad Regional Buenos Aires,2026-05-26,,1,,1
64260,55194,32678314,Laura,Cabrera,F,2006-06-26,Argentina,2024,18,0,,1,2024.0,Tecnicatura Universitaria En Programación,Pregrado,3,,Facultad Regional Buenos Aires,2026-05-26,,1,,1
64295,45493,32685883,Natalia,Ojeda,F,2006-08-05,Argentina,2020,14,0,,1,2020.0,Ingeniería Química,Grado,5,,Facultad Regional Buenos Aires,2026-05-26,,1,,1
64350,19350,32696573,Gastón,Morales,M,2006-10-01,Argentina,2020,14,0,,1,2020.0,Ingeniería Electrónica,Grado,5,,Facultad Regional Buenos Aires,2026-05-26,,1,,1
64443,52177,32714516,Sofía,Fuentes,F,2001-10-13,Brasileña,2020,19,0,,1,2020.0,Ingeniería Eléctrica,Grado,5,,Facultad Regional Buenos Aires,2026-05-26,,1,,1
64580,45189,32740824,Sofía,Oliveira,F,2007-12-07,Venezolana,2024,17,0,,1,2024.0,Tecnicatura Universitaria En Programación,Pregrado,3,,Facultad Regional Buenos Aires,2026-05-26,,1,,1
64584,54713,32741358,Iván,Rodríguez,M,1996-11-05,Argentina,2020,24,0,,1,2020.0,Ingeniería Mecánica,Grado,5,,Facultad Regional Buenos Aires,2026-05-26,,1,,1
64752,50189,32772481,Gastón,Carrizo,M,2007-01-15,Argentina,2024,17,0,,1,2024.0,Tecnicatura Universitaria En Programación,Pregrado,3,,Facultad Regional Buenos Aires,2026-05-26,,1,,1
64766,121500,32774969,Sergio,Ramírez,M,2007-03-11,Argentina,2024,17,0,,1,2024.0,Tecnicatura Universitaria En Programación,Pregrado,3,,Facultad Regional Buenos Aires,2026-05-26,,1,,1
64840,28097,32791523,Facundo,Díaz,M,2007-09-14,Argentina,2020,13,0,,1,2020.0,Tecnicatura Universitaria En Programación,Pregrado,3,,Facultad Regional Buenos Aires,2026-05-26,,1,,1
64911,39629,32804703,Noelia,Martínez,F,2005-03-17,Argentina,2020,15,0,,1,2020.0,Ingeniería Química,Grado,5,,Facultad Regional Buenos Aires,2026-05-26,,1,,1
64918,129136,32806721,Maximiliano,Villalba,M,2007-08-29,Boliviana,2020,13,0,,1,2020.0,Ingeniería Eléctrica,Grado,5,,Facultad Regional Buenos Aires,2026-05-26,,1,,1
65025,55767,32827998,Claudia,Molina,F,2007-10-20,Argentina,2020,13,0,,1,2020.0,Ingeniería Eléctrica,Grado,5,,Facultad Regional Buenos Aires,2026-05-26,,1,,1
65043,36980,32832006,Rodrigo,Ramos,M,2002-10-11,Argentina,2020,18,0,,1,2020.0,Ingeniería Mecánica,Grado,5,,Facultad Regional Buenos Aires,2026-05-26,,1,,1
65134,128588,32848574,Maximiliano,Cabrera,M,2004-08-20,Argentina,2024,20,0,,1,2024.0,Tecnicatura Universitaria En Programación,Pregrado,3,,Facultad Regional Buenos Aires,2026-05-26,,1,,1
65137,21948,32848862,Sebastián,Martínez,M,2004-07-23,Argentina,2020,16,0,,1,2020.0,Ingeniería Química,Grado,5,,Facultad Regional Buenos Aires,2026-05-26,,1,,1
65214,72735,32861200,Hernán,Ramos,M,2004-03-03,Argentina,2020,16,0,,1,2020.0,Ingeniería Química,Grado,5,,Facultad Regional Buenos Aires,2026-05-26,,1,,1
65241,109994,32864479,Natalia,Molina,F,2007-09-26,Argentina,2024,17,0,,1,2024.0,Tecnicatura Universitaria En Programación,Pregrado,3,,Facultad Regional Buenos Aires,2026-05-26,,1,,1
65246,63777,32864883,Facundo,Mendoza,M,1999-03-17,No especificado,2024,25,0,,1,2024.0,Tecnicatura Universitaria En Programación,Pregrado,3,,Facultad Regional Buenos Aires,2026-05-26,,1,,1
65370,22271,32887852,Pablo,Fuentes,M,2003-11-22,Chilena,2024,21,0,,1,2024.0,Tecnicatura Universitaria En Programación,Pregrado,3,,Facultad Regional Buenos Aires,2026-05-26,,1,,1
65375,106069,32889015,Gonzalo,Oliveira,M,2003-09-07,Venezolana,2024,21,0,,1,2024.0,Tecnicatura Universitaria En Programación,Pregrado,3,,Facultad Regional Buenos Aires,2026-05-26,,1,,1
65385,65263,32890780,Cecilia,Díaz,F,2001-05-14,Argentina,2024,23,0,,1,2024.0,Tecnicatura Universitaria En Programación,Pregrado,3,,Facultad Regional Buenos Aires,2026-05-26,,1,,1
65414,109459,32895672,Luciana,Vega,F,2003-01-10,Argentina,2024,21,0,,1,2024.0,Tecnicatura Universitaria En Programación,Pregrado,3,,Facultad Regional Buenos Aires,2026-05-26,,1,,1
65450,129092,32902201,Alejandro,Rodríguez,M,2005-06-28,Argentina,2020,15,0,,1,2020.0,Ingeniería Química,Grado,5,,Facultad Regional Buenos Aires,2026-05-26,,1,,1
65458,22644,32902599,Cristian,Ortega,M,2007-12-26,Argentina,2020,13,0,,1,2020.0,Ingeniería Mecánica,Grado,5,,Facultad Regional Buenos Aires,2026-05-26,,1,,1
65506,119797,32911458,Ignacio,Vargas,M,2004-11-22,Argentina,2020,16,0,,1,2020.0,Ingeniería Eléctrica,Grado,5,,Facultad Regional Buenos Aires,2026-05-26,,1,,1
65570,110718,32923961,Vanesa,Benítez,F,2006-10-10,Uruguaya,2024,18,0,,1,2024.0,Tecnicatura Universitaria En Programación,Pregrado,3,,Facultad Regional Buenos Aires,2026-05-26,,1,,1
65718,5033,32954648,Vanesa,Ojeda,F,2006-04-22,Argentina,2024,18,0,,1,2024.0,Tecnicatura Universitaria En Programación,Pregrado,3,,Facultad Regional Buenos Aires,2026-05-26,,1,,1
65742,18038,32959697,Alejandro,Vega,M,2004-01-01,Argentina,2020,16,0,,1,2020.0,Ingeniería Mecánica,Grado,5,,Facultad Regional Buenos Aires,2026-05-26,,1,,1
65761,18169,32962091,Maximiliano,Sánchez,M,2005-12-15,Argentina,2020,15,0,,1,2020.0,Ingeniería Eléctrica,Grado,5,,Facultad Regional Buenos Aires,2026-05-26,,1,,1
65776,126518,32964727,Ignacio,Cabrera,M,2002-10-04,Argentina,2020,18,0,,1,2020.0,Ingeniería Electrónica,Grado,5,,Facultad Regional Buenos Aires,2026-05-26,,1,,1
65826,87236,32972742,Gastón,Vega,M,2001-03-19,Argentina,2020,19,0,,1,2020.0,Ingeniería Mecánica,Grado,5,,Facultad Regional Buenos Aires,2026-05-26,,1,,1
65944,77503,32995693,Alejandro,Molina,M,1998-09-22,Argentina,2020,22,0,,1,2020.0,Ingeniería Mecánica,Grado,5,,Facultad Regional Buenos Aires,2026-05-26,,1,,1
65969,53736,32999945,Soledad,Díaz,F,2003-06-01,Chilena,2020,17,0,,1,2020.0,Ingeniería Química,Grado,5,,Facultad Regional Buenos Aires,2026-05-26,,1,,1
65988,94933,33004273,Claudio,Villalba,M,2005-03-27,Chilena,2020,15,0,,1,2020.0,Ingeniería Eléctrica,Grado,5,,Facultad Regional Buenos Aires,2026-05-26,,1,,1
65992,81395,33005242,Julián,Flores,M,2001-03-29,Argentina,2020,19,0,,1,2020.0,Ingeniería Mecánica,Grado,5,,Facultad Regional Buenos Aires,2026-05-26,,1,,1
66010,60957,33008133,Daniela Daniela,Flores,F,2002-06-21,Argentina,2024,22,0,,1,2024.0,Tecnicatura Universitaria En Programación,Pregrado,3,,Facultad Regional Buenos Aires,2026-05-26,,1,,1
66036,44850,33014069,Sergio,Souza,M,2007-05-04,Chilena,2021,14,0,,1,2021.0,Tecnicatura Universitaria En Programación,Pregrado,3,,Facultad Regional Buenos Aires,2026-05-26,,1,,1
66134,24779,33033512,Paola,García,F,2000-03-07,Argentina,2020,20,0,,1,2020.0,Ingeniería Química,Grado,5,,Facultad Regional Buenos Aires,2026-05-26,,1,,1
66239,19339,33054721,Federico,Carrizo,M,2005-09-30,Argentina,2024,19,0,,1,2024.0,Tecnicatura Universitaria En Programación,Pregrado,3,,Facultad Regional Buenos Aires,2026-05-26,,1,,1
66250,80735,33057938,Lucas,Acosta,M,1998-03-13,Argentina,2020,22,0,,1,2020.0,Tecnicatura Universitaria En Programación,Pregrado,3,,Facultad Regional Buenos Aires,2026-05-26,,1,,1
66277,59560,33062666,Valeria,Ramos,F,2003-12-22,Argentina,2020,17,0,,1,2020.0,Ingeniería Eléctrica,Grado,5,,Facultad Regional Buenos Aires,2026-05-26,,1,,1
66278,46623,33062729,Emilio,Carrizo,M,2007-09-20,Argentina,2024,17,0,,1,2024.0,Tecnicatura Universitaria En Programación,Pregrado,3,,Facultad Regional Buenos Aires,2026-05-26,,1,,1
66282,72380,33063082,Claudia,Rodríguez,F,2001-03-18,Argentina,2020,19,0,,1,2020.0,Ingeniería Química,Grado,5,,Facultad Regional Buenos Aires,2026-05-26,,1,,1
66335,35752,33074467,Luciana,Peralta,F,2006-09-18,Argentina,2020,14,0,,1,2020.0,Ingeniería Química,Grado,5,,Facultad Regional Buenos Aires,2026-05-26,,1,,1
66373,85565,33080729,Damián,Álvarez,M,2005-09-16,Argentina,2020,15,0,,1,2020.0,Ingeniería Electrónica,Grado,5,,Facultad Regional Buenos Aires,2026-05-26,,1,,1
66482,14863,33099770,Tomás,Fernández,M,2003-01-15,Argentina,2020,17,0,,1,2020.0,Ingeniería Aeronáutica,Grado,5,,Facultad Regional Buenos Aires,2026-05-26,,1,,1
66508,118025,33104749,Leandro Leandro,García,M,2003-11-19,Argentina,2020,17,0,,1,2020.0,Ingeniería Eléctrica,Grado,5,,Facultad Regional Buenos Aires,2026-05-26,,1,,1
66542,34654,33110991,Gonzalo,Díaz,M,2005-01-01,Argentina,2020,15,0,,1,2020.0,Ingeniería Electrónica,Grado,5,,Facultad Regional Buenos Aires,2026-05-26,,1,,1
66576,42919,33116273,Alejandro,Bogado,M,2003-01-12,Chilena,2020,17,0,,1,2020.0,Ingeniería Química,Grado,5,,Facultad Regional Buenos Aires,2026-05-26,,1,,1
66577,109771,33117269,Emilio,Ruiz,M,2005-05-01,Argentina,2020,15,0,,1,2020.0,Ingeniería Electrónica,Grado,5,,Facultad Regional Buenos Aires,2026-05-26,,1,,1
66606,2044,33121243,Iván,Rojas,M,2004-07-12,Argentina,2020,16,0,,1,2020.0,Tecnicatura Universitaria En Programación,Pregrado,3,,Facultad Regional Buenos Aires,2026-05-26,,1,,1
66666,89303,33133544,Sebastián,López,M,2004-07-05,Argentina,2024,20,0,,1,2024.0,Tecnicatura Universitaria En Programación,Pregrado,3,,Facultad Regional Buenos Aires,2026-05-26,,1,,1
66766,99277,33158538,Sabrina,Sánchez,F,2007-01-01,Argentina,2024,17,0,,1,2024.0,Tecnicatura Universitaria En Programación,Pregrado,3,,Facultad Regional Buenos Aires,2026-05-26,,1,,1
66769,56739,33158823,Gastón,Peralta,M,2000-11-13,Argentina,2021,21,0,,1,2021.0,Tecnicatura Universitaria En Programación,Pregrado,3,,Facultad Regional Buenos Aires,2026-05-26,,1,,1
66841,808,33174493,Sergio,Molina,M,2006-09-12,No especificado,2020,14,0,,1,2020.0,Ingeniería Mecánica,Grado,5,,Facultad Regional Buenos Aires,2026-05-26,,1,,1
66860,107684,33177171,Cristian,Vera,M,2007-07-06,Argentina,2020,13,0,,1,2020.0,Ingeniería Eléctrica,Grado,5,,Facultad Regional Buenos Aires,2026-05-26,,1,,1
66861,88755,33177315,Nicolás,Díaz,M,2004-01-22,Argentina,2024,20,0,,1,2024.0,Tecnicatura Universitaria En Programación,Pregrado,3,,Facultad Regional Buenos Aires,2026-05-26,,1,,1
66881,91095,33180456,Damián,Carrizo,M,2006-05-23,Argentina,2024,18,0,,1,2024.0,Tecnicatura Universitaria En Programación,Pregrado,3,,Facultad Regional Buenos Aires,2026-05-26,,1,,1
66934,48293,33191290,Nicolás,Álvarez,M,2003-01-09,Argentina,2021,18,0,,1,2021.0,Tecnicatura Universitaria En Programación,Pregrado,3,,Facultad Regional Buenos Aires,2026-05-26,,1,,1
66978,123791,33196283,Gonzalo,Carrizo,M,2004-07-30,Argentina,2020,16,0,,1,2020.0,Ingeniería Eléctrica,Grado,5,,Facultad Regional Buenos Aires,2026-05-26,,1,,1
67066,83998,33209296,Lucas,Flores,M,2003-10-20,Argentina,2020,17,0,,1,2020.0,Tecnicatura Universitaria En Programación,Pregrado,3,,Facultad Regional Buenos Aires,2026-05-26,,1,,1
67119,129082,33219725,Fernando,Mendoza,M,2002-08-19,Argentina,2020,18,0,,1,2020.0,Ingeniería Mecánica,Grado,5,,Facultad Regional Buenos Aires,2026-05-26,,1,,1
67264,12846,33252016,Julián,Mendoza,M,2005-12-25,Argentina,2020,15,0,,1,2020.0,Ingeniería Química,Grado,5,,Facultad Regional Buenos Aires,2026-05-26,,1,,1
67291,10469,33257629,Patricia,Vera,F,2007-11-29,Argentina,2024,17,0,,1,2024.0,Tecnicatura Universitaria En Programación,Pregrado,3,,Facultad Regional Buenos Aires,2026-05-26,,1,,1
67295,52847,33258971,Sebastián,Reyes,M,1999-09-27,Argentina,2020,21,0,,1,2020.0,Ingeniería Mecánica,Grado,5,,Facultad Regional Buenos Aires,2026-05-26,,1,,1
67296,63279,33259089,Agustín,Flores,M,2000-08-19,Argentina,2024,24,0,,1,2024.0,Tecnicatura Universitaria En Programación,Pregrado,3,,Facultad Regional Buenos Aires,2026-05-26,,1,,1
67298,81854,33259300,Tomás,Vera,M,2004-01-13,Argentina,2021,17,0,,1,2021.0,Tecnicatura Universitaria En Programación,Pregrado,3,,Facultad Regional Buenos Aires,2026-05-26,,1,,1
67299,76816,33259529,Alejandro,Gómez,M,2001-04-10,Argentina,2020,19,0,,1,2020.0,Ingeniería Mecánica,Grado,5,,Facultad Regional Buenos Aires,2026-05-26,,1,,1
67322,18428,33263717,Ezequiel,García,M,2004-07-24,Argentina,2020,16,0,,1,2020.0,Ingeniería Electrónica,Grado,5,,Facultad Regional Buenos Aires,2026-05-26,,1,,1
67328,103644,33264409,Maximiliano,López,M,2000-03-21,Argentina,2024,24,0,,1,2024.0,Tecnicatura Universitaria En Programación,Pregrado,3,,Facultad Regional Buenos Aires,2026-05-26,,1,,1
67345,76085,33267020,Pablo,Ruiz,M,2000-05-22,Argentina,2020,20,0,,1,2020.0,Ingeniería Eléctrica,Grado,5,,Facultad Regional Buenos Aires,2026-05-26,,1,,1
67363,47437,33270793,Emilio,Mendoza,M,2007-01-24,Argentina,2020,13,0,,1,2020.0,Ingeniería Eléctrica,Grado,5,,Facultad Regional Buenos Aires,2026-05-26,,1,,1
67399,42635,33279182,Ignacio,Ramos,M,2002-05-07,Argentina,2020,18,0,,1,2020.0,Ingeniería Mecánica,Grado,5,,Facultad Regional Buenos Aires,2026-05-26,,1,,1
67421,89643,33283052,Agustín,Ortega,M,2002-03-03,Argentina,2020,18,0,,1,2020.0,Ingeniería Eléctrica,Grado,5,,Facultad Regional Buenos Aires,2026-05-26,,1,,1
67587,101880,33314325,Alejandro,Ramírez,M,1999-01-05,Argentina,2021,22,0,,1,2021.0,Tecnicatura Universitaria En Programación,Pregrado,3,,Facultad Regional Buenos Aires,2026-05-26,,1,,1
67604,23305,33317350,Iván Iván,Cabrera,M,1999-08-05,Argentina,2020,21,0,,1,2020.0,Ingeniería Mecánica,Grado,5,,Facultad Regional Buenos Aires,2026-05-26,,1,,1
67637,69285,33321546,Maximiliano,Herrera,M,2006-09-14,Argentina,2020,14,0,,1,2020.0,Tecnicatura Universitaria En Programación,Pregrado,3,,Facultad Regional Buenos Aires,2026-05-26,,1,,1
67646,105627,33322508,Maximiliano,Álvarez,M,2001-03-28,Argentina,2024,23,0,,1,2024.0,Tecnicatura Universitaria En Programación,Pregrado,3,,Facultad Regional Buenos Aires,2026-05-26,,1,,1
67790,31920,33353080,Ezequiel,Ramírez,M,2005-02-11,Argentina,2024,19,0,,1,2024.0,Tecnicatura Universitaria En Programación,Pregrado,3,,Facultad Regional Buenos Aires,2026-05-26,,1,,1
67899,62358,33378314,Matías,Morales,M,1998-04-23,Argentina,2020,22,0,,1,2020.0,Ingeniería Electrónica,Grado,5,,Facultad Regional Buenos Aires,2026-05-26,,1,,1
67978,52870,33393335,Julián,Huanca,M,2006-10-15,Brasileña,2021,15,0,,1,2021.0,Tecnicatura Universitaria En Programación,Pregrado,3,,Facultad Regional Buenos Aires,2026-05-26,,1,,1
68028,48729,33403461,Pablo,Ojeda,M,2003-03-26,Argentina,2024,21,0,,1,2024.0,Tecnicatura Universitaria En Programación,Pregrado,3,,Facultad Regional Buenos Aires,2026-05-26,,1,,1
68120,39678,33418519,Daniela,Gómez,F,2006-06-15,Argentina,2024,18,0,,1,2024.0,Tecnicatura Universitaria En Programación,Pregrado,3,,Facultad Regional Buenos Aires,2026-05-26,,1,,1
68130,31498,33420378,Alejandro,Castro,M,2007-11-07,Argentina,2020,13,0,,1,2020.0,Ingeniería Química,Grado,5,,Facultad Regional Buenos Aires,2026-05-26,,1,,1
68146,2622,33422633,Agustín,Suárez,M,2002-04-30,Argentina,2024,22,0,,1,2024.0,Tecnicatura Universitaria En Programación,Pregrado,3,,Facultad Regional Buenos Aires,2026-05-26,,1,,1
68178,19221,33429093,Leandro,Ojeda,M,2004-01-21,Argentina,2020,16,0,,1,2020.0,Ingeniería Electrónica,Grado,5,,Facultad Regional Buenos Aires,2026-05-26,,1,,1
68249,94814,33440381,Ramiro,Rodríguez,M,1997-06-02,Argentina,2020,23,0,,1,2020.0,Ingeniería Electrónica,Grado,5,,Facultad Regional Buenos Aires,2026-05-26,,1,,1
68256,59807,33441354,Ramiro,Acosta,M,2000-10-05,Argentina,2020,20,0,,1,2020.0,Ingeniería Mecánica,Grado,5,,Facultad Regional Buenos Aires,2026-05-26,,1,,1
68316,68344,33453171,Ignacio,Rodríguez,M,1999-07-21,Argentina,2020,21,0,,1,2020.0,Ingeniería Electrónica,Grado,5,,Facultad Regional Buenos Aires,2026-05-26,,1,,1
68319,64707,33453535,Lucas,Cabrera,M,1997-03-14,Argentina,2021,24,0,,1,2021.0,Tecnicatura Universitaria En Programación,Pregrado,3,,Facultad Regional Buenos Aires,2026-05-26,,1,,1
68372,49149,33464576,Ignacio,Mendoza,M,2001-01-01,Argentina,2020,19,0,,1,2020.0,Ingeniería Mecánica,Grado,5,,Facultad Regional Buenos Aires,2026-05-26,,1,,1
68601,64167,33507158,Ezequiel,Flores,M,2006-09-20,Argentina,2020,14,0,,1,2020.0,Ingeniería Eléctrica,Grado,5,,Facultad Regional Buenos Aires,2026-05-26,,1,,1
68603,119634,33507837,Ignacio,Quispe,M,2003-06-02,Colombiana,2021,18,0,,1,2021.0,Tecnicatura Universitaria En Programación,Pregrado,3,,Facultad Regional Buenos Aires,2026-05-26,,1,,1
68734,92127,33532459,Silvina,Martínez,F,2000-07-06,Argentina,2020,20,0,,1,2020.0,Ingeniería Química,Grado,5,,Facultad Regional Buenos Aires,2026-05-26,,1,,1
68840,58195,33555387,Leandro,Mendoza,M,2004-06-23,Argentina,2020,16,0,,1,2020.0,Ingeniería Electrónica,Grado,5,,Facultad Regional Buenos Aires,2026-05-26,,1,,1
68841,55726,33555445,Leandro,Cruz,M,2007-11-18,Argentina,2020,13,0,,1,2020.0,Ingeniería Eléctrica,Grado,5,,Facultad Regional Buenos Aires,2026-05-26,,1,,1
68850,78690,33557384,Cristian Cristian,Peralta,M,2006-07-03,Argentina,2024,18,0,,1,2024.0,Tecnicatura Universitaria En Programación,Pregrado,3,,Facultad Regional Buenos Aires,2026-05-26,,1,,1
68854,41074,33558035,Emilio,Castro,M,2007-02-07,Argentina,2024,17,0,,1,2024.0,Tecnicatura Universitaria En Programación,Pregrado,3,,Facultad Regional Buenos Aires,2026-05-26,,1,,1
68909,93459,33569698,Facundo,Cabrera,M,2005-07-09,Argentina,2024,19,0,,1,2024.0,Tecnicatura Universitaria En Programación,Pregrado,3,,Facultad Regional Buenos Aires,2026-05-26,,1,,1
68929,104586,33573495,Fernando,Ramírez,M,2003-02-21,Argentina,2020,17,0,,1,2020.0,Ingeniería Electrónica,Grado,5,,Facultad Regional Buenos Aires,2026-05-26,,1,,1
69006,105701,33587802,Tomás,Mendoza,M,2005-09-21,Argentina,2020,15,0,,1,2020.0,Ingeniería Química,Grado,5,,Facultad Regional Buenos Aires,2026-05-26,,1,,1
69009,51393,33588552,Carolina,Peralta,F,2002-08-16,Argentina,2024,22,0,,1,2024.0,Tecnicatura Universitaria En Programación,Pregrado,3,,Facultad Regional Buenos Aires,2026-05-26,,1,,1
69103,123593,33605602,Iván,Vega,M,2003-05-06,Argentina,2024,21,0,,1,2024.0,Tecnicatura Universitaria En Programación,Pregrado,3,,Facultad Regional Buenos Aires,2026-05-26,,1,,1
69158,20912,33616584,Gonzalo,Vargas,M,2007-12-16,Argentina,2020,13,0,,1,2020.0,Ingeniería Electrónica,Grado,5,,Facultad Regional Buenos Aires,2026-05-26,,1,,1
69172,119432,33619587,Facundo,Ríos,M,2004-04-05,Argentina,2020,16,0,,1,2020.0,Tecnicatura Universitaria En Programación,Pregrado,3,,Facultad Regional Buenos Aires,2026-05-26,,1,,1
69197,57083,33625682,Jimena,García,F,2003-12-04,Argentina,2020,17,0,,1,2020.0,Ingeniería Química,Grado,5,,Facultad Regional Buenos Aires,2026-05-26,,1,,1
69198,4366,33625733,Gastón,Morales,M,2005-03-05,Argentina,2020,15,0,,1,2020.0,Ingeniería Electrónica,Grado,5,,Facultad Regional Buenos Aires,2026-05-26,,1,,1
69219,25671,33629074,Luciana,Álvarez,F,2000-05-15,Argentina,2020,20,0,,1,2020.0,Ingeniería Aeronáutica,Grado,5,,Facultad Regional Buenos Aires,2026-05-26,,1,,1
69252,4839,33635134,Mariana,Mendoza,F,2007-01-19,Argentina,2024,17,0,,1,2024.0,Tecnicatura Universitaria En Programación,Pregrado,3,,Facultad Regional Buenos Aires,2026-05-26,,1,,1
69267,644,33636595,Valeria,Huanca,F,2000-01-01,Uruguaya,2020,20,0,,1,2020.0,Ingeniería Electrónica,Grado,5,,Facultad Regional Buenos Aires,2026-05-26,,1,,1
69302,65691,33642309,Laura,Ríos,F,2004-08-14,Argentina,2024,20,0,,1,2024.0,Tecnicatura Universitaria En Programación,Pregrado,3,,Facultad Regional Buenos Aires,2026-05-26,,1,,1
69336,108320,33647954,Emilio,Santos,M,2003-04-19,Brasileña,2020,17,0,,1,2020.0,Tecnicatura Universitaria En Programación,Pregrado,3,,Facultad Regional Buenos Aires,2026-05-26,,1,,1
69349,14103,33651168,Julián,García,M,2003-09-13,Argentina,2020,17,0,,1,2020.0,Ingeniería Mecánica,Grado,5,,Facultad Regional Buenos Aires,2026-05-26,,1,,1
69397,65780,33660874,Ezequiel,Ramos,M,1999-10-10,Argentina,2020,21,0,,1,2020.0,Ingeniería Aeronáutica,Grado,5,,Facultad Regional Buenos Aires,2026-05-26,,1,,1
69416,113314,33666811,Damián,Ruiz,M,2005-05-02,Argentina,2024,19,0,,1,2024.0,Tecnicatura Universitaria En Programación,Pregrado,3,,Facultad Regional Buenos Aires,2026-05-26,,1,,1
69450,93538,33672885,Noelia,Torres,F,1998-09-17,Argentina,2020,22,0,,1,2020.0,Ingeniería Mecánica,Grado,5,,Facultad Regional Buenos Aires,2026-05-26,,1,,1
69485,50928,33678197,Fernando,Morales,M,2004-07-01,Argentina,2020,16,0,,1,2020.0,Ingeniería Electrónica,Grado,5,,Facultad Regional Buenos Aires,2026-05-26,,1,,1
69491,115296,33679396,Jimena,Ríos,F,2006-06-08,Argentina,2020,14,0,,1,2020.0,Ingeniería Eléctrica,Grado,5,,Facultad Regional Buenos Aires,2026-05-26,,1,,1
69530,84467,33686900,Maximiliano,Lima,M,1999-05-26,Brasileña,2024,25,0,,1,2024.0,Tecnicatura Universitaria En Programación,Pregrado,3,,Facultad Regional Buenos Aires,2026-05-26,,1,,1
69543,40511,33688396,Alejandro,Apaza,M,2006-01-26,Uruguaya,2020,14,0,,1,2020.0,Ingeniería Electrónica,Grado,5,,Facultad Regional Buenos Aires,2026-05-26,,1,,1
69622,51970,33700381,Sergio,Vera,M,2007-12-10,Argentina,2024,17,0,,1,2024.0,Tecnicatura Universitaria En Programación,Pregrado,3,,Facultad Regional Buenos Aires,2026-05-26,,1,,1
69646,96630,33705705,Diego,Martínez,M,2003-04-03,Argentina,2020,17,0,,1,2020.0,Ingeniería Aeronáutica,Grado,5,,Facultad Regional Buenos Aires,2026-05-26,,1,,1
69696,71307,33714809,Emilio,Rojas,M,2004-12-18,Argentina,2024,20,0,,1,2024.0,Tecnicatura Universitaria En Programación,Pregrado,3,,Facultad Regional Buenos Aires,2026-05-26,,1,,1
69755,15922,33726549,Alejandro,Ortega,M,2004-11-28,Argentina,2020,16,0,,1,2020.0,Tecnicatura Universitaria En Programación,Pregrado,3,,Facultad Regional Buenos Aires,2026-05-26,,1,,1
69794,57661,33735138,Fernando,Reyes,M,2007-02-16,Argentina,2020,13,0,,1,2020.0,Ingeniería Mecánica,Grado,5,,Facultad Regional Buenos Aires,2026-05-26,,1,,1
69818,96656,33739846,Rodrigo,Pereira,M,2006-12-19,Venezolana,2024,18,0,,1,2024.0,Tecnicatura Universitaria En Programación,Pregrado,3,,Facultad Regional Buenos Aires,2026-05-26,,1,,1
69853,90519,33746619,Sergio Sergio,Reyes,M,2006-04-13,No especificado,2024,18,0,,1,2024.0,Tecnicatura Universitaria En Programación,Pregrado,3,,Facultad Regional Buenos Aires,2026-05-26,,1,,1
69884,69147,33751420,Federico,Sánchez,M,2004-09-07,Argentina,2020,16,0,,1,2020.0,Ingeniería Electrónica,Grado,5,,Facultad Regional Buenos Aires,2026-05-26,,1,,1
69897,81335,33753442,Emilio,Peralta,M,2003-02-09,Argentina,2020,17,0,,1,2020.0,Ingeniería Química,Grado,5,,Facultad Regional Buenos Aires,2026-05-26,,1,,1
69917,115645,33756574,Ramiro,Castro,M,2003-03-22,Argentina,2020,17,0,,1,2020.0,Ingeniería Eléctrica,Grado,5,,Facultad Regional Buenos Aires,2026-05-26,,1,,1
69925,52667,33757944,Camila,Vega,F,2007-05-03,Argentina,2020,13,0,,1,2020.0,Ingeniería Mecánica,Grado,5,,Facultad Regional Buenos Aires,2026-05-26,,1,,1
69927,8832,33758576,Maximiliano,Díaz,M,2003-08-11,Argentina,2024,21,0,,1,2024.0,Tecnicatura Universitaria En Programación,Pregrado,3,,Facultad Regional Buenos Aires,2026-05-26,,1,,1
69930,61004,33759142,Rodrigo,Carrizo,M,2001-08-11,Argentina,2020,19,0,,1,2020.0,Ingeniería Mecánica,Grado,5,,Facultad Regional Buenos Aires,2026-05-26,,1,,1
69938,46185,33760368,Gonzalo,Carrizo,M,2003-05-28,Argentina,2024,21,0,,1,2024.0,Tecnicatura Universitaria En Programación,Pregrado,3,,Facultad Regional Buenos Aires,2026-05-26,,1,,1
69974,72323,33766319,Sebastián,Carrizo,M,2005-01-16,Argentina,2020,15,0,,1,2020.0,Ingeniería Química,Grado,5,,Facultad Regional Buenos Aires,2026-05-26,,1,,1
69990,119364,33769908,Andrea,Vera,F,2003-07-03,Argentina,2024,21,0,,1,2024.0,Tecnicatura Universitaria En Programación,Pregrado,3,,Facultad Regional Buenos Aires,2026-05-26,,1,,1
69995,62324,33770478,Micaela,Ledesma,F,2003-10-18,Argentina,2024,21,0,,1,2024.0,Tecnicatura Universitaria En Programación,Pregrado,3,,Facultad Regional Buenos Aires,2026-05-26,,1,,1
70061,123717,33785035,Fernando,Oliveira,M,1998-08-25,Venezolana,2024,26,0,,1,2024.0,Tecnicatura Universitaria En Programación,Pregrado,3,,Facultad Regional Buenos Aires,2026-05-26,,1,,1
70080,102078,33787386,Cristian,Cabrera,M,2007-05-29,Argentina,2020,13,0,,1,2020.0,Ingeniería Electrónica,Grado,5,,Facultad Regional Buenos Aires,2026-05-26,,1,,1
70115,80975,33793734,Mariana,Acosta,F,2005-09-27,Argentina,2020,15,0,,1,2020.0,Ingeniería Electrónica,Grado,5,,Facultad Regional Buenos Aires,2026-05-26,,1,,1
70117,13138,33793942,Cristian,Apaza,M,2004-09-15,Colombiana,2024,20,0,,1,2024.0,Tecnicatura Universitaria En Programación,Pregrado,3,,Facultad Regional Buenos Aires,2026-05-26,,1,,1
70126,118141,33794697,Matías,Herrera,M,2005-11-21,Argentina,2020,15,0,,1,2020.0,Ingeniería Electrónica,Grado,5,,Facultad Regional Buenos Aires,2026-05-26,,1,,1
70266,71167,33821097,Sergio,Carrizo,M,2003-07-31,Argentina,2024,21,0,,1,2024.0,Tecnicatura Universitaria En Programación,Pregrado,3,,Facultad Regional Buenos Aires,2026-05-26,,1,,1
70270,2109,33821822,Damián,Suárez,M,2004-12-07,Argentina,2024,20,0,,1,2024.0,Tecnicatura Universitaria En Programación,Pregrado,3,,Facultad Regional Buenos Aires,2026-05-26,,1,,1
70308,26478,33827926,Ezequiel,Moreno,M,2007-04-02,Argentina,2024,17,0,,1,2024.0,Tecnicatura Universitaria En Programación,Pregrado,3,,Facultad Regional Buenos Aires,2026-05-26,,1,,1
70311,66615,33828419,Pablo,Ramos,M,2002-12-30,Argentina,2020,18,0,,1,2020.0,Tecnicatura Universitaria En Programación,Pregrado,3,,Facultad Regional Buenos Aires,2026-05-26,,1,,1
70346,129461,33833822,Gastón,Acosta,M,2005-12-15,Argentina,2020,15,0,,1,2020.0,Ingeniería Mecánica,Grado,5,,Facultad Regional Buenos Aires,2026-05-26,,1,,1
70432,101184,33849734,Hernán,Sánchez,M,2003-09-20,Argentina,2020,17,0,,1,2020.0,Ingeniería Eléctrica,Grado,5,,Facultad Regional Buenos Aires,2026-05-26,,1,,1
70502,1940,33864815,Gastón,Vargas,M,2007-11-05,Argentina,2020,13,0,,1,2020.0,Ingeniería Mecánica,Grado,5,,Facultad Regional Buenos Aires,2026-05-26,,1,,1
70523,33390,33867739,Rodrigo,Fernández,M,2004-08-20,Argentina,2020,16,0,,1,2020.0,Ingeniería Electrónica,Grado,5,,Facultad Regional Buenos Aires,2026-05-26,,1,,1
70540,13329,33871519,Leandro,Díaz,M,2001-06-07,Argentina,2020,19,0,,1,2020.0,Ingeniería Electrónica,Grado,5,,Facultad Regional Buenos Aires,2026-05-26,,1,,1
70549,115249,33873376,Fernando,Núñez,M,2001-06-12,Argentina,2020,19,0,,1,2020.0,Ingeniería Aeronáutica,Grado,5,,Facultad Regional Buenos Aires,2026-05-26,,1,,1
70582,19102,33881995,Emilio,Lima,M,2001-11-08,Boliviana,2020,19,0,,1,2020.0,Ingeniería Eléctrica,Grado,5,,Facultad Regional Buenos Aires,2026-05-26,,1,,1
70673,70095,33899013,Cristian,Lima,M,1998-01-14,Chilena,2024,26,0,,1,2024.0,Tecnicatura Universitaria En Programación,Pregrado,3,,Facultad Regional Buenos Aires,2026-05-26,,1,,1
70728,117766,33910366,Nicolás,Lima,M,2003-01-01,Peruana,2021,18,0,,1,2021.0,Tecnicatura Universitaria En Programación,Pregrado,3,,Facultad Regional Buenos Aires,2026-05-26,,1,,1
70738,46785,33913075,Damián,Rodríguez,M,1998-01-30,Argentina,2021,23,0,,1,2021.0,Tecnicatura Universitaria En Programación,Pregrado,3,,Facultad Regional Buenos Aires,2026-05-26,,1,,1
70772,22042,33919948,Jimena,García,F,2000-03-20,Argentina,2024,24,0,,1,2024.0,Tecnicatura Universitaria En Programación,Pregrado,3,,Facultad Regional Buenos Aires,2026-05-26,,1,,1
70823,41537,33930208,Nicolás,Acosta,M,2004-01-11,Argentina,2024,20,0,,1,2024.0,Tecnicatura Universitaria En Programación,Pregrado,3,,Facultad Regional Buenos Aires,2026-05-26,,1,,1
70837,37497,33932295,Micaela,Cabrera,F,2005-09-17,Argentina,2024,19,0,,1,2024.0,Tecnicatura Universitaria En Programación,Pregrado,3,,Facultad Regional Buenos Aires,2026-05-26,,1,,1
70909,42486,33946529,Luciana,Quispe,F,2004-09-05,Venezolana,2020,16,0,,1,2020.0,Tecnicatura Universitaria En Programación,Pregrado,3,,Facultad Regional Buenos Aires,2026-05-26,,1,,1
70938,19281,33953372,Nicolás,Molina,M,2000-03-13,Argentina,2024,24,0,,1,2024.0,Tecnicatura Universitaria En Programación,Pregrado,3,,Facultad Regional Buenos Aires,2026-05-26,,1,,1
71016,48624,33966688,Claudia,Fuentes,F,2004-05-07,Uruguaya,2024,20,0,,1,2024.0,Tecnicatura Universitaria En Programación,Pregrado,3,,Facultad Regional Buenos Aires,2026-05-26,,1,,1
71018,35507,33967211,Gonzalo,Mendoza,M,2008-01-01,Argentina,2024,16,0,,1,2024.0,Tecnicatura Universitaria En Programación,Pregrado,3,,Facultad Regional Buenos Aires,2026-05-26,,1,,1
71128,97943,33990659,Florencia,Giménez,F,2007-10-10,Uruguaya,2024,17,0,,1,2024.0,Tecnicatura Universitaria En Programación,Pregrado,3,,Facultad Regional Buenos Aires,2026-05-26,,1,,1
71194,22519,34005787,Leandro,Suárez,M,2006-09-27,Argentina,2020,14,0,,1,2020.0,Ingeniería Eléctrica,Grado,5,,Facultad Regional Buenos Aires,2026-05-26,,1,,1
71227,105588,34011869,Nicolás,Torres,M,2003-04-19,Argentina,2021,18,0,,1,2021.0,Tecnicatura Universitaria En Programación,Pregrado,3,,Facultad Regional Buenos Aires,2026-05-26,,1,,1
71241,1962,34014610,Maximiliano,Ríos,M,2007-07-28,Argentina,2024,17,0,,1,2024.0,Tecnicatura Universitaria En Programación,Pregrado,3,,Facultad Regional Buenos Aires,2026-05-26,,1,,1
71256,27688,34017748,Maximiliano,Fernández,M,2007-09-04,Argentina,2020,13,0,,1,2020.0,Ingeniería Electrónica,Grado,5,,Facultad Regional Buenos Aires,2026-05-26,,1,,1
71361,105622,34036810,Agustín,Ojeda,M,2000-08-08,No especificado,2024,24,0,,1,2024.0,Tecnicatura Universitaria En Programación,Pregrado,3,,Facultad Regional Buenos Aires,2026-05-26,,1,,1
71407,45379,34047891,Santiago,Rojas,M,2002-05-07,Argentina,2020,18,0,,1,2020.0,Ingeniería Aeronáutica,Grado,5,,Facultad Regional Buenos Aires,2026-05-26,,1,,1
71417,127640,34049705,Martín,Vargas,M,2006-01-04,Argentina,2020,14,0,,1,2020.0,Ingeniería Mecánica,Grado,5,,Facultad Regional Buenos Aires,2026-05-26,,1,,1
71442,12743,34055050,Nicolás,García,M,2005-05-14,Argentina,2020,15,0,,1,2020.0,Ingeniería Mecánica,Grado,5,,Facultad Regional Buenos Aires,2026-05-26,,1,,1
71530,49350,34071633,Nicolás,Rodríguez,M,1999-10-15,Argentina,2020,21,0,,1,2020.0,Ingeniería Electrónica,Grado,5,,Facultad Regional Buenos Aires,2026-05-26,,1,,1
71707,70622,34104291,Cristian,Fuentes,M,2007-10-17,Chilena,2020,13,0,,1,2020.0,Ingeniería Química,Grado,5,,Facultad Regional Buenos Aires,2026-05-26,,1,,1
71783,112678,34119226,Lucas,Rojas,M,2003-01-25,Argentina,2024,21,0,,1,2024.0,Tecnicatura Universitaria En Programación,Pregrado,3,,Facultad Regional Buenos Aires,2026-05-26,,1,,1
71856,113274,34133513,Sofía,Pérez,F,2003-08-15,Argentina,2024,21,0,,1,2024.0,Tecnicatura Universitaria En Programación,Pregrado,3,,Facultad Regional Buenos Aires,2026-05-26,,1,,1
71863,127041,34135702,Pablo,Cruz,M,2001-10-29,Argentina,2024,23,0,,1,2024.0,Tecnicatura Universitaria En Programación,Pregrado,3,,Facultad Regional Buenos Aires,2026-05-26,,1,,1
71921,54173,34149799,Noelia,Acosta,F,2004-12-30,Argentina,2024,20,0,,1,2024.0,Tecnicatura Universitaria En Programación,Pregrado,3,,Facultad Regional Buenos Aires,2026-05-26,,1,,1
71959,1,34157347,Agustín,Flores,M,2004-04-01,Argentina,2020,16,0,,1,2020.0,Ingeniería Electrónica,Grado,5,,Facultad Regional Buenos Aires,2026-05-26,,1,,1
72060,43660,34178179,Ezequiel,Romero,M,1999-12-08,Argentina,2024,25,0,,1,2024.0,Tecnicatura Universitaria En Programación,Pregrado,3,,Facultad Regional Buenos Aires,2026-05-26,,1,,1
72062,57750,34178911,Julián,Huanca,M,2006-12-30,Brasileña,2020,14,0,,1,2020.0,Ingeniería Electrónica,Grado,5,,Facultad Regional Buenos Aires,2026-05-26,,1,,1
72068,67443,34179785,Nicolás,Cruz,M,1998-02-26,Argentina,2020,22,0,,1,2020.0,Ingeniería Electrónica,Grado,5,,Facultad Regional Buenos Aires,2026-05-26,,1,,1
72124,122494,34189367,Nicolás,Suárez,M,2005-04-06,Argentina,2020,15,0,,1,2020.0,Ingeniería Electrónica,Grado,5,,Facultad Regional Buenos Aires,2026-05-26,,1,,1
72170,32997,34197197,Sebastián,Díaz,M,2006-03-02,Argentina,2020,14,0,,1,2020.0,Ingeniería Aeronáutica,Grado,5,,Facultad Regional Buenos Aires,2026-05-26,,1,,1
72242,77146,34208994,Federico,Vera,M,2001-01-01,Argentina,2020,19,0,,1,2020.0,Ingeniería Electrónica,Grado,5,,Facultad Regional Buenos Aires,2026-05-26,,1,,1
72269,54765,34215358,Federico,Souza,M,2001-11-14,Brasileña,2020,19,0,,1,2020.0,Ingeniería Electrónica,Grado,5,,Facultad Regional Buenos Aires,2026-05-26,,1,,1
72430,79982,34244496,Tomás,González,M,2002-02-13,Argentina,2024,22,0,,1,2024.0,Tecnicatura Universitaria En Programación,Pregrado,3,,Facultad Regional Buenos Aires,2026-05-26,,1,,1
72449,1165,34248549,Leandro,Gómez,M,2007-08-08,Argentina,2020,13,0,,1,2020.0,Ingeniería Electrónica,Grado,5,,Facultad Regional Buenos Aires,2026-05-26,,1,,1
72451,5026,34249223,Santiago,Condori,M,2006-02-13,Peruana,2021,15,0,,1,2021.0,Tecnicatura Universitaria En Programación,Pregrado,3,,Facultad Regional Buenos Aires,2026-05-26,,1,,1
72483,15350,34256134,Maximiliano,Ramírez,M,1999-04-14,Argentina,2020,21,0,,1,2020.0,Tecnicatura Universitaria En Programación,Pregrado,3,,Facultad Regional Buenos Aires,2026-05-26,,1,,1
72520,51310,34263771,Daniela,Acosta,F,2003-09-13,Argentina,2024,21,0,,1,2024.0,Tecnicatura Universitaria En Programación,Pregrado,3,,Facultad Regional Buenos Aires,2026-05-26,,1,,1
72601,64042,34280131,Santiago,Reyes,M,2004-10-28,Argentina,2024,20,0,,1,2024.0,Tecnicatura Universitaria En Programación,Pregrado,3,,Facultad Regional Buenos Aires,2026-05-26,,1,,1
72639,104470,34287975,Martín,Herrera,M,2005-12-11,Argentina,2020,15,0,,1,2020.0,Tecnicatura Universitaria En Programación,Pregrado,3,,Facultad Regional Buenos Aires,2026-05-26,,1,,1
72717,43272,34304738,Romina,Fuentes,F,2002-08-19,Colombiana,2020,18,0,,1,2020.0,Ingeniería Eléctrica,Grado,5,,Facultad Regional Buenos Aires,2026-05-26,,1,,1
72731,116775,34307575,Gonzalo,Silva,M,2001-01-15,Paraguaya,2020,19,0,,1,2020.0,Ingeniería Mecánica,Grado,5,,Facultad Regional Buenos Aires,2026-05-26,,1,,1
72824,18981,34327050,Fernando,Martínez,M,2003-01-17,Argentina,2020,17,0,,1,2020.0,Ingeniería Mecánica,Grado,5,,Facultad Regional Buenos Aires,2026-05-26,,1,,1
72841,90451,34330385,Sofía,Carrizo,F,2000-03-16,Argentina,2020,20,0,,1,2020.0,Ingeniería Mecánica,Grado,5,,Facultad Regional Buenos Aires,2026-05-26,,1,,1
73076,26491,34376905,Nicolás,Torres,M,2002-07-22,No especificado,2020,18,0,,1,2020.0,Ingeniería Química,Grado,5,,Facultad Regional Buenos Aires,2026-05-26,,1,,1
73127,791,34386607,Ramiro,Núñez,M,2006-06-30,Argentina,2024,18,0,,1,2024.0,Tecnicatura Universitaria En Programación,Pregrado,3,,Facultad Regional Buenos Aires,2026-05-26,,1,,1
73129,32077,34386920,Pablo,Pérez,M,2007-03-28,Argentina,2024,17,0,,1,2024.0,Tecnicatura Universitaria En Programación,Pregrado,3,,Facultad Regional Buenos Aires,2026-05-26,,1,,1
73282,9493,34416699,Claudia,Ruiz,F,2003-07-31,Argentina,2021,18,0,,1,2021.0,Tecnicatura Universitaria En Programación,Pregrado,3,,Facultad Regional Buenos Aires,2026-05-26,,1,,1
73342,69393,34429525,Fernando,Moreno,M,2005-04-21,Argentina,2020,15,0,,1,2020.0,Ingeniería Electrónica,Grado,5,,Facultad Regional Buenos Aires,2026-05-26,,1,,1
73353,76230,34432538,Martín,Álvarez,M,1999-12-26,Argentina,2024,25,0,,1,2024.0,Tecnicatura Universitaria En Programación,Pregrado,3,,Facultad Regional Buenos Aires,2026-05-26,,1,,1
73395,2671,34443603,Claudio,González,M,2005-07-07,Argentina,2020,15,0,,1,2020.0,Ingeniería Eléctrica,Grado,5,,Facultad Regional Buenos Aires,2026-05-26,,1,,1
73423,49196,34452351,Claudio,Mamani,M,2001-05-17,Uruguaya,2020,19,0,,1,2020.0,Tecnicatura Universitaria En Programación,Pregrado,3,,Facultad Regional Buenos Aires,2026-05-26,,1,,1
73477,67007,34465715,Gastón,Mendoza,M,2004-04-11,Argentina,2024,20,0,,1,2024.0,Tecnicatura Universitaria En Programación,Pregrado,3,,Facultad Regional Buenos Aires,2026-05-26,,1,,1
73506,68837,34470056,Leandro,López,M,1998-10-03,Argentina,2021,23,0,,1,2021.0,Tecnicatura Universitaria En Programación,Pregrado,3,,Facultad Regional Buenos Aires,2026-05-26,,1,,1
73527,110417,34473339,Matías,Quispe,M,2005-05-08,Chilena,2024,19,0,,1,2024.0,Tecnicatura Universitaria En Programación,Pregrado,3,,Facultad Regional Buenos Aires,2026-05-26,,1,,1
73609,110910,34488123,Ignacio,Castro,M,2001-08-28,Argentina,2020,19,0,,1,2020.0,Ingeniería Química,Grado,5,,Facultad Regional Buenos Aires,2026-05-26,,1,,1
73672,48118,34499090,Diego,Villalba,M,2002-10-15,Chilena,2020,18,0,,1,2020.0,Ingeniería Electrónica,Grado,5,,Facultad Regional Buenos Aires,2026-05-26,,1,,1
73766,25977,34519715,Gastón,Ledesma,M,2001-07-11,Argentina,2020,19,0,,1,2020.0,Ingeniería Mecánica,Grado,5,,Facultad Regional Buenos Aires,2026-05-26,,1,,1
73798,42342,34526077,Soledad,Fernández,F,2000-09-30,Argentina,2020,20,0,,1,2020.0,Ingeniería Aeronáutica,Grado,5,,Facultad Regional Buenos Aires,2026-05-26,,1,,1
73802,70132,34526769,Julián,Ramírez,M,2000-06-26,Argentina,2020,20,0,,1,2020.0,Ingeniería Eléctrica,Grado,5,,Facultad Regional Buenos Aires,2026-05-26,,1,,1
73811,1590,34529283,Gonzalo,Souza,M,1999-04-24,Uruguaya,2021,22,0,,1,2021.0,Tecnicatura Universitaria En Programación,Pregrado,3,,Facultad Regional Buenos Aires,2026-05-26,,1,,1
73834,51877,34535190,Florencia,Vega,F,2002-02-02,Argentina,2024,22,0,,1,2024.0,Tecnicatura Universitaria En Programación,Pregrado,3,,Facultad Regional Buenos Aires,2026-05-26,,1,,1
73857,70069,34539577,Fernando,Pérez,M,2003-06-11,Argentina,2020,17,0,,1,2020.0,Ingeniería Mecánica,Grado,5,,Facultad Regional Buenos Aires,2026-05-26,,1,,1
73864,38447,34540190,Gastón,Pereira,M,2004-01-01,Paraguaya,2024,20,0,,1,2024.0,Tecnicatura Universitaria En Programación,Pregrado,3,,Facultad Regional Buenos Aires,2026-05-26,,1,,1
73916,48431,34550408,Ignacio,Álvarez,M,2006-08-15,Argentina,2024,18,0,,1,2024.0,Tecnicatura Universitaria En Programación,Pregrado,3,,Facultad Regional Buenos Aires,2026-05-26,,1,,1
73917,31406,34550568,Facundo,Suárez,M,1998-06-02,Argentina,2024,26,0,,1,2024.0,Tecnicatura Universitaria En Programación,Pregrado,3,,Facultad Regional Buenos Aires,2026-05-26,,1,,1
73947,8569,34558570,Silvina,Acosta,F,2006-02-04,Argentina,2020,14,0,,1,2020.0,Ingeniería Química,Grado,5,,Facultad Regional Buenos Aires,2026-05-26,,1,,1
73958,20121,34561066,Alejandro,Mamani,M,2003-01-05,Peruana,2020,17,0,,1,2020.0,Ingeniería Mecánica,Grado,5,,Facultad Regional Buenos Aires,2026-05-26,,1,,1
73965,27764,34561798,Tomás Tomás,Rojas,M,1999-07-01,Argentina,2020,21,0,,1,2020.0,Ingeniería Mecánica,Grado,5,,Facultad Regional Buenos Aires,2026-05-26,,1,,1
73978,65555,34564495,Leandro,Flores,M,2003-10-25,Argentina,2024,21,0,,1,2024.0,Tecnicatura Universitaria En Programación,Pregrado,3,,Facultad Regional Buenos Aires,2026-05-26,,1,,1
74151,117661,34600884,Ignacio,Suárez,M,2000-11-17,Argentina,2020,20,0,,1,2020.0,Ingeniería Mecánica,Grado,5,,Facultad Regional Buenos Aires,2026-05-26,,1,,1
74173,87467,34604445,Maximiliano,Gómez,M,2007-03-15,Argentina,2024,17,0,,1,2024.0,Tecnicatura Universitaria En Programación,Pregrado,3,,Facultad Regional Buenos Aires,2026-05-26,,1,,1
74191,63060,34606839,Maximiliano,Ramírez,M,2002-06-04,Argentina,2020,18,0,,1,2020.0,Ingeniería Química,Grado,5,,Facultad Regional Buenos Aires,2026-05-26,,1,,1
74301,25240,34627250,Claudio,Ramírez,M,2001-05-06,Argentina,2020,19,0,,1,2020.0,Ingeniería Electrónica,Grado,5,,Facultad Regional Buenos Aires,2026-05-26,,1,,1
74397,93564,34642638,Vanesa,Giménez,F,2006-01-01,Chilena,2020,14,0,,1,2020.0,Ingeniería Eléctrica,Grado,5,,Facultad Regional Buenos Aires,2026-05-26,,1,,1
74437,824,34649399,Micaela Micaela,Morales,F,2005-07-05,Argentina,2024,19,0,,1,2024.0,Tecnicatura Universitaria En Programación,Pregrado,3,,Facultad Regional Buenos Aires,2026-05-26,,1,,1
74567,3543,34672576,Leandro,Ríos,M,2004-09-19,Argentina,2021,17,0,,1,2021.0,Tecnicatura Universitaria En Programación,Pregrado,3,,Facultad Regional Buenos Aires,2026-05-26,,1,,1
74579,64069,34674947,Gonzalo,Ramos,M,2005-03-01,Argentina,2020,15,0,,1,2020.0,Tecnicatura Universitaria En Programación,Pregrado,3,,Facultad Regional Buenos Aires,2026-05-26,,1,,1
74632,19597,34685252,Julián,Acosta,M,2006-12-28,Argentina,2020,14,0,,1,2020.0,Ingeniería Eléctrica,Grado,5,,Facultad Regional Buenos Aires,2026-05-26,,1,,1
74643,58839,34687656,Gastón,Morales,M,2000-05-22,Argentina,2020,20,0,,1,2020.0,Ingeniería Electrónica,Grado,5,,Facultad Regional Buenos Aires,2026-05-26,,1,,1
74676,45291,34694019,Rodrigo,Acosta,M,2003-11-08,Argentina,2024,21,0,,1,2024.0,Tecnicatura Universitaria En Programación,Pregrado,3,,Facultad Regional Buenos Aires,2026-05-26,,1,,1
74690,80219,34697490,Ezequiel,Torres,M,2007-11-23,Argentina,2024,17,0,,1,2024.0,Tecnicatura Universitaria En Programación,Pregrado,3,,Facultad Regional Buenos Aires,2026-05-26,,1,,1
74699,121416,34698792,Nicolás,Ríos,M,2005-04-01,Argentina,2020,15,0,,1,2020.0,Tecnicatura Universitaria En Programación,Pregrado,3,,Facultad Regional Buenos Aires,2026-05-26,,1,,1
74748,82534,34707310,Martín,Gómez,M,2001-05-26,Argentina,2021,20,0,,1,2021.0,Tecnicatura Universitaria En Programación,Pregrado,3,,Facultad Regional Buenos Aires,2026-05-26,,1,,1
74766,85021,34709355,Federico,Torres,M,2002-11-08,Argentina,2020,18,0,,1,2020.0,Ingeniería Mecánica,Grado,5,,Facultad Regional Buenos Aires,2026-05-26,,1,,1
74852,76477,34725437,Pablo,Muñoz,M,2007-02-12,Boliviana,2020,13,0,,1,2020.0,Ingeniería Eléctrica,Grado,5,,Facultad Regional Buenos Aires,2026-05-26,,1,,1
74882,31206,34732544,Ezequiel,Ríos,M,2008-01-01,Argentina,2021,13,0,,1,2021.0,Tecnicatura Universitaria En Programación,Pregrado,3,,Facultad Regional Buenos Aires,2026-05-26,,1,,1
74893,83728,34734394,Gastón,Mendoza,M,2005-07-25,Argentina,2020,15,0,,1,2020.0,Ingeniería Mecánica,Grado,5,,Facultad Regional Buenos Aires,2026-05-26,,1,,1
74922,65847,34739919,Ignacio,Díaz,M,2005-09-25,Argentina,2024,19,0,,1,2024.0,Tecnicatura Universitaria En Programación,Pregrado,3,,Facultad Regional Buenos Aires,2026-05-26,,1,,1
75004,118168,34756148,Ignacio,López,M,2000-10-14,Argentina,2020,20,0,,1,2020.0,Ingeniería Mecánica,Grado,5,,Facultad Regional Buenos Aires,2026-05-26,,1,,1
75048,89761,34766245,Federico,Santos,M,2006-05-31,Colombiana,2020,14,0,,1,2020.0,Ingeniería Mecánica,Grado,5,,Facultad Regional Buenos Aires,2026-05-26,,1,,1
75200,44772,34795327,Julián,Molina,M,2000-09-25,Argentina,2020,20,0,,1,2020.0,Ingeniería Mecánica,Grado,5,,Facultad Regional Buenos Aires,2026-05-26,,1,,1
75219,92167,34798486,Iván,Rodríguez,M,2007-02-08,Argentina,2020,13,0,,1,2020.0,Tecnicatura Universitaria En Programación,Pregrado,3,,Facultad Regional Buenos Aires,2026-05-26,,1,,1
75288,58701,34812037,Iván,Moreno,M,2007-03-19,Argentina,2024,17,0,,1,2024.0,Tecnicatura Universitaria En Programación,Pregrado,3,,Facultad Regional Buenos Aires,2026-05-26,,1,,1
75289,84234,34812355,Soledad,Cabrera,F,2007-07-05,Argentina,2020,13,0,,1,2020.0,Ingeniería Química,Grado,5,,Facultad Regional Buenos Aires,2026-05-26,,1,,1
75294,56259,34813558,Ezequiel,Acosta,M,2001-05-30,Argentina,2024,23,0,,1,2024.0,Tecnicatura Universitaria En Programación,Pregrado,3,,Facultad Regional Buenos Aires,2026-05-26,,1,,1
75351,77464,34826463,Cristian,Díaz,M,2007-12-31,Venezolana,2024,17,0,,1,2024.0,Tecnicatura Universitaria En Programación,Pregrado,3,,Facultad Regional Buenos Aires,2026-05-26,,1,,1
75407,110647,34835460,Diego,Huanca,M,1998-06-16,Venezolana,2020,22,0,,1,2020.0,Tecnicatura Universitaria En Programación,Pregrado,3,,Facultad Regional Buenos Aires,2026-05-26,,1,,1
75408,81412,34835641,Agustín,Vargas,M,2007-12-09,Argentina,2024,17,0,,1,2024.0,Tecnicatura Universitaria En Programación,Pregrado,3,,Facultad Regional Buenos Aires,2026-05-26,,1,,1
75442,68720,34842367,Cristian,Ruiz,M,2006-03-13,Argentina,2021,15,0,,1,2021.0,Tecnicatura Universitaria En Programación,Pregrado,3,,Facultad Regional Buenos Aires,2026-05-26,,1,,1
75450,57513,34843362,Facundo,Peralta,M,2003-04-12,Argentina,2020,17,0,,1,2020.0,Tecnicatura Universitaria En Programación,Pregrado,3,,Facultad Regional Buenos Aires,2026-05-26,,1,,1
75452,6965,34843891,Rodrigo,González,M,2000-06-14,Argentina,2020,20,0,,1,2020.0,Ingeniería Eléctrica,Grado,5,,Facultad Regional Buenos Aires,2026-05-26,,1,,1
75585,124238,34873196,Alejandro,Cabrera,M,2002-12-24,No especificado,2020,18,0,,1,2020.0,Ingeniería Electrónica,Grado,5,,Facultad Regional Buenos Aires,2026-05-26,,1,,1
75616,81827,34877957,Gastón,Reyes,M,1999-09-22,Argentina,2020,21,0,,1,2020.0,Ingeniería Química,Grado,5,,Facultad Regional Buenos Aires,2026-05-26,,1,,1
75656,76753,34884835,Hernán,Ortega,M,2007-03-17,Argentina,2024,17,0,,1,2024.0,Tecnicatura Universitaria En Programación,Pregrado,3,,Facultad Regional Buenos Aires,2026-05-26,,1,,1
75688,50550,34890881,Rodrigo,Benítez,M,2004-02-05,Paraguaya,2024,20,0,,1,2024.0,Tecnicatura Universitaria En Programación,Pregrado,3,,Facultad Regional Buenos Aires,2026-05-26,,1,,1
75705,5285,34894495,Sebastián,Reyes,M,2003-07-25,Argentina,2020,17,0,,1,2020.0,Ingeniería Mecánica,Grado,5,,Facultad Regional Buenos Aires,2026-05-26,,1,,1
75720,50872,34897448,Julián,Rojas,M,2003-03-06,Argentina,2020,17,0,,1,2020.0,Ingeniería Mecánica,Grado,5,,Facultad Regional Buenos Aires,2026-05-26,,1,,1
75725,93594,34899057,Agustín,Ramos,M,2004-05-03,Argentina,2020,16,0,,1,2020.0,Ingeniería Electrónica,Grado,5,,Facultad Regional Buenos Aires,2026-05-26,,1,,1
75764,93811,34908150,Sergio,Rojas,M,2006-01-01,Argentina,2024,18,0,,1,2024.0,Tecnicatura Universitaria En Programación,Pregrado,3,,Facultad Regional Buenos Aires,2026-05-26,,1,,1
75810,5874,34918564,Ramiro,Moreno,M,1998-04-08,Argentina,2020,22,0,,1,2020.0,Ingeniería Electrónica,Grado,5,,Facultad Regional Buenos Aires,2026-05-26,,1,,1
75836,24198,34926176,Nicolás,Peralta,M,2006-06-16,Argentina,2021,15,0,,1,2021.0,Tecnicatura Universitaria En Programación,Pregrado,3,,Facultad Regional Buenos Aires,2026-05-26,,1,,1
75865,72230,34931085,Pablo,Ríos,M,2005-03-21,Argentina,2020,15,0,,1,2020.0,Ingeniería Eléctrica,Grado,5,,Facultad Regional Buenos Aires,2026-05-26,,1,,1
75890,15067,34935179,Rodrigo,Rojas,M,2001-04-10,Argentina,2020,19,0,,1,2020.0,Ingeniería Electrónica,Grado,5,,Facultad Regional Buenos Aires,2026-05-26,,1,,1
75917,1978,34939176,Agustín,Cabrera,M,2003-11-20,Argentina,2020,17,0,,1,2020.0,Ingeniería Aeronáutica,Grado,5,,Facultad Regional Buenos Aires,2026-05-26,,1,,1
75996,37496,34954396,Emilio Emilio,Álvarez,M,2006-06-19,Argentina,2024,18,0,,1,2024.0,Tecnicatura Universitaria En Programación,Pregrado,3,,Facultad Regional Buenos Aires,2026-05-26,,1,,1
76081,69732,34970442,Gonzalo,Ledesma,M,2007-06-29,Argentina,2020,13,0,,1,2020.0,Ingeniería Mecánica,Grado,5,,Facultad Regional Buenos Aires,2026-05-26,,1,,1
76111,123854,34975278,Ezequiel,Díaz,M,2003-06-18,Argentina,2020,17,0,,1,2020.0,Tecnicatura Universitaria En Programación,Pregrado,3,,Facultad Regional Buenos Aires,2026-05-26,,1,,1
76157,17792,34986054,Federico,Suárez,M,2003-08-06,Argentina,2024,21,0,,1,2024.0,Tecnicatura Universitaria En Programación,Pregrado,3,,Facultad Regional Buenos Aires,2026-05-26,,1,,1
76279,74224,35011584,Mariela,Vera,F,2004-04-11,Argentina,2020,16,0,,1,2020.0,Ingeniería Electrónica,Grado,5,,Facultad Regional Buenos Aires,2026-05-26,,1,,1
76285,2418,35012789,Federico,González,M,2001-11-08,Argentina,2020,19,0,,1,2020.0,Ingeniería Mecánica,Grado,5,,Facultad Regional Buenos Aires,2026-05-26,,1,,1
76379,5544,35031211,Facundo,Ríos,M,2001-12-09,Argentina,2024,23,0,,1,2024.0,Tecnicatura Universitaria En Programación,Pregrado,3,,Facultad Regional Buenos Aires,2026-05-26,,1,,1
76428,86744,35040382,Julián,Huanca,M,2005-02-28,Brasileña,2020,15,0,,1,2020.0,Ingeniería Electrónica,Grado,5,,Facultad Regional Buenos Aires,2026-05-26,,1,,1
76460,20238,35047961,Santiago,Mendoza,M,2007-07-01,Argentina,2020,13,0,,1,2020.0,Ingeniería Electrónica,Grado,5,,Facultad Regional Buenos Aires,2026-05-26,,1,,1
76471,43728,35049435,Leandro,Herrera,M,1998-02-15,Argentina,2020,22,0,,1,2020.0,Tecnicatura Universitaria En Programación,Pregrado,3,,Facultad Regional Buenos Aires,2026-05-26,,1,,1
76520,39902,35057379,Hernán,Cabrera,M,1997-07-13,Argentina,2020,23,0,,1,2020.0,Ingeniería Mecánica,Grado,5,,Facultad Regional Buenos Aires,2026-05-26,,1,,1
76532,65058,35059441,Martín,Morales,M,2002-11-24,Argentina,2020,18,0,,1,2020.0,Ingeniería Química,Grado,5,,Facultad Regional Buenos Aires,2026-05-26,,1,,1
76547,37099,35062586,Carolina,Muñoz,F,2006-03-27,Venezolana,2020,14,0,,1,2020.0,Tecnicatura Universitaria En Programación,Pregrado,3,,Facultad Regional Buenos Aires,2026-05-26,,1,,1
76558,41162,35064582,Ezequiel,Núñez,M,2000-03-22,Argentina,2020,20,0,,1,2020.0,Ingeniería Mecánica,Grado,5,,Facultad Regional Buenos Aires,2026-05-26,,1,,1
76608,39961,35074967,Alejandro,Sánchez,M,2006-01-02,Argentina,2020,14,0,,1,2020.0,Ingeniería Mecánica,Grado,5,,Facultad Regional Buenos Aires,2026-05-26,,1,,1
76629,24077,35079886,Gastón,Ruiz,M,2003-01-14,Argentina,2020,17,0,,1,2020.0,Ingeniería Mecánica,Grado,5,,Facultad Regional Buenos Aires,2026-05-26,,1,,1
76651,77867,35083430,Pablo,González,M,2007-06-21,Argentina,2024,17,0,,1,2024.0,Tecnicatura Universitaria En Programación,Pregrado,3,,Facultad Regional Buenos Aires,2026-05-26,,1,,1
76669,122066,35086774,Agustín,Lima,M,2003-07-25,Peruana,2020,17,0,,1,2020.0,Ingeniería Mecánica,Grado,5,,Facultad Regional Buenos Aires,2026-05-26,,1,,1
76715,5479,35095359,Daniela Daniela,Vera,F,2006-09-29,Argentina,2024,18,0,,1,2024.0,Tecnicatura Universitaria En Programación,Pregrado,3,,Facultad Regional Buenos Aires,2026-05-26,,1,,1
76750,11985,35100774,Valentina,Ramírez,F,2001-01-01,Argentina,2020,19,0,,1,2020.0,Tecnicatura Universitaria En Programación,Pregrado,3,,Facultad Regional Buenos Aires,2026-05-26,,1,,1
76777,124627,35104803,Matías,Giménez,M,2001-04-13,Brasileña,2020,19,0,,1,2020.0,Ingeniería Mecánica,Grado,5,,Facultad Regional Buenos Aires,2026-05-26,,1,,1
76778,73929,35104919,Sergio,Acosta,M,2002-10-28,Argentina,2024,22,0,,1,2024.0,Tecnicatura Universitaria En Programación,Pregrado,3,,Facultad Regional Buenos Aires,2026-05-26,,1,,1
76804,32946,35109317,Alejandro,Rodríguez,M,2005-10-16,Argentina,2024,19,0,,1,2024.0,Tecnicatura Universitaria En Programación,Pregrado,3,,Facultad Regional Buenos Aires,2026-05-26,,1,,1
76866,94904,35121062,Lucas,Ramos,M,2000-04-08,Argentina,2024,24,0,,1,2024.0,Tecnicatura Universitaria En Programación,Pregrado,3,,Facultad Regional Buenos Aires,2026-05-26,,1,,1
76871,70666,35124412,Gastón,Peralta,M,2002-03-01,Argentina,2021,19,0,,1,2021.0,Tecnicatura Universitaria En Programación,Pregrado,3,,Facultad Regional Buenos Aires,2026-05-26,,1,,1
76885,65294,35126316,Santiago,Ledesma,M,2006-07-19,Argentina,2024,18,0,,1,2024.0,Tecnicatura Universitaria En Programación,Pregrado,3,,Facultad Regional Buenos Aires,2026-05-26,,1,,1
76900,76864,35128724,Vanesa,Rojas,F,2005-09-11,Argentina,2024,19,0,,1,2024.0,Tecnicatura Universitaria En Programación,Pregrado,3,,Facultad Regional Buenos Aires,2026-05-26,,1,,1
76908,109751,35129386,Hernán,Moreno,M,2000-06-22,Argentina,2024,24,0,,1,2024.0,Tecnicatura Universitaria En Programación,Pregrado,3,,Facultad Regional Buenos Aires,2026-05-26,,1,,1
76949,128543,35138187,Martín,Cabrera,M,2008-01-05,Argentina,2020,12,0,,1,2020.0,Ingeniería Electrónica,Grado,5,,Facultad Regional Buenos Aires,2026-05-26,,1,,1
77011,53781,35149044,Paola,Ramos,F,2002-11-07,Argentina,2024,22,0,,1,2024.0,Tecnicatura Universitaria En Programación,Pregrado,3,,Facultad Regional Buenos Aires,2026-05-26,,1,,1
77085,891,35161677,Carolina,Gómez,F,2005-02-28,Argentina,2024,19,0,,1,2024.0,Tecnicatura Universitaria En Programación,Pregrado,3,,Facultad Regional Buenos Aires,2026-05-26,,1,,1
77087,62114,35161836,Matías,Flores,M,2002-08-27,Argentina,2020,18,0,,1,2020.0,Ingeniería Mecánica,Grado,5,,Facultad Regional Buenos Aires,2026-05-26,,1,,1
77287,123087,35199447,Silvina,Herrera,F,2005-02-13,Argentina,2021,16,0,,1,2021.0,Tecnicatura Universitaria En Programación,Pregrado,3,,Facultad Regional Buenos Aires,2026-05-26,,1,,1
77317,89963,35206074,Santiago,Vera,M,2002-10-28,Argentina,2020,18,0,,1,2020.0,Ingeniería Eléctrica,Grado,5,,Facultad Regional Buenos Aires,2026-05-26,,1,,1
77366,83911,35214254,Cristian,Torres,M,2000-03-05,Argentina,2024,24,0,,1,2024.0,Tecnicatura Universitaria En Programación,Pregrado,3,,Facultad Regional Buenos Aires,2026-05-26,,1,,1
77489,67848,35238488,Agustín,López,M,2002-12-20,Argentina,2021,19,0,,1,2021.0,Tecnicatura Universitaria En Programación,Pregrado,3,,Facultad Regional Buenos Aires,2026-05-26,,1,,1
77508,67839,35242413,Silvina,Pérez,F,2002-11-18,Argentina,2024,22,0,,1,2024.0,Tecnicatura Universitaria En Programación,Pregrado,3,,Facultad Regional Buenos Aires,2026-05-26,,1,,1
77564,12697,35252790,Pablo,Fuentes,M,2003-02-10,Brasileña,2020,17,0,,1,2020.0,Ingeniería Eléctrica,Grado,5,,Facultad Regional Buenos Aires,2026-05-26,,1,,1
77606,9973,35260771,Tomás,Acosta,M,2002-08-11,Argentina,2020,18,0,,1,2020.0,Ingeniería Mecánica,Grado,5,,Facultad Regional Buenos Aires,2026-05-26,,1,,1
77614,64219,35261741,Gonzalo,Ramírez,M,2004-10-15,Argentina,2021,17,0,,1,2021.0,Tecnicatura Universitaria En Programación,Pregrado,3,,Facultad Regional Buenos Aires,2026-05-26,,1,,1
77632,109855,35264980,Micaela,Díaz,F,2004-03-31,Argentina,2021,17,0,,1,2021.0,Tecnicatura Universitaria En Programación,Pregrado,3,,Facultad Regional Buenos Aires,2026-05-26,,1,,1
77639,65102,35266635,Alejandro,Cruz,M,2001-08-28,Argentina,2020,19,0,,1,2020.0,Ingeniería Química,Grado,5,,Facultad Regional Buenos Aires,2026-05-26,,1,,1
77659,70574,35269636,Damián,Acosta,M,2004-12-25,Argentina,2020,16,0,,1,2020.0,Ingeniería Aeronáutica,Grado,5,,Facultad Regional Buenos Aires,2026-05-26,,1,,1
77677,50510,35272463,Alejandro,Vargas,M,2002-09-08,Argentina,2020,18,0,,1,2020.0,Ingeniería Electrónica,Grado,5,,Facultad Regional Buenos Aires,2026-05-26,,1,,1
77680,55632,35272734,Facundo,Cabrera,M,2004-09-19,Argentina,2024,20,0,,1,2024.0,Tecnicatura Universitaria En Programación,Pregrado,3,,Facultad Regional Buenos Aires,2026-05-26,,1,,1
77687,133,35273902,Leandro,Fuentes,M,2004-02-19,Peruana,2020,16,0,,1,2020.0,Tecnicatura Universitaria En Programación,Pregrado,3,,Facultad Regional Buenos Aires,2026-05-26,,1,,1
77723,77129,35281622,Leandro,Reyes,M,2007-10-10,Argentina,2024,17,0,,1,2024.0,Tecnicatura Universitaria En Programación,Pregrado,3,,Facultad Regional Buenos Aires,2026-05-26,,1,,1
77801,109280,35293707,Gonzalo,Romero,M,2002-11-22,Argentina,2020,18,0,,1,2020.0,Ingeniería Eléctrica,Grado,5,,Facultad Regional Buenos Aires,2026-05-26,,1,,1
77843,109776,35303303,Nicolás,Castro,M,2000-12-10,Argentina,2021,21,0,,1,2021.0,Tecnicatura Universitaria En Programación,Pregrado,3,,Facultad Regional Buenos Aires,2026-05-26,,1,,1
77891,66197,35315627,Sabrina,Martínez,F,2000-03-05,Argentina,2020,20,0,,1,2020.0,Ingeniería Química,Grado,5,,Facultad Regional Buenos Aires,2026-05-26,,1,,1
77893,58095,35315746,Daniela,Molina,F,2006-12-23,Argentina,2021,15,0,,1,2021.0,Tecnicatura Universitaria En Programación,Pregrado,3,,Facultad Regional Buenos Aires,2026-05-26,,1,,1
77921,62772,35319398,Julián,Ruiz,M,2001-10-01,Argentina,2020,19,0,,1,2020.0,Ingeniería Química,Grado,5,,Facultad Regional Buenos Aires,2026-05-26,,1,,1
77951,95207,35324319,Emilio,Mendoza,M,2002-12-03,Argentina,2020,18,0,,1,2020.0,Ingeniería Electrónica,Grado,5,,Facultad Regional Buenos Aires,2026-05-26,,1,,1
77977,86979,35328531,Nicolás,Acosta,M,2001-10-03,Argentina,2020,19,0,,1,2020.0,Ingeniería Electrónica,Grado,5,,Facultad Regional Buenos Aires,2026-05-26,,1,,1
78022,55664,35338915,Santiago,Ramírez,M,2002-05-25,Argentina,2020,18,0,,1,2020.0,Ingeniería Electrónica,Grado,5,,Facultad Regional Buenos Aires,2026-05-26,,1,,1
78103,88188,35356168,Gonzalo,Rojas,M,2004-04-05,Argentina,2020,16,0,,1,2020.0,Ingeniería Mecánica,Grado,5,,Facultad Regional Buenos Aires,2026-05-26,,1,,1
78107,62314,35356432,Camila,Ramírez,F,2007-11-07,Argentina,2020,13,0,,1,2020.0,Ingeniería Química,Grado,5,,Facultad Regional Buenos Aires,2026-05-26,,1,,1
78136,68445,35361788,Santiago,Vega,M,2004-07-25,Argentina,2020,16,0,,1,2020.0,Tecnicatura Universitaria En Programación,Pregrado,3,,Facultad Regional Buenos Aires,2026-05-26,,1,,1
78178,50407,35369787,Leandro,Núñez,M,2000-08-11,Argentina,2020,20,0,,1,2020.0,Tecnicatura Universitaria En Programación,Pregrado,3,,Facultad Regional Buenos Aires,2026-05-26,,1,,1
78213,112896,35378622,Federico,Morales,M,2002-12-09,Argentina,2024,22,0,,1,2024.0,Tecnicatura Universitaria En Programación,Pregrado,3,,Facultad Regional Buenos Aires,2026-05-26,,1,,1
78214,114123,35378686,Emilio,Torres,M,2006-08-09,Argentina,2020,14,0,,1,2020.0,Ingeniería Electrónica,Grado,5,,Facultad Regional Buenos Aires,2026-05-26,,1,,1
78249,37449,35385195,Florencia,Fernández,F,2003-11-18,Argentina,2020,17,0,,1,2020.0,Ingeniería Eléctrica,Grado,5,,Facultad Regional Buenos Aires,2026-05-26,,1,,1
78306,75713,35396572,Ramiro,Vera,M,2005-09-12,Argentina,2020,15,0,,1,2020.0,Ingeniería Eléctrica,Grado,5,,Facultad Regional Buenos Aires,2026-05-26,,1,,1
78310,118895,35397553,Julián,Morales,M,1998-12-25,Argentina,2024,26,0,,1,2024.0,Tecnicatura Universitaria En Programación,Pregrado,3,,Facultad Regional Buenos Aires,2026-05-26,,1,,1
78337,66080,35401495,Gabriela,Huanca,F,2005-01-15,Colombiana,2020,15,0,,1,2020.0,Tecnicatura Universitaria En Programación,Pregrado,3,,Facultad Regional Buenos Aires,2026-05-26,,1,,1
78467,3264,35425927,Facundo,Díaz,M,1997-02-19,Venezolana,2020,23,0,,1,2020.0,Ingeniería Mecánica,Grado,5,,Facultad Regional Buenos Aires,2026-05-26,,1,,1
78473,124334,35426632,Rodrigo,Benítez,M,2002-08-03,Brasileña,2020,18,0,,1,2020.0,Ingeniería Electrónica,Grado,5,,Facultad Regional Buenos Aires,2026-05-26,,1,,1
78482,46023,35428744,Tomás,Ramos,M,1997-05-06,Argentina,2024,27,0,,1,2024.0,Tecnicatura Universitaria En Programación,Pregrado,3,,Facultad Regional Buenos Aires,2026-05-26,,1,,1
78483,104456,35428829,Rodrigo,Carrizo,M,2003-08-25,Argentina,2021,18,0,,1,2021.0,Tecnicatura Universitaria En Programación,Pregrado,3,,Facultad Regional Buenos Aires,2026-05-26,,1,,1
78563,110841,35444200,Sergio,Vera,M,2005-12-06,Argentina,2024,19,0,,1,2024.0,Tecnicatura Universitaria En Programación,Pregrado,3,,Facultad Regional Buenos Aires,2026-05-26,,1,,1
78600,27281,35451258,Rodrigo,Muñoz,M,2007-11-25,Boliviana,2020,13,0,,1,2020.0,Ingeniería Mecánica,Grado,5,,Facultad Regional Buenos Aires,2026-05-26,,1,,1
78606,70792,35452176,Damián,López,M,2002-01-18,Argentina,2021,19,0,,1,2021.0,Tecnicatura Universitaria En Programación,Pregrado,3,,Facultad Regional Buenos Aires,2026-05-26,,1,,1
78682,74274,35469799,Paola,Gómez,F,2002-01-16,Argentina,2020,18,0,,1,2020.0,Ingeniería Mecánica,Grado,5,,Facultad Regional Buenos Aires,2026-05-26,,1,,1
78692,70731,35472043,Gonzalo,Carrizo,M,2002-12-20,Argentina,2021,19,0,,1,2021.0,Tecnicatura Universitaria En Programación,Pregrado,3,,Facultad Regional Buenos Aires,2026-05-26,,1,,1
78708,108688,35474574,Agustín,Díaz,M,2004-07-22,Argentina,2020,16,0,,1,2020.0,Ingeniería Química,Grado,5,,Facultad Regional Buenos Aires,2026-05-26,,1,,1
78956,106181,35521634,Pablo,Ledesma,M,2007-12-03,Argentina,2020,13,0,,1,2020.0,Ingeniería Mecánica,Grado,5,,Facultad Regional Buenos Aires,2026-05-26,,1,,1
78983,119228,35525867,Rodrigo,Díaz,M,2006-12-28,Argentina,2020,14,0,,1,2020.0,Ingeniería Electrónica,Grado,5,,Facultad Regional Buenos Aires,2026-05-26,,1,,1
79006,8639,35529973,Fernando,Fernández,M,2004-09-20,Argentina,2024,20,0,,1,2024.0,Tecnicatura Universitaria En Programación,Pregrado,3,,Facultad Regional Buenos Aires,2026-05-26,,1,,1
79017,87616,35532414,Ezequiel,Huanca,M,2007-07-02,Peruana,2020,13,0,,1,2020.0,Ingeniería Mecánica,Grado,5,,Facultad Regional Buenos Aires,2026-05-26,,1,,1
79057,16948,35539177,Rodrigo,Ramos,M,2002-12-30,Argentina,2021,19,0,,1,2021.0,Tecnicatura Universitaria En Programación,Pregrado,3,,Facultad Regional Buenos Aires,2026-05-26,,1,,1
79081,61488,35543552,Damián,Vega,M,2002-07-06,Argentina,2020,18,0,,1,2020.0,Ingeniería Mecánica,Grado,5,,Facultad Regional Buenos Aires,2026-05-26,,1,,1
79097,109078,35547537,Rodrigo,Molina,M,2007-08-20,Argentina,2020,13,0,,1,2020.0,Ingeniería Electrónica,Grado,5,,Facultad Regional Buenos Aires,2026-05-26,,1,,1
79122,4615,35552277,Diego,Villalba,M,2004-02-08,Uruguaya,2020,16,0,,1,2020.0,Ingeniería Electrónica,Grado,5,,Facultad Regional Buenos Aires,2026-05-26,,1,,1
79155,91353,35558000,Paola,Gómez,F,2000-01-29,Argentina,2024,24,0,,1,2024.0,Tecnicatura Universitaria En Programación,Pregrado,3,,Facultad Regional Buenos Aires,2026-05-26,,1,,1
79157,15558,35558222,Santiago,Giménez,M,2002-04-09,Peruana,2020,18,0,,1,2020.0,Ingeniería Mecánica,Grado,5,,Facultad Regional Buenos Aires,2026-05-26,,1,,1
79248,40495,35574408,Rodrigo,Cruz,M,2003-11-05,Argentina,2020,17,0,,1,2020.0,Tecnicatura Universitaria En Programación,Pregrado,3,,Facultad Regional Buenos Aires,2026-05-26,,1,,1
79267,58064,35577496,Maximiliano,González,M,2004-04-10,Argentina,2024,20,0,,1,2024.0,Tecnicatura Universitaria En Programación,Pregrado,3,,Facultad Regional Buenos Aires,2026-05-26,,1,,1
79330,4271,35591402,Patricia,Vera,F,2002-12-17,Argentina,2024,22,0,,1,2024.0,Tecnicatura Universitaria En Programación,Pregrado,3,,Facultad Regional Buenos Aires,2026-05-26,,1,,1
79387,82660,35605132,Agustín,Molina,M,2005-06-15,Argentina,2020,15,0,,1,2020.0,Ingeniería Aeronáutica,Grado,5,,Facultad Regional Buenos Aires,2026-05-26,,1,,1
79432,59658,35612326,Santiago,Apaza,M,2006-10-14,Venezolana,2020,14,0,,1,2020.0,Ingeniería Química,Grado,5,,Facultad Regional Buenos Aires,2026-05-26,,1,,1
79465,85569,35618493,Alejandro,Ledesma,M,2002-05-21,Argentina,2020,18,0,,1,2020.0,Ingeniería Electrónica,Grado,5,,Facultad Regional Buenos Aires,2026-05-26,,1,,1
79497,41798,35624855,Matías,Vega,M,2004-07-03,Argentina,2020,16,0,,1,2020.0,Tecnicatura Universitaria En Programación,Pregrado,3,,Facultad Regional Buenos Aires,2026-05-26,,1,,1
79515,101936,35627302,Sebastián,Sánchez,M,2003-05-15,Argentina,2020,17,0,,1,2020.0,Ingeniería Eléctrica,Grado,5,,Facultad Regional Buenos Aires,2026-05-26,,1,,1
79578,1511,35640454,Natalia,Huanca,F,2001-04-24,Colombiana,2024,23,0,,1,2024.0,Tecnicatura Universitaria En Programación,Pregrado,3,,Facultad Regional Buenos Aires,2026-05-26,,1,,1
79582,34628,35640823,Sebastián,Ramos,M,2003-06-21,Argentina,2020,17,0,,1,2020.0,Ingeniería Química,Grado,5,,Facultad Regional Buenos Aires,2026-05-26,,1,,1
79682,107911,35661233,Leandro,García,M,2003-08-15,No especificado,2020,17,0,,1,2020.0,Ingeniería Electrónica,Grado,5,,Facultad Regional Buenos Aires,2026-05-26,,1,,1
79690,113096,35662128,Santiago,Ruiz,M,1998-10-26,Argentina,2020,22,0,,1,2020.0,Tecnicatura Universitaria En Programación,Pregrado,3,,Facultad Regional Buenos Aires,2026-05-26,,1,,1
79732,62903,35668938,Ezequiel,Núñez,M,2001-02-14,Argentina,2024,23,0,,1,2024.0,Tecnicatura Universitaria En Programación,Pregrado,3,,Facultad Regional Buenos Aires,2026-05-26,,1,,1
79753,55407,35673886,Facundo,Rojas,M,2006-06-28,Argentina,2020,14,0,,1,2020.0,Ingeniería Eléctrica,Grado,5,,Facultad Regional Buenos Aires,2026-05-26,,1,,1
79760,11251,35675737,Ramiro,Mamani,M,2003-11-14,Venezolana,2021,18,0,,1,2021.0,Tecnicatura Universitaria En Programación,Pregrado,3,,Facultad Regional Buenos Aires,2026-05-26,,1,,1
79764,19394,35676536,Damián,Mendoza,M,2001-01-20,Argentina,2024,23,0,,1,2024.0,Tecnicatura Universitaria En Programación,Pregrado,3,,Facultad Regional Buenos Aires,2026-05-26,,1,,1
79778,111246,35678925,Sergio,Cabrera,M,2001-05-12,Argentina,2024,23,0,,1,2024.0,Tecnicatura Universitaria En Programación,Pregrado,3,,Facultad Regional Buenos Aires,2026-05-26,,1,,1
79806,40068,35683962,Nicolás,Souza,M,2000-04-02,Peruana,2020,20,0,,1,2020.0,Ingeniería Aeronáutica,Grado,5,,Facultad Regional Buenos Aires,2026-05-26,,1,,1
79879,13079,35696290,Daniela,Martínez,F,2007-03-28,Argentina,2024,17,0,,1,2024.0,Tecnicatura Universitaria En Programación,Pregrado,3,,Facultad Regional Buenos Aires,2026-05-26,,1,,1
79885,123597,35697412,Fernando,Díaz,M,2002-05-20,Venezolana,2020,18,0,,1,2020.0,Ingeniería Eléctrica,Grado,5,,Facultad Regional Buenos Aires,2026-05-26,,1,,1
79902,112027,35701466,Agustín Agustín,Ramos,M,2002-08-16,Argentina,2020,18,0,,1,2020.0,Ingeniería Mecánica,Grado,5,,Facultad Regional Buenos Aires,2026-05-26,,1,,1
79928,32317,35706413,Jimena,Apaza,F,2004-02-12,Peruana,2020,16,0,,1,2020.0,Ingeniería Eléctrica,Grado,5,,Facultad Regional Buenos Aires,2026-05-26,,1,,1
79974,22399,35716291,Tomás,Acosta,M,2007-11-08,Argentina,2024,17,0,,1,2024.0,Tecnicatura Universitaria En Programación,Pregrado,3,,Facultad Regional Buenos Aires,2026-05-26,,1,,1
79975,101641,35716690,Alejandra,Ortega,F,2000-06-07,Argentina,2024,24,0,,1,2024.0,Tecnicatura Universitaria En Programación,Pregrado,3,,Facultad Regional Buenos Aires,2026-05-26,,1,,1
79978,20448,35717038,Claudio,Ledesma,M,2002-06-08,Argentina,2021,19,0,,1,2021.0,Tecnicatura Universitaria En Programación,Pregrado,3,,Facultad Regional Buenos Aires,2026-05-26,,1,,1
80045,40439,35731197,Ignacio,Apaza,M,2004-04-23,Brasileña,2020,16,0,,1,2020.0,Ingeniería Electrónica,Grado,5,,Facultad Regional Buenos Aires,2026-05-26,,1,,1
80079,102208,35737048,Martín,Carrizo,M,2003-04-23,Argentina,2020,17,0,,1,2020.0,Ingeniería Electrónica,Grado,5,,Facultad Regional Buenos Aires,2026-05-26,,1,,1
80110,105987,35743072,Ignacio,Benítez,M,2004-03-31,Uruguaya,2020,16,0,,1,2020.0,Ingeniería Química,Grado,5,,Facultad Regional Buenos Aires,2026-05-26,,1,,1
80125,3571,35744452,Sofía,Suárez,F,2001-12-18,Argentina,2020,19,0,,1,2020.0,Ingeniería Química,Grado,5,,Facultad Regional Buenos Aires,2026-05-26,,1,,1
80153,100757,35749778,Sergio,Cabrera,M,2003-12-19,Argentina,2020,17,0,,1,2020.0,Ingeniería Electrónica,Grado,5,,Facultad Regional Buenos Aires,2026-05-26,,1,,1
80156,121096,35749923,Gastón,Moreno,M,2001-01-01,Argentina,2020,19,0,,1,2020.0,Ingeniería Aeronáutica,Grado,5,,Facultad Regional Buenos Aires,2026-05-26,,1,,1
80170,96346,35753686,Lucas,Oliveira,M,2006-02-02,Chilena,2020,14,0,,1,2020.0,Tecnicatura Universitaria En Programación,Pregrado,3,,Facultad Regional Buenos Aires,2026-05-26,,1,,1
80257,82705,35772341,Daniela,Álvarez,F,1999-08-21,Argentina,2020,21,0,,1,2020.0,Ingeniería Mecánica,Grado,5,,Facultad Regional Buenos Aires,2026-05-26,,1,,1
80291,16705,35777606,Federico,Fernández,M,2003-10-22,Argentina,2024,21,0,,1,2024.0,Tecnicatura Universitaria En Programación,Pregrado,3,,Facultad Regional Buenos Aires,2026-05-26,,1,,1
80319,119398,35784628,Jimena,Ramos,F,2001-01-04,Argentina,2024,23,0,,1,2024.0,Tecnicatura Universitaria En Programación,Pregrado,3,,Facultad Regional Buenos Aires,2026-05-26,,1,,1
80345,73329,35788761,Gastón,Vargas,M,2002-04-22,Argentina,2024,22,0,,1,2024.0,Tecnicatura Universitaria En Programación,Pregrado,3,,Facultad Regional Buenos Aires,2026-05-26,,1,,1
80374,62975,35793999,Matías,Vera,M,2003-06-15,Argentina,2020,17,0,,1,2020.0,Ingeniería Electrónica,Grado,5,,Facultad Regional Buenos Aires,2026-05-26,,1,,1
80380,28101,35794843,Gastón,Silva,M,2005-07-08,Brasileña,2024,19,0,,1,2024.0,Tecnicatura Universitaria En Programación,Pregrado,3,,Facultad Regional Buenos Aires,2026-05-26,,1,,1
80430,26149,35804765,Carolina,Herrera,F,2006-06-15,Argentina,2020,14,0,,1,2020.0,Ingeniería Eléctrica,Grado,5,,Facultad Regional Buenos Aires,2026-05-26,,1,,1
80478,87668,35816962,Fernando,Cruz,M,2003-06-26,Argentina,2020,17,0,,1,2020.0,Ingeniería Electrónica,Grado,5,,Facultad Regional Buenos Aires,2026-05-26,,1,,1
80556,41652,35832432,Damián,Muñoz,M,2004-02-07,Peruana,2020,16,0,,1,2020.0,Ingeniería Electrónica,Grado,5,,Facultad Regional Buenos Aires,2026-05-26,,1,,1
80579,6193,35837286,Alejandro,Ramírez,M,2003-08-28,Argentina,2020,17,0,,1,2020.0,Ingeniería Electrónica,Grado,5,,Facultad Regional Buenos Aires,2026-05-26,,1,,1
80708,22414,35864190,Alejandro,Díaz,M,2003-07-28,Argentina,2024,21,0,,1,2024.0,Tecnicatura Universitaria En Programación,Pregrado,3,,Facultad Regional Buenos Aires,2026-05-26,,1,,1
80712,120519,35864783,Hernán,Ortega,M,2003-09-07,Argentina,2020,17,0,,1,2020.0,Ingeniería Mecánica,Grado,5,,Facultad Regional Buenos Aires,2026-05-26,,1,,1
80741,82688,35868782,Emilio,Cruz,M,1996-04-24,Argentina,2020,24,0,,1,2020.0,Ingeniería Electrónica,Grado,5,,Facultad Regional Buenos Aires,2026-05-26,,1,,1
80785,119458,35875994,Martín,Vega,M,2004-02-05,Argentina,2020,16,0,,1,2020.0,Ingeniería Mecánica,Grado,5,,Facultad Regional Buenos Aires,2026-05-26,,1,,1
80795,90817,35877414,Federico,Núñez,M,2005-04-06,Argentina,2024,19,0,,1,2024.0,Tecnicatura Universitaria En Programación,Pregrado,3,,Facultad Regional Buenos Aires,2026-05-26,,1,,1
80815,31964,35882093,Valentina,Bogado,F,2007-01-01,Brasileña,2021,14,0,,1,2021.0,Tecnicatura Universitaria En Programación,Pregrado,3,,Facultad Regional Buenos Aires,2026-05-26,,1,,1
80845,11921,35886542,Ezequiel,Molina,M,2001-06-24,Argentina,2020,19,0,,1,2020.0,Ingeniería Mecánica,Grado,5,,Facultad Regional Buenos Aires,2026-05-26,,1,,1
80923,18754,35899918,Leandro,Villalba,M,2000-09-10,Uruguaya,2020,20,0,,1,2020.0,Ingeniería Aeronáutica,Grado,5,,Facultad Regional Buenos Aires,2026-05-26,,1,,1
81114,74689,35937855,Gastón,Morales,M,2002-04-06,Argentina,2024,22,0,,1,2024.0,Tecnicatura Universitaria En Programación,Pregrado,3,,Facultad Regional Buenos Aires,2026-05-26,,1,,1
81115,40244,35938016,Rodrigo,Ruiz,M,1999-05-21,Argentina,2020,21,0,,1,2020.0,Tecnicatura Universitaria En Programación,Pregrado,3,,Facultad Regional Buenos Aires,2026-05-26,,1,,1
81196,114530,35953917,Julián,Fernández,M,2004-08-10,Argentina,2020,16,0,,1,2020.0,Ingeniería Electrónica,Grado,5,,Facultad Regional Buenos Aires,2026-05-26,,1,,1
81305,10798,35973375,Diego,Rojas,M,2002-01-23,Argentina,2020,18,0,,1,2020.0,Ingeniería Electrónica,Grado,5,,Facultad Regional Buenos Aires,2026-05-26,,1,,1
81434,77870,35996982,Emilio,Muñoz,M,2007-09-18,Uruguaya,2020,13,0,,1,2020.0,Ingeniería Electrónica,Grado,5,,Facultad Regional Buenos Aires,2026-05-26,,1,,1
81497,83468,36009162,Carolina,Benítez,F,2003-10-21,Peruana,2020,17,0,,1,2020.0,Ingeniería Química,Grado,5,,Facultad Regional Buenos Aires,2026-05-26,,1,,1
81498,52579,36009336,Diego,Rodríguez,M,2007-02-16,Argentina,2024,17,0,,1,2024.0,Tecnicatura Universitaria En Programación,Pregrado,3,,Facultad Regional Buenos Aires,2026-05-26,,1,,1
81518,23688,36013456,Sebastián,Ramírez,M,2000-04-04,Argentina,2024,24,0,,1,2024.0,Tecnicatura Universitaria En Programación,Pregrado,3,,Facultad Regional Buenos Aires,2026-05-26,,1,,1
81559,115002,36020571,Alejandra,Ledesma,F,2003-01-05,Argentina,2021,18,0,,1,2021.0,Tecnicatura Universitaria En Programación,Pregrado,3,,Facultad Regional Buenos Aires,2026-05-26,,1,,1
81616,70757,36033902,Claudio,Oliveira,M,2004-11-27,Colombiana,2021,17,0,,1,2021.0,Tecnicatura Universitaria En Programación,Pregrado,3,,Facultad Regional Buenos Aires,2026-05-26,,1,,1
81645,50758,36038896,Ramiro,Molina,M,2005-12-28,Argentina,2020,15,0,,1,2020.0,Ingeniería Mecánica,Grado,5,,Facultad Regional Buenos Aires,2026-05-26,,1,,1
81657,30221,36041110,Nicolás,Ojeda,M,2006-06-27,Argentina,2020,14,0,,1,2020.0,Tecnicatura Universitaria En Programación,Pregrado,3,,Facultad Regional Buenos Aires,2026-05-26,,1,,1
81697,97612,36051194,Ignacio,Núñez,M,2004-02-23,Argentina,2020,16,0,,1,2020.0,Ingeniería Mecánica,Grado,5,,Facultad Regional Buenos Aires,2026-05-26,,1,,1
81726,37227,36054947,Nicolás,Fuentes,M,2003-08-11,Chilena,2024,21,0,,1,2024.0,Tecnicatura Universitaria En Programación,Pregrado,3,,Facultad Regional Buenos Aires,2026-05-26,,1,,1
81834,22309,36075521,Tomás,Reyes,M,2004-02-09,Argentina,2020,16,0,,1,2020.0,Ingeniería Electrónica,Grado,5,,Facultad Regional Buenos Aires,2026-05-26,,1,,1
81845,10423,36077268,Rodrigo,Ojeda,M,2007-07-20,Argentina,2020,13,0,,1,2020.0,Ingeniería Electrónica,Grado,5,,Facultad Regional Buenos Aires,2026-05-26,,1,,1
81868,68483,36080182,Santiago,Pereira,M,2005-01-19,Venezolana,2020,15,0,,1,2020.0,Ingeniería Mecánica,Grado,5,,Facultad Regional Buenos Aires,2026-05-26,,1,,1
81871,40122,36081057,Ezequiel,Ruiz,M,2001-08-30,Argentina,2024,23,0,,1,2024.0,Tecnicatura Universitaria En Programación,Pregrado,3,,Facultad Regional Buenos Aires,2026-05-26,,1,,1
81875,108840,36082291,Maximiliano,López,M,2004-07-24,Argentina,2024,20,0,,1,2024.0,Tecnicatura Universitaria En Programación,Pregrado,3,,Facultad Regional Buenos Aires,2026-05-26,,1,,1
81880,99940,36082757,Mariana,Fernández,F,2005-07-03,Argentina,2024,19,0,,1,2024.0,Tecnicatura Universitaria En Programación,Pregrado,3,,Facultad Regional Buenos Aires,2026-05-26,,1,,1
81900,93003,36086933,Diego,Santos,M,2005-07-18,Colombiana,2024,19,0,,1,2024.0,Tecnicatura Universitaria En Programación,Pregrado,3,,Facultad Regional Buenos Aires,2026-05-26,,1,,1
81941,97886,36092240,Tomás,Díaz,M,2001-09-25,Uruguaya,2020,19,0,,1,2020.0,Ingeniería Eléctrica,Grado,5,,Facultad Regional Buenos Aires,2026-05-26,,1,,1
81976,35433,36098887,Fernando,González,M,1999-06-24,Argentina,2020,21,0,,1,2020.0,Ingeniería Electrónica,Grado,5,,Facultad Regional Buenos Aires,2026-05-26,,1,,1
82000,91037,36104000,Emilio,Pereira,M,2004-05-30,Uruguaya,2020,16,0,,1,2020.0,Ingeniería Aeronáutica,Grado,5,,Facultad Regional Buenos Aires,2026-05-26,,1,,1
82027,95031,36108997,Ignacio,Ruiz,M,2004-04-13,Argentina,2020,16,0,,1,2020.0,Ingeniería Mecánica,Grado,5,,Facultad Regional Buenos Aires,2026-05-26,,1,,1
82043,104422,36112033,Ezequiel,Castro,M,2005-01-20,Argentina,2024,19,0,,1,2024.0,Tecnicatura Universitaria En Programación,Pregrado,3,,Facultad Regional Buenos Aires,2026-05-26,,1,,1
82125,55772,36126024,Iván,Vega,M,2005-11-10,Argentina,2021,16,0,,1,2021.0,Tecnicatura Universitaria En Programación,Pregrado,3,,Facultad Regional Buenos Aires,2026-05-26,,1,,1
82262,62953,36158941,Sabrina,Molina,F,2006-02-24,Argentina,2024,18,0,,1,2024.0,Tecnicatura Universitaria En Programación,Pregrado,3,,Facultad Regional Buenos Aires,2026-05-26,,1,,1
82398,50976,36189902,Emilio,Bogado,M,2005-01-20,Uruguaya,2020,15,0,,1,2020.0,Tecnicatura Universitaria En Programación,Pregrado,3,,Facultad Regional Buenos Aires,2026-05-26,,1,,1
82461,79557,36199329,Mariela,Pérez,F,2003-01-31,Argentina,2020,17,0,,1,2020.0,Tecnicatura Universitaria En Programación,Pregrado,3,,Facultad Regional Buenos Aires,2026-05-26,,1,,1
82517,11818,36211696,Silvina,Vega,F,2004-07-07,Argentina,2024,20,0,,1,2024.0,Tecnicatura Universitaria En Programación,Pregrado,3,,Facultad Regional Buenos Aires,2026-05-26,,1,,1
82540,88608,36216076,Leandro,Núñez,M,2007-10-24,Argentina,2020,13,0,,1,2020.0,Ingeniería Eléctrica,Grado,5,,Facultad Regional Buenos Aires,2026-05-26,,1,,1
82577,74825,36223105,Martín,Cabrera,M,2006-03-03,Argentina,2020,14,0,,1,2020.0,Ingeniería Química,Grado,5,,Facultad Regional Buenos Aires,2026-05-26,,1,,1
82612,32567,36229290,Nicolás,Giménez,M,2004-05-06,Brasileña,2024,20,0,,1,2024.0,Tecnicatura Universitaria En Programación,Pregrado,3,,Facultad Regional Buenos Aires,2026-05-26,,1,,1
82642,21484,36236973,Sebastián,Peralta,M,2004-10-15,Argentina,2021,17,0,,1,2021.0,Tecnicatura Universitaria En Programación,Pregrado,3,,Facultad Regional Buenos Aires,2026-05-26,,1,,1
82650,92376,36238308,Federico,Ortega,M,2000-09-19,Argentina,2020,20,0,,1,2020.0,Ingeniería Eléctrica,Grado,5,,Facultad Regional Buenos Aires,2026-05-26,,1,,1
82677,103001,36243990,Martín,Díaz,M,2007-07-21,Argentina,2020,13,0,,1,2020.0,Tecnicatura Universitaria En Programación,Pregrado,3,,Facultad Regional Buenos Aires,2026-05-26,,1,,1
82725,112746,36251647,Florencia,Gómez,F,2004-07-11,Argentina,2024,20,0,,1,2024.0,Tecnicatura Universitaria En Programación,Pregrado,3,,Facultad Regional Buenos Aires,2026-05-26,,1,,1
82735,46567,36253613,Nicolás,Flores,M,2006-11-23,Argentina,2024,18,0,,1,2024.0,Tecnicatura Universitaria En Programación,Pregrado,3,,Facultad Regional Buenos Aires,2026-05-26,,1,,1
82756,12322,36258745,Valeria,Bogado,F,1996-01-10,Colombiana,2020,24,0,,1,2020.0,Ingeniería Eléctrica,Grado,5,,Facultad Regional Buenos Aires,2026-05-26,,1,,1
82768,99204,36261128,Leandro,Pérez,M,2000-10-30,Argentina,2020,20,0,,1,2020.0,Ingeniería Eléctrica,Grado,5,,Facultad Regional Buenos Aires,2026-05-26,,1,,1
82825,29842,36271259,Santiago,Suárez,M,2003-03-31,Argentina,2024,21,0,,1,2024.0,Tecnicatura Universitaria En Programación,Pregrado,3,,Facultad Regional Buenos Aires,2026-05-26,,1,,1
82876,62397,36281479,Gonzalo,Mendoza,M,2005-07-23,Argentina,2020,15,0,,1,2020.0,Ingeniería Electrónica,Grado,5,,Facultad Regional Buenos Aires,2026-05-26,,1,,1
82904,13398,36287215,Ramiro Ramiro,Apaza,M,2003-08-09,Uruguaya,2020,17,0,,1,2020.0,Ingeniería Electrónica,Grado,5,,Facultad Regional Buenos Aires,2026-05-26,,1,,1
82986,29750,36300573,Rodrigo,González,M,2002-08-08,Argentina,2020,18,0,,1,2020.0,Ingeniería Electrónica,Grado,5,,Facultad Regional Buenos Aires,2026-05-26,,1,,1
83000,80854,36304172,Tomás,Pérez,M,2004-01-29,Argentina,2020,16,0,,1,2020.0,Ingeniería Eléctrica,Grado,5,,Facultad Regional Buenos Aires,2026-05-26,,1,,1
83100,55441,36323293,Sebastián,Lima,M,2002-05-21,Brasileña,2024,22,0,,1,2024.0,Tecnicatura Universitaria En Programación,Pregrado,3,,Facultad Regional Buenos Aires,2026-05-26,,1,,1
83135,66946,36332137,Mariela Mariela,Bogado,F,1999-03-05,Brasileña,2020,21,0,,1,2020.0,Ingeniería Química,Grado,5,,Facultad Regional Buenos Aires,2026-05-26,,1,,1
83313,67952,36364175,Pablo,Romero,M,2007-09-28,Argentina,2020,13,0,,1,2020.0,Ingeniería Mecánica,Grado,5,,Facultad Regional Buenos Aires,2026-05-26,,1,,1
83326,91419,36367311,Martín,Vargas,M,2003-08-24,Argentina,2020,17,0,,1,2020.0,Ingeniería Electrónica,Grado,5,,Facultad Regional Buenos Aires,2026-05-26,,1,,1
83391,73963,36378723,Fernando,Rojas,M,2007-06-11,Argentina,2024,17,0,,1,2024.0,Tecnicatura Universitaria En Programación,Pregrado,3,,Facultad Regional Buenos Aires,2026-05-26,,1,,1
83420,105819,36383851,Agustín,González,M,2007-09-06,Argentina,2021,14,0,,1,2021.0,Tecnicatura Universitaria En Programación,Pregrado,3,,Facultad Regional Buenos Aires,2026-05-26,,1,,1
83590,61392,36414085,Paola,Morales,F,2004-04-07,Argentina,2024,20,0,,1,2024.0,Tecnicatura Universitaria En Programación,Pregrado,3,,Facultad Regional Buenos Aires,2026-05-26,,1,,1
83675,98497,36430127,Fernando,Fernández,M,2005-03-02,Argentina,2020,15,0,,1,2020.0,Ingeniería Mecánica,Grado,5,,Facultad Regional Buenos Aires,2026-05-26,,1,,1
83683,47058,36431407,Ramiro,Vera,M,2004-04-14,Argentina,2020,16,0,,1,2020.0,Ingeniería Aeronáutica,Grado,5,,Facultad Regional Buenos Aires,2026-05-26,,1,,1
83751,72564,36447157,Tomás,Vega,M,2000-11-08,Argentina,2020,20,0,,1,2020.0,Ingeniería Aeronáutica,Grado,5,,Facultad Regional Buenos Aires,2026-05-26,,1,,1
83776,18104,36452520,Sergio Sergio,Pérez,M,2003-04-10,Argentina,2020,17,0,,1,2020.0,Ingeniería Electrónica,Grado,5,,Facultad Regional Buenos Aires,2026-05-26,,1,,1
83841,6990,36462773,Patricia,Fernández,F,2006-11-07,Argentina,2024,18,0,,1,2024.0,Tecnicatura Universitaria En Programación,Pregrado,3,,Facultad Regional Buenos Aires,2026-05-26,,1,,1
83864,80905,36467247,Iván,Vargas,M,1998-12-11,Argentina,2020,22,0,,1,2020.0,Ingeniería Mecánica,Grado,5,,Facultad Regional Buenos Aires,2026-05-26,,1,,1
83908,40457,36475374,Damián,Villalba,M,2007-06-13,Paraguaya,2024,17,0,,1,2024.0,Tecnicatura Universitaria En Programación,Pregrado,3,,Facultad Regional Buenos Aires,2026-05-26,,1,,1
83942,13584,36484549,Claudia,Carrizo,F,2007-12-30,Argentina,2020,13,0,,1,2020.0,Ingeniería Electrónica,Grado,5,,Facultad Regional Buenos Aires,2026-05-26,,1,,1
84026,57061,36499900,Facundo,Fernández,M,2004-10-13,Argentina,2021,17,0,,1,2021.0,Tecnicatura Universitaria En Programación,Pregrado,3,,Facultad Regional Buenos Aires,2026-05-26,,1,,1
84085,113322,36510388,Alejandro,Cruz,M,2004-05-14,Argentina,2020,16,0,,1,2020.0,Ingeniería Mecánica,Grado,5,,Facultad Regional Buenos Aires,2026-05-26,,1,,1
84123,13315,36517591,Pablo,Cruz,M,2001-07-20,Argentina,2020,19,0,,1,2020.0,Tecnicatura Universitaria En Programación,Pregrado,3,,Facultad Regional Buenos Aires,2026-05-26,,1,,1
84241,107825,36537073,Federico,Mendoza,M,2000-02-23,Argentina,2021,21,0,,1,2021.0,Tecnicatura Universitaria En Programación,Pregrado,3,,Facultad Regional Buenos Aires,2026-05-26,,1,,1
84326,94242,36554004,Pablo,Apaza,M,2001-01-09,Peruana,2024,23,0,,1,2024.0,Tecnicatura Universitaria En Programación,Pregrado,3,,Facultad Regional Buenos Aires,2026-05-26,,1,,1
84358,41752,36560295,Agustín,Villalba,M,2007-05-31,Uruguaya,2024,17,0,,1,2024.0,Tecnicatura Universitaria En Programación,Pregrado,3,,Facultad Regional Buenos Aires,2026-05-26,,1,,1
84410,12786,36572134,Julián,Fuentes,M,2006-06-21,Brasileña,2024,18,0,,1,2024.0,Tecnicatura Universitaria En Programación,Pregrado,3,,Facultad Regional Buenos Aires,2026-05-26,,1,,1
84425,129631,36574208,Ignacio,Romero,M,2003-02-22,Argentina,2020,17,0,,1,2020.0,Ingeniería Electrónica,Grado,5,,Facultad Regional Buenos Aires,2026-05-26,,1,,1
84431,94170,36575048,Cristian,Torres,M,2001-08-24,No especificado,2021,20,0,,1,2021.0,Tecnicatura Universitaria En Programación,Pregrado,3,,Facultad Regional Buenos Aires,2026-05-26,,1,,1
84507,123865,36590432,Rodrigo,Gómez,M,2006-02-12,Argentina,2020,14,0,,1,2020.0,Ingeniería Electrónica,Grado,5,,Facultad Regional Buenos Aires,2026-05-26,,1,,1
84532,60085,36596165,Sebastián,Castro,M,2004-01-05,Argentina,2020,16,0,,1,2020.0,Ingeniería Aeronáutica,Grado,5,,Facultad Regional Buenos Aires,2026-05-26,,1,,1
84537,21604,36597970,Damián,Morales,M,2005-06-11,Argentina,2020,15,0,,1,2020.0,Ingeniería Mecánica,Grado,5,,Facultad Regional Buenos Aires,2026-05-26,,1,,1
84554,90623,36601337,Federico,Medina,M,2004-11-07,Argentina,2020,16,0,,1,2020.0,Ingeniería Electrónica,Grado,5,,Facultad Regional Buenos Aires,2026-05-26,,1,,1
84557,18936,36601944,Sergio,Huanca,M,2003-09-15,Peruana,2020,17,0,,1,2020.0,Ingeniería Aeronáutica,Grado,5,,Facultad Regional Buenos Aires,2026-05-26,,1,,1
84606,84153,36610582,Claudio,Ramírez,M,1998-07-21,Argentina,2024,26,0,,1,2024.0,Tecnicatura Universitaria En Programación,Pregrado,3,,Facultad Regional Buenos Aires,2026-05-26,,1,,1
84638,84061,36615865,Maximiliano,Villalba,M,2004-05-15,Uruguaya,2020,16,0,,1,2020.0,Ingeniería Electrónica,Grado,5,,Facultad Regional Buenos Aires,2026-05-26,,1,,1
84645,55228,36616722,Sergio,Ríos,M,2002-09-06,Argentina,2020,18,0,,1,2020.0,Ingeniería Mecánica,Grado,5,,Facultad Regional Buenos Aires,2026-05-26,,1,,1
84660,111098,36619519,Sergio,Ortega,M,2003-08-13,Argentina,2020,17,0,,1,2020.0,Ingeniería Eléctrica,Grado,5,,Facultad Regional Buenos Aires,2026-05-26,,1,,1
84679,87303,36623674,Lucas,Castro,M,2007-01-18,Argentina,2020,13,0,,1,2020.0,Ingeniería Electrónica,Grado,5,,Facultad Regional Buenos Aires,2026-05-26,,1,,1
84706,103116,36627945,Claudio,Condori,M,2007-01-16,Venezolana,2020,13,0,,1,2020.0,Ingeniería Electrónica,Grado,5,,Facultad Regional Buenos Aires,2026-05-26,,1,,1
84786,86245,36643177,Jimena,Vera,F,2006-03-05,Argentina,2020,14,0,,1,2020.0,Tecnicatura Universitaria En Programación,Pregrado,3,,Facultad Regional Buenos Aires,2026-05-26,,1,,1
84788,67907,36643242,Ezequiel,Vega,M,2007-03-03,Argentina,2020,13,0,,1,2020.0,Tecnicatura Universitaria En Programación,Pregrado,3,,Facultad Regional Buenos Aires,2026-05-26,,1,,1
84806,120394,36646417,Leandro,Oliveira,M,2003-01-01,Paraguaya,2020,17,0,,1,2020.0,Ingeniería Mecánica,Grado,5,,Facultad Regional Buenos Aires,2026-05-26,,1,,1
84830,92312,36650871,Matías,Morales,M,1999-07-21,Argentina,2020,21,0,,1,2020.0,Ingeniería Mecánica,Grado,5,,Facultad Regional Buenos Aires,2026-05-26,,1,,1
84833,104558,36651653,Julián,Pérez,M,2002-09-04,Argentina,2020,18,0,,1,2020.0,Ingeniería Eléctrica,Grado,5,,Facultad Regional Buenos Aires,2026-05-26,,1,,1
84868,69154,36658575,Alejandro,López,M,2003-08-10,Argentina,2020,17,0,,1,2020.0,Ingeniería Mecánica,Grado,5,,Facultad Regional Buenos Aires,2026-05-26,,1,,1
84883,123128,36661626,Julián,Ramos,M,2002-04-20,Argentina,2024,22,0,,1,2024.0,Tecnicatura Universitaria En Programación,Pregrado,3,,Facultad Regional Buenos Aires,2026-05-26,,1,,1
84975,76331,36679274,Hernán,Martínez,M,2002-07-15,Argentina,2020,18,0,,1,2020.0,Ingeniería Mecánica,Grado,5,,Facultad Regional Buenos Aires,2026-05-26,,1,,1
85060,65191,36695968,Hernán,Martínez,M,2007-02-06,Argentina,2024,17,0,,1,2024.0,Tecnicatura Universitaria En Programación,Pregrado,3,,Facultad Regional Buenos Aires,2026-05-26,,1,,1
85076,122643,36698019,Alejandra,Mamani,F,2001-11-06,Chilena,2021,20,0,,1,2021.0,Tecnicatura Universitaria En Programación,Pregrado,3,,Facultad Regional Buenos Aires,2026-05-26,,1,,1
85183,30145,36720500,Maximiliano,Reyes,M,2000-04-10,Argentina,2020,20,0,,1,2020.0,Ingeniería Eléctrica,Grado,5,,Facultad Regional Buenos Aires,2026-05-26,,1,,1
85278,67854,36738689,Hernán,Ramírez,M,2001-11-28,Argentina,2020,19,0,,1,2020.0,Ingeniería Aeronáutica,Grado,5,,Facultad Regional Buenos Aires,2026-05-26,,1,,1
85295,23362,36742392,Hernán,Martínez,M,2000-12-13,No especificado,2020,20,0,,1,2020.0,Tecnicatura Universitaria En Programación,Pregrado,3,,Facultad Regional Buenos Aires,2026-05-26,,1,,1
85329,102621,36750384,Alejandra,Reyes,F,2005-12-11,Argentina,2020,15,0,,1,2020.0,Ingeniería Química,Grado,5,,Facultad Regional Buenos Aires,2026-05-26,,1,,1
85351,54586,36755367,Cristian,Martínez,M,1999-05-20,Argentina,2020,21,0,,1,2020.0,Ingeniería Electrónica,Grado,5,,Facultad Regional Buenos Aires,2026-05-26,,1,,1
85364,104996,36757876,Sofía,Romero,F,2002-09-05,Argentina,2024,22,0,,1,2024.0,Tecnicatura Universitaria En Programación,Pregrado,3,,Facultad Regional Buenos Aires,2026-05-26,,1,,1
85414,40075,36768983,Gabriela,Ríos,F,2002-01-01,Argentina,2020,18,0,,1,2020.0,Ingeniería Mecánica,Grado,5,,Facultad Regional Buenos Aires,2026-05-26,,1,,1
85464,25987,36778320,Rodrigo,Herrera,M,1997-08-26,Argentina,2020,23,0,,1,2020.0,Tecnicatura Universitaria En Programación,Pregrado,3,,Facultad Regional Buenos Aires,2026-05-26,,1,,1
85484,6976,36782605,Sebastián,Souza,M,2000-02-04,Chilena,2020,20,0,,1,2020.0,Ingeniería Eléctrica,Grado,5,,Facultad Regional Buenos Aires,2026-05-26,,1,,1
85485,74635,36782692,Alejandro,Moreno,M,2006-02-27,Argentina,2020,14,0,,1,2020.0,Ingeniería Mecánica,Grado,5,,Facultad Regional Buenos Aires,2026-05-26,,1,,1
85534,66474,36791709,Sergio,Ruiz,M,2003-10-29,Argentina,2020,17,0,,1,2020.0,Ingeniería Mecánica,Grado,5,,Facultad Regional Buenos Aires,2026-05-26,,1,,1
85615,29440,36806465,Cecilia,Silva,F,2006-09-27,Boliviana,2024,18,0,,1,2024.0,Tecnicatura Universitaria En Programación,Pregrado,3,,Facultad Regional Buenos Aires,2026-05-26,,1,,1
85618,12203,36806974,Gonzalo,Flores,M,2005-11-04,Argentina,2024,19,0,,1,2024.0,Tecnicatura Universitaria En Programación,Pregrado,3,,Facultad Regional Buenos Aires,2026-05-26,,1,,1
85682,46573,36817899,Andrea,Martínez,F,1999-08-10,Argentina,2020,21,0,,1,2020.0,Ingeniería Mecánica,Grado,5,,Facultad Regional Buenos Aires,2026-05-26,,1,,1
85693,85683,36820325,Rodrigo,Díaz,M,2000-04-05,Argentina,2020,20,0,,1,2020.0,Ingeniería Mecánica,Grado,5,,Facultad Regional Buenos Aires,2026-05-26,,1,,1
85730,49139,36826989,Leandro,Mamani,M,2006-08-04,Brasileña,2020,14,0,,1,2020.0,Ingeniería Mecánica,Grado,5,,Facultad Regional Buenos Aires,2026-05-26,,1,,1
85742,125033,36829321,Agustín,Acosta,M,1997-06-01,Argentina,2024,27,0,,1,2024.0,Tecnicatura Universitaria En Programación,Pregrado,3,,Facultad Regional Buenos Aires,2026-05-26,,1,,1
85840,111373,36850776,Nicolás,Gómez,M,2001-01-07,Argentina,2024,23,0,,1,2024.0,Tecnicatura Universitaria En Programación,Pregrado,3,,Facultad Regional Buenos Aires,2026-05-26,,1,,1
85841,86810,36850802,Diego,Sánchez,M,2006-01-26,Argentina,2020,14,0,,1,2020.0,Ingeniería Aeronáutica,Grado,5,,Facultad Regional Buenos Aires,2026-05-26,,1,,1
85886,13627,36859561,Claudio,Villalba,M,2006-05-23,Boliviana,2024,18,0,,1,2024.0,Tecnicatura Universitaria En Programación,Pregrado,3,,Facultad Regional Buenos Aires,2026-05-26,,1,,1
85925,73441,36866990,Sebastián,Ojeda,M,2004-06-01,Argentina,2020,16,0,,1,2020.0,Ingeniería Eléctrica,Grado,5,,Facultad Regional Buenos Aires,2026-05-26,,1,,1
85929,113551,36868021,Lucas,Herrera,M,2000-11-15,Argentina,2024,24,0,,1,2024.0,Tecnicatura Universitaria En Programación,Pregrado,3,,Facultad Regional Buenos Aires,2026-05-26,,1,,1
85934,89746,36869197,Nicolás,Moreno,M,2003-07-20,Argentina,2024,21,0,,1,2024.0,Tecnicatura Universitaria En Programación,Pregrado,3,,Facultad Regional Buenos Aires,2026-05-26,,1,,1
85940,45788,36870231,Federico,Vega,M,2002-08-06,No especificado,2024,22,0,,1,2024.0,Tecnicatura Universitaria En Programación,Pregrado,3,,Facultad Regional Buenos Aires,2026-05-26,,1,,1
85960,10732,36874277,Paola,Mendoza,F,2007-10-18,Argentina,2024,17,0,,1,2024.0,Tecnicatura Universitaria En Programación,Pregrado,3,,Facultad Regional Buenos Aires,2026-05-26,,1,,1
85979,45333,36878924,Cristian,Gómez,M,2004-01-12,Argentina,2020,16,0,,1,2020.0,Ingeniería Aeronáutica,Grado,5,,Facultad Regional Buenos Aires,2026-05-26,,1,,1
86140,7116,36911515,Ramiro,Mendoza,M,2002-04-06,Argentina,2020,18,0,,1,2020.0,Ingeniería Mecánica,Grado,5,,Facultad Regional Buenos Aires,2026-05-26,,1,,1
86159,13555,36916006,Federico,Molina,M,1997-11-08,Argentina,2024,27,0,,1,2024.0,Tecnicatura Universitaria En Programación,Pregrado,3,,Facultad Regional Buenos Aires,2026-05-26,,1,,1
86173,90517,36918437,Facundo Facundo,Romero,M,2004-02-02,Argentina,2020,16,0,,1,2020.0,Ingeniería Electrónica,Grado,5,,Facultad Regional Buenos Aires,2026-05-26,,1,,1
86363,8019,36952772,Carolina,Martínez,F,2003-07-19,No especificado,2024,21,0,,1,2024.0,Tecnicatura Universitaria En Programación,Pregrado,3,,Facultad Regional Buenos Aires,2026-05-26,,1,,1
86380,34901,36955463,Gabriela,Flores,F,2004-09-07,Argentina,2024,20,0,,1,2024.0,Tecnicatura Universitaria En Programación,Pregrado,3,,Facultad Regional Buenos Aires,2026-05-26,,1,,1
86402,101716,36960483,Gonzalo,Ojeda,M,2002-05-15,Argentina,2020,18,0,,1,2020.0,Ingeniería Electrónica,Grado,5,,Facultad Regional Buenos Aires,2026-05-26,,1,,1
86443,129382,36970084,Rodrigo,Oliveira,M,2003-07-24,Paraguaya,2024,21,0,,1,2024.0,Tecnicatura Universitaria En Programación,Pregrado,3,,Facultad Regional Buenos Aires,2026-05-26,,1,,1
86476,85968,36976242,Federico,Ramos,M,2003-07-05,Argentina,2024,21,0,,1,2024.0,Tecnicatura Universitaria En Programación,Pregrado,3,,Facultad Regional Buenos Aires,2026-05-26,,1,,1
86493,1738,36979237,Cristian,Carrizo,M,2001-01-28,No especificado,2020,19,0,,1,2020.0,Ingeniería Mecánica,Grado,5,,Facultad Regional Buenos Aires,2026-05-26,,1,,1
86503,44216,36981217,Sebastián,Ruiz,M,2005-12-26,Argentina,2020,15,0,,1,2020.0,Tecnicatura Universitaria En Programación,Pregrado,3,,Facultad Regional Buenos Aires,2026-05-26,,1,,1
86505,70345,36981807,Ramiro,Moreno,M,2003-01-30,Argentina,2020,17,0,,1,2020.0,Ingeniería Aeronáutica,Grado,5,,Facultad Regional Buenos Aires,2026-05-26,,1,,1
86546,5760,36990641,Fernando,Morales,M,2001-03-15,Argentina,2020,19,0,,1,2020.0,Ingeniería Mecánica,Grado,5,,Facultad Regional Buenos Aires,2026-05-26,,1,,1
86619,33857,37000903,Carolina,Vera,F,2007-06-12,Argentina,2020,13,0,,1,2020.0,Ingeniería Química,Grado,5,,Facultad Regional Buenos Aires,2026-05-26,,1,,1
86643,9029,37006087,Sebastián,Núñez,M,2000-01-21,Argentina,2020,20,0,,1,2020.0,Ingeniería Mecánica,Grado,5,,Facultad Regional Buenos Aires,2026-05-26,,1,,1
86652,106250,37009243,Tomás,Díaz,M,2004-04-07,Argentina,2024,20,0,,1,2024.0,Tecnicatura Universitaria En Programación,Pregrado,3,,Facultad Regional Buenos Aires,2026-05-26,,1,,1
86689,128964,37017926,Tomás,Acosta,M,2003-01-21,Argentina,2024,21,0,,1,2024.0,Tecnicatura Universitaria En Programación,Pregrado,3,,Facultad Regional Buenos Aires,2026-05-26,,1,,1
86709,28935,37021979,Patricia,Vargas,F,1999-07-31,Argentina,2024,25,0,,1,2024.0,Tecnicatura Universitaria En Programación,Pregrado,3,,Facultad Regional Buenos Aires,2026-05-26,,1,,1
86711,96901,37022567,Rodrigo,Suárez,M,2006-12-11,Argentina,2020,14,0,,1,2020.0,Ingeniería Eléctrica,Grado,5,,Facultad Regional Buenos Aires,2026-05-26,,1,,1
86771,17022,37032024,Pablo,Ríos,M,2004-01-01,Argentina,2024,20,0,,1,2024.0,Tecnicatura Universitaria En Programación,Pregrado,3,,Facultad Regional Buenos Aires,2026-05-26,,1,,1
86786,38966,37035917,Nicolás Nicolás,Rodríguez,M,2005-11-14,Argentina,2021,16,0,,1,2021.0,Tecnicatura Universitaria En Programación,Pregrado,3,,Facultad Regional Buenos Aires,2026-05-26,,1,,1
86790,81082,37036555,Noelia Noelia,Fernández,F,2005-07-28,Argentina,2020,15,0,,1,2020.0,Ingeniería Química,Grado,5,,Facultad Regional Buenos Aires,2026-05-26,,1,,1
86799,102257,37037647,Silvina,Suárez,F,2007-05-02,Argentina,2021,14,0,,1,2021.0,Tecnicatura Universitaria En Programación,Pregrado,3,,Facultad Regional Buenos Aires,2026-05-26,,1,,1
86858,55780,37050254,Soledad,Torres,F,2006-01-13,Argentina,2020,14,0,,1,2020.0,Ingeniería Mecánica,Grado,5,,Facultad Regional Buenos Aires,2026-05-26,,1,,1
86927,35168,37063055,Ramiro,Sánchez,M,2007-08-30,Argentina,2021,14,0,,1,2021.0,Tecnicatura Universitaria En Programación,Pregrado,3,,Facultad Regional Buenos Aires,2026-05-26,,1,,1
86951,57908,37068397,Iván,Torres,M,2004-07-04,Argentina,2024,20,0,,1,2024.0,Tecnicatura Universitaria En Programación,Pregrado,3,,Facultad Regional Buenos Aires,2026-05-26,,1,,1
86986,79013,37074608,Julián,Díaz,M,1999-04-14,Paraguaya,2020,21,0,,1,2020.0,Ingeniería Electrónica,Grado,5,,Facultad Regional Buenos Aires,2026-05-26,,1,,1
87078,20545,37094159,Mariana,Vargas,F,2005-06-20,Argentina,2024,19,0,,1,2024.0,Tecnicatura Universitaria En Programación,Pregrado,3,,Facultad Regional Buenos Aires,2026-05-26,,1,,1
87083,102661,37095810,Fernando,Cruz,M,2000-10-10,Argentina,2020,20,0,,1,2020.0,Ingeniería Química,Grado,5,,Facultad Regional Buenos Aires,2026-05-26,,1,,1
87152,3272,37108293,Gastón,Álvarez,M,1999-01-01,Argentina,2024,25,0,,1,2024.0,Tecnicatura Universitaria En Programación,Pregrado,3,,Facultad Regional Buenos Aires,2026-05-26,,1,,1
87180,50621,37113945,Federico,Núñez,M,1999-11-26,Argentina,2024,25,0,,1,2024.0,Tecnicatura Universitaria En Programación,Pregrado,3,,Facultad Regional Buenos Aires,2026-05-26,,1,,1
87231,1587,37123262,Jimena,Romero,F,2004-09-16,Argentina,2024,20,0,,1,2024.0,Tecnicatura Universitaria En Programación,Pregrado,3,,Facultad Regional Buenos Aires,2026-05-26,,1,,1
87426,9574,37161431,Iván,Reyes,M,2007-02-11,Argentina,2020,13,0,,1,2020.0,Ingeniería Mecánica,Grado,5,,Facultad Regional Buenos Aires,2026-05-26,,1,,1
87430,46309,37162181,Pablo,Vega,M,2007-10-31,Argentina,2020,13,0,,1,2020.0,Ingeniería Mecánica,Grado,5,,Facultad Regional Buenos Aires,2026-05-26,,1,,1
87462,7303,37169509,Matías,Díaz,M,1999-11-26,Argentina,2024,25,0,,1,2024.0,Tecnicatura Universitaria En Programación,Pregrado,3,,Facultad Regional Buenos Aires,2026-05-26,,1,,1
87486,15640,37173659,Iván,González,M,2003-10-16,Argentina,2020,17,0,,1,2020.0,Ingeniería Mecánica,Grado,5,,Facultad Regional Buenos Aires,2026-05-26,,1,,1
87677,56067,37210099,Agustín,Martínez,M,2006-09-01,Argentina,2020,14,0,,1,2020.0,Ingeniería Electrónica,Grado,5,,Facultad Regional Buenos Aires,2026-05-26,,1,,1
87739,68386,37221845,Ignacio,Cabrera,M,2007-05-14,Argentina,2020,13,0,,1,2020.0,Ingeniería Eléctrica,Grado,5,,Facultad Regional Buenos Aires,2026-05-26,,1,,1
87755,41707,37226866,Alejandro,Huanca,M,2002-09-29,Brasileña,2020,18,0,,1,2020.0,Ingeniería Electrónica,Grado,5,,Facultad Regional Buenos Aires,2026-05-26,,1,,1
87757,16528,37227252,Emilio,Fernández,M,2007-08-08,Argentina,2024,17,0,,1,2024.0,Tecnicatura Universitaria En Programación,Pregrado,3,,Facultad Regional Buenos Aires,2026-05-26,,1,,1
87859,63546,37248008,Fernando,Reyes,M,1998-07-14,Argentina,2020,22,0,,1,2020.0,Ingeniería Electrónica,Grado,5,,Facultad Regional Buenos Aires,2026-05-26,,1,,1
87920,129165,37259768,Soledad,Acosta,F,2006-07-06,Argentina,2021,15,0,,1,2021.0,Tecnicatura Universitaria En Programación,Pregrado,3,,Facultad Regional Buenos Aires,2026-05-26,,1,,1
87943,18405,37263372,Damián,Cabrera,M,2001-08-01,Argentina,2024,23,0,,1,2024.0,Tecnicatura Universitaria En Programación,Pregrado,3,,Facultad Regional Buenos Aires,2026-05-26,,1,,1
88005,18198,37279408,Facundo,Romero,M,2002-01-31,Argentina,2020,18,0,,1,2020.0,Ingeniería Electrónica,Grado,5,,Facultad Regional Buenos Aires,2026-05-26,,1,,1
88244,110265,37329488,Gonzalo,Ramírez,M,2003-11-26,Argentina,2020,17,0,,1,2020.0,Ingeniería Eléctrica,Grado,5,,Facultad Regional Buenos Aires,2026-05-26,,1,,1
88295,102356,37338836,Agustín,Pérez,M,2007-12-23,Argentina,2024,17,0,,1,2024.0,Tecnicatura Universitaria En Programación,Pregrado,3,,Facultad Regional Buenos Aires,2026-05-26,,1,,1
88297,21949,37338986,Maximiliano,Quispe,M,1996-04-15,Peruana,2020,24,0,,1,2020.0,Ingeniería Eléctrica,Grado,5,,Facultad Regional Buenos Aires,2026-05-26,,1,,1
88305,10900,37340590,Gastón,Morales,M,2003-01-16,Argentina,2020,17,0,,1,2020.0,Ingeniería Aeronáutica,Grado,5,,Facultad Regional Buenos Aires,2026-05-26,,1,,1
88317,42777,37342609,Ignacio,Ramos,M,2004-07-15,Argentina,2020,16,0,,1,2020.0,Tecnicatura Universitaria En Programación,Pregrado,3,,Facultad Regional Buenos Aires,2026-05-26,,1,,1
88369,39864,37353178,Ignacio,Álvarez,M,2007-09-12,Argentina,2020,13,0,,1,2020.0,Ingeniería Mecánica,Grado,5,,Facultad Regional Buenos Aires,2026-05-26,,1,,1
88425,6474,37363155,Gonzalo,Gómez,M,2007-05-28,Argentina,2020,13,0,,1,2020.0,Ingeniería Eléctrica,Grado,5,,Facultad Regional Buenos Aires,2026-05-26,,1,,1
88455,116279,37367643,Alejandra,Herrera,F,2003-07-05,Argentina,2020,17,0,,1,2020.0,Ingeniería Aeronáutica,Grado,5,,Facultad Regional Buenos Aires,2026-05-26,,1,,1
88461,72014,37368600,Nicolás,Rodríguez,M,2001-05-29,Argentina,2020,19,0,,1,2020.0,Ingeniería Electrónica,Grado,5,,Facultad Regional Buenos Aires,2026-05-26,,1,,1
88587,120013,37395447,Alejandra,Gómez,F,2007-09-02,No especificado,2020,13,0,,1,2020.0,Ingeniería Mecánica,Grado,5,,Facultad Regional Buenos Aires,2026-05-26,,1,,1
88663,61056,37413803,Patricia,López,F,1997-05-27,Argentina,2024,27,0,,1,2024.0,Tecnicatura Universitaria En Programación,Pregrado,3,,Facultad Regional Buenos Aires,2026-05-26,,1,,1
88679,119665,37415070,Iván,Benítez,M,1999-03-26,Boliviana,2024,25,0,,1,2024.0,Tecnicatura Universitaria En Programación,Pregrado,3,,Facultad Regional Buenos Aires,2026-05-26,,1,,1
88682,12813,37415544,Romina Romina,Ojeda,F,2003-02-09,Argentina,2020,17,0,,1,2020.0,Ingeniería Eléctrica,Grado,5,,Facultad Regional Buenos Aires,2026-05-26,,1,,1
88729,41019,37422969,Gastón,Molina,M,2003-03-12,Argentina,2020,17,0,,1,2020.0,Ingeniería Eléctrica,Grado,5,,Facultad Regional Buenos Aires,2026-05-26,,1,,1
88745,24533,37425960,Julián,Vargas,M,1998-08-27,Argentina,2024,26,0,,1,2024.0,Tecnicatura Universitaria En Programación,Pregrado,3,,Facultad Regional Buenos Aires,2026-05-26,,1,,1
88839,91562,37444192,Verónica,Morales,F,2004-07-01,Argentina,2020,16,0,,1,2020.0,Tecnicatura Universitaria En Programación,Pregrado,3,,Facultad Regional Buenos Aires,2026-05-26,,1,,1
88850,24509,37446804,Hernán,Castro,M,2006-08-03,Argentina,2020,14,0,,1,2020.0,Ingeniería Mecánica,Grado,5,,Facultad Regional Buenos Aires,2026-05-26,,1,,1
88971,74551,37470377,Sergio,Ojeda,M,2003-10-02,Argentina,2020,17,0,,1,2020.0,Ingeniería Mecánica,Grado,5,,Facultad Regional Buenos Aires,2026-05-26,,1,,1
89038,107376,37484207,Sergio,Álvarez,M,2000-05-19,Argentina,2020,20,0,,1,2020.0,Ingeniería Mecánica,Grado,5,,Facultad Regional Buenos Aires,2026-05-26,,1,,1
89047,123358,37486031,Julián,Peralta,M,2003-11-10,Argentina,2021,18,0,,1,2021.0,Tecnicatura Universitaria En Programación,Pregrado,3,,Facultad Regional Buenos Aires,2026-05-26,,1,,1
89048,93472,37486032,Julián,Acosta,M,1997-12-04,Argentina,2024,27,0,,1,2024.0,Tecnicatura Universitaria En Programación,Pregrado,3,,Facultad Regional Buenos Aires,2026-05-26,,1,,1
89102,31230,37498052,Sofía,Martínez,F,2004-09-18,Argentina,2020,16,0,,1,2020.0,Ingeniería Química,Grado,5,,Facultad Regional Buenos Aires,2026-05-26,,1,,1
89152,8444,37508693,Silvina,Cruz,F,2005-07-30,Argentina,2020,15,0,,1,2020.0,Tecnicatura Universitaria En Programación,Pregrado,3,,Facultad Regional Buenos Aires,2026-05-26,,1,,1
89219,113390,37519147,Agustín,Flores,M,2003-06-18,Argentina,2020,17,0,,1,2020.0,Tecnicatura Universitaria En Programación,Pregrado,3,,Facultad Regional Buenos Aires,2026-05-26,,1,,1
89248,50498,37523038,Lucas,Vera,M,2003-03-10,Argentina,2020,17,0,,1,2020.0,Tecnicatura Universitaria En Programación,Pregrado,3,,Facultad Regional Buenos Aires,2026-05-26,,1,,1
89254,11797,37524120,Jimena,Carrizo,F,2006-03-24,Argentina,2020,14,0,,1,2020.0,Tecnicatura Universitaria En Programación,Pregrado,3,,Facultad Regional Buenos Aires,2026-05-26,,1,,1
89309,121490,37534080,Emilio,Ramírez,M,2007-12-02,Argentina,2024,17,0,,1,2024.0,Tecnicatura Universitaria En Programación,Pregrado,3,,Facultad Regional Buenos Aires,2026-05-26,,1,,1
89310,97332,37534277,Sofía,Álvarez,F,2005-04-20,Argentina,2020,15,0,,1,2020.0,Ingeniería Eléctrica,Grado,5,,Facultad Regional Buenos Aires,2026-05-26,,1,,1
89398,114551,37555047,Sabrina,Ledesma,F,2006-08-27,Argentina,2020,14,0,,1,2020.0,Ingeniería Química,Grado,5,,Facultad Regional Buenos Aires,2026-05-26,,1,,1
89449,65229,37566375,Damián,Ramos,M,2000-01-01,Argentina,2020,20,0,,1,2020.0,Ingeniería Electrónica,Grado,5,,Facultad Regional Buenos Aires,2026-05-26,,1,,1
89488,105664,37574155,Claudia,Ríos,F,2001-09-25,Argentina,2024,23,0,,1,2024.0,Tecnicatura Universitaria En Programación,Pregrado,3,,Facultad Regional Buenos Aires,2026-05-26,,1,,1
89502,74211,37576514,Pablo,Rodríguez,M,2000-07-04,Argentina,2020,20,0,,1,2020.0,Ingeniería Eléctrica,Grado,5,,Facultad Regional Buenos Aires,2026-05-26,,1,,1
89561,36757,37587429,Pablo,González,M,2002-11-30,Argentina,2020,18,0,,1,2020.0,Ingeniería Eléctrica,Grado,5,,Facultad Regional Buenos Aires,2026-05-26,,1,,1
89571,99857,37589712,Sebastián,Reyes,M,2002-10-21,Argentina,2020,18,0,,1,2020.0,Ingeniería Aeronáutica,Grado,5,,Facultad Regional Buenos Aires,2026-05-26,,1,,1
89618,122960,37597631,Tomás,Núñez,M,2006-02-22,Argentina,2021,15,0,,1,2021.0,Tecnicatura Universitaria En Programación,Pregrado,3,,Facultad Regional Buenos Aires,2026-05-26,,1,,1
89628,15294,37600505,Rodrigo,Díaz,M,2006-01-01,Argentina,2024,18,0,,1,2024.0,Tecnicatura Universitaria En Programación,Pregrado,3,,Facultad Regional Buenos Aires,2026-05-26,,1,,1
89703,28321,37616295,Rodrigo,García,M,2005-07-10,Argentina,2020,15,0,,1,2020.0,Ingeniería Eléctrica,Grado,5,,Facultad Regional Buenos Aires,2026-05-26,,1,,1
89810,41261,37636949,Agustín,Condori,M,2003-01-01,Brasileña,2020,17,0,,1,2020.0,Ingeniería Electrónica,Grado,5,,Facultad Regional Buenos Aires,2026-05-26,,1,,1
89822,99855,37639578,Micaela,Fernández,F,2002-05-18,Argentina,2020,18,0,,1,2020.0,Tecnicatura Universitaria En Programación,Pregrado,3,,Facultad Regional Buenos Aires,2026-05-26,,1,,1
89858,4128,37646986,Natalia,García,F,2005-03-09,Argentina,2020,15,0,,1,2020.0,Ingeniería Eléctrica,Grado,5,,Facultad Regional Buenos Aires,2026-05-26,,1,,1
89867,58428,37649909,Paola,Suárez,F,2004-08-05,Argentina,2020,16,0,,1,2020.0,Ingeniería Mecánica,Grado,5,,Facultad Regional Buenos Aires,2026-05-26,,1,,1
89870,112960,37650322,Julián,Gómez,M,2002-01-15,Argentina,2020,18,0,,1,2020.0,Tecnicatura Universitaria En Programación,Pregrado,3,,Facultad Regional Buenos Aires,2026-05-26,,1,,1
89943,3912,37663568,Santiago,Martínez,M,2003-09-14,Argentina,2020,17,0,,1,2020.0,Ingeniería Electrónica,Grado,5,,Facultad Regional Buenos Aires,2026-05-26,,1,,1
89978,103440,37671412,Jimena,Ramírez,F,1998-03-25,No especificado,2020,22,0,,1,2020.0,Ingeniería Química,Grado,5,,Facultad Regional Buenos Aires,2026-05-26,,1,,1
90006,1788,37676193,Ezequiel,Sánchez,M,2007-05-05,Argentina,2020,13,0,,1,2020.0,Ingeniería Eléctrica,Grado,5,,Facultad Regional Buenos Aires,2026-05-26,,1,,1
90025,73970,37680851,Emilio,Ledesma,M,1998-10-21,Argentina,2020,22,0,,1,2020.0,Ingeniería Mecánica,Grado,5,,Facultad Regional Buenos Aires,2026-05-26,,1,,1
90104,83881,37694227,Camila,Castro,F,2002-10-23,Argentina,2024,22,0,,1,2024.0,Tecnicatura Universitaria En Programación,Pregrado,3,,Facultad Regional Buenos Aires,2026-05-26,,1,,1
90165,67284,37705802,Patricia,Sánchez,F,2001-12-20,Argentina,2020,19,0,,1,2020.0,Tecnicatura Universitaria En Programación,Pregrado,3,,Facultad Regional Buenos Aires,2026-05-26,,1,,1
90259,33524,37725497,Noelia,Suárez,F,2006-10-21,Argentina,2020,14,0,,1,2020.0,Ingeniería Mecánica,Grado,5,,Facultad Regional Buenos Aires,2026-05-26,,1,,1
90414,25825,37752908,Vanesa,González,F,1999-09-16,Argentina,2024,25,0,,1,2024.0,Tecnicatura Universitaria En Programación,Pregrado,3,,Facultad Regional Buenos Aires,2026-05-26,,1,,1
90416,103585,37753243,Mariela,Díaz,F,2003-06-06,Argentina,2024,21,0,,1,2024.0,Tecnicatura Universitaria En Programación,Pregrado,3,,Facultad Regional Buenos Aires,2026-05-26,,1,,1
90437,126795,37756326,Nicolás,Reyes,M,2003-02-23,Argentina,2024,21,0,,1,2024.0,Tecnicatura Universitaria En Programación,Pregrado,3,,Facultad Regional Buenos Aires,2026-05-26,,1,,1
90524,24564,37772944,Camila,González,F,2002-11-27,Argentina,2020,18,0,,1,2020.0,Tecnicatura Universitaria En Programación,Pregrado,3,,Facultad Regional Buenos Aires,2026-05-26,,1,,1
90591,84807,37785467,Laura,Lima,F,2004-08-28,Venezolana,2020,16,0,,1,2020.0,Tecnicatura Universitaria En Programación,Pregrado,3,,Facultad Regional Buenos Aires,2026-05-26,,1,,1
90608,111100,37789197,Cristian,Carrizo,M,2005-03-25,Argentina,2024,19,0,,1,2024.0,Tecnicatura Universitaria En Programación,Pregrado,3,,Facultad Regional Buenos Aires,2026-05-26,,1,,1
90664,43896,37799217,Federico,Martínez,M,2007-02-04,Argentina,2020,13,0,,1,2020.0,Ingeniería Química,Grado,5,,Facultad Regional Buenos Aires,2026-05-26,,1,,1
90680,44360,37802104,Cristian,Vera,M,2005-03-26,Argentina,2024,19,0,,1,2024.0,Tecnicatura Universitaria En Programación,Pregrado,3,,Facultad Regional Buenos Aires,2026-05-26,,1,,1
90757,7131,37820477,Damián,García,M,2006-04-20,Argentina,2020,14,0,,1,2020.0,Ingeniería Electrónica,Grado,5,,Facultad Regional Buenos Aires,2026-05-26,,1,,1
90843,124056,37836048,Valeria,Reyes,F,2004-01-23,Argentina,2020,16,0,,1,2020.0,Ingeniería Química,Grado,5,,Facultad Regional Buenos Aires,2026-05-26,,1,,1
90916,113194,37849591,Noelia,Ramos,F,2005-12-13,Argentina,2024,19,0,,1,2024.0,Tecnicatura Universitaria En Programación,Pregrado,3,,Facultad Regional Buenos Aires,2026-05-26,,1,,1
90941,108498,37854590,Iván,Santos,M,1997-08-25,Venezolana,2020,23,0,,1,2020.0,Ingeniería Electrónica,Grado,5,,Facultad Regional Buenos Aires,2026-05-26,,1,,1
91089,37638,37885461,Patricia,Flores,F,2007-05-01,Argentina,2024,17,0,,1,2024.0,Tecnicatura Universitaria En Programación,Pregrado,3,,Facultad Regional Buenos Aires,2026-05-26,,1,,1
91101,110793,37886872,Agustín,Ojeda,M,2002-11-14,Argentina,2020,18,0,,1,2020.0,Ingeniería Electrónica,Grado,5,,Facultad Regional Buenos Aires,2026-05-26,,1,,1
91116,2338,37891945,Florencia,Cabrera,F,2001-07-05,Argentina,2020,19,0,,1,2020.0,Ingeniería Química,Grado,5,,Facultad Regional Buenos Aires,2026-05-26,,1,,1
91170,8669,37905121,Tomás,López,M,2001-05-05,Argentina,2020,19,0,,1,2020.0,Ingeniería Mecánica,Grado,5,,Facultad Regional Buenos Aires,2026-05-26,,1,,1
91242,22835,37918827,Cristian,López,M,2004-01-20,Argentina,2020,16,0,,1,2020.0,Ingeniería Mecánica,Grado,5,,Facultad Regional Buenos Aires,2026-05-26,,1,,1
91252,79228,37922195,Camila,Peralta,F,2007-05-11,Argentina,2024,17,0,,1,2024.0,Tecnicatura Universitaria En Programación,Pregrado,3,,Facultad Regional Buenos Aires,2026-05-26,,1,,1
91359,100651,37942190,Camila,Pérez,F,1999-01-10,Argentina,2021,22,0,,1,2021.0,Tecnicatura Universitaria En Programación,Pregrado,3,,Facultad Regional Buenos Aires,2026-05-26,,1,,1
91374,27307,37944490,Agustín,Núñez,M,2002-07-05,Argentina,2020,18,0,,1,2020.0,Ingeniería Mecánica,Grado,5,,Facultad Regional Buenos Aires,2026-05-26,,1,,1
91454,93223,37959809,Claudio,Carrizo,M,2007-03-05,Argentina,2020,13,0,,1,2020.0,Tecnicatura Universitaria En Programación,Pregrado,3,,Facultad Regional Buenos Aires,2026-05-26,,1,,1
91534,124103,37973015,Ramiro,Martínez,M,2005-10-13,Argentina,2024,19,0,,1,2024.0,Tecnicatura Universitaria En Programación,Pregrado,3,,Facultad Regional Buenos Aires,2026-05-26,,1,,1
91549,72944,37977868,Claudio,Romero,M,1999-08-15,No especificado,2020,21,0,,1,2020.0,Ingeniería Electrónica,Grado,5,,Facultad Regional Buenos Aires,2026-05-26,,1,,1
91560,58845,37980911,Julián,Souza,M,2002-01-11,Brasileña,2020,18,0,,1,2020.0,Ingeniería Electrónica,Grado,5,,Facultad Regional Buenos Aires,2026-05-26,,1,,1
91583,122896,37986265,Cristian,Carrizo,M,2004-10-21,Argentina,2024,20,0,,1,2024.0,Tecnicatura Universitaria En Programación,Pregrado,3,,Facultad Regional Buenos Aires,2026-05-26,,1,,1
91591,83725,37989592,Cristian,Oliveira,M,2006-01-29,Brasileña,2020,14,0,,1,2020.0,Ingeniería Electrónica,Grado,5,,Facultad Regional Buenos Aires,2026-05-26,,1,,1
91653,65391,38002625,Sebastián,Acosta,M,2000-03-19,Argentina,2024,24,0,,1,2024.0,Tecnicatura Universitaria En Programación,Pregrado,3,,Facultad Regional Buenos Aires,2026-05-26,,1,,1
91654,4667,38002727,Facundo,Ríos,M,2003-11-28,Argentina,2020,17,0,,1,2020.0,Ingeniería Eléctrica,Grado,5,,Facultad Regional Buenos Aires,2026-05-26,,1,,1
91663,25465,38003967,Verónica,López,F,2006-05-20,Argentina,2020,14,0,,1,2020.0,Ingeniería Electrónica,Grado,5,,Facultad Regional Buenos Aires,2026-05-26,,1,,1
91668,97533,38004775,Diego,Acosta,M,2002-12-12,Argentina,2020,18,0,,1,2020.0,Ingeniería Mecánica,Grado,5,,Facultad Regional Buenos Aires,2026-05-26,,1,,1
91693,560,38009576,Damián,Pérez,M,2003-05-14,Argentina,2024,21,0,,1,2024.0,Tecnicatura Universitaria En Programación,Pregrado,3,,Facultad Regional Buenos Aires,2026-05-26,,1,,1
91715,44369,38014715,Alejandro,Núñez,M,2000-06-28,Argentina,2020,20,0,,1,2020.0,Ingeniería Electrónica,Grado,5,,Facultad Regional Buenos Aires,2026-05-26,,1,,1
91741,68920,38019280,Sebastián,Martínez,M,2005-12-16,Argentina,2024,19,0,,1,2024.0,Tecnicatura Universitaria En Programación,Pregrado,3,,Facultad Regional Buenos Aires,2026-05-26,,1,,1
91775,105123,38027898,Tomás,Álvarez,M,2006-04-09,Argentina,2020,14,0,,1,2020.0,Ingeniería Eléctrica,Grado,5,,Facultad Regional Buenos Aires,2026-05-26,,1,,1
91780,87805,38028190,Ramiro,Cruz,M,2002-11-29,Argentina,2020,18,0,,1,2020.0,Tecnicatura Universitaria En Programación,Pregrado,3,,Facultad Regional Buenos Aires,2026-05-26,,1,,1
91781,2115,38028545,Alejandra,Castro,F,2007-06-16,Argentina,2020,13,0,,1,2020.0,Ingeniería Química,Grado,5,,Facultad Regional Buenos Aires,2026-05-26,,1,,1
91883,124997,38045995,Matías,Pérez,M,2003-11-02,Argentina,2020,17,0,,1,2020.0,Ingeniería Electrónica,Grado,5,,Facultad Regional Buenos Aires,2026-05-26,,1,,1
91885,124043,38046165,Agustín,López,M,1999-03-09,Argentina,2020,21,0,,1,2020.0,Ingeniería Eléctrica,Grado,5,,Facultad Regional Buenos Aires,2026-05-26,,1,,1
91891,90803,38048096,Sofía,Reyes,F,2007-04-25,Argentina,2020,13,0,,1,2020.0,Ingeniería Electrónica,Grado,5,,Facultad Regional Buenos Aires,2026-05-26,,1,,1
91931,52736,38054776,Cristian,Rodríguez,M,2002-11-27,Argentina,2020,18,0,,1,2020.0,Ingeniería Eléctrica,Grado,5,,Facultad Regional Buenos Aires,2026-05-26,,1,,1
91956,68184,38059274,Maximiliano,Ortega,M,2004-03-03,Argentina,2020,16,0,,1,2020.0,Ingeniería Eléctrica,Grado,5,,Facultad Regional Buenos Aires,2026-05-26,,1,,1
91958,108096,38059975,Emilio,Herrera,M,2005-08-06,Argentina,2020,15,0,,1,2020.0,Ingeniería Mecánica,Grado,5,,Facultad Regional Buenos Aires,2026-05-26,,1,,1
92019,36035,38074286,Tomás,Silva,M,2005-01-27,Uruguaya,2020,15,0,,1,2020.0,Ingeniería Aeronáutica,Grado,5,,Facultad Regional Buenos Aires,2026-05-26,,1,,1
92060,95862,38083515,Alejandro,Gómez,M,2003-11-28,Argentina,2020,17,0,,1,2020.0,Ingeniería Aeronáutica,Grado,5,,Facultad Regional Buenos Aires,2026-05-26,,1,,1
92064,41449,38084213,Lucas,Peralta,M,2007-01-23,Argentina,2020,13,0,,1,2020.0,Ingeniería Eléctrica,Grado,5,,Facultad Regional Buenos Aires,2026-05-26,,1,,1
92067,46346,38084317,Sebastián,Cruz,M,1997-07-25,Argentina,2020,23,0,,1,2020.0,Ingeniería Electrónica,Grado,5,,Facultad Regional Buenos Aires,2026-05-26,,1,,1
92152,37861,38100111,Cristian,Fernández,M,2007-12-25,Argentina,2020,13,0,,1,2020.0,Ingeniería Aeronáutica,Grado,5,,Facultad Regional Buenos Aires,2026-05-26,,1,,1
92222,94010,38113764,Fernando,Herrera,M,2003-08-17,Argentina,2020,17,0,,1,2020.0,Ingeniería Mecánica,Grado,5,,Facultad Regional Buenos Aires,2026-05-26,,1,,1
92274,25801,38123812,Julián,Vera,M,2001-10-05,Argentina,2020,19,0,,1,2020.0,Ingeniería Aeronáutica,Grado,5,,Facultad Regional Buenos Aires,2026-05-26,,1,,1
92329,12143,38134231,Hernán,Molina,M,2001-05-14,Argentina,2024,23,0,,1,2024.0,Tecnicatura Universitaria En Programación,Pregrado,3,,Facultad Regional Buenos Aires,2026-05-26,,1,,1
92338,37244,38135985,Sergio,López,M,1995-02-07,Argentina,2020,25,0,,1,2020.0,Ingeniería Electrónica,Grado,5,,Facultad Regional Buenos Aires,2026-05-26,,1,,1
92350,871,38138326,Lucas,Díaz,M,2000-10-20,Argentina,2020,20,0,,1,2020.0,Ingeniería Aeronáutica,Grado,5,,Facultad Regional Buenos Aires,2026-05-26,,1,,1
92412,128415,38151408,Mariana,Díaz,F,2003-01-19,Peruana,2020,17,0,,1,2020.0,Tecnicatura Universitaria En Programación,Pregrado,3,,Facultad Regional Buenos Aires,2026-05-26,,1,,1
92468,1232,38166413,Silvina,Cruz,F,2001-09-17,Argentina,2024,23,0,,1,2024.0,Tecnicatura Universitaria En Programación,Pregrado,3,,Facultad Regional Buenos Aires,2026-05-26,,1,,1
92483,102651,38169223,Claudio,Silva,M,2006-11-04,Uruguaya,2024,18,0,,1,2024.0,Tecnicatura Universitaria En Programación,Pregrado,3,,Facultad Regional Buenos Aires,2026-05-26,,1,,1
92497,116998,38171568,Silvina,Castro,F,2002-11-10,Argentina,2020,18,0,,1,2020.0,Ingeniería Eléctrica,Grado,5,,Facultad Regional Buenos Aires,2026-05-26,,1,,1
92604,40781,38192721,Iván,Suárez,M,2007-02-15,Argentina,2020,13,0,,1,2020.0,Ingeniería Eléctrica,Grado,5,,Facultad Regional Buenos Aires,2026-05-26,,1,,1
92612,83124,38193921,Facundo,Castro,M,2000-06-04,Argentina,2020,20,0,,1,2020.0,Tecnicatura Universitaria En Programación,Pregrado,3,,Facultad Regional Buenos Aires,2026-05-26,,1,,1
92660,79223,38203650,Laura,Medina,F,1999-04-05,Argentina,2020,21,0,,1,2020.0,Tecnicatura Universitaria En Programación,Pregrado,3,,Facultad Regional Buenos Aires,2026-05-26,,1,,1
92667,121810,38204523,Florencia,Ledesma,F,2007-02-08,Argentina,2020,13,0,,1,2020.0,Ingeniería Mecánica,Grado,5,,Facultad Regional Buenos Aires,2026-05-26,,1,,1
92761,11605,38223528,Damián Damián,Díaz,M,2004-10-30,Argentina,2020,16,0,,1,2020.0,Ingeniería Electrónica,Grado,5,,Facultad Regional Buenos Aires,2026-05-26,,1,,1
92769,1099,38224655,Emilio,Moreno,M,2004-08-29,Argentina,2024,20,0,,1,2024.0,Tecnicatura Universitaria En Programación,Pregrado,3,,Facultad Regional Buenos Aires,2026-05-26,,1,,1
92791,28043,38230760,Patricia,Cruz,F,2002-01-05,Argentina,2021,19,0,,1,2021.0,Tecnicatura Universitaria En Programación,Pregrado,3,,Facultad Regional Buenos Aires,2026-05-26,,1,,1
92845,93398,38241733,Hernán,Silva,M,2003-06-25,Paraguaya,2020,17,0,,1,2020.0,Tecnicatura Universitaria En Programación,Pregrado,3,,Facultad Regional Buenos Aires,2026-05-26,,1,,1
92936,127539,38259021,Tomás,Rodríguez,M,2001-01-11,Argentina,2024,23,0,,1,2024.0,Tecnicatura Universitaria En Programación,Pregrado,3,,Facultad Regional Buenos Aires,2026-05-26,,1,,1
92975,877,38265831,Santiago,Benítez,M,2007-12-05,Colombiana,2020,13,0,,1,2020.0,Ingeniería Aeronáutica,Grado,5,,Facultad Regional Buenos Aires,2026-05-26,,1,,1
92988,119598,38269399,Pablo,Santos,M,2007-11-17,Chilena,2021,14,0,,1,2021.0,Tecnicatura Universitaria En Programación,Pregrado,3,,Facultad Regional Buenos Aires,2026-05-26,,1,,1
93002,119418,38271507,Ezequiel,Vera,M,2007-06-23,Argentina,2020,13,0,,1,2020.0,Ingeniería Mecánica,Grado,5,,Facultad Regional Buenos Aires,2026-05-26,,1,,1
93011,10026,38273677,Rodrigo,Carrizo,M,2005-08-16,Argentina,2024,19,0,,1,2024.0,Tecnicatura Universitaria En Programación,Pregrado,3,,Facultad Regional Buenos Aires,2026-05-26,,1,,1
93031,73657,38277616,Gonzalo,García,M,2005-02-10,Argentina,2024,19,0,,1,2024.0,Tecnicatura Universitaria En Programación,Pregrado,3,,Facultad Regional Buenos Aires,2026-05-26,,1,,1
93067,106629,38284517,Santiago,Fuentes,M,2000-02-02,Paraguaya,2020,20,0,,1,2020.0,Ingeniería Mecánica,Grado,5,,Facultad Regional Buenos Aires,2026-05-26,,1,,1
93077,65434,38286218,Patricia,Ríos,F,2004-12-15,Argentina,2020,16,0,,1,2020.0,Ingeniería Mecánica,Grado,5,,Facultad Regional Buenos Aires,2026-05-26,,1,,1
93127,99720,38300699,Nicolás,Sánchez,M,2002-10-03,Argentina,2020,18,0,,1,2020.0,Ingeniería Eléctrica,Grado,5,,Facultad Regional Buenos Aires,2026-05-26,,1,,1
93177,7252,38310953,Federico,Muñoz,M,2007-12-22,Peruana,2024,17,0,,1,2024.0,Tecnicatura Universitaria En Programación,Pregrado,3,,Facultad Regional Buenos Aires,2026-05-26,,1,,1
93185,70421,38313664,Tomás,Molina,M,2005-11-15,Argentina,2020,15,0,,1,2020.0,Ingeniería Aeronáutica,Grado,5,,Facultad Regional Buenos Aires,2026-05-26,,1,,1
93214,106401,38318488,Gastón,Ojeda,M,2004-05-05,Argentina,2020,16,0,,1,2020.0,Ingeniería Química,Grado,5,,Facultad Regional Buenos Aires,2026-05-26,,1,,1
93223,8650,38320109,Emilio,Acosta,M,2003-10-08,Argentina,2020,17,0,,1,2020.0,Ingeniería Mecánica,Grado,5,,Facultad Regional Buenos Aires,2026-05-26,,1,,1
93229,119606,38321668,Gonzalo,García,M,2005-09-07,Argentina,2024,19,0,,1,2024.0,Tecnicatura Universitaria En Programación,Pregrado,3,,Facultad Regional Buenos Aires,2026-05-26,,1,,1
93267,66787,38328193,Noelia,Carrizo,F,2000-07-29,Argentina,2024,24,0,,1,2024.0,Tecnicatura Universitaria En Programación,Pregrado,3,,Facultad Regional Buenos Aires,2026-05-26,,1,,1
93271,38320,38329016,Sebastián,Vega,M,2006-10-12,Argentina,2020,14,0,,1,2020.0,Ingeniería Aeronáutica,Grado,5,,Facultad Regional Buenos Aires,2026-05-26,,1,,1
93297,124286,38333372,Julián,Suárez,M,2007-05-16,Argentina,2020,13,0,,1,2020.0,Ingeniería Mecánica,Grado,5,,Facultad Regional Buenos Aires,2026-05-26,,1,,1
93304,63314,38335043,Gonzalo,Núñez,M,2003-10-22,Argentina,2020,17,0,,1,2020.0,Ingeniería Mecánica,Grado,5,,Facultad Regional Buenos Aires,2026-05-26,,1,,1
93314,17432,38338473,Federico,Ramírez,M,2003-10-07,Argentina,2020,17,0,,1,2020.0,Ingeniería Química,Grado,5,,Facultad Regional Buenos Aires,2026-05-26,,1,,1
93356,52614,38347360,Fernando,Pérez,M,2000-09-01,Argentina,2024,24,0,,1,2024.0,Tecnicatura Universitaria En Programación,Pregrado,3,,Facultad Regional Buenos Aires,2026-05-26,,1,,1
93391,115667,38354766,Diego,Reyes,M,1998-12-29,Argentina,2020,22,0,,1,2020.0,Ingeniería Aeronáutica,Grado,5,,Facultad Regional Buenos Aires,2026-05-26,,1,,1
93444,59886,38364702,Agustín,Mendoza,M,2002-03-24,Argentina,2020,18,0,,1,2020.0,Ingeniería Electrónica,Grado,5,,Facultad Regional Buenos Aires,2026-05-26,,1,,1
93515,93261,38377545,Santiago,Cruz,M,1999-04-21,Argentina,2024,25,0,,1,2024.0,Tecnicatura Universitaria En Programación,Pregrado,3,,Facultad Regional Buenos Aires,2026-05-26,,1,,1
93577,29974,38391546,Ezequiel,Ríos,M,2007-10-21,Argentina,2020,13,0,,1,2020.0,Ingeniería Química,Grado,5,,Facultad Regional Buenos Aires,2026-05-26,,1,,1
93581,122423,38392708,Rodrigo,Mendoza,M,2000-01-13,Argentina,2024,24,0,,1,2024.0,Tecnicatura Universitaria En Programación,Pregrado,3,,Facultad Regional Buenos Aires,2026-05-26,,1,,1
93746,99094,38422647,Sebastián,López,M,2002-11-10,Argentina,2020,18,0,,1,2020.0,Ingeniería Eléctrica,Grado,5,,Facultad Regional Buenos Aires,2026-05-26,,1,,1
93805,101865,38434928,Ezequiel Ezequiel,Moreno,M,2002-01-14,Argentina,2020,18,0,,1,2020.0,Ingeniería Aeronáutica,Grado,5,,Facultad Regional Buenos Aires,2026-05-26,,1,,1
93856,77102,38443334,Vanesa,Ojeda,F,2004-10-02,Argentina,2024,20,0,,1,2024.0,Tecnicatura Universitaria En Programación,Pregrado,3,,Facultad Regional Buenos Aires,2026-05-26,,1,,1
93887,109898,38450473,Fernando,Gómez,M,2004-09-21,Argentina,2024,20,0,,1,2024.0,Tecnicatura Universitaria En Programación,Pregrado,3,,Facultad Regional Buenos Aires,2026-05-26,,1,,1
93928,47981,38456622,Nicolás,Oliveira,M,1999-08-15,Uruguaya,2020,21,0,,1,2020.0,Ingeniería Electrónica,Grado,5,,Facultad Regional Buenos Aires,2026-05-26,,1,,1
93930,116959,38457034,Tomás,Rojas,M,2005-04-08,Argentina,2021,16,0,,1,2021.0,Tecnicatura Universitaria En Programación,Pregrado,3,,Facultad Regional Buenos Aires,2026-05-26,,1,,1
93937,89122,38458319,Facundo,Moreno,M,2001-08-18,No especificado,2020,19,0,,1,2020.0,Tecnicatura Universitaria En Programación,Pregrado,3,,Facultad Regional Buenos Aires,2026-05-26,,1,,1
93944,19777,38459383,Julián,Souza,M,2003-09-12,Brasileña,2020,17,0,,1,2020.0,Ingeniería Mecánica,Grado,5,,Facultad Regional Buenos Aires,2026-05-26,,1,,1
93968,36603,38464812,Santiago,Ledesma,M,2004-07-12,Argentina,2024,20,0,,1,2024.0,Tecnicatura Universitaria En Programación,Pregrado,3,,Facultad Regional Buenos Aires,2026-05-26,,1,,1
94001,75746,38472199,Matías,García,M,2006-12-13,Argentina,2020,14,0,,1,2020.0,Ingeniería Química,Grado,5,,Facultad Regional Buenos Aires,2026-05-26,,1,,1
94014,112489,38475601,Facundo,Reyes,M,2006-07-20,Argentina,2024,18,0,,1,2024.0,Tecnicatura Universitaria En Programación,Pregrado,3,,Facultad Regional Buenos Aires,2026-05-26,,1,,1
94032,114004,38479021,Cristian,Fuentes,M,2003-01-26,Chilena,2020,17,0,,1,2020.0,Ingeniería Eléctrica,Grado,5,,Facultad Regional Buenos Aires,2026-05-26,,1,,1
94117,14241,38494085,Laura,Fernández,F,2007-07-05,Argentina,2020,13,0,,1,2020.0,Tecnicatura Universitaria En Programación,Pregrado,3,,Facultad Regional Buenos Aires,2026-05-26,,1,,1
94125,6891,38495113,Alejandro,Quispe,M,1995-10-16,Venezolana,2020,25,0,,1,2020.0,Ingeniería Mecánica,Grado,5,,Facultad Regional Buenos Aires,2026-05-26,,1,,1
94184,52679,38509202,Damián,Castro,M,2004-09-14,Argentina,2020,16,0,,1,2020.0,Ingeniería Química,Grado,5,,Facultad Regional Buenos Aires,2026-05-26,,1,,1
94260,86878,38524597,Diego,Suárez,M,2005-07-14,Argentina,2021,16,0,,1,2021.0,Tecnicatura Universitaria En Programación,Pregrado,3,,Facultad Regional Buenos Aires,2026-05-26,,1,,1
94288,88024,38529288,Gonzalo,Rojas,M,2005-11-10,Argentina,2020,15,0,,1,2020.0,Ingeniería Mecánica,Grado,5,,Facultad Regional Buenos Aires,2026-05-26,,1,,1
94300,70982,38531772,Ramiro,Cabrera,M,2007-03-20,Argentina,2021,14,0,,1,2021.0,Tecnicatura Universitaria En Programación,Pregrado,3,,Facultad Regional Buenos Aires,2026-05-26,,1,,1
94343,14840,38540387,Ramiro,Ramírez,M,2004-07-26,Argentina,2020,16,0,,1,2020.0,Ingeniería Eléctrica,Grado,5,,Facultad Regional Buenos Aires,2026-05-26,,1,,1
94423,29673,38553959,Hernán,Ríos,M,2004-09-24,Argentina,2024,20,0,,1,2024.0,Tecnicatura Universitaria En Programación,Pregrado,3,,Facultad Regional Buenos Aires,2026-05-26,,1,,1
94479,90031,38563410,Luciana,Romero,F,2003-11-21,Argentina,2020,17,0,,1,2020.0,Ingeniería Química,Grado,5,,Facultad Regional Buenos Aires,2026-05-26,,1,,1
94655,37721,38597735,Gonzalo,Herrera,M,2004-09-09,Argentina,2020,16,0,,1,2020.0,Ingeniería Eléctrica,Grado,5,,Facultad Regional Buenos Aires,2026-05-26,,1,,1
94668,14855,38600297,Julián,Vargas,M,2004-01-01,No especificado,2024,20,0,,1,2024.0,Tecnicatura Universitaria En Programación,Pregrado,3,,Facultad Regional Buenos Aires,2026-05-26,,1,,1
94692,122970,38604616,Gastón,Silva,M,2007-12-28,Chilena,2024,17,0,,1,2024.0,Tecnicatura Universitaria En Programación,Pregrado,3,,Facultad Regional Buenos Aires,2026-05-26,,1,,1
94789,21121,38624427,Sebastián,Apaza,M,2004-10-11,Boliviana,2020,16,0,,1,2020.0,Ingeniería Electrónica,Grado,5,,Facultad Regional Buenos Aires,2026-05-26,,1,,1
94813,125234,38628100,Matías,Flores,M,1997-07-06,Argentina,2020,23,0,,1,2020.0,Ingeniería Electrónica,Grado,5,,Facultad Regional Buenos Aires,2026-05-26,,1,,1
94869,26738,38643213,Facundo,Medina,M,2006-11-15,Argentina,2024,18,0,,1,2024.0,Tecnicatura Universitaria En Programación,Pregrado,3,,Facultad Regional Buenos Aires,2026-05-26,,1,,1
94925,58763,38655782,Valentina,Pereira,F,2005-05-22,Venezolana,2020,15,0,,1,2020.0,Tecnicatura Universitaria En Programación,Pregrado,3,,Facultad Regional Buenos Aires,2026-05-26,,1,,1
94988,46214,38671299,Tomás,Cruz,M,2002-02-01,Argentina,2021,19,0,,1,2021.0,Tecnicatura Universitaria En Programación,Pregrado,3,,Facultad Regional Buenos Aires,2026-05-26,,1,,1
95026,100857,38679026,Leandro,Ruiz,M,2006-10-19,Argentina,2020,14,0,,1,2020.0,Ingeniería Mecánica,Grado,5,,Facultad Regional Buenos Aires,2026-05-26,,1,,1
95053,119812,38684365,Nicolás,Sánchez,M,2003-06-04,Argentina,2024,21,0,,1,2024.0,Tecnicatura Universitaria En Programación,Pregrado,3,,Facultad Regional Buenos Aires,2026-05-26,,1,,1
95058,46256,38684875,Pablo,Mendoza,M,1999-09-03,Argentina,2020,21,0,,1,2020.0,Ingeniería Mecánica,Grado,5,,Facultad Regional Buenos Aires,2026-05-26,,1,,1
95104,71595,38692885,Iván,Morales,M,2005-04-03,Argentina,2020,15,0,,1,2020.0,Ingeniería Electrónica,Grado,5,,Facultad Regional Buenos Aires,2026-05-26,,1,,1
95184,93900,38709167,Fernando,Moreno,M,2004-07-03,Argentina,2021,17,0,,1,2021.0,Tecnicatura Universitaria En Programación,Pregrado,3,,Facultad Regional Buenos Aires,2026-05-26,,1,,1
95197,11859,38711186,Laura,Morales,F,1997-11-19,Argentina,2020,23,0,,1,2020.0,Ingeniería Química,Grado,5,,Facultad Regional Buenos Aires,2026-05-26,,1,,1
95208,91347,38713516,Tomás,Oliveira,M,2007-06-12,Peruana,2020,13,0,,1,2020.0,Tecnicatura Universitaria En Programación,Pregrado,3,,Facultad Regional Buenos Aires,2026-05-26,,1,,1
95217,47606,38715110,Sofía,García,F,2001-01-01,Argentina,2020,19,0,,1,2020.0,Ingeniería Eléctrica,Grado,5,,Facultad Regional Buenos Aires,2026-05-26,,1,,1
95319,86087,38736769,Verónica,Vega,F,2006-06-11,Argentina,2020,14,0,,1,2020.0,Ingeniería Eléctrica,Grado,5,,Facultad Regional Buenos Aires,2026-05-26,,1,,1
95350,109144,38740763,Leandro,Álvarez,M,1996-04-05,Argentina,2020,24,0,,1,2020.0,Ingeniería Aeronáutica,Grado,5,,Facultad Regional Buenos Aires,2026-05-26,,1,,1
95389,106897,38749649,Maximiliano,Morales,M,2002-11-21,Argentina,2020,18,0,,1,2020.0,Ingeniería Electrónica,Grado,5,,Facultad Regional Buenos Aires,2026-05-26,,1,,1
95396,57446,38750526,Sebastián,Vera,M,2003-11-17,Argentina,2020,17,0,,1,2020.0,Ingeniería Eléctrica,Grado,5,,Facultad Regional Buenos Aires,2026-05-26,,1,,1
95455,6139,38762576,Julián,Gómez,M,2001-07-13,Argentina,2020,19,0,,1,2020.0,Ingeniería Mecánica,Grado,5,,Facultad Regional Buenos Aires,2026-05-26,,1,,1
95552,104339,38784315,Alejandro,Castro,M,2003-12-06,Argentina,2020,17,0,,1,2020.0,Ingeniería Electrónica,Grado,5,,Facultad Regional Buenos Aires,2026-05-26,,1,,1
95589,43644,38791292,Gonzalo,Ortega,M,1999-08-05,Argentina,2020,21,0,,1,2020.0,Ingeniería Eléctrica,Grado,5,,Facultad Regional Buenos Aires,2026-05-26,,1,,1
95650,42523,38802786,Hernán,Santos,M,2004-04-08,Peruana,2020,16,0,,1,2020.0,Ingeniería Electrónica,Grado,5,,Facultad Regional Buenos Aires,2026-05-26,,1,,1
95668,96147,38805046,Leandro,Ruiz,M,2005-02-05,Argentina,2020,15,0,,1,2020.0,Ingeniería Química,Grado,5,,Facultad Regional Buenos Aires,2026-05-26,,1,,1
95686,36061,38807351,Noelia,Souza,F,2002-08-28,Paraguaya,2024,22,0,,1,2024.0,Tecnicatura Universitaria En Programación,Pregrado,3,,Facultad Regional Buenos Aires,2026-05-26,,1,,1
95767,64389,38823371,Sergio,Acosta,M,2002-10-23,Argentina,2024,22,0,,1,2024.0,Tecnicatura Universitaria En Programación,Pregrado,3,,Facultad Regional Buenos Aires,2026-05-26,,1,,1
95770,75596,38823673,Natalia,Ledesma,F,2008-01-01,Argentina,2021,13,0,,1,2021.0,Tecnicatura Universitaria En Programación,Pregrado,3,,Facultad Regional Buenos Aires,2026-05-26,,1,,1
95781,114908,38825983,Rodrigo,Herrera,M,2004-07-02,Argentina,2020,16,0,,1,2020.0,Ingeniería Química,Grado,5,,Facultad Regional Buenos Aires,2026-05-26,,1,,1
95818,14926,38833343,Vanesa,Torres,F,2002-05-10,Argentina,2024,22,0,,1,2024.0,Tecnicatura Universitaria En Programación,Pregrado,3,,Facultad Regional Buenos Aires,2026-05-26,,1,,1
95892,11530,38848411,Facundo,Fuentes,M,2007-09-20,Colombiana,2020,13,0,,1,2020.0,Ingeniería Mecánica,Grado,5,,Facultad Regional Buenos Aires,2026-05-26,,1,,1
95899,28559,38850244,Sebastián,Núñez,M,2003-11-20,Argentina,2020,17,0,,1,2020.0,Ingeniería Aeronáutica,Grado,5,,Facultad Regional Buenos Aires,2026-05-26,,1,,1
95904,46153,38851367,Santiago,Carrizo,M,2000-11-21,Argentina,2020,20,0,,1,2020.0,Ingeniería Mecánica,Grado,5,,Facultad Regional Buenos Aires,2026-05-26,,1,,1
95909,4339,38852139,Gonzalo,Martínez,M,1998-03-15,Argentina,2020,22,0,,1,2020.0,Tecnicatura Universitaria En Programación,Pregrado,3,,Facultad Regional Buenos Aires,2026-05-26,,1,,1
95911,126743,38852507,Hernán,Moreno,M,2003-05-15,Argentina,2020,17,0,,1,2020.0,Ingeniería Química,Grado,5,,Facultad Regional Buenos Aires,2026-05-26,,1,,1
95929,56309,38855677,Sebastián,Rodríguez,M,2007-08-03,Argentina,2020,13,0,,1,2020.0,Tecnicatura Universitaria En Programación,Pregrado,3,,Facultad Regional Buenos Aires,2026-05-26,,1,,1
96079,97738,38881146,Nicolás,Vargas,M,2005-06-29,Argentina,2024,19,0,,1,2024.0,Tecnicatura Universitaria En Programación,Pregrado,3,,Facultad Regional Buenos Aires,2026-05-26,,1,,1
96085,121112,38882552,Sergio,Lima,M,2004-01-23,Paraguaya,2021,17,0,,1,2021.0,Tecnicatura Universitaria En Programación,Pregrado,3,,Facultad Regional Buenos Aires,2026-05-26,,1,,1
96111,29109,38885754,Santiago,Rojas,M,2003-10-19,Argentina,2020,17,0,,1,2020.0,Ingeniería Aeronáutica,Grado,5,,Facultad Regional Buenos Aires,2026-05-26,,1,,1
96126,8335,38887740,Claudio,Suárez,M,2007-02-09,Argentina,2024,17,0,,1,2024.0,Tecnicatura Universitaria En Programación,Pregrado,3,,Facultad Regional Buenos Aires,2026-05-26,,1,,1
96135,127540,38889862,Ezequiel Ezequiel,Herrera,M,2007-07-24,Argentina,2020,13,0,,1,2020.0,Ingeniería Electrónica,Grado,5,,Facultad Regional Buenos Aires,2026-05-26,,1,,1
96159,5180,38893801,Fernando,Suárez,M,2007-07-07,Argentina,2024,17,0,,1,2024.0,Tecnicatura Universitaria En Programación,Pregrado,3,,Facultad Regional Buenos Aires,2026-05-26,,1,,1
96176,29310,38896700,Luciana,Sánchez,F,1996-08-31,Argentina,2021,25,0,,1,2021.0,Tecnicatura Universitaria En Programación,Pregrado,3,,Facultad Regional Buenos Aires,2026-05-26,,1,,1
96184,21441,38898546,Martín,Huanca,M,2002-04-16,Paraguaya,2020,18,0,,1,2020.0,Ingeniería Eléctrica,Grado,5,,Facultad Regional Buenos Aires,2026-05-26,,1,,1
96208,19436,38903990,Ignacio,Pérez,M,2004-11-23,Argentina,2020,16,0,,1,2020.0,Ingeniería Electrónica,Grado,5,,Facultad Regional Buenos Aires,2026-05-26,,1,,1
96218,118627,38905337,Hernán,Moreno,M,2002-01-01,Argentina,2020,18,0,,1,2020.0,Tecnicatura Universitaria En Programación,Pregrado,3,,Facultad Regional Buenos Aires,2026-05-26,,1,,1
96223,10811,38906087,Gastón,Peralta,M,2007-09-17,Argentina,2020,13,0,,1,2020.0,Ingeniería Mecánica,Grado,5,,Facultad Regional Buenos Aires,2026-05-26,,1,,1
96331,106921,38929120,Matías,Moreno,M,2003-04-12,Argentina,2020,17,0,,1,2020.0,Tecnicatura Universitaria En Programación,Pregrado,3,,Facultad Regional Buenos Aires,2026-05-26,,1,,1
96365,82019,38935876,Pablo,Rodríguez,M,2005-01-03,Argentina,2020,15,0,,1,2020.0,Ingeniería Mecánica,Grado,5,,Facultad Regional Buenos Aires,2026-05-26,,1,,1
96423,30218,38947711,Noelia,Mendoza,F,2003-11-03,Argentina,2020,17,0,,1,2020.0,Tecnicatura Universitaria En Programación,Pregrado,3,,Facultad Regional Buenos Aires,2026-05-26,,1,,1
96487,31798,38962452,Claudio,Díaz,M,1995-02-13,Argentina,2020,25,0,,1,2020.0,Ingeniería Mecánica,Grado,5,,Facultad Regional Buenos Aires,2026-05-26,,1,,1
96519,4549,38968381,Damián,Peralta,M,1999-08-20,Argentina,2020,21,0,,1,2020.0,Ingeniería Mecánica,Grado,5,,Facultad Regional Buenos Aires,2026-05-26,,1,,1
96553,114814,38973786,Ramiro,Flores,M,2007-01-18,Argentina,2024,17,0,,1,2024.0,Tecnicatura Universitaria En Programación,Pregrado,3,,Facultad Regional Buenos Aires,2026-05-26,,1,,1
96571,80431,38976951,Ignacio,López,M,1999-02-06,Argentina,2020,21,0,,1,2020.0,Tecnicatura Universitaria En Programación,Pregrado,3,,Facultad Regional Buenos Aires,2026-05-26,,1,,1
96597,89402,38984059,Rodrigo,Peralta,M,2002-08-03,Argentina,2020,18,0,,1,2020.0,Ingeniería Eléctrica,Grado,5,,Facultad Regional Buenos Aires,2026-05-26,,1,,1
96608,2444,38987756,Alejandro,Ledesma,M,2000-09-09,Argentina,2020,20,0,,1,2020.0,Ingeniería Electrónica,Grado,5,,Facultad Regional Buenos Aires,2026-05-26,,1,,1
96611,126072,38988032,Pablo,Pérez,M,2005-03-13,Argentina,2024,19,0,,1,2024.0,Tecnicatura Universitaria En Programación,Pregrado,3,,Facultad Regional Buenos Aires,2026-05-26,,1,,1
96618,106852,38989303,Pablo,Ramírez,M,2004-02-20,Argentina,2024,20,0,,1,2024.0,Tecnicatura Universitaria En Programación,Pregrado,3,,Facultad Regional Buenos Aires,2026-05-26,,1,,1
96631,83165,38991883,Federico,Gómez,M,2007-06-04,Argentina,2020,13,0,,1,2020.0,Tecnicatura Universitaria En Programación,Pregrado,3,,Facultad Regional Buenos Aires,2026-05-26,,1,,1
96718,100952,39012978,Santiago,Romero,M,2005-10-17,Argentina,2020,15,0,,1,2020.0,Ingeniería Electrónica,Grado,5,,Facultad Regional Buenos Aires,2026-05-26,,1,,1
96757,3777,39019749,Tomás,Ledesma,M,2005-12-05,Argentina,2020,15,0,,1,2020.0,Ingeniería Aeronáutica,Grado,5,,Facultad Regional Buenos Aires,2026-05-26,,1,,1
96817,126291,39031431,Maximiliano,Pérez,M,2001-01-29,Argentina,2024,23,0,,1,2024.0,Tecnicatura Universitaria En Programación,Pregrado,3,,Facultad Regional Buenos Aires,2026-05-26,,1,,1
96822,129674,39032692,Claudio,Medina,M,2004-03-11,Argentina,2021,17,0,,1,2021.0,Tecnicatura Universitaria En Programación,Pregrado,3,,Facultad Regional Buenos Aires,2026-05-26,,1,,1
96922,137,39052902,Facundo,Ojeda,M,2007-06-18,Argentina,2020,13,0,,1,2020.0,Tecnicatura Universitaria En Programación,Pregrado,3,,Facultad Regional Buenos Aires,2026-05-26,,1,,1
96959,46379,39061235,Ramiro,Cruz,M,2000-02-02,Argentina,2020,20,0,,1,2020.0,Ingeniería Electrónica,Grado,5,,Facultad Regional Buenos Aires,2026-05-26,,1,,1
97001,112480,39068753,Rodrigo,Pereira,M,2006-02-06,Boliviana,2020,14,0,,1,2020.0,Tecnicatura Universitaria En Programación,Pregrado,3,,Facultad Regional Buenos Aires,2026-05-26,,1,,1
97043,122702,39079082,Paola,Apaza,F,2002-12-03,Peruana,2020,18,0,,1,2020.0,Ingeniería Química,Grado,5,,Facultad Regional Buenos Aires,2026-05-26,,1,,1
97054,20731,39080889,Agustín,Rojas,M,2005-08-09,Argentina,2021,16,0,,1,2021.0,Tecnicatura Universitaria En Programación,Pregrado,3,,Facultad Regional Buenos Aires,2026-05-26,,1,,1
97113,40523,39090467,Noelia,Condori,F,2005-07-22,Paraguaya,2024,19,0,,1,2024.0,Tecnicatura Universitaria En Programación,Pregrado,3,,Facultad Regional Buenos Aires,2026-05-26,,1,,1
97128,84594,39094084,Gastón,Morales,M,2002-10-05,Argentina,2024,22,0,,1,2024.0,Tecnicatura Universitaria En Programación,Pregrado,3,,Facultad Regional Buenos Aires,2026-05-26,,1,,1
97160,61549,39101530,Pablo,Villalba,M,1999-09-19,Peruana,2020,21,0,,1,2020.0,Tecnicatura Universitaria En Programación,Pregrado,3,,Facultad Regional Buenos Aires,2026-05-26,,1,,1
97205,104253,39110396,Tomás,Álvarez,M,2003-01-12,Argentina,2024,21,0,,1,2024.0,Tecnicatura Universitaria En Programación,Pregrado,3,,Facultad Regional Buenos Aires,2026-05-26,,1,,1
97216,48770,39111496,Gonzalo,Martínez,M,2004-01-04,Argentina,2020,16,0,,1,2020.0,Ingeniería Electrónica,Grado,5,,Facultad Regional Buenos Aires,2026-05-26,,1,,1
97293,117408,39126515,Sergio,Medina,M,2002-09-27,Argentina,2020,18,0,,1,2020.0,Ingeniería Eléctrica,Grado,5,,Facultad Regional Buenos Aires,2026-05-26,,1,,1
97335,70750,39133474,Paola,Vera,F,2003-04-04,Argentina,2024,21,0,,1,2024.0,Tecnicatura Universitaria En Programación,Pregrado,3,,Facultad Regional Buenos Aires,2026-05-26,,1,,1
97390,110700,39144473,Ignacio,Castro,M,2000-10-26,Argentina,2021,21,0,,1,2021.0,Tecnicatura Universitaria En Programación,Pregrado,3,,Facultad Regional Buenos Aires,2026-05-26,,1,,1
97439,128668,39153456,Noelia,Peralta,F,2007-11-27,Argentina,2020,13,0,,1,2020.0,Ingeniería Química,Grado,5,,Facultad Regional Buenos Aires,2026-05-26,,1,,1
97477,17793,39160929,Iván,Pérez,M,2002-02-28,Argentina,2021,19,0,,1,2021.0,Tecnicatura Universitaria En Programación,Pregrado,3,,Facultad Regional Buenos Aires,2026-05-26,,1,,1
97526,15681,39169624,Mariana,Álvarez,F,1997-02-26,Argentina,2024,27,0,,1,2024.0,Tecnicatura Universitaria En Programación,Pregrado,3,,Facultad Regional Buenos Aires,2026-05-26,,1,,1
97578,42062,39178572,Julián,Vega,M,2001-02-08,Argentina,2020,19,0,,1,2020.0,Ingeniería Electrónica,Grado,5,,Facultad Regional Buenos Aires,2026-05-26,,1,,1
97605,44405,39184158,Silvina,Núñez,F,2004-09-09,Argentina,2020,16,0,,1,2020.0,Ingeniería Aeronáutica,Grado,5,,Facultad Regional Buenos Aires,2026-05-26,,1,,1
97627,110789,39188194,Micaela,Ríos,F,2003-07-18,Argentina,2020,17,0,,1,2020.0,Ingeniería Electrónica,Grado,5,,Facultad Regional Buenos Aires,2026-05-26,,1,,1
97722,58214,39207209,Ramiro,Lima,M,1999-02-21,Uruguaya,2020,21,0,,1,2020.0,Ingeniería Mecánica,Grado,5,,Facultad Regional Buenos Aires,2026-05-26,,1,,1
97725,102704,39207461,Ignacio,Peralta,M,2004-05-07,Argentina,2020,16,0,,1,2020.0,Ingeniería Mecánica,Grado,5,,Facultad Regional Buenos Aires,2026-05-26,,1,,1
97787,42326,39223093,Cristian,Moreno,M,2002-12-21,Argentina,2024,22,0,,1,2024.0,Tecnicatura Universitaria En Programación,Pregrado,3,,Facultad Regional Buenos Aires,2026-05-26,,1,,1
97823,83605,39230738,Laura,Romero,F,2002-10-28,Argentina,2024,22,0,,1,2024.0,Tecnicatura Universitaria En Programación,Pregrado,3,,Facultad Regional Buenos Aires,2026-05-26,,1,,1
97849,74470,39236478,Lucas,Ojeda,M,2003-01-28,Argentina,2020,17,0,,1,2020.0,Ingeniería Mecánica,Grado,5,,Facultad Regional Buenos Aires,2026-05-26,,1,,1
97902,112635,39249213,Florencia,Flores,F,2002-06-04,Argentina,2024,22,0,,1,2024.0,Tecnicatura Universitaria En Programación,Pregrado,3,,Facultad Regional Buenos Aires,2026-05-26,,1,,1
97955,17821,39260207,Mariana,Oliveira,F,2002-01-01,Boliviana,2024,22,0,,1,2024.0,Tecnicatura Universitaria En Programación,Pregrado,3,,Facultad Regional Buenos Aires,2026-05-26,,1,,1
98209,73240,39309653,Gastón,Ramos,M,2001-08-05,Argentina,2020,19,0,,1,2020.0,Ingeniería Mecánica,Grado,5,,Facultad Regional Buenos Aires,2026-05-26,,1,,1
98232,12599,39313842,Cecilia,Reyes,F,2006-01-25,Argentina,2020,14,0,,1,2020.0,Ingeniería Electrónica,Grado,5,,Facultad Regional Buenos Aires,2026-05-26,,1,,1
98348,60504,39337404,Sergio,Sánchez,M,2002-09-21,Argentina,2020,18,0,,1,2020.0,Ingeniería Aeronáutica,Grado,5,,Facultad Regional Buenos Aires,2026-05-26,,1,,1
98384,96259,39345348,Hernán,Carrizo,M,1999-11-07,Argentina,2020,21,0,,1,2020.0,Ingeniería Electrónica,Grado,5,,Facultad Regional Buenos Aires,2026-05-26,,1,,1
98407,15978,39351316,Lucas,Ledesma,M,2001-07-22,Argentina,2020,19,0,,1,2020.0,Ingeniería Electrónica,Grado,5,,Facultad Regional Buenos Aires,2026-05-26,,1,,1
98470,66692,39362643,Jimena,González,F,1996-11-04,Argentina,2020,24,0,,1,2020.0,Ingeniería Química,Grado,5,,Facultad Regional Buenos Aires,2026-05-26,,1,,1
98556,65631,39379942,Ramiro,Rodríguez,M,2002-09-02,Argentina,2024,22,0,,1,2024.0,Tecnicatura Universitaria En Programación,Pregrado,3,,Facultad Regional Buenos Aires,2026-05-26,,1,,1
98718,65230,39413822,Iván,Ramos,M,2004-09-08,Argentina,2020,16,0,,1,2020.0,Ingeniería Electrónica,Grado,5,,Facultad Regional Buenos Aires,2026-05-26,,1,,1
98771,66532,39424096,Damián,Herrera,M,2002-02-19,Argentina,2020,18,0,,1,2020.0,Tecnicatura Universitaria En Programación,Pregrado,3,,Facultad Regional Buenos Aires,2026-05-26,,1,,1
98884,38733,39444945,Leandro,Fuentes,M,2001-02-19,Uruguaya,2020,19,0,,1,2020.0,Ingeniería Mecánica,Grado,5,,Facultad Regional Buenos Aires,2026-05-26,,1,,1
98940,22864,39454252,Emilio,Suárez,M,2003-12-21,Argentina,2020,17,0,,1,2020.0,Tecnicatura Universitaria En Programación,Pregrado,3,,Facultad Regional Buenos Aires,2026-05-26,,1,,1
98963,9722,39459001,Sabrina,Flores,F,2007-04-04,Argentina,2020,13,0,,1,2020.0,Tecnicatura Universitaria En Programación,Pregrado,3,,Facultad Regional Buenos Aires,2026-05-26,,1,,1
98975,20570,39461752,Sebastián,Medina,M,2004-09-26,Argentina,2024,20,0,,1,2024.0,Tecnicatura Universitaria En Programación,Pregrado,3,,Facultad Regional Buenos Aires,2026-05-26,,1,,1
99096,46835,39486008,Claudio,Medina,M,2005-06-21,Argentina,2024,19,0,,1,2024.0,Tecnicatura Universitaria En Programación,Pregrado,3,,Facultad Regional Buenos Aires,2026-05-26,,1,,1
99108,66253,39489417,Ezequiel,Mendoza,M,2003-09-14,Argentina,2020,17,0,,1,2020.0,Ingeniería Mecánica,Grado,5,,Facultad Regional Buenos Aires,2026-05-26,,1,,1
99153,30365,39499571,Diego,Martínez,M,1996-03-08,Argentina,2020,24,0,,1,2020.0,Ingeniería Eléctrica,Grado,5,,Facultad Regional Buenos Aires,2026-05-26,,1,,1
99200,129044,39511584,Ramiro,Suárez,M,2001-04-28,Argentina,2024,23,0,,1,2024.0,Tecnicatura Universitaria En Programación,Pregrado,3,,Facultad Regional Buenos Aires,2026-05-26,,1,,1
99420,88625,39547119,Federico,Acosta,M,2006-05-13,Argentina,2021,15,0,,1,2021.0,Tecnicatura Universitaria En Programación,Pregrado,3,,Facultad Regional Buenos Aires,2026-05-26,,1,,1
99435,102943,39549716,Ramiro,Medina,M,2004-10-15,Argentina,2020,16,0,,1,2020.0,Ingeniería Aeronáutica,Grado,5,,Facultad Regional Buenos Aires,2026-05-26,,1,,1
99448,47737,39551888,Andrea,Cruz,F,2005-05-27,Argentina,2020,15,0,,1,2020.0,Ingeniería Química,Grado,5,,Facultad Regional Buenos Aires,2026-05-26,,1,,1
99520,18111,39565816,Nicolás,Sánchez,M,2004-03-17,Argentina,2020,16,0,,1,2020.0,Ingeniería Aeronáutica,Grado,5,,Facultad Regional Buenos Aires,2026-05-26,,1,,1
99557,42736,39574152,Alejandra,Ruiz,F,2001-08-28,Argentina,2020,19,0,,1,2020.0,Ingeniería Química,Grado,5,,Facultad Regional Buenos Aires,2026-05-26,,1,,1
99584,6834,39581057,Silvina,Muñoz,F,2007-12-31,Paraguaya,2020,13,0,,1,2020.0,Ingeniería Eléctrica,Grado,5,,Facultad Regional Buenos Aires,2026-05-26,,1,,1
99641,5993,39592935,Iván,Vega,M,2007-01-20,Argentina,2020,13,0,,1,2020.0,Tecnicatura Universitaria En Programación,Pregrado,3,,Facultad Regional Buenos Aires,2026-05-26,,1,,1
99667,102178,39598092,Paola,Núñez,F,2006-03-26,Argentina,2020,14,0,,1,2020.0,Ingeniería Mecánica,Grado,5,,Facultad Regional Buenos Aires,2026-05-26,,1,,1
99672,97148,39598960,Diego,Torres,M,2002-01-15,Argentina,2020,18,0,,1,2020.0,Ingeniería Electrónica,Grado,5,,Facultad Regional Buenos Aires,2026-05-26,,1,,1
99694,63789,39603467,Nicolás,Quispe,M,2008-01-03,Colombiana,2020,12,0,,1,2020.0,Ingeniería Eléctrica,Grado,5,,Facultad Regional Buenos Aires,2026-05-26,,1,,1
99742,18605,39612876,Alejandro,Suárez,M,2002-01-16,Argentina,2024,22,0,,1,2024.0,Tecnicatura Universitaria En Programación,Pregrado,3,,Facultad Regional Buenos Aires,2026-05-26,,1,,1
99798,107647,39622761,Sofía,Molina,F,2005-11-06,Argentina,2020,15,0,,1,2020.0,Ingeniería Química,Grado,5,,Facultad Regional Buenos Aires,2026-05-26,,1,,1
99857,48912,39635572,Lucas,Pereira,M,2004-05-01,Brasileña,2024,20,0,,1,2024.0,Tecnicatura Universitaria En Programación,Pregrado,3,,Facultad Regional Buenos Aires,2026-05-26,,1,,1
99878,125969,39639141,Patricia,Vera,F,2005-07-30,Argentina,2020,15,0,,1,2020.0,Ingeniería Eléctrica,Grado,5,,Facultad Regional Buenos Aires,2026-05-26,,1,,1
99889,115612,39640672,Alejandra,Flores,F,2006-02-01,Argentina,2024,18,0,,1,2024.0,Tecnicatura Universitaria En Programación,Pregrado,3,,Facultad Regional Buenos Aires,2026-05-26,,1,,1
100025,126665,39666731,Mariana,López,F,2003-06-23,Argentina,2020,17,0,,1,2020.0,Ingeniería Química,Grado,5,,Facultad Regional Buenos Aires,2026-05-26,,1,,1
100050,72395,39671965,Pablo,López,M,2004-10-27,Argentina,2021,17,0,,1,2021.0,Tecnicatura Universitaria En Programación,Pregrado,3,,Facultad Regional Buenos Aires,2026-05-26,,1,,1
100085,31700,39677421,Tomás,Álvarez,M,2000-07-29,Argentina,2024,24,0,,1,2024.0,Tecnicatura Universitaria En Programación,Pregrado,3,,Facultad Regional Buenos Aires,2026-05-26,,1,,1
100118,80146,39683192,Claudio,Vargas,M,2004-05-07,Argentina,2021,17,0,,1,2021.0,Tecnicatura Universitaria En Programación,Pregrado,3,,Facultad Regional Buenos Aires,2026-05-26,,1,,1
100147,59071,39689727,Alejandro,Castro,M,2002-10-28,Argentina,2024,22,0,,1,2024.0,Tecnicatura Universitaria En Programación,Pregrado,3,,Facultad Regional Buenos Aires,2026-05-26,,1,,1
100264,122914,39712257,Iván,Rodríguez,M,2003-05-12,Argentina,2020,17,0,,1,2020.0,Tecnicatura Universitaria En Programación,Pregrado,3,,Facultad Regional Buenos Aires,2026-05-26,,1,,1
100272,106475,39713990,Ignacio,Ríos,M,2003-04-16,Argentina,2020,17,0,,1,2020.0,Ingeniería Aeronáutica,Grado,5,,Facultad Regional Buenos Aires,2026-05-26,,1,,1
100286,18352,39718210,Alejandro,Peralta,M,2000-08-19,Argentina,2020,20,0,,1,2020.0,Ingeniería Eléctrica,Grado,5,,Facultad Regional Buenos Aires,2026-05-26,,1,,1
100294,79422,39719355,Iván Iván,Ojeda,M,2005-03-10,Argentina,2020,15,0,,1,2020.0,Ingeniería Electrónica,Grado,5,,Facultad Regional Buenos Aires,2026-05-26,,1,,1
100302,63084,39721370,Federico,Molina,M,2001-08-29,Argentina,2024,23,0,,1,2024.0,Tecnicatura Universitaria En Programación,Pregrado,3,,Facultad Regional Buenos Aires,2026-05-26,,1,,1
100313,28809,39723585,Hernán,Medina,M,2007-12-01,Argentina,2020,13,0,,1,2020.0,Tecnicatura Universitaria En Programación,Pregrado,3,,Facultad Regional Buenos Aires,2026-05-26,,1,,1
100319,49764,39726737,Mariela,Vera,F,2007-04-12,Argentina,2020,13,0,,1,2020.0,Ingeniería Química,Grado,5,,Facultad Regional Buenos Aires,2026-05-26,,1,,1
100326,79438,39728397,Julián,Reyes,M,2004-09-24,Argentina,2020,16,0,,1,2020.0,Ingeniería Eléctrica,Grado,5,,Facultad Regional Buenos Aires,2026-05-26,,1,,1
100349,10132,39732853,Martín,Pérez,M,2003-04-28,Argentina,2020,17,0,,1,2020.0,Ingeniería Aeronáutica,Grado,5,,Facultad Regional Buenos Aires,2026-05-26,,1,,1
100485,21797,39761482,Jimena,Martínez,F,1999-05-24,Argentina,2020,21,0,,1,2020.0,Tecnicatura Universitaria En Programación,Pregrado,3,,Facultad Regional Buenos Aires,2026-05-26,,1,,1
100486,51716,39761772,Julián,Herrera,M,2003-10-08,Argentina,2020,17,0,,1,2020.0,Ingeniería Mecánica,Grado,5,,Facultad Regional Buenos Aires,2026-05-26,,1,,1
100524,97441,39769060,Leandro,Vera,M,2002-12-17,Argentina,2020,18,0,,1,2020.0,Tecnicatura Universitaria En Programación,Pregrado,3,,Facultad Regional Buenos Aires,2026-05-26,,1,,1
100541,107227,39773130,Leandro,Flores,M,2005-05-26,Argentina,2020,15,0,,1,2020.0,Tecnicatura Universitaria En Programación,Pregrado,3,,Facultad Regional Buenos Aires,2026-05-26,,1,,1
100583,111712,39781912,Tomás,Santos,M,2007-08-09,Brasileña,2020,13,0,,1,2020.0,Ingeniería Electrónica,Grado,5,,Facultad Regional Buenos Aires,2026-05-26,,1,,1
100612,115975,39786835,Gonzalo,Díaz,M,2001-07-18,Argentina,2020,19,0,,1,2020.0,Tecnicatura Universitaria En Programación,Pregrado,3,,Facultad Regional Buenos Aires,2026-05-26,,1,,1
100616,13589,39787861,Ezequiel,Santos,M,2004-06-05,Uruguaya,2020,16,0,,1,2020.0,Tecnicatura Universitaria En Programación,Pregrado,3,,Facultad Regional Buenos Aires,2026-05-26,,1,,1
100621,126197,39788282,Santiago,Fernández,M,2005-06-10,Argentina,2020,15,0,,1,2020.0,Ingeniería Eléctrica,Grado,5,,Facultad Regional Buenos Aires,2026-05-26,,1,,1
100640,90466,39791895,Andrea,Martínez,F,2004-12-28,Argentina,2020,16,0,,1,2020.0,Ingeniería Química,Grado,5,,Facultad Regional Buenos Aires,2026-05-26,,1,,1
100669,88229,39798268,Hernán,Vera,M,2001-12-13,Argentina,2024,23,0,,1,2024.0,Tecnicatura Universitaria En Programación,Pregrado,3,,Facultad Regional Buenos Aires,2026-05-26,,1,,1
100692,5577,39803007,Cristian Cristian,Álvarez,M,2006-11-03,Argentina,2024,18,0,,1,2024.0,Tecnicatura Universitaria En Programación,Pregrado,3,,Facultad Regional Buenos Aires,2026-05-26,,1,,1
100776,42748,39819651,Agustín,Núñez,M,2003-11-08,Argentina,2024,21,0,,1,2024.0,Tecnicatura Universitaria En Programación,Pregrado,3,,Facultad Regional Buenos Aires,2026-05-26,,1,,1
100817,95312,39825106,Valentina,Apaza,F,2007-09-24,No especificado,2020,13,0,,1,2020.0,Tecnicatura Universitaria En Programación,Pregrado,3,,Facultad Regional Buenos Aires,2026-05-26,,1,,1
100869,28189,39838012,Gonzalo,Bogado,M,2007-07-10,Venezolana,2020,13,0,,1,2020.0,Ingeniería Eléctrica,Grado,5,,Facultad Regional Buenos Aires,2026-05-26,,1,,1
100935,3686,39851109,Damián,Molina,M,2004-03-29,Argentina,2020,16,0,,1,2020.0,Ingeniería Mecánica,Grado,5,,Facultad Regional Buenos Aires,2026-05-26,,1,,1
101030,46261,39870967,Fernando,Ríos,M,2002-06-26,Argentina,2020,18,0,,1,2020.0,Ingeniería Química,Grado,5,,Facultad Regional Buenos Aires,2026-05-26,,1,,1
101037,14933,39872736,Claudio,Ramírez,M,2002-01-06,Argentina,2020,18,0,,1,2020.0,Ingeniería Eléctrica,Grado,5,,Facultad Regional Buenos Aires,2026-05-26,,1,,1
101127,79132,39890862,Verónica,Rojas,F,2000-03-08,Argentina,2020,20,0,,1,2020.0,Ingeniería Química,Grado,5,,Facultad Regional Buenos Aires,2026-05-26,,1,,1
101228,32531,39909656,Alejandro,Álvarez,M,2006-03-16,Argentina,2020,14,0,,1,2020.0,Ingeniería Química,Grado,5,,Facultad Regional Buenos Aires,2026-05-26,,1,,1
101291,42398,39921788,Emilio,Cruz,M,2003-07-03,Argentina,2020,17,0,,1,2020.0,Ingeniería Química,Grado,5,,Facultad Regional Buenos Aires,2026-05-26,,1,,1
101293,109285,39922153,Federico,Peralta,M,2005-05-24,Argentina,2024,19,0,,1,2024.0,Tecnicatura Universitaria En Programación,Pregrado,3,,Facultad Regional Buenos Aires,2026-05-26,,1,,1
101356,109051,39937380,Sergio,Sánchez,M,2003-03-16,Argentina,2020,17,0,,1,2020.0,Ingeniería Aeronáutica,Grado,5,,Facultad Regional Buenos Aires,2026-05-26,,1,,1
101359,32279,39938151,Verónica,Vega,F,1997-04-09,Argentina,2024,27,0,,1,2024.0,Tecnicatura Universitaria En Programación,Pregrado,3,,Facultad Regional Buenos Aires,2026-05-26,,1,,1
101417,61644,39951546,Martín,Villalba,M,2003-07-28,Colombiana,2020,17,0,,1,2020.0,Ingeniería Mecánica,Grado,5,,Facultad Regional Buenos Aires,2026-05-26,,1,,1
101497,45128,39969257,Tomás,Ramos,M,2004-05-07,Argentina,2021,17,0,,1,2021.0,Tecnicatura Universitaria En Programación,Pregrado,3,,Facultad Regional Buenos Aires,2026-05-26,,1,,1
101523,11763,39974572,Nicolás,Huanca,M,1998-08-18,Chilena,2020,22,0,,1,2020.0,Tecnicatura Universitaria En Programación,Pregrado,3,,Facultad Regional Buenos Aires,2026-05-26,,1,,1
101540,9383,39978473,Natalia,Acosta,F,2004-10-11,Argentina,2020,16,0,,1,2020.0,Ingeniería Química,Grado,5,,Facultad Regional Buenos Aires,2026-05-26,,1,,1
101603,88318,39989233,Gastón,Moreno,M,2001-10-16,No especificado,2020,19,0,,1,2020.0,Ingeniería Mecánica,Grado,5,,Facultad Regional Buenos Aires,2026-05-26,,1,,1
101757,35364,40019880,Santiago,Díaz,M,2001-12-03,Argentina,2020,19,0,,1,2020.0,Tecnicatura Universitaria En Programación,Pregrado,3,,Facultad Regional Buenos Aires,2026-05-26,,1,,1
101797,78432,40029259,Gonzalo,Díaz,M,2001-12-27,Venezolana,2020,19,0,,1,2020.0,Tecnicatura Universitaria En Programación,Pregrado,3,,Facultad Regional Buenos Aires,2026-05-26,,1,,1
101824,46362,40034611,Diego,Cabrera,M,2002-09-11,Argentina,2020,18,0,,1,2020.0,Ingeniería Electrónica,Grado,5,,Facultad Regional Buenos Aires,2026-05-26,,1,,1
101850,23677,40041255,Diego,Ramos,M,2001-06-11,Argentina,2020,19,0,,1,2020.0,Ingeniería Aeronáutica,Grado,5,,Facultad Regional Buenos Aires,2026-05-26,,1,,1
101914,119417,40052898,Ezequiel,Álvarez,M,2006-08-27,No especificado,2020,14,0,,1,2020.0,Ingeniería Eléctrica,Grado,5,,Facultad Regional Buenos Aires,2026-05-26,,1,,1
101953,124660,40058353,Cristian,Acosta,M,2007-01-01,Argentina,2020,13,0,,1,2020.0,Ingeniería Electrónica,Grado,5,,Facultad Regional Buenos Aires,2026-05-26,,1,,1
101997,58738,40067239,Iván,Ojeda,M,2000-03-06,Argentina,2021,21,0,,1,2021.0,Tecnicatura Universitaria En Programación,Pregrado,3,,Facultad Regional Buenos Aires,2026-05-26,,1,,1
102010,89883,40069124,Matías,Souza,M,2006-09-08,Chilena,2024,18,0,,1,2024.0,Tecnicatura Universitaria En Programación,Pregrado,3,,Facultad Regional Buenos Aires,2026-05-26,,1,,1
102052,84989,40081528,Gastón,Carrizo,M,2004-11-25,Argentina,2024,20,0,,1,2024.0,Tecnicatura Universitaria En Programación,Pregrado,3,,Facultad Regional Buenos Aires,2026-05-26,,1,,1
102079,66845,40086574,Hernán,Moreno,M,2001-01-03,Argentina,2021,20,0,,1,2021.0,Tecnicatura Universitaria En Programación,Pregrado,3,,Facultad Regional Buenos Aires,2026-05-26,,1,,1
102109,75131,40092854,Gabriela,Vargas,F,1999-03-30,Argentina,2024,25,0,,1,2024.0,Tecnicatura Universitaria En Programación,Pregrado,3,,Facultad Regional Buenos Aires,2026-05-26,,1,,1
102112,86257,40093489,Santiago,Cabrera,M,2007-04-12,Argentina,2020,13,0,,1,2020.0,Ingeniería Eléctrica,Grado,5,,Facultad Regional Buenos Aires,2026-05-26,,1,,1
102181,94240,40111151,Ramiro,Benítez,M,2007-06-02,Venezolana,2020,13,0,,1,2020.0,Ingeniería Electrónica,Grado,5,,Facultad Regional Buenos Aires,2026-05-26,,1,,1
102207,106044,40116476,Maximiliano,Díaz,M,2001-01-15,Argentina,2020,19,0,,1,2020.0,Ingeniería Eléctrica,Grado,5,,Facultad Regional Buenos Aires,2026-05-26,,1,,1
102260,13765,40125316,Pablo,Reyes,M,2000-07-16,Argentina,2024,24,0,,1,2024.0,Tecnicatura Universitaria En Programación,Pregrado,3,,Facultad Regional Buenos Aires,2026-05-26,,1,,1
102290,92685,40131179,Cristian,Rojas,M,2006-03-07,Argentina,2024,18,0,,1,2024.0,Tecnicatura Universitaria En Programación,Pregrado,3,,Facultad Regional Buenos Aires,2026-05-26,,1,,1
102313,25149,40137251,Gonzalo,Reyes,M,2002-07-21,Argentina,2020,18,0,,1,2020.0,Ingeniería Electrónica,Grado,5,,Facultad Regional Buenos Aires,2026-05-26,,1,,1
102433,14038,40162522,Maximiliano,Rodríguez,M,2003-11-30,Argentina,2020,17,0,,1,2020.0,Ingeniería Mecánica,Grado,5,,Facultad Regional Buenos Aires,2026-05-26,,1,,1
102450,57820,40165922,Verónica,Martínez,F,1999-06-03,Argentina,2020,21,0,,1,2020.0,Ingeniería Mecánica,Grado,5,,Facultad Regional Buenos Aires,2026-05-26,,1,,1
102470,85592,40169044,Damián,Ojeda,M,2003-06-17,Argentina,2024,21,0,,1,2024.0,Tecnicatura Universitaria En Programación,Pregrado,3,,Facultad Regional Buenos Aires,2026-05-26,,1,,1
102490,57357,40172323,Alejandra,López,F,2003-11-23,Argentina,2024,21,0,,1,2024.0,Tecnicatura Universitaria En Programación,Pregrado,3,,Facultad Regional Buenos Aires,2026-05-26,,1,,1
102563,46056,40186184,Martín Martín,Molina,M,2001-04-25,Argentina,2024,23,0,,1,2024.0,Tecnicatura Universitaria En Programación,Pregrado,3,,Facultad Regional Buenos Aires,2026-05-26,,1,,1
102583,124674,40189895,Federico,Pérez,M,1999-09-18,Argentina,2020,21,0,,1,2020.0,Ingeniería Electrónica,Grado,5,,Facultad Regional Buenos Aires,2026-05-26,,1,,1
102598,77826,40192876,Tomás,Villalba,M,2003-03-14,Boliviana,2020,17,0,,1,2020.0,Tecnicatura Universitaria En Programación,Pregrado,3,,Facultad Regional Buenos Aires,2026-05-26,,1,,1
102635,67584,40201227,Matías,Núñez,M,2006-07-19,Argentina,2020,14,0,,1,2020.0,Ingeniería Mecánica,Grado,5,,Facultad Regional Buenos Aires,2026-05-26,,1,,1
102647,26193,40203309,Federico,Flores,M,2003-03-06,Argentina,2021,18,0,,1,2021.0,Tecnicatura Universitaria En Programación,Pregrado,3,,Facultad Regional Buenos Aires,2026-05-26,,1,,1
102683,19786,40210348,Damián,Flores,M,2006-03-03,Argentina,2020,14,0,,1,2020.0,Ingeniería Eléctrica,Grado,5,,Facultad Regional Buenos Aires,2026-05-26,,1,,1
102718,12673,40215375,Cristian,Mamani,M,2003-12-19,Peruana,2024,21,0,,1,2024.0,Tecnicatura Universitaria En Programación,Pregrado,3,,Facultad Regional Buenos Aires,2026-05-26,,1,,1
102758,59818,40223578,Sebastián,Vera,M,2006-12-14,Argentina,2020,14,0,,1,2020.0,Tecnicatura Universitaria En Programación,Pregrado,3,,Facultad Regional Buenos Aires,2026-05-26,,1,,1
102893,61683,40248003,Lucas,Martínez,M,2007-08-19,Argentina,2020,13,0,,1,2020.0,Ingeniería Mecánica,Grado,5,,Facultad Regional Buenos Aires,2026-05-26,,1,,1
103001,325,40268651,Emilio,Morales,M,2002-10-04,Argentina,2020,18,0,,1,2020.0,Ingeniería Eléctrica,Grado,5,,Facultad Regional Buenos Aires,2026-05-26,,1,,1
103108,22416,40292555,Diego,González,M,2001-12-15,Argentina,2020,19,0,,1,2020.0,Ingeniería Mecánica,Grado,5,,Facultad Regional Buenos Aires,2026-05-26,,1,,1
103114,36255,40293419,Sabrina,Ledesma,F,2004-12-14,Argentina,2020,16,0,,1,2020.0,Ingeniería Mecánica,Grado,5,,Facultad Regional Buenos Aires,2026-05-26,,1,,1
103127,28638,40296551,Facundo,Romero,M,2005-10-08,Argentina,2020,15,0,,1,2020.0,Ingeniería Mecánica,Grado,5,,Facultad Regional Buenos Aires,2026-05-26,,1,,1
103186,92783,40306846,Alejandro,López,M,2006-09-12,Argentina,2024,18,0,,1,2024.0,Tecnicatura Universitaria En Programación,Pregrado,3,,Facultad Regional Buenos Aires,2026-05-26,,1,,1
103188,22326,40307009,Fernando,Díaz,M,2004-07-19,Argentina,2020,16,0,,1,2020.0,Tecnicatura Universitaria En Programación,Pregrado,3,,Facultad Regional Buenos Aires,2026-05-26,,1,,1
103193,69164,40307695,Diego,Carrizo,M,1999-01-30,Argentina,2024,25,0,,1,2024.0,Tecnicatura Universitaria En Programación,Pregrado,3,,Facultad Regional Buenos Aires,2026-05-26,,1,,1
103377,128598,40346275,Ezequiel,Cabrera,M,2005-03-27,Argentina,2020,15,0,,1,2020.0,Tecnicatura Universitaria En Programación,Pregrado,3,,Facultad Regional Buenos Aires,2026-05-26,,1,,1
103419,14488,40353924,Paola,Vera,F,2007-08-25,Argentina,2021,14,0,,1,2021.0,Tecnicatura Universitaria En Programación,Pregrado,3,,Facultad Regional Buenos Aires,2026-05-26,,1,,1
103535,118264,40376557,Paola,Morales,F,2003-04-12,Argentina,2020,17,0,,1,2020.0,Ingeniería Aeronáutica,Grado,5,,Facultad Regional Buenos Aires,2026-05-26,,1,,1
103596,19203,40388258,Pablo,Pérez,M,1998-09-20,Argentina,2020,22,0,,1,2020.0,Ingeniería Mecánica,Grado,5,,Facultad Regional Buenos Aires,2026-05-26,,1,,1
103696,82311,40409269,Maximiliano,Carrizo,M,2007-10-03,Argentina,2020,13,0,,1,2020.0,Ingeniería Aeronáutica,Grado,5,,Facultad Regional Buenos Aires,2026-05-26,,1,,1
103716,7491,40414542,Silvina,López,F,2002-12-09,Argentina,2024,22,0,,1,2024.0,Tecnicatura Universitaria En Programación,Pregrado,3,,Facultad Regional Buenos Aires,2026-05-26,,1,,1
103717,75830,40414688,Iván,Herrera,M,2003-11-03,Argentina,2020,17,0,,1,2020.0,Ingeniería Electrónica,Grado,5,,Facultad Regional Buenos Aires,2026-05-26,,1,,1
103766,1846,40424777,Pablo,Rodríguez,M,2003-05-16,Argentina,2020,17,0,,1,2020.0,Ingeniería Aeronáutica,Grado,5,,Facultad Regional Buenos Aires,2026-05-26,,1,,1
103783,21309,40428454,Patricia,Vega,F,2002-12-29,Argentina,2020,18,0,,1,2020.0,Ingeniería Eléctrica,Grado,5,,Facultad Regional Buenos Aires,2026-05-26,,1,,1
103792,126426,40431094,Pablo,Reyes,M,2007-04-14,Argentina,2024,17,0,,1,2024.0,Tecnicatura Universitaria En Programación,Pregrado,3,,Facultad Regional Buenos Aires,2026-05-26,,1,,1
103833,8829,40440070,Lucas,Cabrera,M,2002-06-24,Argentina,2020,18,0,,1,2020.0,Ingeniería Aeronáutica,Grado,5,,Facultad Regional Buenos Aires,2026-05-26,,1,,1
103876,122764,40447896,Rodrigo,Medina,M,2004-11-16,Argentina,2024,20,0,,1,2024.0,Tecnicatura Universitaria En Programación,Pregrado,3,,Facultad Regional Buenos Aires,2026-05-26,,1,,1
103881,54238,40449220,Lucas,Díaz,M,2002-06-09,Argentina,2020,18,0,,1,2020.0,Ingeniería Aeronáutica,Grado,5,,Facultad Regional Buenos Aires,2026-05-26,,1,,1
103922,5598,40459145,Matías,Rodríguez,M,2007-04-22,Argentina,2024,17,0,,1,2024.0,Tecnicatura Universitaria En Programación,Pregrado,3,,Facultad Regional Buenos Aires,2026-05-26,,1,,1
103933,31273,40461566,Sebastián,Mamani,M,2002-09-18,Colombiana,2024,22,0,,1,2024.0,Tecnicatura Universitaria En Programación,Pregrado,3,,Facultad Regional Buenos Aires,2026-05-26,,1,,1
103952,105409,40465933,Maximiliano,Fernández,M,2003-09-12,Argentina,2020,17,0,,1,2020.0,Ingeniería Aeronáutica,Grado,5,,Facultad Regional Buenos Aires,2026-05-26,,1,,1
103955,119355,40466011,Federico,Morales,M,2001-04-20,Argentina,2020,19,0,,1,2020.0,Ingeniería Aeronáutica,Grado,5,,Facultad Regional Buenos Aires,2026-05-26,,1,,1
104009,27778,40478448,Lucas,Martínez,M,2007-11-12,Argentina,2020,13,0,,1,2020.0,Ingeniería Mecánica,Grado,5,,Facultad Regional Buenos Aires,2026-05-26,,1,,1
104143,34957,40505075,Diego,Medina,M,2001-07-27,Argentina,2024,23,0,,1,2024.0,Tecnicatura Universitaria En Programación,Pregrado,3,,Facultad Regional Buenos Aires,2026-05-26,,1,,1
104198,27734,40517135,Paola Paola,Núñez,F,2007-04-03,Argentina,2020,13,0,,1,2020.0,Ingeniería Mecánica,Grado,5,,Facultad Regional Buenos Aires,2026-05-26,,1,,1
104237,18312,40524949,Iván,Martínez,M,1999-02-18,Argentina,2020,21,0,,1,2020.0,Ingeniería Electrónica,Grado,5,,Facultad Regional Buenos Aires,2026-05-26,,1,,1
104262,10207,40529528,Matías,Pereira,M,2005-11-18,Chilena,2020,15,0,,1,2020.0,Ingeniería Electrónica,Grado,5,,Facultad Regional Buenos Aires,2026-05-26,,1,,1
104295,103331,40535767,Patricia,Ruiz,F,2004-02-05,Argentina,2020,16,0,,1,2020.0,Ingeniería Eléctrica,Grado,5,,Facultad Regional Buenos Aires,2026-05-26,,1,,1
104314,121320,40541492,Ignacio,Rojas,M,2003-09-20,Argentina,2024,21,0,,1,2024.0,Tecnicatura Universitaria En Programación,Pregrado,3,,Facultad Regional Buenos Aires,2026-05-26,,1,,1
104431,92212,40563115,Jimena,Cabrera,F,2006-04-28,Argentina,2020,14,0,,1,2020.0,Ingeniería Eléctrica,Grado,5,,Facultad Regional Buenos Aires,2026-05-26,,1,,1
104563,48875,40585487,Cristian Cristian,Ledesma,M,2003-04-11,Argentina,2020,17,0,,1,2020.0,Ingeniería Química,Grado,5,,Facultad Regional Buenos Aires,2026-05-26,,1,,1
104596,68443,40590515,Claudio,Castro,M,2000-01-01,Argentina,2020,20,0,,1,2020.0,Ingeniería Eléctrica,Grado,5,,Facultad Regional Buenos Aires,2026-05-26,,1,,1
104644,9584,40599744,Agustín,Martínez,M,2001-02-19,Argentina,2020,19,0,,1,2020.0,Tecnicatura Universitaria En Programación,Pregrado,3,,Facultad Regional Buenos Aires,2026-05-26,,1,,1
104703,75952,40612939,Ignacio,Herrera,M,2000-12-13,Argentina,2024,24,0,,1,2024.0,Tecnicatura Universitaria En Programación,Pregrado,3,,Facultad Regional Buenos Aires,2026-05-26,,1,,1
104755,112340,40622756,Patricia,Ledesma,F,2004-05-01,Argentina,2024,20,0,,1,2024.0,Tecnicatura Universitaria En Programación,Pregrado,3,,Facultad Regional Buenos Aires,2026-05-26,,1,,1
104795,93790,40630547,Sergio,Moreno,M,2003-05-26,Argentina,2024,21,0,,1,2024.0,Tecnicatura Universitaria En Programación,Pregrado,3,,Facultad Regional Buenos Aires,2026-05-26,,1,,1
104797,9123,40631042,Agustín,Ramos,M,1998-01-01,Argentina,2020,22,0,,1,2020.0,Ingeniería Aeronáutica,Grado,5,,Facultad Regional Buenos Aires,2026-05-26,,1,,1
104869,26447,40643528,Verónica,Apaza,F,2006-09-12,Peruana,2020,14,0,,1,2020.0,Ingeniería Mecánica,Grado,5,,Facultad Regional Buenos Aires,2026-05-26,,1,,1
104954,35952,40655076,Ezequiel,Gómez,M,2007-09-05,Argentina,2020,13,0,,1,2020.0,Ingeniería Química,Grado,5,,Facultad Regional Buenos Aires,2026-05-26,,1,,1
104979,80377,40658809,Facundo,Álvarez,M,2005-09-15,Argentina,2020,15,0,,1,2020.0,Tecnicatura Universitaria En Programación,Pregrado,3,,Facultad Regional Buenos Aires,2026-05-26,,1,,1
105074,48493,40677472,Damián,Silva,M,2003-02-15,Peruana,2024,21,0,,1,2024.0,Tecnicatura Universitaria En Programación,Pregrado,3,,Facultad Regional Buenos Aires,2026-05-26,,1,,1
105117,62915,40687243,Sabrina,Rojas,F,2000-11-11,Argentina,2020,20,0,,1,2020.0,Ingeniería Mecánica,Grado,5,,Facultad Regional Buenos Aires,2026-05-26,,1,,1
105120,113442,40687394,Verónica,Cabrera,F,2001-07-19,Argentina,2020,19,0,,1,2020.0,Ingeniería Aeronáutica,Grado,5,,Facultad Regional Buenos Aires,2026-05-26,,1,,1
105133,25018,40690614,Damián,Molina,M,1999-03-06,Argentina,2024,25,0,,1,2024.0,Tecnicatura Universitaria En Programación,Pregrado,3,,Facultad Regional Buenos Aires,2026-05-26,,1,,1
105141,8762,40691770,Andrea,Mendoza,F,2002-12-21,Argentina,2020,18,0,,1,2020.0,Ingeniería Mecánica,Grado,5,,Facultad Regional Buenos Aires,2026-05-26,,1,,1
105174,41169,40697319,Hernán,Herrera,M,2005-11-22,Argentina,2021,16,0,,1,2021.0,Tecnicatura Universitaria En Programación,Pregrado,3,,Facultad Regional Buenos Aires,2026-05-26,,1,,1
105203,65569,40702089,Patricia,Suárez,F,2000-07-27,Argentina,2020,20,0,,1,2020.0,Ingeniería Aeronáutica,Grado,5,,Facultad Regional Buenos Aires,2026-05-26,,1,,1
105207,9021,40702895,Gabriela,Peralta,F,2007-12-03,Argentina,2020,13,0,,1,2020.0,Ingeniería Aeronáutica,Grado,5,,Facultad Regional Buenos Aires,2026-05-26,,1,,1
105209,28447,40702967,Cecilia,Vargas,F,2007-06-04,Argentina,2020,13,0,,1,2020.0,Ingeniería Química,Grado,5,,Facultad Regional Buenos Aires,2026-05-26,,1,,1
105212,117533,40704252,Santiago,Ojeda,M,2006-01-01,Argentina,2020,14,0,,1,2020.0,Ingeniería Mecánica,Grado,5,,Facultad Regional Buenos Aires,2026-05-26,,1,,1
105241,92002,40709206,Claudio,Santos,M,2002-08-22,Brasileña,2020,18,0,,1,2020.0,Ingeniería Química,Grado,5,,Facultad Regional Buenos Aires,2026-05-26,,1,,1
105250,125610,40710754,Sebastián,Villalba,M,1998-08-28,No especificado,2024,26,0,,1,2024.0,Tecnicatura Universitaria En Programación,Pregrado,3,,Facultad Regional Buenos Aires,2026-05-26,,1,,1
105425,125957,40747013,Ignacio,Villalba,M,2006-02-26,Boliviana,2024,18,0,,1,2024.0,Tecnicatura Universitaria En Programación,Pregrado,3,,Facultad Regional Buenos Aires,2026-05-26,,1,,1
105468,1522,40755105,Maximiliano,Santos,M,1999-08-19,Boliviana,2020,21,0,,1,2020.0,Ingeniería Eléctrica,Grado,5,,Facultad Regional Buenos Aires,2026-05-26,,1,,1
105490,43663,40759218,Ezequiel,Ledesma,M,2000-10-16,Argentina,2020,20,0,,1,2020.0,Ingeniería Eléctrica,Grado,5,,Facultad Regional Buenos Aires,2026-05-26,,1,,1
105507,79591,40763924,Julián,González,M,2001-04-05,Argentina,2024,23,0,,1,2024.0,Tecnicatura Universitaria En Programación,Pregrado,3,,Facultad Regional Buenos Aires,2026-05-26,,1,,1
105522,58317,40766246,Fernando,Álvarez,M,2006-08-03,Argentina,2020,14,0,,1,2020.0,Ingeniería Eléctrica,Grado,5,,Facultad Regional Buenos Aires,2026-05-26,,1,,1
105590,82496,40778854,Lucas,Quispe,M,2002-05-16,Peruana,2020,18,0,,1,2020.0,Ingeniería Electrónica,Grado,5,,Facultad Regional Buenos Aires,2026-05-26,,1,,1
105613,111489,40783572,Iván,Romero,M,2001-04-23,Argentina,2020,19,0,,1,2020.0,Ingeniería Mecánica,Grado,5,,Facultad Regional Buenos Aires,2026-05-26,,1,,1
105658,28358,40793646,Facundo,Ortega,M,2002-12-05,Argentina,2020,18,0,,1,2020.0,Ingeniería Química,Grado,5,,Facultad Regional Buenos Aires,2026-05-26,,1,,1
105678,14636,40798064,Ignacio,Ríos,M,2004-03-18,Argentina,2020,16,0,,1,2020.0,Ingeniería Eléctrica,Grado,5,,Facultad Regional Buenos Aires,2026-05-26,,1,,1
105710,100522,40803368,Verónica,Herrera,F,2000-12-02,Argentina,2020,20,0,,1,2020.0,Ingeniería Mecánica,Grado,5,,Facultad Regional Buenos Aires,2026-05-26,,1,,1
105772,104138,40814762,Rodrigo,Ramos,M,2001-07-02,Argentina,2020,19,0,,1,2020.0,Ingeniería Eléctrica,Grado,5,,Facultad Regional Buenos Aires,2026-05-26,,1,,1
105802,32125,40822273,Leandro,Mendoza,M,2005-09-12,Argentina,2021,16,0,,1,2021.0,Tecnicatura Universitaria En Programación,Pregrado,3,,Facultad Regional Buenos Aires,2026-05-26,,1,,1
105863,97101,40833731,Fernando,Santos,M,2007-02-25,Venezolana,2020,13,0,,1,2020.0,Ingeniería Eléctrica,Grado,5,,Facultad Regional Buenos Aires,2026-05-26,,1,,1
106027,21116,40862462,Julián,Martínez,M,2005-11-11,Argentina,2024,19,0,,1,2024.0,Tecnicatura Universitaria En Programación,Pregrado,3,,Facultad Regional Buenos Aires,2026-05-26,,1,,1
106069,83334,40869652,Julián Julián,Muñoz,M,2007-07-22,Peruana,2020,13,0,,1,2020.0,Tecnicatura Universitaria En Programación,Pregrado,3,,Facultad Regional Buenos Aires,2026-05-26,,1,,1
106070,108089,40869879,Leandro,Castro,M,2006-11-26,Argentina,2024,18,0,,1,2024.0,Tecnicatura Universitaria En Programación,Pregrado,3,,Facultad Regional Buenos Aires,2026-05-26,,1,,1
106095,84686,40875157,Federico,Ortega,M,1999-11-30,Argentina,2024,25,0,,1,2024.0,Tecnicatura Universitaria En Programación,Pregrado,3,,Facultad Regional Buenos Aires,2026-05-26,,1,,1
106238,116037,40903009,Damián,Ojeda,M,2002-12-12,Argentina,2020,18,0,,1,2020.0,Ingeniería Electrónica,Grado,5,,Facultad Regional Buenos Aires,2026-05-26,,1,,1
106259,89499,40906357,Gastón,Díaz,M,2003-02-11,Argentina,2020,17,0,,1,2020.0,Tecnicatura Universitaria En Programación,Pregrado,3,,Facultad Regional Buenos Aires,2026-05-26,,1,,1
106291,15591,40912048,Romina,Romero,F,2003-05-17,Argentina,2024,21,0,,1,2024.0,Tecnicatura Universitaria En Programación,Pregrado,3,,Facultad Regional Buenos Aires,2026-05-26,,1,,1
106292,75022,40912149,Jimena,Flores,F,2003-07-25,Argentina,2020,17,0,,1,2020.0,Ingeniería Química,Grado,5,,Facultad Regional Buenos Aires,2026-05-26,,1,,1
106330,51452,40918843,Ignacio,Oliveira,M,2007-04-18,Paraguaya,2024,17,0,,1,2024.0,Tecnicatura Universitaria En Programación,Pregrado,3,,Facultad Regional Buenos Aires,2026-05-26,,1,,1
106438,23073,40940885,Soledad,Herrera,F,2006-02-19,Argentina,2020,14,0,,1,2020.0,Ingeniería Aeronáutica,Grado,5,,Facultad Regional Buenos Aires,2026-05-26,,1,,1
106449,84290,40942035,Martín,Morales,M,2007-02-22,Argentina,2020,13,0,,1,2020.0,Ingeniería Electrónica,Grado,5,,Facultad Regional Buenos Aires,2026-05-26,,1,,1
106503,115955,40952532,Martín,Ríos,M,2005-10-06,Argentina,2020,15,0,,1,2020.0,Ingeniería Electrónica,Grado,5,,Facultad Regional Buenos Aires,2026-05-26,,1,,1
106548,98075,40957988,Ramiro,Ruiz,M,2006-07-25,Argentina,2020,14,0,,1,2020.0,Ingeniería Electrónica,Grado,5,,Facultad Regional Buenos Aires,2026-05-26,,1,,1
106576,80606,40963311,Laura,Morales,F,2004-03-29,Argentina,2020,16,0,,1,2020.0,Ingeniería Electrónica,Grado,5,,Facultad Regional Buenos Aires,2026-05-26,,1,,1
106643,74990,40976709,Daniela,Molina,F,2006-10-12,Argentina,2024,18,0,,1,2024.0,Tecnicatura Universitaria En Programación,Pregrado,3,,Facultad Regional Buenos Aires,2026-05-26,,1,,1
106653,118596,40978936,Rodrigo,Ortega,M,2002-06-30,Argentina,2020,18,0,,1,2020.0,Ingeniería Electrónica,Grado,5,,Facultad Regional Buenos Aires,2026-05-26,,1,,1
106656,129917,40979208,Natalia,Suárez,F,2003-05-30,Argentina,2020,17,0,,1,2020.0,Ingeniería Química,Grado,5,,Facultad Regional Buenos Aires,2026-05-26,,1,,1
106685,86166,40983089,Agustín,Martínez,M,2005-05-11,Argentina,2020,15,0,,1,2020.0,Ingeniería Aeronáutica,Grado,5,,Facultad Regional Buenos Aires,2026-05-26,,1,,1
106695,79498,40985442,Gonzalo,Peralta,M,2001-01-24,Argentina,2020,19,0,,1,2020.0,Ingeniería Aeronáutica,Grado,5,,Facultad Regional Buenos Aires,2026-05-26,,1,,1
106756,68355,40998715,Paola,Reyes,F,1999-02-26,Argentina,2024,25,0,,1,2024.0,Tecnicatura Universitaria En Programación,Pregrado,3,,Facultad Regional Buenos Aires,2026-05-26,,1,,1
106787,57103,41004804,Andrea,Ortega,F,2003-04-22,Argentina,2021,18,0,,1,2021.0,Tecnicatura Universitaria En Programación,Pregrado,3,,Facultad Regional Buenos Aires,2026-05-26,,1,,1
106825,80876,41013830,Florencia,Condori,F,2001-01-27,Brasileña,2020,19,0,,1,2020.0,Ingeniería Química,Grado,5,,Facultad Regional Buenos Aires,2026-05-26,,1,,1
106835,86765,41015206,Agustín,García,M,2006-01-09,Argentina,2020,14,0,,1,2020.0,Ingeniería Mecánica,Grado,5,,Facultad Regional Buenos Aires,2026-05-26,,1,,1
106919,36049,41029828,Facundo,Mendoza,M,2005-10-28,Argentina,2024,19,0,,1,2024.0,Tecnicatura Universitaria En Programación,Pregrado,3,,Facultad Regional Buenos Aires,2026-05-26,,1,,1
106959,48400,41037072,Pablo,Vega,M,2007-08-26,Argentina,2024,17,0,,1,2024.0,Tecnicatura Universitaria En Programación,Pregrado,3,,Facultad Regional Buenos Aires,2026-05-26,,1,,1
107030,49481,41054707,Natalia,Ríos,F,2007-01-07,Argentina,2024,17,0,,1,2024.0,Tecnicatura Universitaria En Programación,Pregrado,3,,Facultad Regional Buenos Aires,2026-05-26,,1,,1
107049,58341,41058198,Diego,Álvarez,M,2006-12-31,Argentina,2020,14,0,,1,2020.0,Ingeniería Aeronáutica,Grado,5,,Facultad Regional Buenos Aires,2026-05-26,,1,,1
107144,12645,41073367,Maximiliano,Ortega,M,2003-01-29,Argentina,2024,21,0,,1,2024.0,Tecnicatura Universitaria En Programación,Pregrado,3,,Facultad Regional Buenos Aires,2026-05-26,,1,,1
107182,38014,41080350,Tomás,Castro,M,2006-02-23,Argentina,2024,18,0,,1,2024.0,Tecnicatura Universitaria En Programación,Pregrado,3,,Facultad Regional Buenos Aires,2026-05-26,,1,,1
107184,113719,41080623,Maximiliano,Torres,M,2004-02-05,Argentina,2020,16,0,,1,2020.0,Ingeniería Electrónica,Grado,5,,Facultad Regional Buenos Aires,2026-05-26,,1,,1
107212,24900,41086365,Lucas,Cabrera,M,2004-06-10,Argentina,2024,20,0,,1,2024.0,Tecnicatura Universitaria En Programación,Pregrado,3,,Facultad Regional Buenos Aires,2026-05-26,,1,,1
107316,19643,41105689,Carolina,Cabrera,F,2004-09-27,Argentina,2020,16,0,,1,2020.0,Ingeniería Eléctrica,Grado,5,,Facultad Regional Buenos Aires,2026-05-26,,1,,1
107379,98669,41118115,Hernán,García,M,2005-06-09,Argentina,2020,15,0,,1,2020.0,Ingeniería Mecánica,Grado,5,,Facultad Regional Buenos Aires,2026-05-26,,1,,1
107385,68694,41119404,Lucas,Peralta,M,2003-05-23,Argentina,2020,17,0,,1,2020.0,Ingeniería Mecánica,Grado,5,,Facultad Regional Buenos Aires,2026-05-26,,1,,1
107479,121067,41136942,Ezequiel,Giménez,M,2006-02-04,Brasileña,2021,15,0,,1,2021.0,Tecnicatura Universitaria En Programación,Pregrado,3,,Facultad Regional Buenos Aires,2026-05-26,,1,,1
107497,88779,41139874,Gastón,Pérez,M,2008-01-04,Argentina,2024,16,0,,1,2024.0,Tecnicatura Universitaria En Programación,Pregrado,3,,Facultad Regional Buenos Aires,2026-05-26,,1,,1
107655,18147,41170754,Gastón,Sánchez,M,2004-08-02,Argentina,2024,20,0,,1,2024.0,Tecnicatura Universitaria En Programación,Pregrado,3,,Facultad Regional Buenos Aires,2026-05-26,,1,,1
107668,51415,41172959,Ezequiel,Lima,M,2001-01-11,Venezolana,2020,19,0,,1,2020.0,Ingeniería Mecánica,Grado,5,,Facultad Regional Buenos Aires,2026-05-26,,1,,1
107669,5852,41173471,Emilio,González,M,2005-09-07,Argentina,2024,19,0,,1,2024.0,Tecnicatura Universitaria En Programación,Pregrado,3,,Facultad Regional Buenos Aires,2026-05-26,,1,,1
107670,21946,41173640,Fernando,Gómez,M,2002-05-18,Argentina,2024,22,0,,1,2024.0,Tecnicatura Universitaria En Programación,Pregrado,3,,Facultad Regional Buenos Aires,2026-05-26,,1,,1
107680,35007,41174916,Agustín,Ramos,M,2002-03-26,No especificado,2024,22,0,,1,2024.0,Tecnicatura Universitaria En Programación,Pregrado,3,,Facultad Regional Buenos Aires,2026-05-26,,1,,1
107681,26824,41174934,Iván,Vega,M,2004-01-01,Argentina,2024,20,0,,1,2024.0,Tecnicatura Universitaria En Programación,Pregrado,3,,Facultad Regional Buenos Aires,2026-05-26,,1,,1
107683,96126,41175049,Gastón,Rodríguez,M,2002-03-08,Argentina,2020,18,0,,1,2020.0,Ingeniería Mecánica,Grado,5,,Facultad Regional Buenos Aires,2026-05-26,,1,,1
107687,48255,41175539,Carolina,Huanca,F,2007-09-13,Uruguaya,2021,14,0,,1,2021.0,Tecnicatura Universitaria En Programación,Pregrado,3,,Facultad Regional Buenos Aires,2026-05-26,,1,,1
107710,87571,41182087,Leandro,Sánchez,M,1999-07-02,Argentina,2020,21,0,,1,2020.0,Ingeniería Eléctrica,Grado,5,,Facultad Regional Buenos Aires,2026-05-26,,1,,1
107768,57575,41193013,Ramiro,Ramírez,M,2004-07-02,Argentina,2024,20,0,,1,2024.0,Tecnicatura Universitaria En Programación,Pregrado,3,,Facultad Regional Buenos Aires,2026-05-26,,1,,1
107803,125987,41199304,Maximiliano,Moreno,M,2001-10-23,Argentina,2024,23,0,,1,2024.0,Tecnicatura Universitaria En Programación,Pregrado,3,,Facultad Regional Buenos Aires,2026-05-26,,1,,1
107973,50816,41232037,Federico,Suárez,M,2003-11-07,Argentina,2020,17,0,,1,2020.0,Ingeniería Mecánica,Grado,5,,Facultad Regional Buenos Aires,2026-05-26,,1,,1
107989,47991,41235449,Lucas,González,M,2005-10-27,Argentina,2024,19,0,,1,2024.0,Tecnicatura Universitaria En Programación,Pregrado,3,,Facultad Regional Buenos Aires,2026-05-26,,1,,1
107999,11657,41237041,Hernán,Lima,M,2002-06-10,Boliviana,2024,22,0,,1,2024.0,Tecnicatura Universitaria En Programación,Pregrado,3,,Facultad Regional Buenos Aires,2026-05-26,,1,,1
108066,41450,41249493,Mariela,Morales,F,2004-05-12,Argentina,2020,16,0,,1,2020.0,Ingeniería Aeronáutica,Grado,5,,Facultad Regional Buenos Aires,2026-05-26,,1,,1
108148,60256,41267553,Lucas,Romero,M,2006-04-27,Argentina,2024,18,0,,1,2024.0,Tecnicatura Universitaria En Programación,Pregrado,3,,Facultad Regional Buenos Aires,2026-05-26,,1,,1
108188,108522,41272504,Patricia,Fernández,F,2003-09-09,Argentina,2024,21,0,,1,2024.0,Tecnicatura Universitaria En Programación,Pregrado,3,,Facultad Regional Buenos Aires,2026-05-26,,1,,1
108299,2272,41293706,Romina,Pérez,F,2007-01-28,Argentina,2024,17,0,,1,2024.0,Tecnicatura Universitaria En Programación,Pregrado,3,,Facultad Regional Buenos Aires,2026-05-26,,1,,1
108320,80516,41297088,Gonzalo,Ramírez,M,2003-10-03,Argentina,2020,17,0,,1,2020.0,Ingeniería Eléctrica,Grado,5,,Facultad Regional Buenos Aires,2026-05-26,,1,,1
108375,46767,41307080,Julián,Vargas,M,2002-04-12,Argentina,2020,18,0,,1,2020.0,Ingeniería Eléctrica,Grado,5,,Facultad Regional Buenos Aires,2026-05-26,,1,,1
108413,55819,41314345,Gastón,Martínez,M,2004-06-19,Argentina,2024,20,0,,1,2024.0,Tecnicatura Universitaria En Programación,Pregrado,3,,Facultad Regional Buenos Aires,2026-05-26,,1,,1
108527,114391,41336740,Leandro,Cruz,M,2002-07-17,Argentina,2020,18,0,,1,2020.0,Tecnicatura Universitaria En Programación,Pregrado,3,,Facultad Regional Buenos Aires,2026-05-26,,1,,1
108588,60753,41350588,Soledad,Medina,F,2007-12-18,Argentina,2020,13,0,,1,2020.0,Ingeniería Química,Grado,5,,Facultad Regional Buenos Aires,2026-05-26,,1,,1
108619,110585,41357665,Santiago,Quispe,M,2000-10-07,Venezolana,2020,20,0,,1,2020.0,Ingeniería Química,Grado,5,,Facultad Regional Buenos Aires,2026-05-26,,1,,1
108635,30123,41360431,Lucas,Cabrera,M,2001-04-24,Argentina,2020,19,0,,1,2020.0,Ingeniería Mecánica,Grado,5,,Facultad Regional Buenos Aires,2026-05-26,,1,,1
108694,13458,41373741,Julián,Ruiz,M,2004-09-16,Argentina,2024,20,0,,1,2024.0,Tecnicatura Universitaria En Programación,Pregrado,3,,Facultad Regional Buenos Aires,2026-05-26,,1,,1
108700,86039,41375650,Pablo,Pérez,M,2001-11-04,Argentina,2020,19,0,,1,2020.0,Tecnicatura Universitaria En Programación,Pregrado,3,,Facultad Regional Buenos Aires,2026-05-26,,1,,1
108723,88883,41381861,Facundo,Martínez,M,2006-01-03,Argentina,2020,14,0,,1,2020.0,Ingeniería Mecánica,Grado,5,,Facultad Regional Buenos Aires,2026-05-26,,1,,1
108749,11076,41386401,Ignacio,Ruiz,M,2007-03-09,Argentina,2020,13,0,,1,2020.0,Ingeniería Mecánica,Grado,5,,Facultad Regional Buenos Aires,2026-05-26,,1,,1
108774,57411,41391240,Sergio,Ríos,M,2004-08-08,Argentina,2020,16,0,,1,2020.0,Ingeniería Aeronáutica,Grado,5,,Facultad Regional Buenos Aires,2026-05-26,,1,,1
108858,38650,41404652,Ezequiel,Vega,M,2002-12-12,Argentina,2020,18,0,,1,2020.0,Ingeniería Electrónica,Grado,5,,Facultad Regional Buenos Aires,2026-05-26,,1,,1
108877,100176,41407632,Ramiro Ramiro,Ojeda,M,2003-09-23,Argentina,2020,17,0,,1,2020.0,Ingeniería Química,Grado,5,,Facultad Regional Buenos Aires,2026-05-26,,1,,1
108924,30304,41414616,Iván,Suárez,M,2002-02-10,Argentina,2020,18,0,,1,2020.0,Tecnicatura Universitaria En Programación,Pregrado,3,,Facultad Regional Buenos Aires,2026-05-26,,1,,1
108951,101966,41419614,Gastón,Flores,M,2001-11-15,Argentina,2024,23,0,,1,2024.0,Tecnicatura Universitaria En Programación,Pregrado,3,,Facultad Regional Buenos Aires,2026-05-26,,1,,1
109017,75530,41432224,Lucas,Santos,M,2006-07-06,Brasileña,2020,14,0,,1,2020.0,Ingeniería Electrónica,Grado,5,,Facultad Regional Buenos Aires,2026-05-26,,1,,1
109228,68318,41470728,Iván,Cruz,M,1999-08-13,Argentina,2020,21,0,,1,2020.0,Ingeniería Eléctrica,Grado,5,,Facultad Regional Buenos Aires,2026-05-26,,1,,1
109262,102100,41477854,Alejandro,Rodríguez,M,2005-09-01,Argentina,2020,15,0,,1,2020.0,Ingeniería Química,Grado,5,,Facultad Regional Buenos Aires,2026-05-26,,1,,1
109279,77591,41480915,Ignacio,Reyes,M,2007-08-21,Argentina,2020,13,0,,1,2020.0,Ingeniería Eléctrica,Grado,5,,Facultad Regional Buenos Aires,2026-05-26,,1,,1
109284,70774,41482637,Maximiliano,Díaz,M,2007-07-24,Peruana,2024,17,0,,1,2024.0,Tecnicatura Universitaria En Programación,Pregrado,3,,Facultad Regional Buenos Aires,2026-05-26,,1,,1
109310,90570,41487982,Maximiliano,Castro,M,2006-05-20,Argentina,2020,14,0,,1,2020.0,Ingeniería Mecánica,Grado,5,,Facultad Regional Buenos Aires,2026-05-26,,1,,1
109323,42231,41491347,Julián,Cabrera,M,2004-08-29,Argentina,2020,16,0,,1,2020.0,Ingeniería Electrónica,Grado,5,,Facultad Regional Buenos Aires,2026-05-26,,1,,1
109357,23626,41496484,Nicolás,Gómez,M,2007-08-25,Argentina,2024,17,0,,1,2024.0,Tecnicatura Universitaria En Programación,Pregrado,3,,Facultad Regional Buenos Aires,2026-05-26,,1,,1
109456,94176,41514480,Ignacio,Cruz,M,2004-01-01,Argentina,2020,16,0,,1,2020.0,Tecnicatura Universitaria En Programación,Pregrado,3,,Facultad Regional Buenos Aires,2026-05-26,,1,,1
109485,23863,41519453,Julián,Bogado,M,2002-07-04,Uruguaya,2021,19,0,,1,2021.0,Tecnicatura Universitaria En Programación,Pregrado,3,,Facultad Regional Buenos Aires,2026-05-26,,1,,1
109514,104627,41526762,Lucas,Rodríguez,M,2001-09-28,Argentina,2020,19,0,,1,2020.0,Ingeniería Mecánica,Grado,5,,Facultad Regional Buenos Aires,2026-05-26,,1,,1
109537,28602,41533390,Facundo Facundo,Flores,M,2006-07-05,Argentina,2021,15,0,,1,2021.0,Tecnicatura Universitaria En Programación,Pregrado,3,,Facultad Regional Buenos Aires,2026-05-26,,1,,1
109547,68227,41535253,Sebastián,Suárez,M,2002-11-13,Argentina,2020,18,0,,1,2020.0,Tecnicatura Universitaria En Programación,Pregrado,3,,Facultad Regional Buenos Aires,2026-05-26,,1,,1
109570,121542,41540135,Nicolás,Reyes,M,2007-06-23,Argentina,2020,13,0,,1,2020.0,Ingeniería Electrónica,Grado,5,,Facultad Regional Buenos Aires,2026-05-26,,1,,1
109625,85813,41549978,Fernando Fernando,Ramírez,M,2001-06-28,Argentina,2020,19,0,,1,2020.0,Ingeniería Mecánica,Grado,5,,Facultad Regional Buenos Aires,2026-05-26,,1,,1
109666,110984,41557334,Emilio,Giménez,M,2002-11-17,Chilena,2020,18,0,,1,2020.0,Ingeniería Electrónica,Grado,5,,Facultad Regional Buenos Aires,2026-05-26,,1,,1
109702,24167,41563237,Sebastián,Mamani,M,2003-03-16,Chilena,2021,18,0,,1,2021.0,Tecnicatura Universitaria En Programación,Pregrado,3,,Facultad Regional Buenos Aires,2026-05-26,,1,,1
109789,115401,41579262,Sabrina,Díaz,F,2007-06-11,Argentina,2024,17,0,,1,2024.0,Tecnicatura Universitaria En Programación,Pregrado,3,,Facultad Regional Buenos Aires,2026-05-26,,1,,1
109820,26751,41586803,Cecilia,Martínez,F,2001-07-18,Argentina,2024,23,0,,1,2024.0,Tecnicatura Universitaria En Programación,Pregrado,3,,Facultad Regional Buenos Aires,2026-05-26,,1,,1
109852,126859,41593253,Carolina,Ramírez,F,2001-10-12,Argentina,2020,19,0,,1,2020.0,Ingeniería Química,Grado,5,,Facultad Regional Buenos Aires,2026-05-26,,1,,1
109855,14850,41593982,Mariana,Mendoza,F,2001-01-30,Argentina,2024,23,0,,1,2024.0,Tecnicatura Universitaria En Programación,Pregrado,3,,Facultad Regional Buenos Aires,2026-05-26,,1,,1
109913,52437,41604412,Leandro,Ramos,M,2005-03-22,Argentina,2020,15,0,,1,2020.0,Ingeniería Mecánica,Grado,5,,Facultad Regional Buenos Aires,2026-05-26,,1,,1
109952,22238,41613408,Sergio,Flores,M,2002-01-16,Argentina,2021,19,0,,1,2021.0,Tecnicatura Universitaria En Programación,Pregrado,3,,Facultad Regional Buenos Aires,2026-05-26,,1,,1
109959,13288,41614490,Ramiro,Santos,M,2001-10-28,Boliviana,2020,19,0,,1,2020.0,Ingeniería Aeronáutica,Grado,5,,Facultad Regional Buenos Aires,2026-05-26,,1,,1
109984,35827,41618846,Leandro,Martínez,M,2004-11-02,Argentina,2024,20,0,,1,2024.0,Tecnicatura Universitaria En Programación,Pregrado,3,,Facultad Regional Buenos Aires,2026-05-26,,1,,1
109988,14446,41619096,Pablo,Carrizo,M,2002-01-01,Argentina,2020,18,0,,1,2020.0,Ingeniería Electrónica,Grado,5,,Facultad Regional Buenos Aires,2026-05-26,,1,,1
110129,23259,41645268,Florencia,Peralta,F,2007-12-22,No especificado,2020,13,0,,1,2020.0,Ingeniería Mecánica,Grado,5,,Facultad Regional Buenos Aires,2026-05-26,,1,,1
110169,12093,41652792,Ignacio,Cruz,M,2003-09-07,Argentina,2020,17,0,,1,2020.0,Ingeniería Química,Grado,5,,Facultad Regional Buenos Aires,2026-05-26,,1,,1
110182,85199,41654727,Silvina,Villalba,F,2006-03-08,Chilena,2020,14,0,,1,2020.0,Ingeniería Aeronáutica,Grado,5,,Facultad Regional Buenos Aires,2026-05-26,,1,,1
110239,70005,41665196,Cecilia,Molina,F,2004-01-01,Argentina,2020,16,0,,1,2020.0,Ingeniería Química,Grado,5,,Facultad Regional Buenos Aires,2026-05-26,,1,,1
110251,70942,41667156,Iván,Rodríguez,M,2002-11-05,Argentina,2020,18,0,,1,2020.0,Ingeniería Electrónica,Grado,5,,Facultad Regional Buenos Aires,2026-05-26,,1,,1
110364,125590,41690980,Leandro,Vera,M,2004-01-25,Argentina,2020,16,0,,1,2020.0,Ingeniería Mecánica,Grado,5,,Facultad Regional Buenos Aires,2026-05-26,,1,,1
110366,90407,41691326,Julián,López,M,2005-06-05,Argentina,2024,19,0,,1,2024.0,Tecnicatura Universitaria En Programación,Pregrado,3,,Facultad Regional Buenos Aires,2026-05-26,,1,,1
110387,98203,41696578,Diego,Ojeda,M,2004-10-06,Argentina,2020,16,0,,1,2020.0,Ingeniería Electrónica,Grado,5,,Facultad Regional Buenos Aires,2026-05-26,,1,,1
110388,123942,41696675,Camila,Núñez,F,2007-12-05,Argentina,2020,13,0,,1,2020.0,Ingeniería Electrónica,Grado,5,,Facultad Regional Buenos Aires,2026-05-26,,1,,1
110410,34966,41700751,Ramiro,Ríos,M,2006-07-28,Argentina,2020,14,0,,1,2020.0,Ingeniería Aeronáutica,Grado,5,,Facultad Regional Buenos Aires,2026-05-26,,1,,1
110411,58381,41700813,Rodrigo,Reyes,M,2007-09-23,Argentina,2020,13,0,,1,2020.0,Ingeniería Eléctrica,Grado,5,,Facultad Regional Buenos Aires,2026-05-26,,1,,1
110628,46336,41747240,Cecilia,Rojas,F,2005-03-10,Argentina,2024,19,0,,1,2024.0,Tecnicatura Universitaria En Programación,Pregrado,3,,Facultad Regional Buenos Aires,2026-05-26,,1,,1
110716,96485,41764145,Damián,Díaz,M,2006-09-11,Argentina,2020,14,0,,1,2020.0,Ingeniería Mecánica,Grado,5,,Facultad Regional Buenos Aires,2026-05-26,,1,,1
110755,70615,41773094,Gonzalo,Mendoza,M,2003-08-07,Argentina,2020,17,0,,1,2020.0,Tecnicatura Universitaria En Programación,Pregrado,3,,Facultad Regional Buenos Aires,2026-05-26,,1,,1
110872,124292,41796991,Maximiliano,Núñez,M,2000-03-30,Argentina,2020,20,0,,1,2020.0,Ingeniería Aeronáutica,Grado,5,,Facultad Regional Buenos Aires,2026-05-26,,1,,1
110880,74919,41799517,Diego,Martínez,M,2006-04-19,Argentina,2020,14,0,,1,2020.0,Ingeniería Química,Grado,5,,Facultad Regional Buenos Aires,2026-05-26,,1,,1
110956,81086,41814843,Alejandro,Cruz,M,2006-04-28,No especificado,2020,14,0,,1,2020.0,Ingeniería Eléctrica,Grado,5,,Facultad Regional Buenos Aires,2026-05-26,,1,,1
111012,14244,41824117,Matías,Ramos,M,2002-02-15,Argentina,2020,18,0,,1,2020.0,Ingeniería Electrónica,Grado,5,,Facultad Regional Buenos Aires,2026-05-26,,1,,1
111031,39908,41829715,Pablo,Fernández,M,2006-07-02,Argentina,2024,18,0,,1,2024.0,Tecnicatura Universitaria En Programación,Pregrado,3,,Facultad Regional Buenos Aires,2026-05-26,,1,,1
111140,101534,41851937,Claudia,Silva,F,2000-04-03,Uruguaya,2024,24,0,,1,2024.0,Tecnicatura Universitaria En Programación,Pregrado,3,,Facultad Regional Buenos Aires,2026-05-26,,1,,1
111192,68240,41863576,Ramiro,Giménez,M,2006-05-06,Colombiana,2020,14,0,,1,2020.0,Tecnicatura Universitaria En Programación,Pregrado,3,,Facultad Regional Buenos Aires,2026-05-26,,1,,1
111232,27554,41871427,Laura,Vega,F,2001-04-10,Argentina,2020,19,0,,1,2020.0,Ingeniería Eléctrica,Grado,5,,Facultad Regional Buenos Aires,2026-05-26,,1,,1
111378,102402,41896853,Julián,Flores,M,2007-08-11,Argentina,2020,13,0,,1,2020.0,Ingeniería Electrónica,Grado,5,,Facultad Regional Buenos Aires,2026-05-26,,1,,1
111379,17182,41896902,Alejandro,Rojas,M,2005-06-25,Argentina,2020,15,0,,1,2020.0,Ingeniería Electrónica,Grado,5,,Facultad Regional Buenos Aires,2026-05-26,,1,,1
111410,119344,41902029,Lucas,Reyes,M,2000-04-03,Argentina,2020,20,0,,1,2020.0,Ingeniería Eléctrica,Grado,5,,Facultad Regional Buenos Aires,2026-05-26,,1,,1
111453,74252,41911651,Claudio,Ríos,M,2007-09-13,Argentina,2024,17,0,,1,2024.0,Tecnicatura Universitaria En Programación,Pregrado,3,,Facultad Regional Buenos Aires,2026-05-26,,1,,1
111550,93236,41931005,Sergio,Romero,M,2002-01-22,Argentina,2020,18,0,,1,2020.0,Ingeniería Aeronáutica,Grado,5,,Facultad Regional Buenos Aires,2026-05-26,,1,,1
111563,32947,41932841,Agustín,Martínez,M,2000-01-01,Argentina,2024,24,0,,1,2024.0,Tecnicatura Universitaria En Programación,Pregrado,3,,Facultad Regional Buenos Aires,2026-05-26,,1,,1
111671,84144,41952565,Hernán,Vargas,M,2000-08-16,Argentina,2020,20,0,,1,2020.0,Ingeniería Electrónica,Grado,5,,Facultad Regional Buenos Aires,2026-05-26,,1,,1
111752,9323,41965733,Tomás,Ramírez,M,2006-09-27,Argentina,2020,14,0,,1,2020.0,Ingeniería Mecánica,Grado,5,,Facultad Regional Buenos Aires,2026-05-26,,1,,1
111800,43705,41972674,Sergio,Gómez,M,2005-12-12,Argentina,2020,15,0,,1,2020.0,Ingeniería Aeronáutica,Grado,5,,Facultad Regional Buenos Aires,2026-05-26,,1,,1
111820,16847,41978319,Julián,Peralta,M,2003-06-04,Argentina,2021,18,0,,1,2021.0,Tecnicatura Universitaria En Programación,Pregrado,3,,Facultad Regional Buenos Aires,2026-05-26,,1,,1
111865,22998,41986368,Iván,Benítez,M,1999-12-24,Chilena,2020,21,0,,1,2020.0,Ingeniería Mecánica,Grado,5,,Facultad Regional Buenos Aires,2026-05-26,,1,,1
111896,106404,41991994,Sebastián,Martínez,M,2001-07-21,Argentina,2024,23,0,,1,2024.0,Tecnicatura Universitaria En Programación,Pregrado,3,,Facultad Regional Buenos Aires,2026-05-26,,1,,1
111919,115922,41995492,Iván,Álvarez,M,2005-11-06,Argentina,2020,15,0,,1,2020.0,Ingeniería Aeronáutica,Grado,5,,Facultad Regional Buenos Aires,2026-05-26,,1,,1
111966,124040,42005053,Verónica,Torres,F,2004-04-08,Argentina,2024,20,0,,1,2024.0,Tecnicatura Universitaria En Programación,Pregrado,3,,Facultad Regional Buenos Aires,2026-05-26,,1,,1
111976,87014,42006588,Maximiliano,Ledesma,M,2002-07-05,Argentina,2024,22,0,,1,2024.0,Tecnicatura Universitaria En Programación,Pregrado,3,,Facultad Regional Buenos Aires,2026-05-26,,1,,1
111985,30725,42008650,Cristian,Reyes,M,2001-08-08,Argentina,2020,19,0,,1,2020.0,Ingeniería Mecánica,Grado,5,,Facultad Regional Buenos Aires,2026-05-26,,1,,1
112116,28967,42033635,Claudio,Núñez,M,2003-04-10,Argentina,2020,17,0,,1,2020.0,Tecnicatura Universitaria En Programación,Pregrado,3,,Facultad Regional Buenos Aires,2026-05-26,,1,,1
112381,20315,42084847,Matías,Huanca,M,2002-01-17,Venezolana,2020,18,0,,1,2020.0,Tecnicatura Universitaria En Programación,Pregrado,3,,Facultad Regional Buenos Aires,2026-05-26,,1,,1
112405,67791,42088269,Leandro,Sánchez,M,1997-04-17,Argentina,2024,27,0,,1,2024.0,Tecnicatura Universitaria En Programación,Pregrado,3,,Facultad Regional Buenos Aires,2026-05-26,,1,,1
112419,35406,42092656,Martín,Díaz,M,2002-11-13,Argentina,2020,18,0,,1,2020.0,Ingeniería Electrónica,Grado,5,,Facultad Regional Buenos Aires,2026-05-26,,1,,1
112421,114521,42092883,Julián,Álvarez,M,2007-08-22,Argentina,2020,13,0,,1,2020.0,Ingeniería Mecánica,Grado,5,,Facultad Regional Buenos Aires,2026-05-26,,1,,1
112453,98511,42099535,Pablo,Giménez,M,1999-01-01,Boliviana,2020,21,0,,1,2020.0,Ingeniería Electrónica,Grado,5,,Facultad Regional Buenos Aires,2026-05-26,,1,,1
112498,48669,42106884,Tomás,Ríos,M,2004-08-17,Argentina,2020,16,0,,1,2020.0,Tecnicatura Universitaria En Programación,Pregrado,3,,Facultad Regional Buenos Aires,2026-05-26,,1,,1
112560,78000,42117764,Paola,García,F,2002-03-27,Argentina,2024,22,0,,1,2024.0,Tecnicatura Universitaria En Programación,Pregrado,3,,Facultad Regional Buenos Aires,2026-05-26,,1,,1
112596,83883,42125087,Alejandro,Martínez,M,2007-07-11,No especificado,2024,17,0,,1,2024.0,Tecnicatura Universitaria En Programación,Pregrado,3,,Facultad Regional Buenos Aires,2026-05-26,,1,,1
112754,98427,42156250,Tomás,Romero,M,2007-01-29,Argentina,2020,13,0,,1,2020.0,Ingeniería Química,Grado,5,,Facultad Regional Buenos Aires,2026-05-26,,1,,1
112931,104298,42190062,Sergio,Martínez,M,1997-01-02,Argentina,2020,23,0,,1,2020.0,Ingeniería Química,Grado,5,,Facultad Regional Buenos Aires,2026-05-26,,1,,1
112959,36767,42194379,Alejandro,Herrera,M,2006-10-08,Argentina,2020,14,0,,1,2020.0,Ingeniería Eléctrica,Grado,5,,Facultad Regional Buenos Aires,2026-05-26,,1,,1
113040,129464,42210236,Cristian,Ríos,M,2002-01-01,Argentina,2020,18,0,,1,2020.0,Ingeniería Eléctrica,Grado,5,,Facultad Regional Buenos Aires,2026-05-26,,1,,1
113049,107206,42211480,Ignacio,García,M,1999-08-26,Argentina,2024,25,0,,1,2024.0,Tecnicatura Universitaria En Programación,Pregrado,3,,Facultad Regional Buenos Aires,2026-05-26,,1,,1
113115,86947,42222244,Facundo,Molina,M,2007-01-17,Argentina,2020,13,0,,1,2020.0,Ingeniería Química,Grado,5,,Facultad Regional Buenos Aires,2026-05-26,,1,,1
113127,4813,42225158,Emilio,Fernández,M,2005-02-20,Argentina,2020,15,0,,1,2020.0,Ingeniería Mecánica,Grado,5,,Facultad Regional Buenos Aires,2026-05-26,,1,,1
113154,52963,42230359,Martín,Sánchez,M,2001-01-05,Argentina,2021,20,0,,1,2021.0,Tecnicatura Universitaria En Programación,Pregrado,3,,Facultad Regional Buenos Aires,2026-05-26,,1,,1
113236,54156,42244282,Fernando,Condori,M,2005-11-19,Peruana,2020,15,0,,1,2020.0,Ingeniería Eléctrica,Grado,5,,Facultad Regional Buenos Aires,2026-05-26,,1,,1
113268,81219,42251515,Maximiliano,Díaz,M,1997-06-08,Argentina,2020,23,0,,1,2020.0,Ingeniería Mecánica,Grado,5,,Facultad Regional Buenos Aires,2026-05-26,,1,,1
113393,599,42275750,Rodrigo,Fuentes,M,2004-08-31,No especificado,2024,20,0,,1,2024.0,Tecnicatura Universitaria En Programación,Pregrado,3,,Facultad Regional Buenos Aires,2026-05-26,,1,,1
113407,60991,42278105,Ezequiel,Ríos,M,2007-03-22,Argentina,2020,13,0,,1,2020.0,Ingeniería Aeronáutica,Grado,5,,Facultad Regional Buenos Aires,2026-05-26,,1,,1
113499,67586,42295780,Gastón,Torres,M,2001-11-06,Argentina,2021,20,0,,1,2021.0,Tecnicatura Universitaria En Programación,Pregrado,3,,Facultad Regional Buenos Aires,2026-05-26,,1,,1
113505,9562,42296756,Claudio,García,M,2003-01-01,Argentina,2020,17,0,,1,2020.0,Ingeniería Electrónica,Grado,5,,Facultad Regional Buenos Aires,2026-05-26,,1,,1
113655,60444,42328363,Ezequiel Ezequiel,Morales,M,2005-01-21,Argentina,2020,15,0,,1,2020.0,Ingeniería Mecánica,Grado,5,,Facultad Regional Buenos Aires,2026-05-26,,1,,1
113672,120156,42332089,Martín,Ojeda,M,2007-01-12,Argentina,2024,17,0,,1,2024.0,Tecnicatura Universitaria En Programación,Pregrado,3,,Facultad Regional Buenos Aires,2026-05-26,,1,,1
113677,921,42332441,Ramiro,Torres,M,2005-03-22,Argentina,2020,15,0,,1,2020.0,Ingeniería Mecánica,Grado,5,,Facultad Regional Buenos Aires,2026-05-26,,1,,1
113693,14949,42334575,Federico,Torres,M,2003-08-22,Argentina,2020,17,0,,1,2020.0,Ingeniería Electrónica,Grado,5,,Facultad Regional Buenos Aires,2026-05-26,,1,,1
113795,99264,42356926,Sebastián,Lima,M,2007-09-22,Brasileña,2020,13,0,,1,2020.0,Ingeniería Electrónica,Grado,5,,Facultad Regional Buenos Aires,2026-05-26,,1,,1
113822,114267,42361490,Andrea,Castro,F,2001-09-21,Argentina,2024,23,0,,1,2024.0,Tecnicatura Universitaria En Programación,Pregrado,3,,Facultad Regional Buenos Aires,2026-05-26,,1,,1
113848,123837,42366938,Laura,Acosta,F,1997-06-28,Argentina,2024,27,0,,1,2024.0,Tecnicatura Universitaria En Programación,Pregrado,3,,Facultad Regional Buenos Aires,2026-05-26,,1,,1
113849,100155,42366955,Alejandra,Romero,F,2006-12-15,Argentina,2024,18,0,,1,2024.0,Tecnicatura Universitaria En Programación,Pregrado,3,,Facultad Regional Buenos Aires,2026-05-26,,1,,1
113871,11557,42372892,Nicolás,Vera,M,2005-02-27,Argentina,2020,15,0,,1,2020.0,Ingeniería Eléctrica,Grado,5,,Facultad Regional Buenos Aires,2026-05-26,,1,,1
113894,26733,42376346,Ezequiel,López,M,2000-04-27,Argentina,2020,20,0,,1,2020.0,Tecnicatura Universitaria En Programación,Pregrado,3,,Facultad Regional Buenos Aires,2026-05-26,,1,,1
113992,26461,42396048,Lucas,Flores,M,2004-01-30,Argentina,2020,16,0,,1,2020.0,Ingeniería Electrónica,Grado,5,,Facultad Regional Buenos Aires,2026-05-26,,1,,1
114023,129896,42404120,Julián,Gómez,M,2007-08-28,Argentina,2020,13,0,,1,2020.0,Ingeniería Aeronáutica,Grado,5,,Facultad Regional Buenos Aires,2026-05-26,,1,,1
114038,82841,42405942,Iván,Molina,M,2004-02-09,Argentina,2020,16,0,,1,2020.0,Tecnicatura Universitaria En Programación,Pregrado,3,,Facultad Regional Buenos Aires,2026-05-26,,1,,1
114122,124879,42425565,Federico,Medina,M,2002-07-05,Argentina,2020,18,0,,1,2020.0,Ingeniería Eléctrica,Grado,5,,Facultad Regional Buenos Aires,2026-05-26,,1,,1
114131,70674,42428273,Leandro,Bogado,M,1999-03-28,Uruguaya,2024,25,0,,1,2024.0,Tecnicatura Universitaria En Programación,Pregrado,3,,Facultad Regional Buenos Aires,2026-05-26,,1,,1
114163,32403,42433751,Patricia,Mamani,F,2007-01-13,Colombiana,2024,17,0,,1,2024.0,Tecnicatura Universitaria En Programación,Pregrado,3,,Facultad Regional Buenos Aires,2026-05-26,,1,,1
114189,42333,42439916,Santiago,Torres,M,2002-06-11,Argentina,2020,18,0,,1,2020.0,Ingeniería Eléctrica,Grado,5,,Facultad Regional Buenos Aires,2026-05-26,,1,,1
114260,5843,42453168,Gonzalo,Fuentes,M,2003-04-28,Paraguaya,2020,17,0,,1,2020.0,Ingeniería Electrónica,Grado,5,,Facultad Regional Buenos Aires,2026-05-26,,1,,1
114339,122783,42470444,Ignacio,Oliveira,M,2003-01-01,Uruguaya,2024,21,0,,1,2024.0,Tecnicatura Universitaria En Programación,Pregrado,3,,Facultad Regional Buenos Aires,2026-05-26,,1,,1
114385,51990,42478686,Facundo,Vera,M,2004-03-15,Argentina,2020,16,0,,1,2020.0,Ingeniería Aeronáutica,Grado,5,,Facultad Regional Buenos Aires,2026-05-26,,1,,1
114402,77744,42481118,Facundo,Castro,M,2006-03-24,Argentina,2024,18,0,,1,2024.0,Tecnicatura Universitaria En Programación,Pregrado,3,,Facultad Regional Buenos Aires,2026-05-26,,1,,1
114436,76279,42488346,Santiago Santiago,Huanca,M,2007-04-16,Boliviana,2020,13,0,,1,2020.0,Ingeniería Eléctrica,Grado,5,,Facultad Regional Buenos Aires,2026-05-26,,1,,1
114528,11014,42503912,Ignacio,Medina,M,2007-10-19,Argentina,2020,13,0,,1,2020.0,Tecnicatura Universitaria En Programación,Pregrado,3,,Facultad Regional Buenos Aires,2026-05-26,,1,,1
114539,26375,42505085,Carolina,Pereira,F,2003-09-29,Boliviana,2024,21,0,,1,2024.0,Tecnicatura Universitaria En Programación,Pregrado,3,,Facultad Regional Buenos Aires,2026-05-26,,1,,1
114542,14452,42505750,Gonzalo,Vera,M,2001-06-08,Argentina,2020,19,0,,1,2020.0,Ingeniería Aeronáutica,Grado,5,,Facultad Regional Buenos Aires,2026-05-26,,1,,1
114653,117318,42526802,Pablo,Ojeda,M,2002-03-19,Argentina,2024,22,0,,1,2024.0,Tecnicatura Universitaria En Programación,Pregrado,3,,Facultad Regional Buenos Aires,2026-05-26,,1,,1
114738,21292,42546257,Lucas,Moreno,M,2005-05-27,Argentina,2020,15,0,,1,2020.0,Ingeniería Mecánica,Grado,5,,Facultad Regional Buenos Aires,2026-05-26,,1,,1
114766,95976,42550533,Ignacio,Ojeda,M,2007-05-06,Argentina,2020,13,0,,1,2020.0,Ingeniería Electrónica,Grado,5,,Facultad Regional Buenos Aires,2026-05-26,,1,,1
114831,57376,42561788,Martín,Fernández,M,2002-10-23,Argentina,2020,18,0,,1,2020.0,Ingeniería Mecánica,Grado,5,,Facultad Regional Buenos Aires,2026-05-26,,1,,1
114879,73170,42569896,Damián,Díaz,M,2001-12-07,Argentina,2024,23,0,,1,2024.0,Tecnicatura Universitaria En Programación,Pregrado,3,,Facultad Regional Buenos Aires,2026-05-26,,1,,1
114882,114063,42570382,Cecilia,Rojas,F,2000-08-11,Argentina,2024,24,0,,1,2024.0,Tecnicatura Universitaria En Programación,Pregrado,3,,Facultad Regional Buenos Aires,2026-05-26,,1,,1
114936,102848,42581798,Maximiliano,Molina,M,2004-06-18,No especificado,2020,16,0,,1,2020.0,Ingeniería Electrónica,Grado,5,,Facultad Regional Buenos Aires,2026-05-26,,1,,1
115026,12235,42594252,Gonzalo,Santos,M,2003-05-22,Brasileña,2024,21,0,,1,2024.0,Tecnicatura Universitaria En Programación,Pregrado,3,,Facultad Regional Buenos Aires,2026-05-26,,1,,1
115033,5228,42595259,Iván,Carrizo,M,2004-01-01,Argentina,2020,16,0,,1,2020.0,Ingeniería Mecánica,Grado,5,,Facultad Regional Buenos Aires,2026-05-26,,1,,1
115049,86572,42599485,Rodrigo,Molina,M,2005-10-23,Argentina,2020,15,0,,1,2020.0,Ingeniería Mecánica,Grado,5,,Facultad Regional Buenos Aires,2026-05-26,,1,,1
115104,65703,42606617,Leandro,Díaz,M,2003-08-03,Peruana,2020,17,0,,1,2020.0,Tecnicatura Universitaria En Programación,Pregrado,3,,Facultad Regional Buenos Aires,2026-05-26,,1,,1
115142,70061,42613941,Rodrigo,Suárez,M,2001-06-02,Argentina,2020,19,0,,1,2020.0,Ingeniería Electrónica,Grado,5,,Facultad Regional Buenos Aires,2026-05-26,,1,,1
115191,21094,42621856,Hernán,González,M,2000-01-01,Argentina,2020,20,0,,1,2020.0,Ingeniería Electrónica,Grado,5,,Facultad Regional Buenos Aires,2026-05-26,,1,,1
115196,67188,42622448,Hernán,Vega,M,2005-09-18,Argentina,2024,19,0,,1,2024.0,Tecnicatura Universitaria En Programación,Pregrado,3,,Facultad Regional Buenos Aires,2026-05-26,,1,,1
115216,69537,42625188,Damián,Morales,M,2004-08-26,Argentina,2020,16,0,,1,2020.0,Tecnicatura Universitaria En Programación,Pregrado,3,,Facultad Regional Buenos Aires,2026-05-26,,1,,1
115266,9024,42634576,Hernán,Martínez,M,1999-09-04,Argentina,2020,21,0,,1,2020.0,Ingeniería Eléctrica,Grado,5,,Facultad Regional Buenos Aires,2026-05-26,,1,,1
115292,117411,42639387,Sofía,Giménez,F,2004-06-14,Brasileña,2020,16,0,,1,2020.0,Ingeniería Aeronáutica,Grado,5,,Facultad Regional Buenos Aires,2026-05-26,,1,,1
115309,120567,42643458,Sergio,Ledesma,M,2001-11-08,Argentina,2020,19,0,,1,2020.0,Ingeniería Electrónica,Grado,5,,Facultad Regional Buenos Aires,2026-05-26,,1,,1
115360,8371,42652433,Jimena,Ramos,F,1999-03-14,Argentina,2021,22,0,,1,2021.0,Tecnicatura Universitaria En Programación,Pregrado,3,,Facultad Regional Buenos Aires,2026-05-26,,1,,1
115374,95491,42655198,Emilio,Herrera,M,2005-04-25,Argentina,2024,19,0,,1,2024.0,Tecnicatura Universitaria En Programación,Pregrado,3,,Facultad Regional Buenos Aires,2026-05-26,,1,,1
115435,94800,42665842,Leandro,Ojeda,M,2003-09-28,Argentina,2020,17,0,,1,2020.0,Ingeniería Mecánica,Grado,5,,Facultad Regional Buenos Aires,2026-05-26,,1,,1
115468,34694,42670533,Iván,Romero,M,2006-08-16,Argentina,2024,18,0,,1,2024.0,Tecnicatura Universitaria En Programación,Pregrado,3,,Facultad Regional Buenos Aires,2026-05-26,,1,,1
115477,35343,42672289,Natalia,Pérez,F,2007-09-21,Argentina,2024,17,0,,1,2024.0,Tecnicatura Universitaria En Programación,Pregrado,3,,Facultad Regional Buenos Aires,2026-05-26,,1,,1
115491,117638,42674855,Ignacio,Suárez,M,2002-09-20,Argentina,2020,18,0,,1,2020.0,Ingeniería Química,Grado,5,,Facultad Regional Buenos Aires,2026-05-26,,1,,1
115546,102311,42686188,Gastón,Martínez,M,2007-07-09,Argentina,2020,13,0,,1,2020.0,Ingeniería Electrónica,Grado,5,,Facultad Regional Buenos Aires,2026-05-26,,1,,1
115817,62543,42738847,Natalia,Carrizo,F,2007-02-11,Argentina,2020,13,0,,1,2020.0,Tecnicatura Universitaria En Programación,Pregrado,3,,Facultad Regional Buenos Aires,2026-05-26,,1,,1
115874,48017,42748558,Silvina,Moreno,F,2007-09-29,Argentina,2024,17,0,,1,2024.0,Tecnicatura Universitaria En Programación,Pregrado,3,,Facultad Regional Buenos Aires,2026-05-26,,1,,1
115917,51266,42756112,Ezequiel,Bogado,M,2004-12-06,Brasileña,2020,16,0,,1,2020.0,Ingeniería Electrónica,Grado,5,,Facultad Regional Buenos Aires,2026-05-26,,1,,1
116016,6789,42775639,Ezequiel,Pérez,M,2004-02-02,Argentina,2024,20,0,,1,2024.0,Tecnicatura Universitaria En Programación,Pregrado,3,,Facultad Regional Buenos Aires,2026-05-26,,1,,1
116028,52543,42779007,Noelia,Díaz,F,2000-06-29,Brasileña,2020,20,0,,1,2020.0,Ingeniería Electrónica,Grado,5,,Facultad Regional Buenos Aires,2026-05-26,,1,,1
116041,75239,42781203,Hernán,Castro,M,2002-12-30,Argentina,2020,18,0,,1,2020.0,Tecnicatura Universitaria En Programación,Pregrado,3,,Facultad Regional Buenos Aires,2026-05-26,,1,,1
116086,94631,42787729,Federico,Reyes,M,2000-03-10,Argentina,2024,24,0,,1,2024.0,Tecnicatura Universitaria En Programación,Pregrado,3,,Facultad Regional Buenos Aires,2026-05-26,,1,,1
116097,14505,42790185,Facundo,Vargas,M,2003-08-02,Argentina,2020,17,0,,1,2020.0,Tecnicatura Universitaria En Programación,Pregrado,3,,Facultad Regional Buenos Aires,2026-05-26,,1,,1
116133,68777,42799501,Federico Federico,García,M,2003-02-18,Argentina,2024,21,0,,1,2024.0,Tecnicatura Universitaria En Programación,Pregrado,3,,Facultad Regional Buenos Aires,2026-05-26,,1,,1
116200,80866,42814020,Julián,González,M,2004-05-07,Argentina,2024,20,0,,1,2024.0,Tecnicatura Universitaria En Programación,Pregrado,3,,Facultad Regional Buenos Aires,2026-05-26,,1,,1
116210,41233,42815977,Leandro,Souza,M,2002-09-17,Colombiana,2024,22,0,,1,2024.0,Tecnicatura Universitaria En Programación,Pregrado,3,,Facultad Regional Buenos Aires,2026-05-26,,1,,1
116211,126255,42816004,Julián,González,M,2002-02-13,Argentina,2020,18,0,,1,2020.0,Ingeniería Mecánica,Grado,5,,Facultad Regional Buenos Aires,2026-05-26,,1,,1
116313,86725,42838237,Tomás,García,M,2003-08-11,Argentina,2024,21,0,,1,2024.0,Tecnicatura Universitaria En Programación,Pregrado,3,,Facultad Regional Buenos Aires,2026-05-26,,1,,1
116315,3487,42838810,Leandro,Peralta,M,1996-12-26,Argentina,2020,24,0,,1,2020.0,Tecnicatura Universitaria En Programación,Pregrado,3,,Facultad Regional Buenos Aires,2026-05-26,,1,,1
116364,66744,42849622,Santiago,Romero,M,2007-02-13,Argentina,2020,13,0,,1,2020.0,Ingeniería Química,Grado,5,,Facultad Regional Buenos Aires,2026-05-26,,1,,1
116434,77249,42861445,Sofía,Díaz,F,2001-08-14,Boliviana,2020,19,0,,1,2020.0,Tecnicatura Universitaria En Programación,Pregrado,3,,Facultad Regional Buenos Aires,2026-05-26,,1,,1
116454,45115,42865229,Emilio,Ramírez,M,2003-07-01,Argentina,2024,21,0,,1,2024.0,Tecnicatura Universitaria En Programación,Pregrado,3,,Facultad Regional Buenos Aires,2026-05-26,,1,,1
116468,66621,42868500,Sabrina,Vargas,F,2006-12-23,Argentina,2020,14,0,,1,2020.0,Ingeniería Mecánica,Grado,5,,Facultad Regional Buenos Aires,2026-05-26,,1,,1
116555,74618,42886324,Santiago,Ríos,M,2005-05-18,Argentina,2021,16,0,,1,2021.0,Tecnicatura Universitaria En Programación,Pregrado,3,,Facultad Regional Buenos Aires,2026-05-26,,1,,1
116611,26074,42899899,Mariela,Sánchez,F,2004-10-23,Argentina,2020,16,0,,1,2020.0,Tecnicatura Universitaria En Programación,Pregrado,3,,Facultad Regional Buenos Aires,2026-05-26,,1,,1
116654,35993,42907166,Rodrigo,Ledesma,M,1998-12-22,Argentina,2020,22,0,,1,2020.0,Ingeniería Eléctrica,Grado,5,,Facultad Regional Buenos Aires,2026-05-26,,1,,1
116678,3210,42911438,Tomás,Pereira,M,2001-11-05,Venezolana,2020,19,0,,1,2020.0,Ingeniería Eléctrica,Grado,5,,Facultad Regional Buenos Aires,2026-05-26,,1,,1
116708,63318,42915345,Patricia,Herrera,F,2004-11-11,Argentina,2020,16,0,,1,2020.0,Ingeniería Electrónica,Grado,5,,Facultad Regional Buenos Aires,2026-05-26,,1,,1
116723,93555,42917949,Soledad Soledad,Castro,F,1999-04-02,Argentina,2021,22,0,,1,2021.0,Tecnicatura Universitaria En Programación,Pregrado,3,,Facultad Regional Buenos Aires,2026-05-26,,1,,1
116781,85566,42931326,Facundo,Díaz,M,2000-06-17,Argentina,2020,20,0,,1,2020.0,Ingeniería Electrónica,Grado,5,,Facultad Regional Buenos Aires,2026-05-26,,1,,1
116804,72864,42935415,Emilio,García,M,2002-09-27,Argentina,2020,18,0,,1,2020.0,Ingeniería Electrónica,Grado,5,,Facultad Regional Buenos Aires,2026-05-26,,1,,1
116855,67314,42946477,Sergio,Fernández,M,2004-10-28,Argentina,2020,16,0,,1,2020.0,Ingeniería Electrónica,Grado,5,,Facultad Regional Buenos Aires,2026-05-26,,1,,1
116923,21126,42958677,Laura,Torres,F,2007-09-06,Argentina,2020,13,0,,1,2020.0,Ingeniería Química,Grado,5,,Facultad Regional Buenos Aires,2026-05-26,,1,,1
116954,29635,42964205,Paola Paola,Reyes,F,2007-05-07,Argentina,2020,13,0,,1,2020.0,Ingeniería Química,Grado,5,,Facultad Regional Buenos Aires,2026-05-26,,1,,1
116964,108741,42966246,Santiago,Castro,M,2005-03-31,Argentina,2020,15,0,,1,2020.0,Tecnicatura Universitaria En Programación,Pregrado,3,,Facultad Regional Buenos Aires,2026-05-26,,1,,1
116966,103906,42966825,Carolina,Mendoza,F,2002-03-21,Argentina,2021,19,0,,1,2021.0,Tecnicatura Universitaria En Programación,Pregrado,3,,Facultad Regional Buenos Aires,2026-05-26,,1,,1
116999,1679,42974838,Santiago,Ramírez,M,2007-10-15,Argentina,2024,17,0,,1,2024.0,Tecnicatura Universitaria En Programación,Pregrado,3,,Facultad Regional Buenos Aires,2026-05-26,,1,,1
117025,70935,42980723,Diego,Vargas,M,2005-08-28,Argentina,2020,15,0,,1,2020.0,Ingeniería Eléctrica,Grado,5,,Facultad Regional Buenos Aires,2026-05-26,,1,,1
117098,19053,42996840,Mariela,Rodríguez,F,2001-01-23,Argentina,2020,19,0,,1,2020.0,Ingeniería Mecánica,Grado,5,,Facultad Regional Buenos Aires,2026-05-26,,1,,1
117116,50429,43001105,Pablo,García,M,2007-12-24,Argentina,2024,17,0,,1,2024.0,Tecnicatura Universitaria En Programación,Pregrado,3,,Facultad Regional Buenos Aires,2026-05-26,,1,,1
117195,26941,43016135,Lucas,Molina,M,2006-02-07,Argentina,2020,14,0,,1,2020.0,Ingeniería Aeronáutica,Grado,5,,Facultad Regional Buenos Aires,2026-05-26,,1,,1
117240,68839,43028269,Ezequiel,Ríos,M,2002-07-05,Argentina,2020,18,0,,1,2020.0,Ingeniería Mecánica,Grado,5,,Facultad Regional Buenos Aires,2026-05-26,,1,,1
117416,51027,43061555,Leandro,Santos,M,2005-10-08,Colombiana,2020,15,0,,1,2020.0,Ingeniería Mecánica,Grado,5,,Facultad Regional Buenos Aires,2026-05-26,,1,,1
117426,63448,43063545,Federico,Oliveira,M,2004-08-20,Peruana,2020,16,0,,1,2020.0,Tecnicatura Universitaria En Programación,Pregrado,3,,Facultad Regional Buenos Aires,2026-05-26,,1,,1
117481,94451,43076673,Alejandro,Romero,M,2005-12-16,Argentina,2020,15,0,,1,2020.0,Ingeniería Mecánica,Grado,5,,Facultad Regional Buenos Aires,2026-05-26,,1,,1
117532,58806,43085490,Federico,Vera,M,2007-06-14,Argentina,2020,13,0,,1,2020.0,Tecnicatura Universitaria En Programación,Pregrado,3,,Facultad Regional Buenos Aires,2026-05-26,,1,,1
117586,127783,43096878,Tomás,Lima,M,1999-01-27,Brasileña,2020,21,0,,1,2020.0,Ingeniería Mecánica,Grado,5,,Facultad Regional Buenos Aires,2026-05-26,,1,,1
117600,83280,43101188,Gonzalo,Condori,M,2003-01-27,Chilena,2020,17,0,,1,2020.0,Ingeniería Electrónica,Grado,5,,Facultad Regional Buenos Aires,2026-05-26,,1,,1
117613,122379,43103381,Maximiliano,Acosta,M,2003-01-17,Argentina,2020,17,0,,1,2020.0,Ingeniería Aeronáutica,Grado,5,,Facultad Regional Buenos Aires,2026-05-26,,1,,1
117716,67319,43128322,Hernán,Flores,M,2004-11-09,Argentina,2021,17,0,,1,2021.0,Tecnicatura Universitaria En Programación,Pregrado,3,,Facultad Regional Buenos Aires,2026-05-26,,1,,1
117725,2840,43130656,Sergio,Moreno,M,2006-08-06,Argentina,2024,18,0,,1,2024.0,Tecnicatura Universitaria En Programación,Pregrado,3,,Facultad Regional Buenos Aires,2026-05-26,,1,,1
117762,125494,43140000,Sabrina,Souza,F,2001-11-16,Colombiana,2024,23,0,,1,2024.0,Tecnicatura Universitaria En Programación,Pregrado,3,,Facultad Regional Buenos Aires,2026-05-26,,1,,1
117780,53793,43144101,Daniela,Moreno,F,2007-07-25,Argentina,2024,17,0,,1,2024.0,Tecnicatura Universitaria En Programación,Pregrado,3,,Facultad Regional Buenos Aires,2026-05-26,,1,,1
117797,115775,43147229,Pablo,Álvarez,M,2006-03-31,Argentina,2020,14,0,,1,2020.0,Ingeniería Electrónica,Grado,5,,Facultad Regional Buenos Aires,2026-05-26,,1,,1
117823,30575,43151349,Camila,Rojas,F,2005-05-27,Argentina,2020,15,0,,1,2020.0,Ingeniería Electrónica,Grado,5,,Facultad Regional Buenos Aires,2026-05-26,,1,,1
117842,20485,43154952,Emilio,Acosta,M,2005-02-19,Argentina,2020,15,0,,1,2020.0,Ingeniería Química,Grado,5,,Facultad Regional Buenos Aires,2026-05-26,,1,,1
117892,94576,43165222,Claudio,Pérez,M,1996-07-12,Argentina,2020,24,0,,1,2020.0,Tecnicatura Universitaria En Programación,Pregrado,3,,Facultad Regional Buenos Aires,2026-05-26,,1,,1
117940,118464,43172856,Federico,Suárez,M,2004-05-12,Argentina,2020,16,0,,1,2020.0,Tecnicatura Universitaria En Programación,Pregrado,3,,Facultad Regional Buenos Aires,2026-05-26,,1,,1
117962,38548,43176097,Tomás,Cabrera,M,2004-10-16,Argentina,2020,16,0,,1,2020.0,Tecnicatura Universitaria En Programación,Pregrado,3,,Facultad Regional Buenos Aires,2026-05-26,,1,,1
117983,23326,43180257,Facundo,Sánchez,M,2004-09-10,Argentina,2024,20,0,,1,2024.0,Tecnicatura Universitaria En Programación,Pregrado,3,,Facultad Regional Buenos Aires,2026-05-26,,1,,1
117989,111973,43181480,Claudio,Ortega,M,2005-08-15,Argentina,2024,19,0,,1,2024.0,Tecnicatura Universitaria En Programación,Pregrado,3,,Facultad Regional Buenos Aires,2026-05-26,,1,,1
118181,6776,43221414,Emilio,Moreno,M,2005-10-19,Argentina,2020,15,0,,1,2020.0,Tecnicatura Universitaria En Programación,Pregrado,3,,Facultad Regional Buenos Aires,2026-05-26,,1,,1
118215,84847,43228039,Matías,Ledesma,M,2006-01-20,Argentina,2020,14,0,,1,2020.0,Tecnicatura Universitaria En Programación,Pregrado,3,,Facultad Regional Buenos Aires,2026-05-26,,1,,1
118290,12647,43240242,Leandro,Mendoza,M,2005-12-10,Argentina,2024,19,0,,1,2024.0,Tecnicatura Universitaria En Programación,Pregrado,3,,Facultad Regional Buenos Aires,2026-05-26,,1,,1
118338,57257,43249632,Tomás,López,M,2001-09-18,Argentina,2020,19,0,,1,2020.0,Ingeniería Mecánica,Grado,5,,Facultad Regional Buenos Aires,2026-05-26,,1,,1
118343,88277,43251078,Sofía,Vega,F,2003-01-18,Argentina,2024,21,0,,1,2024.0,Tecnicatura Universitaria En Programación,Pregrado,3,,Facultad Regional Buenos Aires,2026-05-26,,1,,1
118430,42557,43270354,Alejandro,Núñez,M,2000-01-25,Argentina,2020,20,0,,1,2020.0,Ingeniería Eléctrica,Grado,5,,Facultad Regional Buenos Aires,2026-05-26,,1,,1
118467,9896,43278535,Alejandro,Torres,M,2007-03-10,Argentina,2020,13,0,,1,2020.0,Tecnicatura Universitaria En Programación,Pregrado,3,,Facultad Regional Buenos Aires,2026-05-26,,1,,1
118571,108015,43297230,Santiago,Flores,M,2003-05-17,Argentina,2020,17,0,,1,2020.0,Tecnicatura Universitaria En Programación,Pregrado,3,,Facultad Regional Buenos Aires,2026-05-26,,1,,1
118573,73737,43298067,Vanesa,Molina,F,2007-10-13,Argentina,2024,17,0,,1,2024.0,Tecnicatura Universitaria En Programación,Pregrado,3,,Facultad Regional Buenos Aires,2026-05-26,,1,,1
118581,14402,43298957,Pablo,Herrera,M,2007-09-30,Argentina,2020,13,0,,1,2020.0,Tecnicatura Universitaria En Programación,Pregrado,3,,Facultad Regional Buenos Aires,2026-05-26,,1,,1
118617,1992,43304728,Andrea,Vargas,F,2005-08-07,Argentina,2020,15,0,,1,2020.0,Ingeniería Química,Grado,5,,Facultad Regional Buenos Aires,2026-05-26,,1,,1
118692,54393,43317704,Cristian,García,M,2005-06-18,Argentina,2021,16,0,,1,2021.0,Tecnicatura Universitaria En Programación,Pregrado,3,,Facultad Regional Buenos Aires,2026-05-26,,1,,1
118721,116363,43323644,Pablo Pablo,Vargas,M,2006-01-13,Argentina,2020,14,0,,1,2020.0,Tecnicatura Universitaria En Programación,Pregrado,3,,Facultad Regional Buenos Aires,2026-05-26,,1,,1
118813,52291,43341252,Ignacio,Ruiz,M,2007-05-06,Argentina,2020,13,0,,1,2020.0,Ingeniería Química,Grado,5,,Facultad Regional Buenos Aires,2026-05-26,,1,,1
118835,72138,43345270,Facundo Facundo,Suárez,M,2006-11-15,Argentina,2020,14,0,,1,2020.0,Ingeniería Electrónica,Grado,5,,Facultad Regional Buenos Aires,2026-05-26,,1,,1
118865,65256,43351402,Ramiro,Mendoza,M,1998-10-15,Argentina,2020,22,0,,1,2020.0,Tecnicatura Universitaria En Programación,Pregrado,3,,Facultad Regional Buenos Aires,2026-05-26,,1,,1
118876,55063,43352667,Matías,Mendoza,M,2003-02-15,Argentina,2024,21,0,,1,2024.0,Tecnicatura Universitaria En Programación,Pregrado,3,,Facultad Regional Buenos Aires,2026-05-26,,1,,1
118885,95025,43354793,Julián,Ramos,M,1998-04-09,Argentina,2020,22,0,,1,2020.0,Ingeniería Electrónica,Grado,5,,Facultad Regional Buenos Aires,2026-05-26,,1,,1
118922,14483,43361851,Jimena,Vargas,F,2004-07-19,Argentina,2020,16,0,,1,2020.0,Ingeniería Eléctrica,Grado,5,,Facultad Regional Buenos Aires,2026-05-26,,1,,1
118955,102568,43368894,Santiago,Pereira,M,2001-07-12,Paraguaya,2020,19,0,,1,2020.0,Ingeniería Eléctrica,Grado,5,,Facultad Regional Buenos Aires,2026-05-26,,1,,1
119048,82510,43386488,Patricia,Martínez,F,2002-04-29,Argentina,2024,22,0,,1,2024.0,Tecnicatura Universitaria En Programación,Pregrado,3,,Facultad Regional Buenos Aires,2026-05-26,,1,,1
119183,11034,43408985,Carolina,Ríos,F,2003-07-07,Argentina,2024,21,0,,1,2024.0,Tecnicatura Universitaria En Programación,Pregrado,3,,Facultad Regional Buenos Aires,2026-05-26,,1,,1
119213,37111,43414444,Claudia,Benítez,F,2002-08-01,Boliviana,2020,18,0,,1,2020.0,Ingeniería Química,Grado,5,,Facultad Regional Buenos Aires,2026-05-26,,1,,1
119346,11789,43439721,Andrea,Acosta,F,2004-06-14,Argentina,2020,16,0,,1,2020.0,Tecnicatura Universitaria En Programación,Pregrado,3,,Facultad Regional Buenos Aires,2026-05-26,,1,,1
119461,97865,43460156,Sebastián,Acosta,M,2003-03-16,Argentina,2024,21,0,,1,2024.0,Tecnicatura Universitaria En Programación,Pregrado,3,,Facultad Regional Buenos Aires,2026-05-26,,1,,1
119462,60357,43460373,Diego,Ríos,M,2008-01-01,Argentina,2020,12,0,,1,2020.0,Ingeniería Aeronáutica,Grado,5,,Facultad Regional Buenos Aires,2026-05-26,,1,,1
119602,56367,43489142,Hernán,Romero,M,1998-03-22,Argentina,2020,22,0,,1,2020.0,Ingeniería Aeronáutica,Grado,5,,Facultad Regional Buenos Aires,2026-05-26,,1,,1
119610,50161,43491091,Matías,Ojeda,M,2003-07-24,Argentina,2024,21,0,,1,2024.0,Tecnicatura Universitaria En Programación,Pregrado,3,,Facultad Regional Buenos Aires,2026-05-26,,1,,1
119640,66849,43496177,Ramiro,Ríos,M,2001-05-28,Argentina,2020,19,0,,1,2020.0,Tecnicatura Universitaria En Programación,Pregrado,3,,Facultad Regional Buenos Aires,2026-05-26,,1,,1
119680,45613,43505067,Claudio,Ojeda,M,2003-09-07,Argentina,2021,18,0,,1,2021.0,Tecnicatura Universitaria En Programación,Pregrado,3,,Facultad Regional Buenos Aires,2026-05-26,,1,,1
119682,59354,43505455,Ezequiel,Ramos,M,2000-04-04,Argentina,2024,24,0,,1,2024.0,Tecnicatura Universitaria En Programación,Pregrado,3,,Facultad Regional Buenos Aires,2026-05-26,,1,,1
119778,39198,43524976,Matías,Medina,M,2000-08-24,Argentina,2020,20,0,,1,2020.0,Ingeniería Química,Grado,5,,Facultad Regional Buenos Aires,2026-05-26,,1,,1
119813,91142,43530264,Lucas,Molina,M,2005-01-01,Argentina,2020,15,0,,1,2020.0,Ingeniería Mecánica,Grado,5,,Facultad Regional Buenos Aires,2026-05-26,,1,,1
119835,5259,43534665,Julián,Martínez,M,2001-03-07,Argentina,2020,19,0,,1,2020.0,Ingeniería Mecánica,Grado,5,,Facultad Regional Buenos Aires,2026-05-26,,1,,1
119845,8377,43536502,Matías,Mamani,M,2005-11-18,Colombiana,2020,15,0,,1,2020.0,Ingeniería Química,Grado,5,,Facultad Regional Buenos Aires,2026-05-26,,1,,1
119858,5496,43538857,Julián,Rodríguez,M,2004-09-07,Argentina,2020,16,0,,1,2020.0,Ingeniería Aeronáutica,Grado,5,,Facultad Regional Buenos Aires,2026-05-26,,1,,1
119885,82404,43544414,Matías,Ortega,M,2001-02-11,Argentina,2020,19,0,,1,2020.0,Ingeniería Química,Grado,5,,Facultad Regional Buenos Aires,2026-05-26,,1,,1
119923,55540,43553170,Diego,Molina,M,2005-07-06,Argentina,2024,19,0,,1,2024.0,Tecnicatura Universitaria En Programación,Pregrado,3,,Facultad Regional Buenos Aires,2026-05-26,,1,,1
119941,6909,43556606,Mariana,Peralta,F,2006-10-14,Argentina,2024,18,0,,1,2024.0,Tecnicatura Universitaria En Programación,Pregrado,3,,Facultad Regional Buenos Aires,2026-05-26,,1,,1
119988,126010,43564698,Lucas,Ledesma,M,2004-05-16,Argentina,2024,20,0,,1,2024.0,Tecnicatura Universitaria En Programación,Pregrado,3,,Facultad Regional Buenos Aires,2026-05-26,,1,,1
120074,77019,43581609,Gonzalo,Muñoz,M,2007-01-01,Boliviana,2020,13,0,,1,2020.0,Ingeniería Aeronáutica,Grado,5,,Facultad Regional Buenos Aires,2026-05-26,,1,,1
120081,61671,43583141,Agustín,Huanca,M,2007-05-09,Chilena,2024,17,0,,1,2024.0,Tecnicatura Universitaria En Programación,Pregrado,3,,Facultad Regional Buenos Aires,2026-05-26,,1,,1
120161,113970,43598163,Lucas,Fernández,M,2001-08-19,Argentina,2021,20,0,,1,2021.0,Tecnicatura Universitaria En Programación,Pregrado,3,,Facultad Regional Buenos Aires,2026-05-26,,1,,1
120221,40705,43610987,Emilio,Vega,M,2007-01-25,Argentina,2024,17,0,,1,2024.0,Tecnicatura Universitaria En Programación,Pregrado,3,,Facultad Regional Buenos Aires,2026-05-26,,1,,1
120296,96590,43624445,Claudia,Vargas,F,2000-05-12,Argentina,2020,20,0,,1,2020.0,Ingeniería Química,Grado,5,,Facultad Regional Buenos Aires,2026-05-26,,1,,1
120319,44843,43628146,Damián,Gómez,M,1998-09-11,No especificado,2020,22,0,,1,2020.0,Ingeniería Eléctrica,Grado,5,,Facultad Regional Buenos Aires,2026-05-26,,1,,1
120327,52770,43629677,Paola,Vargas,F,2002-11-26,Argentina,2020,18,0,,1,2020.0,Ingeniería Química,Grado,5,,Facultad Regional Buenos Aires,2026-05-26,,1,,1
120354,23762,43637716,Gastón,Medina,M,2003-12-16,Argentina,2021,18,0,,1,2021.0,Tecnicatura Universitaria En Programación,Pregrado,3,,Facultad Regional Buenos Aires,2026-05-26,,1,,1
120374,67592,43640513,Natalia,Díaz,F,2005-10-06,Peruana,2024,19,0,,1,2024.0,Tecnicatura Universitaria En Programación,Pregrado,3,,Facultad Regional Buenos Aires,2026-05-26,,1,,1
120413,95173,43647807,Sebastián,Carrizo,M,2003-02-03,Argentina,2024,21,0,,1,2024.0,Tecnicatura Universitaria En Programación,Pregrado,3,,Facultad Regional Buenos Aires,2026-05-26,,1,,1
120445,91165,43654810,Claudio,Ramírez,M,2004-12-31,Argentina,2021,17,0,,1,2021.0,Tecnicatura Universitaria En Programación,Pregrado,3,,Facultad Regional Buenos Aires,2026-05-26,,1,,1
120458,126435,43657498,Tomás,Cruz,M,2006-03-07,Argentina,2024,18,0,,1,2024.0,Tecnicatura Universitaria En Programación,Pregrado,3,,Facultad Regional Buenos Aires,2026-05-26,,1,,1
120579,61860,43679503,Federico,Muñoz,M,1999-08-08,Paraguaya,2024,25,0,,1,2024.0,Tecnicatura Universitaria En Programación,Pregrado,3,,Facultad Regional Buenos Aires,2026-05-26,,1,,1
120615,17668,43685529,Gonzalo,Álvarez,M,2006-02-03,Argentina,2020,14,0,,1,2020.0,Ingeniería Aeronáutica,Grado,5,,Facultad Regional Buenos Aires,2026-05-26,,1,,1
120647,116793,43692543,Diego,Peralta,M,2007-08-30,Argentina,2020,13,0,,1,2020.0,Ingeniería Eléctrica,Grado,5,,Facultad Regional Buenos Aires,2026-05-26,,1,,1
120679,15120,43699085,Claudio,Álvarez,M,2003-08-03,No especificado,2020,17,0,,1,2020.0,Tecnicatura Universitaria En Programación,Pregrado,3,,Facultad Regional Buenos Aires,2026-05-26,,1,,1
120689,81615,43700806,Rodrigo,Suárez,M,2002-06-04,Argentina,2024,22,0,,1,2024.0,Tecnicatura Universitaria En Programación,Pregrado,3,,Facultad Regional Buenos Aires,2026-05-26,,1,,1
120691,6248,43701050,Diego,Vega,M,2002-12-19,Argentina,2024,22,0,,1,2024.0,Tecnicatura Universitaria En Programación,Pregrado,3,,Facultad Regional Buenos Aires,2026-05-26,,1,,1
120773,85657,43721461,Ignacio,Medina,M,2001-09-12,Argentina,2020,19,0,,1,2020.0,Tecnicatura Universitaria En Programación,Pregrado,3,,Facultad Regional Buenos Aires,2026-05-26,,1,,1
120807,110378,43728303,Fernando,Vargas,M,2007-01-24,Argentina,2020,13,0,,1,2020.0,Ingeniería Química,Grado,5,,Facultad Regional Buenos Aires,2026-05-26,,1,,1
120864,78704,43738869,Matías,Rodríguez,M,2004-12-21,Argentina,2024,20,0,,1,2024.0,Tecnicatura Universitaria En Programación,Pregrado,3,,Facultad Regional Buenos Aires,2026-05-26,,1,,1
120866,110256,43738926,Gastón,Morales,M,2007-02-23,Argentina,2021,14,0,,1,2021.0,Tecnicatura Universitaria En Programación,Pregrado,3,,Facultad Regional Buenos Aires,2026-05-26,,1,,1
120889,267,43743305,Natalia,Castro,F,2006-03-17,No especificado,2020,14,0,,1,2020.0,Ingeniería Electrónica,Grado,5,,Facultad Regional Buenos Aires,2026-05-26,,1,,1
120913,115507,43746999,Iván,Santos,M,2007-06-30,Uruguaya,2020,13,0,,1,2020.0,Ingeniería Eléctrica,Grado,5,,Facultad Regional Buenos Aires,2026-05-26,,1,,1
120914,66680,43747216,Cristian,García,M,2003-01-01,Argentina,2020,17,0,,1,2020.0,Ingeniería Electrónica,Grado,5,,Facultad Regional Buenos Aires,2026-05-26,,1,,1
120919,128034,43747657,Leandro,Gómez,M,2006-01-10,Argentina,2020,14,0,,1,2020.0,Ingeniería Eléctrica,Grado,5,,Facultad Regional Buenos Aires,2026-05-26,,1,,1
120935,34975,43749662,Gonzalo,Rodríguez,M,2008-01-04,Argentina,2024,16,0,,1,2024.0,Tecnicatura Universitaria En Programación,Pregrado,3,,Facultad Regional Buenos Aires,2026-05-26,,1,,1
120946,11838,43751463,Santiago,Medina,M,2006-01-13,Argentina,2020,14,0,,1,2020.0,Tecnicatura Universitaria En Programación,Pregrado,3,,Facultad Regional Buenos Aires,2026-05-26,,1,,1
121083,56685,43779436,Sergio,Díaz,M,2002-04-13,Argentina,2020,18,0,,1,2020.0,Ingeniería Electrónica,Grado,5,,Facultad Regional Buenos Aires,2026-05-26,,1,,1
121206,68715,43805215,Alejandro,Sánchez,M,2006-11-25,Argentina,2020,14,0,,1,2020.0,Ingeniería Electrónica,Grado,5,,Facultad Regional Buenos Aires,2026-05-26,,1,,1
121225,64398,43808514,Gastón,González,M,2006-05-23,Argentina,2024,18,0,,1,2024.0,Tecnicatura Universitaria En Programación,Pregrado,3,,Facultad Regional Buenos Aires,2026-05-26,,1,,1
121272,32259,43815876,Fernando,Rodríguez,M,2001-05-19,Argentina,2024,23,0,,1,2024.0,Tecnicatura Universitaria En Programación,Pregrado,3,,Facultad Regional Buenos Aires,2026-05-26,,1,,1
121300,76374,43822202,Pablo,Rodríguez,M,2004-11-21,Argentina,2024,20,0,,1,2024.0,Tecnicatura Universitaria En Programación,Pregrado,3,,Facultad Regional Buenos Aires,2026-05-26,,1,,1
121315,56150,43826720,Tomás,Cruz,M,2003-12-01,Argentina,2020,17,0,,1,2020.0,Ingeniería Electrónica,Grado,5,,Facultad Regional Buenos Aires,2026-05-26,,1,,1
121323,127427,43827979,Mariela,Ramos,F,2006-10-05,Argentina,2024,18,0,,1,2024.0,Tecnicatura Universitaria En Programación,Pregrado,3,,Facultad Regional Buenos Aires,2026-05-26,,1,,1
121362,50808,43834607,Agustín,Vega,M,2002-08-26,Argentina,2020,18,0,,1,2020.0,Tecnicatura Universitaria En Programación,Pregrado,3,,Facultad Regional Buenos Aires,2026-05-26,,1,,1
121401,49021,43843527,Agustín,Benítez,M,2003-04-08,Uruguaya,2020,17,0,,1,2020.0,Ingeniería Eléctrica,Grado,5,,Facultad Regional Buenos Aires,2026-05-26,,1,,1
121411,46750,43844909,Pablo,Ruiz,M,2003-04-16,No especificado,2020,17,0,,1,2020.0,Ingeniería Química,Grado,5,,Facultad Regional Buenos Aires,2026-05-26,,1,,1
121414,87192,43845506,Valentina,Suárez,F,2005-02-28,Argentina,2024,19,0,,1,2024.0,Tecnicatura Universitaria En Programación,Pregrado,3,,Facultad Regional Buenos Aires,2026-05-26,,1,,1
121471,121840,43855581,Rodrigo,Álvarez,M,2007-03-21,Argentina,2024,17,0,,1,2024.0,Tecnicatura Universitaria En Programación,Pregrado,3,,Facultad Regional Buenos Aires,2026-05-26,,1,,1
121490,36143,43858863,Matías,Ojeda,M,2007-07-11,Argentina,2020,13,0,,1,2020.0,Ingeniería Aeronáutica,Grado,5,,Facultad Regional Buenos Aires,2026-05-26,,1,,1
121499,26690,43860892,Ramiro,Medina,M,2004-01-01,Argentina,2020,16,0,,1,2020.0,Ingeniería Aeronáutica,Grado,5,,Facultad Regional Buenos Aires,2026-05-26,,1,,1
121578,104247,43878411,Tomás,Álvarez,M,2005-12-25,Argentina,2020,15,0,,1,2020.0,Tecnicatura Universitaria En Programación,Pregrado,3,,Facultad Regional Buenos Aires,2026-05-26,,1,,1
121582,102897,43878712,Fernando,Molina,M,2007-02-09,Argentina,2024,17,0,,1,2024.0,Tecnicatura Universitaria En Programación,Pregrado,3,,Facultad Regional Buenos Aires,2026-05-26,,1,,1
121645,76952,43892583,Sergio,Cruz,M,2002-06-08,Argentina,2020,18,0,,1,2020.0,Ingeniería Eléctrica,Grado,5,,Facultad Regional Buenos Aires,2026-05-26,,1,,1
121658,95476,43894750,Ignacio,Pereira,M,2006-12-28,Colombiana,2021,15,0,,1,2021.0,Tecnicatura Universitaria En Programación,Pregrado,3,,Facultad Regional Buenos Aires,2026-05-26,,1,,1
121695,103141,43902010,Martín,Fernández,M,2000-10-09,Argentina,2024,24,0,,1,2024.0,Tecnicatura Universitaria En Programación,Pregrado,3,,Facultad Regional Buenos Aires,2026-05-26,,1,,1
121712,67013,43905132,Gastón Gastón,Herrera,M,2002-06-22,Argentina,2020,18,0,,1,2020.0,Ingeniería Química,Grado,5,,Facultad Regional Buenos Aires,2026-05-26,,1,,1
121719,34607,43907068,Facundo,Sánchez,M,2005-12-16,Argentina,2020,15,0,,1,2020.0,Ingeniería Electrónica,Grado,5,,Facultad Regional Buenos Aires,2026-05-26,,1,,1
121746,89952,43911562,Laura,Ruiz,F,2004-03-09,Argentina,2024,20,0,,1,2024.0,Tecnicatura Universitaria En Programación,Pregrado,3,,Facultad Regional Buenos Aires,2026-05-26,,1,,1
121815,83434,43924051,Agustín,Molina,M,2007-05-01,Argentina,2020,13,0,,1,2020.0,Tecnicatura Universitaria En Programación,Pregrado,3,,Facultad Regional Buenos Aires,2026-05-26,,1,,1
121852,42416,43931192,Lucas,Sánchez,M,2004-08-16,Argentina,2020,16,0,,1,2020.0,Ingeniería Mecánica,Grado,5,,Facultad Regional Buenos Aires,2026-05-26,,1,,1
121897,107154,43941517,Julián,Peralta,M,1999-05-07,Argentina,2024,25,0,,1,2024.0,Tecnicatura Universitaria En Programación,Pregrado,3,,Facultad Regional Buenos Aires,2026-05-26,,1,,1
121938,25665,43948388,Cecilia,Silva,F,2006-08-17,Boliviana,2024,18,0,,1,2024.0,Tecnicatura Universitaria En Programación,Pregrado,3,,Facultad Regional Buenos Aires,2026-05-26,,1,,1
121967,26579,43954154,Nicolás,Peralta,M,2004-03-26,Argentina,2020,16,0,,1,2020.0,Ingeniería Electrónica,Grado,5,,Facultad Regional Buenos Aires,2026-05-26,,1,,1
122036,121797,43964160,Claudio,Apaza,M,1999-02-04,Boliviana,2024,25,0,,1,2024.0,Tecnicatura Universitaria En Programación,Pregrado,3,,Facultad Regional Buenos Aires,2026-05-26,,1,,1
122037,73806,43964284,Maximiliano,Díaz,M,1995-06-30,Argentina,2024,29,0,,1,2024.0,Tecnicatura Universitaria En Programación,Pregrado,3,,Facultad Regional Buenos Aires,2026-05-26,,1,,1
122053,93626,43967688,Ignacio,Vera,M,2000-08-09,Argentina,2020,20,0,,1,2020.0,Ingeniería Mecánica,Grado,5,,Facultad Regional Buenos Aires,2026-05-26,,1,,1
122073,113437,43971427,Lucas,Gómez,M,2007-04-13,Argentina,2024,17,0,,1,2024.0,Tecnicatura Universitaria En Programación,Pregrado,3,,Facultad Regional Buenos Aires,2026-05-26,,1,,1
122076,66071,43972088,Andrea,Apaza,F,2003-06-25,Boliviana,2020,17,0,,1,2020.0,Ingeniería Química,Grado,5,,Facultad Regional Buenos Aires,2026-05-26,,1,,1
122096,44562,43975268,Emilio,Moreno,M,2004-11-02,Argentina,2020,16,0,,1,2020.0,Ingeniería Mecánica,Grado,5,,Facultad Regional Buenos Aires,2026-05-26,,1,,1
122187,32737,43994262,Emilio,Lima,M,2003-05-04,Peruana,2020,17,0,,1,2020.0,Ingeniería Electrónica,Grado,5,,Facultad Regional Buenos Aires,2026-05-26,,1,,1
122204,13847,43997765,Tomás,Pérez,M,2000-02-24,Argentina,2020,20,0,,1,2020.0,Ingeniería Mecánica,Grado,5,,Facultad Regional Buenos Aires,2026-05-26,,1,,1
122356,40288,44023757,Lucas,Mendoza,M,2002-05-18,Argentina,2020,18,0,,1,2020.0,Ingeniería Eléctrica,Grado,5,,Facultad Regional Buenos Aires,2026-05-26,,1,,1
122360,86504,44024773,Julián,Díaz,M,2002-01-01,Argentina,2020,18,0,,1,2020.0,Ingeniería Electrónica,Grado,5,,Facultad Regional Buenos Aires,2026-05-26,,1,,1
122393,80286,44031729,Alejandra,Vargas,F,2000-01-29,Argentina,2020,20,0,,1,2020.0,Ingeniería Química,Grado,5,,Facultad Regional Buenos Aires,2026-05-26,,1,,1
122397,14845,44031915,Gastón,Peralta,M,2007-01-08,Argentina,2020,13,0,,1,2020.0,Ingeniería Electrónica,Grado,5,,Facultad Regional Buenos Aires,2026-05-26,,1,,1
122401,17820,44033077,Gastón,Ruiz,M,2007-01-26,Argentina,2020,13,0,,1,2020.0,Ingeniería Química,Grado,5,,Facultad Regional Buenos Aires,2026-05-26,,1,,1
122458,44210,44045555,Fernando,Vega,M,2006-03-31,Argentina,2020,14,0,,1,2020.0,Ingeniería Mecánica,Grado,5,,Facultad Regional Buenos Aires,2026-05-26,,1,,1
122518,89975,44056812,Diego,Ruiz,M,2004-12-24,Argentina,2024,20,0,,1,2024.0,Tecnicatura Universitaria En Programación,Pregrado,3,,Facultad Regional Buenos Aires,2026-05-26,,1,,1
122520,47532,44056930,Verónica,Ríos,F,1997-06-13,Argentina,2020,23,0,,1,2020.0,Ingeniería Química,Grado,5,,Facultad Regional Buenos Aires,2026-05-26,,1,,1
122583,77463,44068162,Gonzalo,Mendoza,M,2006-04-03,Argentina,2024,18,0,,1,2024.0,Tecnicatura Universitaria En Programación,Pregrado,3,,Facultad Regional Buenos Aires,2026-05-26,,1,,1
122632,56942,44077770,Julián,Cruz,M,1994-02-02,Argentina,2020,26,0,,1,2020.0,Tecnicatura Universitaria En Programación,Pregrado,3,,Facultad Regional Buenos Aires,2026-05-26,,1,,1
122646,74284,44081355,Claudio,Ramos,M,2004-12-31,Argentina,2020,16,0,,1,2020.0,Ingeniería Química,Grado,5,,Facultad Regional Buenos Aires,2026-05-26,,1,,1
122658,64865,44082976,Leandro,Rodríguez,M,1998-12-02,Argentina,2020,22,0,,1,2020.0,Ingeniería Electrónica,Grado,5,,Facultad Regional Buenos Aires,2026-05-26,,1,,1
122753,102382,44100576,Lucas,Carrizo,M,2004-08-23,Argentina,2021,17,0,,1,2021.0,Tecnicatura Universitaria En Programación,Pregrado,3,,Facultad Regional Buenos Aires,2026-05-26,,1,,1
122801,101915,44107239,Hernán,Fernández,M,2004-06-13,Argentina,2024,20,0,,1,2024.0,Tecnicatura Universitaria En Programación,Pregrado,3,,Facultad Regional Buenos Aires,2026-05-26,,1,,1
122895,15594,44125745,Sebastián,Suárez,M,2000-01-30,Argentina,2020,20,0,,1,2020.0,Ingeniería Aeronáutica,Grado,5,,Facultad Regional Buenos Aires,2026-05-26,,1,,1
122928,110628,44131514,Santiago,Ruiz,M,2006-11-16,Argentina,2020,14,0,,1,2020.0,Ingeniería Electrónica,Grado,5,,Facultad Regional Buenos Aires,2026-05-26,,1,,1
122951,35160,44134725,Matías,Martínez,M,2007-02-20,Argentina,2020,13,0,,1,2020.0,Ingeniería Mecánica,Grado,5,,Facultad Regional Buenos Aires,2026-05-26,,1,,1
122967,24717,44138171,Alejandro,Ojeda,M,2002-04-19,Argentina,2020,18,0,,1,2020.0,Ingeniería Mecánica,Grado,5,,Facultad Regional Buenos Aires,2026-05-26,,1,,1
123088,31933,44160740,Leandro Leandro,Ortega,M,1998-06-18,Argentina,2020,22,0,,1,2020.0,Ingeniería Aeronáutica,Grado,5,,Facultad Regional Buenos Aires,2026-05-26,,1,,1
123163,31849,44173936,Leandro,Vargas,M,1995-07-19,Argentina,2021,26,0,,1,2021.0,Tecnicatura Universitaria En Programación,Pregrado,3,,Facultad Regional Buenos Aires,2026-05-26,,1,,1
123187,92929,44177786,Ignacio,Torres,M,2000-03-31,Argentina,2024,24,0,,1,2024.0,Tecnicatura Universitaria En Programación,Pregrado,3,,Facultad Regional Buenos Aires,2026-05-26,,1,,1
123202,80283,44179832,Agustín,Díaz,M,2005-03-21,Colombiana,2020,15,0,,1,2020.0,Ingeniería Electrónica,Grado,5,,Facultad Regional Buenos Aires,2026-05-26,,1,,1
123203,36330,44179864,Cristian,Castro,M,2003-01-01,No especificado,2024,21,0,,1,2024.0,Tecnicatura Universitaria En Programación,Pregrado,3,,Facultad Regional Buenos Aires,2026-05-26,,1,,1
123206,26564,44180415,Federico,Acosta,M,2003-12-01,Argentina,2020,17,0,,1,2020.0,Ingeniería Mecánica,Grado,5,,Facultad Regional Buenos Aires,2026-05-26,,1,,1
123343,87946,44209718,Maximiliano,Cabrera,M,2007-05-16,Argentina,2024,17,0,,1,2024.0,Tecnicatura Universitaria En Programación,Pregrado,3,,Facultad Regional Buenos Aires,2026-05-26,,1,,1
123367,115836,44214747,Santiago,Rojas,M,2001-08-13,Argentina,2021,20,0,,1,2021.0,Tecnicatura Universitaria En Programación,Pregrado,3,,Facultad Regional Buenos Aires,2026-05-26,,1,,1
123374,59546,44216310,Sabrina,Cruz,F,2000-12-06,Argentina,2024,24,0,,1,2024.0,Tecnicatura Universitaria En Programación,Pregrado,3,,Facultad Regional Buenos Aires,2026-05-26,,1,,1
123379,119047,44217149,Emilio,Herrera,M,2005-07-29,Argentina,2020,15,0,,1,2020.0,Ingeniería Electrónica,Grado,5,,Facultad Regional Buenos Aires,2026-05-26,,1,,1
123411,92590,44224544,Patricia,Vega,F,2003-09-16,Argentina,2020,17,0,,1,2020.0,Ingeniería Química,Grado,5,,Facultad Regional Buenos Aires,2026-05-26,,1,,1
123445,24209,44229839,Patricia,Ledesma,F,2000-12-30,Argentina,2020,20,0,,1,2020.0,Ingeniería Aeronáutica,Grado,5,,Facultad Regional Buenos Aires,2026-05-26,,1,,1
123611,89004,44263116,Agustín,Castro,M,2007-03-02,Argentina,2020,13,0,,1,2020.0,Ingeniería Aeronáutica,Grado,5,,Facultad Regional Buenos Aires,2026-05-26,,1,,1
123686,126825,44276183,Ezequiel,Rodríguez,M,2004-10-11,Argentina,2020,16,0,,1,2020.0,Ingeniería Eléctrica,Grado,5,,Facultad Regional Buenos Aires,2026-05-26,,1,,1
123752,68165,44287477,Federico,Romero,M,2007-07-03,Argentina,2021,14,0,,1,2021.0,Tecnicatura Universitaria En Programación,Pregrado,3,,Facultad Regional Buenos Aires,2026-05-26,,1,,1
123779,115568,44291911,Ramiro,Romero,M,2007-12-03,Argentina,2020,13,0,,1,2020.0,Ingeniería Mecánica,Grado,5,,Facultad Regional Buenos Aires,2026-05-26,,1,,1
123833,38250,44301749,Pablo,Carrizo,M,2007-10-12,Argentina,2020,13,0,,1,2020.0,Tecnicatura Universitaria En Programación,Pregrado,3,,Facultad Regional Buenos Aires,2026-05-26,,1,,1
123980,84095,44332856,Facundo,Villalba,M,2006-04-10,Peruana,2020,14,0,,1,2020.0,Ingeniería Mecánica,Grado,5,,Facultad Regional Buenos Aires,2026-05-26,,1,,1
123983,94399,44333417,Agustín,Pereira,M,2000-10-25,Brasileña,2020,20,0,,1,2020.0,Tecnicatura Universitaria En Programación,Pregrado,3,,Facultad Regional Buenos Aires,2026-05-26,,1,,1
124013,42383,44338201,Gastón,Herrera,M,2002-05-08,Argentina,2020,18,0,,1,2020.0,Tecnicatura Universitaria En Programación,Pregrado,3,,Facultad Regional Buenos Aires,2026-05-26,,1,,1
124064,80790,44347894,Gastón,Ledesma,M,2003-02-21,Argentina,2020,17,0,,1,2020.0,Ingeniería Aeronáutica,Grado,5,,Facultad Regional Buenos Aires,2026-05-26,,1,,1
124088,28443,44352372,Alejandro,Martínez,M,2003-11-11,Argentina,2024,21,0,,1,2024.0,Tecnicatura Universitaria En Programación,Pregrado,3,,Facultad Regional Buenos Aires,2026-05-26,,1,,1
124106,117251,44357217,Lucas,Lima,M,2005-11-24,Peruana,2020,15,0,,1,2020.0,Ingeniería Mecánica,Grado,5,,Facultad Regional Buenos Aires,2026-05-26,,1,,1
124169,57279,44365897,Noelia,Vega,F,2001-04-07,Argentina,2020,19,0,,1,2020.0,Ingeniería Eléctrica,Grado,5,,Facultad Regional Buenos Aires,2026-05-26,,1,,1
124171,55725,44366742,Lucas,Ortega,M,2003-01-17,Argentina,2020,17,0,,1,2020.0,Tecnicatura Universitaria En Programación,Pregrado,3,,Facultad Regional Buenos Aires,2026-05-26,,1,,1
124307,63498,44390739,Ezequiel,Peralta,M,2006-04-05,Argentina,2020,14,0,,1,2020.0,Ingeniería Mecánica,Grado,5,,Facultad Regional Buenos Aires,2026-05-26,,1,,1
124345,22397,44395474,Hernán,Vega,M,2001-03-11,Argentina,2024,23,0,,1,2024.0,Tecnicatura Universitaria En Programación,Pregrado,3,,Facultad Regional Buenos Aires,2026-05-26,,1,,1
124347,78604,44396124,Santiago,Rodríguez,M,2001-02-25,Argentina,2020,19,0,,1,2020.0,Ingeniería Eléctrica,Grado,5,,Facultad Regional Buenos Aires,2026-05-26,,1,,1
124349,92444,44396374,Florencia,Souza,F,1998-02-12,Paraguaya,2020,22,0,,1,2020.0,Tecnicatura Universitaria En Programación,Pregrado,3,,Facultad Regional Buenos Aires,2026-05-26,,1,,1
124483,52221,44420741,Martín,López,M,2001-04-22,Argentina,2020,19,0,,1,2020.0,Ingeniería Eléctrica,Grado,5,,Facultad Regional Buenos Aires,2026-05-26,,1,,1
124495,34988,44422712,Damián,Pérez,M,2000-04-07,Argentina,2020,20,0,,1,2020.0,Ingeniería Mecánica,Grado,5,,Facultad Regional Buenos Aires,2026-05-26,,1,,1
124562,28683,44435732,Carolina,Reyes,F,2004-06-24,Argentina,2024,20,0,,1,2024.0,Tecnicatura Universitaria En Programación,Pregrado,3,,Facultad Regional Buenos Aires,2026-05-26,,1,,1
124607,44455,44447127,Sebastián,Rodríguez,M,2004-03-12,Argentina,2020,16,0,,1,2020.0,Ingeniería Electrónica,Grado,5,,Facultad Regional Buenos Aires,2026-05-26,,1,,1
124609,80973,44447271,Rodrigo,Ledesma,M,2004-08-15,Argentina,2020,16,0,,1,2020.0,Ingeniería Electrónica,Grado,5,,Facultad Regional Buenos Aires,2026-05-26,,1,,1
124661,102119,44456865,Hernán,Cruz,M,2005-09-30,Argentina,2020,15,0,,1,2020.0,Ingeniería Eléctrica,Grado,5,,Facultad Regional Buenos Aires,2026-05-26,,1,,1
124705,90481,44465804,Martín,Oliveira,M,2003-04-18,Colombiana,2020,17,0,,1,2020.0,Ingeniería Mecánica,Grado,5,,Facultad Regional Buenos Aires,2026-05-26,,1,,1
124792,60669,44483567,Nicolás,Vega,M,2003-12-16,Argentina,2024,21,0,,1,2024.0,Tecnicatura Universitaria En Programación,Pregrado,3,,Facultad Regional Buenos Aires,2026-05-26,,1,,1
124888,39991,44499544,Romina,Martínez,F,1999-01-01,No especificado,2020,21,0,,1,2020.0,Ingeniería Mecánica,Grado,5,,Facultad Regional Buenos Aires,2026-05-26,,1,,1
124894,91535,44501350,Andrea,Cruz,F,2003-01-26,Argentina,2021,18,0,,1,2021.0,Tecnicatura Universitaria En Programación,Pregrado,3,,Facultad Regional Buenos Aires,2026-05-26,,1,,1
125011,6513,44520438,Santiago,Vega,M,1999-08-06,Argentina,2020,21,0,,1,2020.0,Ingeniería Electrónica,Grado,5,,Facultad Regional Buenos Aires,2026-05-26,,1,,1
125030,125902,44523369,Rodrigo,Sánchez,M,2004-06-08,Argentina,2024,20,0,,1,2024.0,Tecnicatura Universitaria En Programación,Pregrado,3,,Facultad Regional Buenos Aires,2026-05-26,,1,,1
125065,49220,44528341,Claudio,Bogado,M,2001-10-12,Peruana,2024,23,0,,1,2024.0,Tecnicatura Universitaria En Programación,Pregrado,3,,Facultad Regional Buenos Aires,2026-05-26,,1,,1
125146,4773,44545564,Tomás,Bogado,M,2005-02-23,Colombiana,2020,15,0,,1,2020.0,Ingeniería Mecánica,Grado,5,,Facultad Regional Buenos Aires,2026-05-26,,1,,1
125152,28342,44546464,Lucas,Ojeda,M,2002-08-08,Argentina,2021,19,0,,1,2021.0,Tecnicatura Universitaria En Programación,Pregrado,3,,Facultad Regional Buenos Aires,2026-05-26,,1,,1
125153,82597,44546758,Pablo,Silva,M,2007-10-09,Boliviana,2024,17,0,,1,2024.0,Tecnicatura Universitaria En Programación,Pregrado,3,,Facultad Regional Buenos Aires,2026-05-26,,1,,1
125161,75485,44548719,Laura,Pérez,F,2007-04-06,Argentina,2020,13,0,,1,2020.0,Tecnicatura Universitaria En Programación,Pregrado,3,,Facultad Regional Buenos Aires,2026-05-26,,1,,1
125195,88611,44556464,Leandro,Díaz,M,2005-01-20,Argentina,2024,19,0,,1,2024.0,Tecnicatura Universitaria En Programación,Pregrado,3,,Facultad Regional Buenos Aires,2026-05-26,,1,,1
125232,7023,44564155,Sebastián,Martínez,M,2001-08-22,Argentina,2020,19,0,,1,2020.0,Ingeniería Mecánica,Grado,5,,Facultad Regional Buenos Aires,2026-05-26,,1,,1
125302,103127,44577021,Nicolás,López,M,1998-07-30,Argentina,2020,22,0,,1,2020.0,Ingeniería Eléctrica,Grado,5,,Facultad Regional Buenos Aires,2026-05-26,,1,,1
125445,129095,44608116,Lucas,López,M,2003-10-18,Argentina,2024,21,0,,1,2024.0,Tecnicatura Universitaria En Programación,Pregrado,3,,Facultad Regional Buenos Aires,2026-05-26,,1,,1
125482,22089,44615635,Tomás,Díaz,M,2001-09-12,Colombiana,2020,19,0,,1,2020.0,Ingeniería Mecánica,Grado,5,,Facultad Regional Buenos Aires,2026-05-26,,1,,1
125492,35852,44617461,Alejandro,Ramírez,M,2005-11-02,Argentina,2020,15,0,,1,2020.0,Ingeniería Eléctrica,Grado,5,,Facultad Regional Buenos Aires,2026-05-26,,1,,1
125680,24097,44656484,Cristian,Reyes,M,2005-02-19,Argentina,2024,19,0,,1,2024.0,Tecnicatura Universitaria En Programación,Pregrado,3,,Facultad Regional Buenos Aires,2026-05-26,,1,,1
125712,7121,44664279,Emilio,Mendoza,M,1998-09-18,Argentina,2020,22,0,,1,2020.0,Ingeniería Mecánica,Grado,5,,Facultad Regional Buenos Aires,2026-05-26,,1,,1
125736,73903,44670263,Nicolás,Torres,M,2000-06-24,Argentina,2020,20,0,,1,2020.0,Ingeniería Eléctrica,Grado,5,,Facultad Regional Buenos Aires,2026-05-26,,1,,1
125778,50763,44678399,Nicolás,Ríos,M,2001-09-10,Argentina,2020,19,0,,1,2020.0,Tecnicatura Universitaria En Programación,Pregrado,3,,Facultad Regional Buenos Aires,2026-05-26,,1,,1
125821,91273,44684791,Paola,López,F,2005-03-10,Argentina,2020,15,0,,1,2020.0,Ingeniería Electrónica,Grado,5,,Facultad Regional Buenos Aires,2026-05-26,,1,,1
125863,2041,44693634,Pablo,Oliveira,M,2005-08-20,Paraguaya,2021,16,0,,1,2021.0,Tecnicatura Universitaria En Programación,Pregrado,3,,Facultad Regional Buenos Aires,2026-05-26,,1,,1
125880,15791,44696212,Lucas,Rodríguez,M,1999-04-11,Argentina,2020,21,0,,1,2020.0,Tecnicatura Universitaria En Programación,Pregrado,3,,Facultad Regional Buenos Aires,2026-05-26,,1,,1
125992,72258,44718662,Cristian,Lima,M,2004-11-07,Boliviana,2020,16,0,,1,2020.0,Ingeniería Mecánica,Grado,5,,Facultad Regional Buenos Aires,2026-05-26,,1,,1
126014,84141,44723989,Claudio,Díaz,M,2000-09-01,Argentina,2020,20,0,,1,2020.0,Tecnicatura Universitaria En Programación,Pregrado,3,,Facultad Regional Buenos Aires,2026-05-26,,1,,1
126130,36451,44746599,Tomás,Rojas,M,2006-03-13,Argentina,2024,18,0,,1,2024.0,Tecnicatura Universitaria En Programación,Pregrado,3,,Facultad Regional Buenos Aires,2026-05-26,,1,,1
126180,80764,44757352,Ignacio,Martínez,M,2003-03-30,Argentina,2020,17,0,,1,2020.0,Ingeniería Electrónica,Grado,5,,Facultad Regional Buenos Aires,2026-05-26,,1,,1
126208,95974,44761447,Claudio,Ruiz,M,2006-07-09,Argentina,2020,14,0,,1,2020.0,Ingeniería Eléctrica,Grado,5,,Facultad Regional Buenos Aires,2026-05-26,,1,,1
126227,13920,44765297,Jimena,López,F,2007-01-01,Argentina,2024,17,0,,1,2024.0,Tecnicatura Universitaria En Programación,Pregrado,3,,Facultad Regional Buenos Aires,2026-05-26,,1,,1
126273,123302,44772412,Lucas,Oliveira,M,2004-10-04,Paraguaya,2020,16,0,,1,2020.0,Ingeniería Electrónica,Grado,5,,Facultad Regional Buenos Aires,2026-05-26,,1,,1
126298,50608,44778184,Maximiliano,Martínez,M,2003-03-26,Argentina,2024,21,0,,1,2024.0,Tecnicatura Universitaria En Programación,Pregrado,3,,Facultad Regional Buenos Aires,2026-05-26,,1,,1
126310,49406,44779873,Santiago,García,M,2007-09-08,Argentina,2020,13,0,,1,2020.0,Ingeniería Electrónica,Grado,5,,Facultad Regional Buenos Aires,2026-05-26,,1,,1
126432,104151,44800283,Maximiliano,Ojeda,M,2007-08-26,Argentina,2020,13,0,,1,2020.0,Ingeniería Química,Grado,5,,Facultad Regional Buenos Aires,2026-05-26,,1,,1
126603,97646,44838539,Julián,Torres,M,2003-07-25,Argentina,2024,21,0,,1,2024.0,Tecnicatura Universitaria En Programación,Pregrado,3,,Facultad Regional Buenos Aires,2026-05-26,,1,,1
126640,111003,44847671,Fernando,González,M,2005-01-12,Argentina,2021,16,0,,1,2021.0,Tecnicatura Universitaria En Programación,Pregrado,3,,Facultad Regional Buenos Aires,2026-05-26,,1,,1
126703,73448,44859430,Fernando,Ramírez,M,1999-03-17,Argentina,2020,21,0,,1,2020.0,Ingeniería Mecánica,Grado,5,,Facultad Regional Buenos Aires,2026-05-26,,1,,1
126730,88588,44863507,Iván,Martínez,M,2002-04-24,Argentina,2020,18,0,,1,2020.0,Ingeniería Aeronáutica,Grado,5,,Facultad Regional Buenos Aires,2026-05-26,,1,,1
126733,12967,44864958,Sebastián,Molina,M,1998-05-18,Argentina,2021,23,0,,1,2021.0,Tecnicatura Universitaria En Programación,Pregrado,3,,Facultad Regional Buenos Aires,2026-05-26,,1,,1
126742,33658,44867710,Gonzalo,Rodríguez,M,2003-01-01,Argentina,2024,21,0,,1,2024.0,Tecnicatura Universitaria En Programación,Pregrado,3,,Facultad Regional Buenos Aires,2026-05-26,,1,,1
126758,113694,44870269,Maximiliano,Ortega,M,2006-10-19,Argentina,2020,14,0,,1,2020.0,Ingeniería Eléctrica,Grado,5,,Facultad Regional Buenos Aires,2026-05-26,,1,,1
126807,57502,44880201,Damián,Acosta,M,2001-02-25,Argentina,2024,23,0,,1,2024.0,Tecnicatura Universitaria En Programación,Pregrado,3,,Facultad Regional Buenos Aires,2026-05-26,,1,,1
126896,20574,44897083,Sebastián,Vega,M,2005-10-14,Argentina,2024,19,0,,1,2024.0,Tecnicatura Universitaria En Programación,Pregrado,3,,Facultad Regional Buenos Aires,2026-05-26,,1,,1
126912,27217,44900466,Maximiliano,Sánchez,M,2005-08-23,Argentina,2020,15,0,,1,2020.0,Ingeniería Mecánica,Grado,5,,Facultad Regional Buenos Aires,2026-05-26,,1,,1
126996,61981,44917148,Ignacio,Suárez,M,2002-04-04,Argentina,2020,18,0,,1,2020.0,Ingeniería Eléctrica,Grado,5,,Facultad Regional Buenos Aires,2026-05-26,,1,,1
127131,70033,44943364,Fernando Fernando,Cruz,M,2006-05-30,Argentina,2020,14,0,,1,2020.0,Tecnicatura Universitaria En Programación,Pregrado,3,,Facultad Regional Buenos Aires,2026-05-26,,1,,1
127146,89031,44945383,Sergio,Ortega,M,2007-01-15,Argentina,2020,13,0,,1,2020.0,Ingeniería Mecánica,Grado,5,,Facultad Regional Buenos Aires,2026-05-26,,1,,1
127386,72220,44990707,Diego,García,M,2002-08-07,Argentina,2020,18,0,,1,2020.0,Ingeniería Eléctrica,Grado,5,,Facultad Regional Buenos Aires,2026-05-26,,1,,1
