"1","1","C1","Tarde","B02","45","Mat1001","Análisis Matemático I","60","30","0","1","Sofía Valentina","Vega","Magíster En Ciencias De La Computación","Adjunto","Semi-Exclusiva","Ingeniería En Sistemas De Información","Facultad Regional Buenos Aires","Buenos Aires","Buenos Aires","2026-05-26",\N,"1"
"2","2","C2","Noche","A09","40","Mat1001","Análisis Matemático I","60","30","0","1","Silvina Beatriz","Fernández","Ingeniera Electrónica","Adjunto","Semi-Exclusiva","Ingeniería Electrónica","Facultad Regional Buenos Aires","Buenos Aires","Buenos Aires","2026-05-26",\N,"1"
"3","3","C1","Mañana","D09","80","Mat1001","Análisis Matemático I","60","30","0","1","Sofía Valentina","Vega","Magíster En Ciencias De La Computación","Adjunto","Semi-Exclusiva","Ingeniería En Sistemas De Información","Facultad Regional Buenos Aires","Buenos Aires","Buenos Aires","2026-05-26",\N,"1"
"4","4","C2","Noche","D04","35","Mat1001","Análisis Matemático I","60","30","0","1","María Elena","Rodríguez","Doctora En Ciencias De La Computación","Titular","Exclusiva","Ingeniería En Sistemas De Información","Facultad Regional Buenos Aires","Buenos Aires","Buenos Aires","2026-05-26",\N,"1"
"5","5","C1","Noche","B16","30","Mat1002","Álgebra Y Geometría Analítica","60","30","0","1","Nicolás Emilio","Suárez","Magíster En Redes","Adjunto","Semi-Exclusiva","Ingeniería En Sistemas De Información","Facultad Regional Buenos Aires","Buenos Aires","Buenos Aires","2026-05-26",\N,"1"
"6","6","C2","Tarde","D08","45","Mat1002","Álgebra Y Geometría Analítica","60","30","0","1","Fernando Daniel","Reyes","Doctor En Física","Asociado","Semi-Exclusiva","Ciencias Básicas","Facultad Regional Buenos Aires","Buenos Aires","Buenos Aires","2026-05-26",\N,"1"
"7","7","C1","Noche","A20","35","Mat1002","Álgebra Y Geometría Analítica","60","30","0","1","Mariana Soledad","Pereira","Magíster En Matemática","Adjunto","Semi-Exclusiva","Ciencias Básicas","Facultad Regional Buenos Aires","Buenos Aires","Buenos Aires","2026-05-26",\N,"1"
"8","8","C2","Noche","C09","40","Mat1002","Álgebra Y Geometría Analítica","60","30","0","1","Leandro Damián","Acosta","Doctor En Ingeniería Civil","Titular","Exclusiva","Ingeniería Civil","Facultad Regional Buenos Aires","Buenos Aires","Buenos Aires","2026-05-26",\N,"1"
"9","9","C1","Mañana","B18","30","Fis1001","Física I","45","30","15","1","Facundo Ezequiel","Jiménez","Magíster En Ciencias De La Computación","Adjunto","Semi-Exclusiva","Ingeniería En Sistemas De Información","Facultad Regional Buenos Aires","Buenos Aires","Buenos Aires","2026-05-26",\N,"1"
"10","10","C2","Noche","B11","30","Fis1001","Física I","45","30","15","1","Carolina Florencia","Díaz","Ingeniera Civil","Adjunto","Simple","Ingeniería Civil","Facultad Regional Buenos Aires","Buenos Aires","Buenos Aires","2026-05-26",\N,"1"
"11","11","C1","Noche","B18","40","Fis1001","Física I","45","30","15","1","Rodrigo Matías","Campos","Ingeniero En Sistemas","Adjunto","Simple","Ingeniería En Sistemas De Información","Facultad Regional Buenos Aires","Buenos Aires","Buenos Aires","2026-05-26",\N,"1"
"12","12","C2","Mañana","B16","45","Fis1001","Física I","45","30","15","1","Sofía Valentina","Vega","Magíster En Ciencias De La Computación","Adjunto","Semi-Exclusiva","Ingeniería En Sistemas De Información","Facultad Regional Buenos Aires","Buenos Aires","Buenos Aires","2026-05-26",\N,"1"
"13","13","C1","Tarde","L04","40","Qui1001","Química General","30","15","30","1","Héctor Luis","González","Doctor En Física","Titular","Exclusiva","Ciencias Básicas","Facultad Regional Buenos Aires","Buenos Aires","Buenos Aires","2026-05-26",\N,"1"
"14","14","C2","Noche","D09","30","Qui1001","Química General","30","15","30","1","Carolina Florencia","Díaz","Ingeniera Civil","Adjunto","Simple","Ingeniería Civil","Facultad Regional Buenos Aires","Buenos Aires","Buenos Aires","2026-05-26",\N,"1"
"15","15","C1","Noche","C10","35","Qui1001","Química General","30","15","30","1","Roberto Augusto","López","Ingeniero Civil","Asociado","Semi-Exclusiva","Ingeniería Civil","Facultad Regional Buenos Aires","Buenos Aires","Buenos Aires","2026-05-26",\N,"1"
"16","16","C2","Tarde","B04","50","Qui1001","Química General","30","15","30","1","Luciana Paola","Moreno","Ingeniera Química","Adjunto","Simple","Ingeniería Química","Facultad Regional Buenos Aires","Buenos Aires","Buenos Aires","2026-05-26",\N,"1"
"17","17","C1","Noche","D07","40","Mat2001","Análisis Matemático Ii","60","30","0","2","Facundo Ezequiel","Jiménez","Magíster En Ciencias De La Computación","Adjunto","Semi-Exclusiva","Ingeniería En Sistemas De Información","Facultad Regional Buenos Aires","Buenos Aires","Buenos Aires","2026-05-26",\N,"1"
"18","18","C2","Noche","L19","40","Mat2001","Análisis Matemático Ii","60","30","0","2","Gabriela Inés","Flores","Magíster En Sistemas De Información","Asociado","Semi-Exclusiva","Ingeniería En Sistemas De Información","Facultad Regional Buenos Aires","Buenos Aires","Buenos Aires","2026-05-26",\N,"1"
"19","19","C1","Noche","L07","35","Mat2001","Análisis Matemático Ii","60","30","0","2","Alejandra Cecilia","Romero","Doctora En Ingeniería Industrial","Asociado","Semi-Exclusiva","Ingeniería Industrial","Facultad Regional Buenos Aires","Buenos Aires","Buenos Aires","2026-05-26",\N,"1"
"20","20","C2","Noche","C10","50","Mat2001","Análisis Matemático Ii","60","30","0","2","María Elena","Rodríguez","Doctora En Ciencias De La Computación","Titular","Exclusiva","Ingeniería En Sistemas De Información","Facultad Regional Buenos Aires","Buenos Aires","Buenos Aires","2026-05-26",\N,"1"
"21","21","C1","Mañana","C13","35","Mat2002","Probabilidad Y Estadística","45","30","0","2","Tomás Agustín","Domínguez","Magíster En Electrónica","Adjunto","Semi-Exclusiva","Ingeniería Electrónica","Facultad Regional Buenos Aires","Buenos Aires","Buenos Aires","2026-05-26",\N,"1"
"22","22","C2","Noche","C19","80","Mat2002","Probabilidad Y Estadística","45","30","0","2","Silvina Beatriz","Fernández","Ingeniera Electrónica","Adjunto","Semi-Exclusiva","Ingeniería Electrónica","Facultad Regional Buenos Aires","Buenos Aires","Buenos Aires","2026-05-26",\N,"1"
"23","23","C1","Noche","D08","50","Mat2002","Probabilidad Y Estadística","45","30","0","2","Cristian Ariel","Ortega","Ingeniero Mecánico","Adjunto","Simple","Ingeniería Mecánica","Facultad Regional Buenos Aires","Buenos Aires","Buenos Aires","2026-05-26",\N,"1"
"24","24","C2","Tarde","L02","35","Mat2002","Probabilidad Y Estadística","45","30","0","2","Rodrigo Matías","Campos","Ingeniero En Sistemas","Adjunto","Simple","Ingeniería En Sistemas De Información","Facultad Regional Buenos Aires","Buenos Aires","Buenos Aires","2026-05-26",\N,"1"
"25","25","C1","Mañana","D02","30","Fis2001","Física Ii","45","30","15","2","Florencia Daniela","Cabrera","Doctora En Ingeniería","Asociado","Semi-Exclusiva","Ingeniería Civil","Facultad Regional Buenos Aires","Buenos Aires","Buenos Aires","2026-05-26",\N,"1"
"26","26","C2","Noche","C01","30","Fis2001","Física Ii","45","30","15","2","Gustavo Raúl","Medina","Doctor En Matemática","Titular","Exclusiva","Ciencias Básicas","Facultad Regional Buenos Aires","Buenos Aires","Buenos Aires","2026-05-26",\N,"1"
"27","27","C1","Tarde","A04","80","Fis2001","Física Ii","45","30","15","2","Héctor Luis","González","Doctor En Física","Titular","Exclusiva","Ciencias Básicas","Facultad Regional Buenos Aires","Buenos Aires","Buenos Aires","2026-05-26",\N,"1"
"28","28","C2","Mañana","A07","60","Fis2001","Física Ii","45","30","15","2","Sandra Mabel","Fuentes","Magíster En Sistemas Embebidos","Adjunto","Semi-Exclusiva","Ingeniería Electrónica","Facultad Regional Buenos Aires","Buenos Aires","Buenos Aires","2026-05-26",\N,"1"
"29","29","C2","Tarde","C14","45","Mat3001","Análisis Matemático Iii","45","30","0","3","Florencia Daniela","Cabrera","Doctora En Ingeniería","Asociado","Semi-Exclusiva","Ingeniería Civil","Facultad Regional Buenos Aires","Buenos Aires","Buenos Aires","2026-05-26",\N,"1"
"30","30","C2","Noche","A01","50","Mat3001","Análisis Matemático Iii","45","30","0","3","Susana Graciela","Ríos","Ingeniera Industrial","Adjunto","Simple","Ingeniería Industrial","Facultad Regional Buenos Aires","Buenos Aires","Buenos Aires","2026-05-26",\N,"1"
"31","31","C1","Noche","D15","80","Civ1001","Topografía","30","15","30","1","Carlos Alberto","García","Ingeniero En Sistemas","Titular","Exclusiva","Ingeniería En Sistemas De Información","Facultad Regional Buenos Aires","Buenos Aires","Buenos Aires","2026-05-26",\N,"1"
"32","32","C2","Noche","B20","40","Civ1001","Topografía","30","15","30","1","Gustavo Raúl","Medina","Doctor En Matemática","Titular","Exclusiva","Ciencias Básicas","Facultad Regional Buenos Aires","Buenos Aires","Buenos Aires","2026-05-26",\N,"1"
"33","33","C1","Tarde","A05","60","Civ1001","Topografía","30","15","30","1","Sebastián Nicolás","Álvarez","Magíster En Gestión De Proyectos","Adjunto","Semi-Exclusiva","Ingeniería Industrial","Facultad Regional Buenos Aires","Buenos Aires","Buenos Aires","2026-05-26",\N,"1"
"34","34","C2","Noche","A06","60","Civ1001","Topografía","30","15","30","1","Sandra Mabel","Fuentes","Magíster En Sistemas Embebidos","Adjunto","Semi-Exclusiva","Ingeniería Electrónica","Facultad Regional Buenos Aires","Buenos Aires","Buenos Aires","2026-05-26",\N,"1"
"35","35","C1","Tarde","L10","50","Civ2001","Mecánica De Suelos","30","15","30","2","Roberto Augusto","López","Ingeniero Civil","Asociado","Semi-Exclusiva","Ingeniería Civil","Facultad Regional Buenos Aires","Buenos Aires","Buenos Aires","2026-05-26",\N,"1"
"36","36","C2","Noche","D15","40","Civ2001","Mecánica De Suelos","30","15","30","2","Natalia Belén","Castro","Magíster En Telecomunicaciones","Adjunto","Semi-Exclusiva","Ingeniería Electrónica","Facultad Regional Buenos Aires","Buenos Aires","Buenos Aires","2026-05-26",\N,"1"
"37","37","C1","Noche","A19","80","Civ2001","Mecánica De Suelos","30","15","30","2","Cristian Ariel","Ortega","Ingeniero Mecánico","Adjunto","Simple","Ingeniería Mecánica","Facultad Regional Buenos Aires","Buenos Aires","Buenos Aires","2026-05-26",\N,"1"
"38","38","C2","Noche","L17","35","Civ2001","Mecánica De Suelos","30","15","30","2","Pilar Estela","Molina","Ingeniera Civil","Adjunto","Simple","Ingeniería Civil","Facultad Regional Buenos Aires","Buenos Aires","Buenos Aires","2026-05-26",\N,"1"
"39","39","C2","Noche","B03","50","Civ3001","Estructuras","45","30","15","3","Pilar Estela","Molina","Ingeniera Civil","Adjunto","Simple","Ingeniería Civil","Facultad Regional Buenos Aires","Buenos Aires","Buenos Aires","2026-05-26",\N,"1"
"40","40","C1","Noche","B19","80","Civ3001","Estructuras","45","30","15","3","Mónica Patricia","Serrano","Doctora En Química Industrial","Asociado","Semi-Exclusiva","Ingeniería Química","Facultad Regional Buenos Aires","Buenos Aires","Buenos Aires","2026-05-26",\N,"1"
"41","41","C2","Tarde","L05","60","Civ3001","Estructuras","45","30","15","3","Jorge Osvaldo","Sánchez","Magíster En Ingeniería Industrial","Titular","Semi-Exclusiva","Ingeniería Industrial","Facultad Regional Buenos Aires","Buenos Aires","Buenos Aires","2026-05-26",\N,"1"
"42","42","C1","Tarde","L06","45","Civ4001","Hidráulica","30","15","30","4","Leandro Damián","Acosta","Doctor En Ingeniería Civil","Titular","Exclusiva","Ingeniería Civil","Facultad Regional Buenos Aires","Buenos Aires","Buenos Aires","2026-05-26",\N,"1"
"43","43","C1","Tarde","L15","35","Civ4001","Hidráulica","30","15","30","4","Ana Paula","Martínez","Magíster En Matemática Aplicada","Adjunto","Simple","Ciencias Básicas","Facultad Regional Buenos Aires","Buenos Aires","Buenos Aires","2026-05-26",\N,"1"
"44","44","C1","Noche","B16","45","Mat1001","Análisis Matemático I","60","30","0","1","Ana Paula","Martínez","Magíster En Matemática Aplicada","Adjunto","Simple","Ciencias Básicas","Facultad Regional Buenos Aires","Buenos Aires","Buenos Aires","2026-05-26",\N,"1"
"45","45","C2","Mañana","C11","80","Mat1001","Análisis Matemático I","60","30","0","1","Sofía Valentina","Vega","Magíster En Ciencias De La Computación","Adjunto","Semi-Exclusiva","Ingeniería En Sistemas De Información","Facultad Regional Buenos Aires","Buenos Aires","Buenos Aires","2026-05-26",\N,"1"
"46","46","C1","Noche","D02","35","Mat1001","Análisis Matemático I","60","30","0","1","Natalia Belén","Castro","Magíster En Telecomunicaciones","Adjunto","Semi-Exclusiva","Ingeniería Electrónica","Facultad Regional Buenos Aires","Buenos Aires","Buenos Aires","2026-05-26",\N,"1"
"47","47","C2","Noche","A17","30","Mat1001","Análisis Matemático I","60","30","0","1","Eduardo Martín","Vargas","Ingeniero En Sistemas","Adjunto","Simple","Ingeniería En Sistemas De Información","Facultad Regional Buenos Aires","Buenos Aires","Buenos Aires","2026-05-26",\N,"1"
"48","48","C1","Mañana","L06","35","Mat1002","Álgebra Y Geometría Analítica","60","30","0","1","Mariela Noelia","Ponce","Doctora En Ciencias Básicas","Titular","Exclusiva","Ciencias Básicas","Facultad Regional Buenos Aires","Buenos Aires","Buenos Aires","2026-05-26",\N,"1"
"49","49","C2","Mañana","D04","50","Mat1002","Álgebra Y Geometría Analítica","60","30","0","1","Mariela Noelia","Ponce","Doctora En Ciencias Básicas","Titular","Exclusiva","Ciencias Básicas","Facultad Regional Buenos Aires","Buenos Aires","Buenos Aires","2026-05-26",\N,"1"
"50","50","C1","Noche","L13","80","Mat1002","Álgebra Y Geometría Analítica","60","30","0","1","Alejandro José","Núñez","Ingeniero Electrónico","Adjunto","Simple","Ingeniería Electrónica","Facultad Regional Buenos Aires","Buenos Aires","Buenos Aires","2026-05-26",\N,"1"
"51","51","C2","Noche","D04","80","Mat1002","Álgebra Y Geometría Analítica","60","30","0","1","Mariana Soledad","Pereira","Magíster En Matemática","Adjunto","Semi-Exclusiva","Ciencias Básicas","Facultad Regional Buenos Aires","Buenos Aires","Buenos Aires","2026-05-26",\N,"1"
"52","52","C1","Noche","C20","80","Fis1001","Física I","45","30","15","1","Mariela Noelia","Ponce","Doctora En Ciencias Básicas","Titular","Exclusiva","Ciencias Básicas","Facultad Regional Buenos Aires","Buenos Aires","Buenos Aires","2026-05-26",\N,"1"
"53","53","C2","Mañana","A17","50","Fis1001","Física I","45","30","15","1","Valeria Soledad","Herrera","Ingeniera Electrónica","Adjunto","Simple","Ingeniería Electrónica","Facultad Regional Buenos Aires","Buenos Aires","Buenos Aires","2026-05-26",\N,"1"
"54","54","C1","Mañana","B20","30","Fis1001","Física I","45","30","15","1","Florencia Daniela","Cabrera","Doctora En Ingeniería","Asociado","Semi-Exclusiva","Ingeniería Civil","Facultad Regional Buenos Aires","Buenos Aires","Buenos Aires","2026-05-26",\N,"1"
"55","55","C2","Mañana","A07","40","Fis1001","Física I","45","30","15","1","Florencia Daniela","Cabrera","Doctora En Ingeniería","Asociado","Semi-Exclusiva","Ingeniería Civil","Facultad Regional Buenos Aires","Buenos Aires","Buenos Aires","2026-05-26",\N,"1"
"56","56","C1","Tarde","L04","50","Mat2001","Análisis Matemático Ii","60","30","0","2","Luciana Paola","Moreno","Ingeniera Química","Adjunto","Simple","Ingeniería Química","Facultad Regional Buenos Aires","Buenos Aires","Buenos Aires","2026-05-26",\N,"1"
"57","57","C2","Noche","C07","45","Mat2001","Análisis Matemático Ii","60","30","0","2","Luciana Paola","Moreno","Ingeniera Química","Adjunto","Simple","Ingeniería Química","Facultad Regional Buenos Aires","Buenos Aires","Buenos Aires","2026-05-26",\N,"1"
"58","58","C1","Tarde","D16","45","Mat2001","Análisis Matemático Ii","60","30","0","2","Carlos Alberto","García","Ingeniero En Sistemas","Titular","Exclusiva","Ingeniería En Sistemas De Información","Facultad Regional Buenos Aires","Buenos Aires","Buenos Aires","2026-05-26",\N,"1"
"59","59","C2","Noche","L04","40","Mat2001","Análisis Matemático Ii","60","30","0","2","Alejandro José","Núñez","Ingeniero Electrónico","Adjunto","Simple","Ingeniería Electrónica","Facultad Regional Buenos Aires","Buenos Aires","Buenos Aires","2026-05-26",\N,"1"
"60","60","C1","Noche","B07","45","Mat2002","Probabilidad Y Estadística","45","30","0","2","Sebastián Nicolás","Álvarez","Magíster En Gestión De Proyectos","Adjunto","Semi-Exclusiva","Ingeniería Industrial","Facultad Regional Buenos Aires","Buenos Aires","Buenos Aires","2026-05-26",\N,"1"
"61","61","C2","Mañana","L07","45","Mat2002","Probabilidad Y Estadística","45","30","0","2","Nicolás Emilio","Suárez","Magíster En Redes","Adjunto","Semi-Exclusiva","Ingeniería En Sistemas De Información","Facultad Regional Buenos Aires","Buenos Aires","Buenos Aires","2026-05-26",\N,"1"
"62","62","C1","Noche","A18","30","Mat2002","Probabilidad Y Estadística","45","30","0","2","Leandro Damián","Acosta","Doctor En Ingeniería Civil","Titular","Exclusiva","Ingeniería Civil","Facultad Regional Buenos Aires","Buenos Aires","Buenos Aires","2026-05-26",\N,"1"
"63","63","C2","Noche","A05","35","Mat2002","Probabilidad Y Estadística","45","30","0","2","Nicolás Emilio","Suárez","Magíster En Redes","Adjunto","Semi-Exclusiva","Ingeniería En Sistemas De Información","Facultad Regional Buenos Aires","Buenos Aires","Buenos Aires","2026-05-26",\N,"1"
"64","64","C1","Tarde","L11","50","Mat3001","Análisis Matemático Iii","45","30","0","3","Patricia Andrea","Ramírez","Doctora En Química","Titular","Exclusiva","Ingeniería Química","Facultad Regional Buenos Aires","Buenos Aires","Buenos Aires","2026-05-26",\N,"1"
"65","65","C1","Tarde","L01","30","Mat3001","Análisis Matemático Iii","45","30","0","3","Fernando Daniel","Reyes","Doctor En Física","Asociado","Semi-Exclusiva","Ciencias Básicas","Facultad Regional Buenos Aires","Buenos Aires","Buenos Aires","2026-05-26",\N,"1"
"66","66","C2","Noche","C07","30","Mat3001","Análisis Matemático Iii","45","30","0","3","Claudia Verónica","Morales","Ingeniera Industrial","Adjunto","Simple","Ingeniería Industrial","Facultad Regional Buenos Aires","Buenos Aires","Buenos Aires","2026-05-26",\N,"1"
"67","67","C1","Mañana","A14","35","Inf3004","Paradigmas De Programación","45","15","15","3","Tomás Agustín","Domínguez","Magíster En Electrónica","Adjunto","Semi-Exclusiva","Ingeniería Electrónica","Facultad Regional Buenos Aires","Buenos Aires","Buenos Aires","2026-05-26",\N,"1"
"68","68","C2","Tarde","L06","45","Inf3004","Paradigmas De Programación","45","15","15","3","Carolina Florencia","Díaz","Ingeniera Civil","Adjunto","Simple","Ingeniería Civil","Facultad Regional Buenos Aires","Buenos Aires","Buenos Aires","2026-05-26",\N,"1"
"69","69","C1","Noche","C20","40","Ele1001","Circuitos Eléctricos","45","30","15","1","Eduardo Martín","Vargas","Ingeniero En Sistemas","Adjunto","Simple","Ingeniería En Sistemas De Información","Facultad Regional Buenos Aires","Buenos Aires","Buenos Aires","2026-05-26",\N,"1"
"70","70","C2","Tarde","A15","80","Ele1001","Circuitos Eléctricos","45","30","15","1","Luis Alberto","Vera","Ingeniero Industrial","Adjunto","Simple","Ingeniería Industrial","Facultad Regional Buenos Aires","Buenos Aires","Buenos Aires","2026-05-26",\N,"1"
"71","71","C1","Mañana","D11","30","Ele1001","Circuitos Eléctricos","45","30","15","1","Luciana Paola","Moreno","Ingeniera Química","Adjunto","Simple","Ingeniería Química","Facultad Regional Buenos Aires","Buenos Aires","Buenos Aires","2026-05-26",\N,"1"
"72","72","C2","Noche","C10","35","Ele1001","Circuitos Eléctricos","45","30","15","1","Roberto Augusto","López","Ingeniero Civil","Asociado","Semi-Exclusiva","Ingeniería Civil","Facultad Regional Buenos Aires","Buenos Aires","Buenos Aires","2026-05-26",\N,"1"
"73","73","C1","Noche","L10","45","Mat1001","Análisis Matemático I","60","30","0","1","Mariana Soledad","Pereira","Magíster En Matemática","Adjunto","Semi-Exclusiva","Ciencias Básicas","Facultad Regional Buenos Aires","Buenos Aires","Buenos Aires","2026-05-26",\N,"1"
"74","74","C2","Noche","A17","30","Mat1001","Análisis Matemático I","60","30","0","1","Luis Alberto","Vera","Ingeniero Industrial","Adjunto","Simple","Ingeniería Industrial","Facultad Regional Buenos Aires","Buenos Aires","Buenos Aires","2026-05-26",\N,"1"
"75","75","C1","Noche","L16","45","Mat1001","Análisis Matemático I","60","30","0","1","Alejandra Cecilia","Romero","Doctora En Ingeniería Industrial","Asociado","Semi-Exclusiva","Ingeniería Industrial","Facultad Regional Buenos Aires","Buenos Aires","Buenos Aires","2026-05-26",\N,"1"
"76","76","C2","Noche","L14","60","Mat1001","Análisis Matemático I","60","30","0","1","Gabriela Inés","Flores","Magíster En Sistemas De Información","Asociado","Semi-Exclusiva","Ingeniería En Sistemas De Información","Facultad Regional Buenos Aires","Buenos Aires","Buenos Aires","2026-05-26",\N,"1"
"77","77","C1","Tarde","B07","60","Mat1002","Álgebra Y Geometría Analítica","60","30","0","1","Jorge Osvaldo","Sánchez","Magíster En Ingeniería Industrial","Titular","Semi-Exclusiva","Ingeniería Industrial","Facultad Regional Buenos Aires","Buenos Aires","Buenos Aires","2026-05-26",\N,"1"
"78","78","C2","Mañana","B18","60","Mat1002","Álgebra Y Geometría Analítica","60","30","0","1","Luciana Paola","Moreno","Ingeniera Química","Adjunto","Simple","Ingeniería Química","Facultad Regional Buenos Aires","Buenos Aires","Buenos Aires","2026-05-26",\N,"1"
"79","79","C1","Noche","A12","60","Mat1002","Álgebra Y Geometría Analítica","60","30","0","1","María Elena","Rodríguez","Doctora En Ciencias De La Computación","Titular","Exclusiva","Ingeniería En Sistemas De Información","Facultad Regional Buenos Aires","Buenos Aires","Buenos Aires","2026-05-26",\N,"1"
"80","80","C2","Mañana","A04","40","Mat1002","Álgebra Y Geometría Analítica","60","30","0","1","Sebastián Nicolás","Álvarez","Magíster En Gestión De Proyectos","Adjunto","Semi-Exclusiva","Ingeniería Industrial","Facultad Regional Buenos Aires","Buenos Aires","Buenos Aires","2026-05-26",\N,"1"
"81","81","C1","Tarde","L09","50","Fis1001","Física I","45","30","15","1","Luciana Paola","Moreno","Ingeniera Química","Adjunto","Simple","Ingeniería Química","Facultad Regional Buenos Aires","Buenos Aires","Buenos Aires","2026-05-26",\N,"1"
"82","82","C2","Noche","L08","30","Fis1001","Física I","45","30","15","1","Sebastián Nicolás","Álvarez","Magíster En Gestión De Proyectos","Adjunto","Semi-Exclusiva","Ingeniería Industrial","Facultad Regional Buenos Aires","Buenos Aires","Buenos Aires","2026-05-26",\N,"1"
"83","83","C1","Noche","B07","30","Fis1001","Física I","45","30","15","1","Sebastián Nicolás","Álvarez","Magíster En Gestión De Proyectos","Adjunto","Semi-Exclusiva","Ingeniería Industrial","Facultad Regional Buenos Aires","Buenos Aires","Buenos Aires","2026-05-26",\N,"1"
"84","84","C2","Noche","C02","80","Fis1001","Física I","45","30","15","1","Jorge Osvaldo","Sánchez","Magíster En Ingeniería Industrial","Titular","Semi-Exclusiva","Ingeniería Industrial","Facultad Regional Buenos Aires","Buenos Aires","Buenos Aires","2026-05-26",\N,"1"
"85","85","C1","Noche","L19","35","Mat2001","Análisis Matemático Ii","60","30","0","2","Mariela Noelia","Ponce","Doctora En Ciencias Básicas","Titular","Exclusiva","Ciencias Básicas","Facultad Regional Buenos Aires","Buenos Aires","Buenos Aires","2026-05-26",\N,"1"
"86","86","C2","Mañana","D11","40","Mat2001","Análisis Matemático Ii","60","30","0","2","Claudia Verónica","Morales","Ingeniera Industrial","Adjunto","Simple","Ingeniería Industrial","Facultad Regional Buenos Aires","Buenos Aires","Buenos Aires","2026-05-26",\N,"1"
"87","87","C1","Mañana","D04","40","Mat2001","Análisis Matemático Ii","60","30","0","2","María Elena","Rodríguez","Doctora En Ciencias De La Computación","Titular","Exclusiva","Ingeniería En Sistemas De Información","Facultad Regional Buenos Aires","Buenos Aires","Buenos Aires","2026-05-26",\N,"1"
"88","88","C2","Noche","L08","30","Mat2001","Análisis Matemático Ii","60","30","0","2","Alejandra Cecilia","Romero","Doctora En Ingeniería Industrial","Asociado","Semi-Exclusiva","Ingeniería Industrial","Facultad Regional Buenos Aires","Buenos Aires","Buenos Aires","2026-05-26",\N,"1"
"89","89","C1","Noche","A04","45","Mat2002","Probabilidad Y Estadística","45","30","0","2","Marcelo Adrián","Gutiérrez","Magíster En Inteligencia Artificial","Adjunto","Semi-Exclusiva","Ingeniería En Sistemas De Información","Facultad Regional Buenos Aires","Buenos Aires","Buenos Aires","2026-05-26",\N,"1"
"90","90","C2","Mañana","A05","80","Mat2002","Probabilidad Y Estadística","45","30","0","2","Tomás Agustín","Domínguez","Magíster En Electrónica","Adjunto","Semi-Exclusiva","Ingeniería Electrónica","Facultad Regional Buenos Aires","Buenos Aires","Buenos Aires","2026-05-26",\N,"1"
"91","91","C1","Mañana","L12","45","Mat2002","Probabilidad Y Estadística","45","30","0","2","Nicolás Emilio","Suárez","Magíster En Redes","Adjunto","Semi-Exclusiva","Ingeniería En Sistemas De Información","Facultad Regional Buenos Aires","Buenos Aires","Buenos Aires","2026-05-26",\N,"1"
"92","92","C2","Mañana","B03","40","Mat2002","Probabilidad Y Estadística","45","30","0","2","Sofía Valentina","Vega","Magíster En Ciencias De La Computación","Adjunto","Semi-Exclusiva","Ingeniería En Sistemas De Información","Facultad Regional Buenos Aires","Buenos Aires","Buenos Aires","2026-05-26",\N,"1"
"93","93","C2","Noche","L10","80","Mat3001","Análisis Matemático Iii","45","30","0","3","Héctor Luis","González","Doctor En Física","Titular","Exclusiva","Ciencias Básicas","Facultad Regional Buenos Aires","Buenos Aires","Buenos Aires","2026-05-26",\N,"1"
"94","94","C2","Tarde","L04","80","Mat3001","Análisis Matemático Iii","45","30","0","3","Carlos Alberto","García","Ingeniero En Sistemas","Titular","Exclusiva","Ingeniería En Sistemas De Información","Facultad Regional Buenos Aires","Buenos Aires","Buenos Aires","2026-05-26",\N,"1"
"95","95","C1","Tarde","A06","30","Ele1001","Circuitos Eléctricos","45","30","15","1","Sandra Mabel","Fuentes","Magíster En Sistemas Embebidos","Adjunto","Semi-Exclusiva","Ingeniería Electrónica","Facultad Regional Buenos Aires","Buenos Aires","Buenos Aires","2026-05-26",\N,"1"
"96","96","C2","Noche","B19","35","Ele1001","Circuitos Eléctricos","45","30","15","1","Natalia Belén","Castro","Magíster En Telecomunicaciones","Adjunto","Semi-Exclusiva","Ingeniería Electrónica","Facultad Regional Buenos Aires","Buenos Aires","Buenos Aires","2026-05-26",\N,"1"
"97","97","C1","Mañana","L07","35","Ele1001","Circuitos Eléctricos","45","30","15","1","Tomás Agustín","Domínguez","Magíster En Electrónica","Adjunto","Semi-Exclusiva","Ingeniería Electrónica","Facultad Regional Buenos Aires","Buenos Aires","Buenos Aires","2026-05-26",\N,"1"
"98","98","C2","Tarde","A14","45","Ele1001","Circuitos Eléctricos","45","30","15","1","Tomás Agustín","Domínguez","Magíster En Electrónica","Adjunto","Semi-Exclusiva","Ingeniería Electrónica","Facultad Regional Buenos Aires","Buenos Aires","Buenos Aires","2026-05-26",\N,"1"
"99","99","C1","Noche","A13","40","Ele2001","Electrónica Analógica","30","15","45","2","Valeria Soledad","Herrera","Ingeniera Electrónica","Adjunto","Simple","Ingeniería Electrónica","Facultad Regional Buenos Aires","Buenos Aires","Buenos Aires","2026-05-26",\N,"1"
"100","100","C2","Noche","A14","35","Ele2001","Electrónica Analógica","30","15","45","2","Ana Paula","Martínez","Magíster En Matemática Aplicada","Adjunto","Simple","Ciencias Básicas","Facultad Regional Buenos Aires","Buenos Aires","Buenos Aires","2026-05-26",\N,"1"
"101","101","C1","Noche","L14","50","Ele2001","Electrónica Analógica","30","15","45","2","Rodrigo Matías","Campos","Ingeniero En Sistemas","Adjunto","Simple","Ingeniería En Sistemas De Información","Facultad Regional Buenos Aires","Buenos Aires","Buenos Aires","2026-05-26",\N,"1"
"102","102","C2","Tarde","B08","40","Ele2001","Electrónica Analógica","30","15","45","2","Facundo Ezequiel","Jiménez","Magíster En Ciencias De La Computación","Adjunto","Semi-Exclusiva","Ingeniería En Sistemas De Información","Facultad Regional Buenos Aires","Buenos Aires","Buenos Aires","2026-05-26",\N,"1"
"103","103","C1","Tarde","C18","40","Ele3001","Sistemas De Control","45","15","30","3","Carolina Florencia","Díaz","Ingeniera Civil","Adjunto","Simple","Ingeniería Civil","Facultad Regional Buenos Aires","Buenos Aires","Buenos Aires","2026-05-26",\N,"1"
"104","104","C1","Tarde","L19","30","Ele3001","Sistemas De Control","45","15","30","3","Mariana Soledad","Pereira","Magíster En Matemática","Adjunto","Semi-Exclusiva","Ciencias Básicas","Facultad Regional Buenos Aires","Buenos Aires","Buenos Aires","2026-05-26",\N,"1"
"105","105","C2","Noche","B18","80","Ele3001","Sistemas De Control","45","15","30","3","Pilar Estela","Molina","Ingeniera Civil","Adjunto","Simple","Ingeniería Civil","Facultad Regional Buenos Aires","Buenos Aires","Buenos Aires","2026-05-26",\N,"1"
"106","106","C1","Noche","B19","50","Ele3002","Comunicaciones","30","15","30","3","Patricia Andrea","Ramírez","Doctora En Química","Titular","Exclusiva","Ingeniería Química","Facultad Regional Buenos Aires","Buenos Aires","Buenos Aires","2026-05-26",\N,"1"
"107","107","C2","Tarde","B17","60","Ele3002","Comunicaciones","30","15","30","3","Verónica Adriana","Rojas","Doctora En Ciencias De La Computación","Titular","Exclusiva","Ingeniería En Sistemas De Información","Facultad Regional Buenos Aires","Buenos Aires","Buenos Aires","2026-05-26",\N,"1"
"108","108","C2","Mañana","D17","60","Ele3002","Comunicaciones","30","15","30","3","Sandra Mabel","Fuentes","Magíster En Sistemas Embebidos","Adjunto","Semi-Exclusiva","Ingeniería Electrónica","Facultad Regional Buenos Aires","Buenos Aires","Buenos Aires","2026-05-26",\N,"1"
"109","109","C1","Mañana","L19","30","Mat1001","Análisis Matemático I","60","30","0","1","Héctor Luis","González","Doctor En Física","Titular","Exclusiva","Ciencias Básicas","Facultad Regional Buenos Aires","Buenos Aires","Buenos Aires","2026-05-26",\N,"1"
"110","110","C2","Noche","B07","40","Mat1001","Análisis Matemático I","60","30","0","1","Carlos Alberto","García","Ingeniero En Sistemas","Titular","Exclusiva","Ingeniería En Sistemas De Información","Facultad Regional Buenos Aires","Buenos Aires","Buenos Aires","2026-05-26",\N,"1"
"111","111","C1","Noche","A04","80","Mat1001","Análisis Matemático I","60","30","0","1","Héctor Luis","González","Doctor En Física","Titular","Exclusiva","Ciencias Básicas","Facultad Regional Buenos Aires","Buenos Aires","Buenos Aires","2026-05-26",\N,"1"
"112","112","C2","Noche","C13","45","Mat1001","Análisis Matemático I","60","30","0","1","Cristian Ariel","Ortega","Ingeniero Mecánico","Adjunto","Simple","Ingeniería Mecánica","Facultad Regional Buenos Aires","Buenos Aires","Buenos Aires","2026-05-26",\N,"1"
"113","113","C1","Tarde","B08","30","Mat1002","Álgebra Y Geometría Analítica","60","30","0","1","Fernando Daniel","Reyes","Doctor En Física","Asociado","Semi-Exclusiva","Ciencias Básicas","Facultad Regional Buenos Aires","Buenos Aires","Buenos Aires","2026-05-26",\N,"1"
"114","114","C2","Noche","C17","60","Mat1002","Álgebra Y Geometría Analítica","60","30","0","1","Facundo Ezequiel","Jiménez","Magíster En Ciencias De La Computación","Adjunto","Semi-Exclusiva","Ingeniería En Sistemas De Información","Facultad Regional Buenos Aires","Buenos Aires","Buenos Aires","2026-05-26",\N,"1"
"115","115","C1","Noche","C04","30","Mat1002","Álgebra Y Geometría Analítica","60","30","0","1","Tomás Agustín","Domínguez","Magíster En Electrónica","Adjunto","Semi-Exclusiva","Ingeniería Electrónica","Facultad Regional Buenos Aires","Buenos Aires","Buenos Aires","2026-05-26",\N,"1"
"116","116","C2","Noche","A14","35","Mat1002","Álgebra Y Geometría Analítica","60","30","0","1","Patricia Andrea","Ramírez","Doctora En Química","Titular","Exclusiva","Ingeniería Química","Facultad Regional Buenos Aires","Buenos Aires","Buenos Aires","2026-05-26",\N,"1"
"117","117","C1","Noche","L01","45","Fis1001","Física I","45","30","15","1","Diego Marcelo","Torres","Ingeniero Mecánico","Adjunto","Simple","Ingeniería Mecánica","Facultad Regional Buenos Aires","Buenos Aires","Buenos Aires","2026-05-26",\N,"1"
"118","118","C2","Mañana","D16","30","Fis1001","Física I","45","30","15","1","Sofía Valentina","Vega","Magíster En Ciencias De La Computación","Adjunto","Semi-Exclusiva","Ingeniería En Sistemas De Información","Facultad Regional Buenos Aires","Buenos Aires","Buenos Aires","2026-05-26",\N,"1"
"119","119","C1","Tarde","C04","35","Fis1001","Física I","45","30","15","1","Cristian Ariel","Ortega","Ingeniero Mecánico","Adjunto","Simple","Ingeniería Mecánica","Facultad Regional Buenos Aires","Buenos Aires","Buenos Aires","2026-05-26",\N,"1"
"120","120","C2","Noche","A06","30","Fis1001","Física I","45","30","15","1","Alejandro José","Núñez","Ingeniero Electrónico","Adjunto","Simple","Ingeniería Electrónica","Facultad Regional Buenos Aires","Buenos Aires","Buenos Aires","2026-05-26",\N,"1"
"121","121","C1","Noche","L10","35","Mat2001","Análisis Matemático Ii","60","30","0","2","Ana Paula","Martínez","Magíster En Matemática Aplicada","Adjunto","Simple","Ciencias Básicas","Facultad Regional Buenos Aires","Buenos Aires","Buenos Aires","2026-05-26",\N,"1"
"122","122","C2","Noche","A19","60","Mat2001","Análisis Matemático Ii","60","30","0","2","Ignacio Ramón","Ibáñez","Magíster En Seguridad Informática","Adjunto","Semi-Exclusiva","Ingeniería En Sistemas De Información","Facultad Regional Buenos Aires","Buenos Aires","Buenos Aires","2026-05-26",\N,"1"
"123","123","C1","Noche","L08","45","Mat2001","Análisis Matemático Ii","60","30","0","2","Pilar Estela","Molina","Ingeniera Civil","Adjunto","Simple","Ingeniería Civil","Facultad Regional Buenos Aires","Buenos Aires","Buenos Aires","2026-05-26",\N,"1"
"124","124","C2","Mañana","C06","80","Mat2001","Análisis Matemático Ii","60","30","0","2","Carlos Alberto","García","Ingeniero En Sistemas","Titular","Exclusiva","Ingeniería En Sistemas De Información","Facultad Regional Buenos Aires","Buenos Aires","Buenos Aires","2026-05-26",\N,"1"
"125","125","C1","Tarde","C03","80","Mat2002","Probabilidad Y Estadística","45","30","0","2","Facundo Ezequiel","Jiménez","Magíster En Ciencias De La Computación","Adjunto","Semi-Exclusiva","Ingeniería En Sistemas De Información","Facultad Regional Buenos Aires","Buenos Aires","Buenos Aires","2026-05-26",\N,"1"
"126","126","C2","Noche","B18","35","Mat2002","Probabilidad Y Estadística","45","30","0","2","Sebastián Nicolás","Álvarez","Magíster En Gestión De Proyectos","Adjunto","Semi-Exclusiva","Ingeniería Industrial","Facultad Regional Buenos Aires","Buenos Aires","Buenos Aires","2026-05-26",\N,"1"
"127","127","C1","Noche","C05","35","Mat2002","Probabilidad Y Estadística","45","30","0","2","Alejandra Cecilia","Romero","Doctora En Ingeniería Industrial","Asociado","Semi-Exclusiva","Ingeniería Industrial","Facultad Regional Buenos Aires","Buenos Aires","Buenos Aires","2026-05-26",\N,"1"
"128","128","C2","Noche","B19","30","Mat2002","Probabilidad Y Estadística","45","30","0","2","Patricia Andrea","Ramírez","Doctora En Química","Titular","Exclusiva","Ingeniería Química","Facultad Regional Buenos Aires","Buenos Aires","Buenos Aires","2026-05-26",\N,"1"
"129","129","C1","Noche","D16","35","Mat3001","Análisis Matemático Iii","45","30","0","3","Sandra Mabel","Fuentes","Magíster En Sistemas Embebidos","Adjunto","Semi-Exclusiva","Ingeniería Electrónica","Facultad Regional Buenos Aires","Buenos Aires","Buenos Aires","2026-05-26",\N,"1"
"130","130","C2","Noche","A12","30","Mat3001","Análisis Matemático Iii","45","30","0","3","Claudia Verónica","Morales","Ingeniera Industrial","Adjunto","Simple","Ingeniería Industrial","Facultad Regional Buenos Aires","Buenos Aires","Buenos Aires","2026-05-26",\N,"1"
"131","131","C1","Tarde","A20","45","Mec1001","Mecánica Aplicada","45","30","15","1","Tomás Agustín","Domínguez","Magíster En Electrónica","Adjunto","Semi-Exclusiva","Ingeniería Electrónica","Facultad Regional Buenos Aires","Buenos Aires","Buenos Aires","2026-05-26",\N,"1"
"132","132","C2","Noche","D19","40","Mec1001","Mecánica Aplicada","45","30","15","1","Valeria Soledad","Herrera","Ingeniera Electrónica","Adjunto","Simple","Ingeniería Electrónica","Facultad Regional Buenos Aires","Buenos Aires","Buenos Aires","2026-05-26",\N,"1"
"133","133","C1","Noche","A13","40","Mec1001","Mecánica Aplicada","45","30","15","1","Leandro Damián","Acosta","Doctor En Ingeniería Civil","Titular","Exclusiva","Ingeniería Civil","Facultad Regional Buenos Aires","Buenos Aires","Buenos Aires","2026-05-26",\N,"1"
"134","134","C2","Noche","D06","40","Mec1001","Mecánica Aplicada","45","30","15","1","Florencia Daniela","Cabrera","Doctora En Ingeniería","Asociado","Semi-Exclusiva","Ingeniería Civil","Facultad Regional Buenos Aires","Buenos Aires","Buenos Aires","2026-05-26",\N,"1"
"135","135","C1","Tarde","A18","50","Mec2001","Resistencia De Materiales","45","30","15","2","Luciana Paola","Moreno","Ingeniera Química","Adjunto","Simple","Ingeniería Química","Facultad Regional Buenos Aires","Buenos Aires","Buenos Aires","2026-05-26",\N,"1"
"136","136","C2","Noche","D13","35","Mec2001","Resistencia De Materiales","45","30","15","2","Luciana Paola","Moreno","Ingeniera Química","Adjunto","Simple","Ingeniería Química","Facultad Regional Buenos Aires","Buenos Aires","Buenos Aires","2026-05-26",\N,"1"
"137","137","C1","Noche","L03","30","Mec2001","Resistencia De Materiales","45","30","15","2","Nicolás Emilio","Suárez","Magíster En Redes","Adjunto","Semi-Exclusiva","Ingeniería En Sistemas De Información","Facultad Regional Buenos Aires","Buenos Aires","Buenos Aires","2026-05-26",\N,"1"
"138","138","C2","Noche","L17","40","Mec2001","Resistencia De Materiales","45","30","15","2","Luciana Paola","Moreno","Ingeniera Química","Adjunto","Simple","Ingeniería Química","Facultad Regional Buenos Aires","Buenos Aires","Buenos Aires","2026-05-26",\N,"1"
"139","139","C1","Noche","C08","50","Mec3001","Máquinas Y Herramientas","30","15","45","3","Carlos Alberto","García","Ingeniero En Sistemas","Titular","Exclusiva","Ingeniería En Sistemas De Información","Facultad Regional Buenos Aires","Buenos Aires","Buenos Aires","2026-05-26",\N,"1"
"140","140","C1","Mañana","L04","50","Mec3001","Máquinas Y Herramientas","30","15","45","3","Claudia Verónica","Morales","Ingeniera Industrial","Adjunto","Simple","Ingeniería Industrial","Facultad Regional Buenos Aires","Buenos Aires","Buenos Aires","2026-05-26",\N,"1"
"141","141","C1","Noche","B16","30","Mat1001","Análisis Matemático I","60","30","0","1","Valeria Soledad","Herrera","Ingeniera Electrónica","Adjunto","Simple","Ingeniería Electrónica","Facultad Regional Buenos Aires","Buenos Aires","Buenos Aires","2026-05-26",\N,"1"
"142","142","C2","Noche","D13","45","Mat1001","Análisis Matemático I","60","30","0","1","Alejandra Cecilia","Romero","Doctora En Ingeniería Industrial","Asociado","Semi-Exclusiva","Ingeniería Industrial","Facultad Regional Buenos Aires","Buenos Aires","Buenos Aires","2026-05-26",\N,"1"
"143","143","C1","Mañana","C12","60","Mat1001","Análisis Matemático I","60","30","0","1","Eduardo Martín","Vargas","Ingeniero En Sistemas","Adjunto","Simple","Ingeniería En Sistemas De Información","Facultad Regional Buenos Aires","Buenos Aires","Buenos Aires","2026-05-26",\N,"1"
"144","144","C2","Noche","C15","50","Mat1001","Análisis Matemático I","60","30","0","1","Ignacio Ramón","Ibáñez","Magíster En Seguridad Informática","Adjunto","Semi-Exclusiva","Ingeniería En Sistemas De Información","Facultad Regional Buenos Aires","Buenos Aires","Buenos Aires","2026-05-26",\N,"1"
"145","145","C1","Noche","C14","45","Mat1002","Álgebra Y Geometría Analítica","60","30","0","1","Sebastián Nicolás","Álvarez","Magíster En Gestión De Proyectos","Adjunto","Semi-Exclusiva","Ingeniería Industrial","Facultad Regional Buenos Aires","Buenos Aires","Buenos Aires","2026-05-26",\N,"1"
"146","146","C2","Tarde","L15","40","Mat1002","Álgebra Y Geometría Analítica","60","30","0","1","Cristian Ariel","Ortega","Ingeniero Mecánico","Adjunto","Simple","Ingeniería Mecánica","Facultad Regional Buenos Aires","Buenos Aires","Buenos Aires","2026-05-26",\N,"1"
"147","147","C1","Mañana","D17","80","Mat1002","Álgebra Y Geometría Analítica","60","30","0","1","Mariela Noelia","Ponce","Doctora En Ciencias Básicas","Titular","Exclusiva","Ciencias Básicas","Facultad Regional Buenos Aires","Buenos Aires","Buenos Aires","2026-05-26",\N,"1"
"148","148","C2","Tarde","B02","60","Mat1002","Álgebra Y Geometría Analítica","60","30","0","1","Nicolás Emilio","Suárez","Magíster En Redes","Adjunto","Semi-Exclusiva","Ingeniería En Sistemas De Información","Facultad Regional Buenos Aires","Buenos Aires","Buenos Aires","2026-05-26",\N,"1"
"149","149","C1","Noche","B08","40","Fis1001","Física I","45","30","15","1","Leandro Damián","Acosta","Doctor En Ingeniería Civil","Titular","Exclusiva","Ingeniería Civil","Facultad Regional Buenos Aires","Buenos Aires","Buenos Aires","2026-05-26",\N,"1"
"150","150","C2","Tarde","D13","30","Fis1001","Física I","45","30","15","1","Mariana Soledad","Pereira","Magíster En Matemática","Adjunto","Semi-Exclusiva","Ciencias Básicas","Facultad Regional Buenos Aires","Buenos Aires","Buenos Aires","2026-05-26",\N,"1"
"151","151","C1","Noche","A13","45","Fis1001","Física I","45","30","15","1","Nicolás Emilio","Suárez","Magíster En Redes","Adjunto","Semi-Exclusiva","Ingeniería En Sistemas De Información","Facultad Regional Buenos Aires","Buenos Aires","Buenos Aires","2026-05-26",\N,"1"
"152","152","C2","Noche","C13","35","Fis1001","Física I","45","30","15","1","Tomás Agustín","Domínguez","Magíster En Electrónica","Adjunto","Semi-Exclusiva","Ingeniería Electrónica","Facultad Regional Buenos Aires","Buenos Aires","Buenos Aires","2026-05-26",\N,"1"
"153","153","C1","Noche","B01","45","Qui1001","Química General","30","15","30","1","Cristian Ariel","Ortega","Ingeniero Mecánico","Adjunto","Simple","Ingeniería Mecánica","Facultad Regional Buenos Aires","Buenos Aires","Buenos Aires","2026-05-26",\N,"1"
"154","154","C2","Noche","L08","50","Qui1001","Química General","30","15","30","1","Mariela Noelia","Ponce","Doctora En Ciencias Básicas","Titular","Exclusiva","Ciencias Básicas","Facultad Regional Buenos Aires","Buenos Aires","Buenos Aires","2026-05-26",\N,"1"
"155","155","C1","Noche","L11","45","Qui1001","Química General","30","15","30","1","Valeria Soledad","Herrera","Ingeniera Electrónica","Adjunto","Simple","Ingeniería Electrónica","Facultad Regional Buenos Aires","Buenos Aires","Buenos Aires","2026-05-26",\N,"1"
"156","156","C2","Noche","L20","30","Qui1001","Química General","30","15","30","1","Rodrigo Matías","Campos","Ingeniero En Sistemas","Adjunto","Simple","Ingeniería En Sistemas De Información","Facultad Regional Buenos Aires","Buenos Aires","Buenos Aires","2026-05-26",\N,"1"
"157","157","C1","Noche","C15","40","Mat2001","Análisis Matemático Ii","60","30","0","2","Carlos Alberto","García","Ingeniero En Sistemas","Titular","Exclusiva","Ingeniería En Sistemas De Información","Facultad Regional Buenos Aires","Buenos Aires","Buenos Aires","2026-05-26",\N,"1"
"158","158","C2","Noche","C08","80","Mat2001","Análisis Matemático Ii","60","30","0","2","Sandra Mabel","Fuentes","Magíster En Sistemas Embebidos","Adjunto","Semi-Exclusiva","Ingeniería Electrónica","Facultad Regional Buenos Aires","Buenos Aires","Buenos Aires","2026-05-26",\N,"1"
"159","159","C1","Noche","C14","40","Mat2001","Análisis Matemático Ii","60","30","0","2","Ignacio Ramón","Ibáñez","Magíster En Seguridad Informática","Adjunto","Semi-Exclusiva","Ingeniería En Sistemas De Información","Facultad Regional Buenos Aires","Buenos Aires","Buenos Aires","2026-05-26",\N,"1"
"160","160","C2","Mañana","C15","35","Mat2001","Análisis Matemático Ii","60","30","0","2","Ignacio Ramón","Ibáñez","Magíster En Seguridad Informática","Adjunto","Semi-Exclusiva","Ingeniería En Sistemas De Información","Facultad Regional Buenos Aires","Buenos Aires","Buenos Aires","2026-05-26",\N,"1"
"161","161","C1","Tarde","B18","45","Mat2002","Probabilidad Y Estadística","45","30","0","2","Gabriela Inés","Flores","Magíster En Sistemas De Información","Asociado","Semi-Exclusiva","Ingeniería En Sistemas De Información","Facultad Regional Buenos Aires","Buenos Aires","Buenos Aires","2026-05-26",\N,"1"
"162","162","C2","Noche","L03","45","Mat2002","Probabilidad Y Estadística","45","30","0","2","Cristian Ariel","Ortega","Ingeniero Mecánico","Adjunto","Simple","Ingeniería Mecánica","Facultad Regional Buenos Aires","Buenos Aires","Buenos Aires","2026-05-26",\N,"1"
"163","163","C1","Noche","L19","35","Mat2002","Probabilidad Y Estadística","45","30","0","2","Fernando Daniel","Reyes","Doctor En Física","Asociado","Semi-Exclusiva","Ciencias Básicas","Facultad Regional Buenos Aires","Buenos Aires","Buenos Aires","2026-05-26",\N,"1"
"164","164","C2","Noche","L15","60","Mat2002","Probabilidad Y Estadística","45","30","0","2","Florencia Daniela","Cabrera","Doctora En Ingeniería","Asociado","Semi-Exclusiva","Ingeniería Civil","Facultad Regional Buenos Aires","Buenos Aires","Buenos Aires","2026-05-26",\N,"1"
"165","165","C1","Tarde","L10","35","Mat3001","Análisis Matemático Iii","45","30","0","3","Carolina Florencia","Díaz","Ingeniera Civil","Adjunto","Simple","Ingeniería Civil","Facultad Regional Buenos Aires","Buenos Aires","Buenos Aires","2026-05-26",\N,"1"
"166","166","C1","Noche","L04","40","Mat3001","Análisis Matemático Iii","45","30","0","3","Héctor Luis","González","Doctor En Física","Titular","Exclusiva","Ciencias Básicas","Facultad Regional Buenos Aires","Buenos Aires","Buenos Aires","2026-05-26",\N,"1"
"167","167","C1","Noche","B06","80","Qui2001","Química Orgánica","30","15","30","2","Marcelo Adrián","Gutiérrez","Magíster En Inteligencia Artificial","Adjunto","Semi-Exclusiva","Ingeniería En Sistemas De Información","Facultad Regional Buenos Aires","Buenos Aires","Buenos Aires","2026-05-26",\N,"1"
"168","168","C2","Tarde","C17","80","Qui2001","Química Orgánica","30","15","30","2","Mónica Patricia","Serrano","Doctora En Química Industrial","Asociado","Semi-Exclusiva","Ingeniería Química","Facultad Regional Buenos Aires","Buenos Aires","Buenos Aires","2026-05-26",\N,"1"
"169","169","C1","Tarde","L20","80","Qui2001","Química Orgánica","30","15","30","2","Verónica Adriana","Rojas","Doctora En Ciencias De La Computación","Titular","Exclusiva","Ingeniería En Sistemas De Información","Facultad Regional Buenos Aires","Buenos Aires","Buenos Aires","2026-05-26",\N,"1"
"170","170","C2","Noche","A19","50","Qui2001","Química Orgánica","30","15","30","2","Verónica Adriana","Rojas","Doctora En Ciencias De La Computación","Titular","Exclusiva","Ingeniería En Sistemas De Información","Facultad Regional Buenos Aires","Buenos Aires","Buenos Aires","2026-05-26",\N,"1"
"171","171","C1","Mañana","B09","40","Qui3001","Química Industrial","30","15","45","3","Ana Paula","Martínez","Magíster En Matemática Aplicada","Adjunto","Simple","Ciencias Básicas","Facultad Regional Buenos Aires","Buenos Aires","Buenos Aires","2026-05-26",\N,"1"
"172","172","C1","Noche","L16","80","Qui3001","Química Industrial","30","15","45","3","Rodrigo Matías","Campos","Ingeniero En Sistemas","Adjunto","Simple","Ingeniería En Sistemas De Información","Facultad Regional Buenos Aires","Buenos Aires","Buenos Aires","2026-05-26",\N,"1"
"173","173","C1","Noche","L01","35","Mat1003","Matemática Discreta","45","30","0","1","Diego Marcelo","Torres","Ingeniero Mecánico","Adjunto","Simple","Ingeniería Mecánica","Facultad Regional Buenos Aires","Buenos Aires","Buenos Aires","2026-05-26",\N,"1"
"174","174","C2","Tarde","C03","35","Mat1003","Matemática Discreta","45","30","0","1","Sandra Mabel","Fuentes","Magíster En Sistemas Embebidos","Adjunto","Semi-Exclusiva","Ingeniería Electrónica","Facultad Regional Buenos Aires","Buenos Aires","Buenos Aires","2026-05-26",\N,"1"
"175","175","C1","Noche","L04","45","Mat1003","Matemática Discreta","45","30","0","1","Patricia Andrea","Ramírez","Doctora En Química","Titular","Exclusiva","Ingeniería Química","Facultad Regional Buenos Aires","Buenos Aires","Buenos Aires","2026-05-26",\N,"1"
"176","176","C2","Noche","D02","35","Mat1003","Matemática Discreta","45","30","0","1","Mónica Patricia","Serrano","Doctora En Química Industrial","Asociado","Semi-Exclusiva","Ingeniería Química","Facultad Regional Buenos Aires","Buenos Aires","Buenos Aires","2026-05-26",\N,"1"
"177","177","C1","Noche","L03","35","Mat1001","Análisis Matemático I","60","30","0","1","Carolina Florencia","Díaz","Ingeniera Civil","Adjunto","Simple","Ingeniería Civil","Facultad Regional Buenos Aires","Buenos Aires","Buenos Aires","2026-05-26",\N,"1"
"178","178","C2","Noche","D13","35","Mat1001","Análisis Matemático I","60","30","0","1","Sebastián Nicolás","Álvarez","Magíster En Gestión De Proyectos","Adjunto","Semi-Exclusiva","Ingeniería Industrial","Facultad Regional Buenos Aires","Buenos Aires","Buenos Aires","2026-05-26",\N,"1"
"179","179","C1","Noche","L19","30","Mat1001","Análisis Matemático I","60","30","0","1","Cristian Ariel","Ortega","Ingeniero Mecánico","Adjunto","Simple","Ingeniería Mecánica","Facultad Regional Buenos Aires","Buenos Aires","Buenos Aires","2026-05-26",\N,"1"
"180","180","C2","Noche","A19","40","Mat1001","Análisis Matemático I","60","30","0","1","Luciana Paola","Moreno","Ingeniera Química","Adjunto","Simple","Ingeniería Química","Facultad Regional Buenos Aires","Buenos Aires","Buenos Aires","2026-05-26",\N,"1"
"181","181","C1","Noche","A07","30","Mat1002","Álgebra Y Geometría Analítica","60","30","0","1","Leandro Damián","Acosta","Doctor En Ingeniería Civil","Titular","Exclusiva","Ingeniería Civil","Facultad Regional Buenos Aires","Buenos Aires","Buenos Aires","2026-05-26",\N,"1"
"182","182","C2","Mañana","B16","60","Mat1002","Álgebra Y Geometría Analítica","60","30","0","1","Alejandro José","Núñez","Ingeniero Electrónico","Adjunto","Simple","Ingeniería Electrónica","Facultad Regional Buenos Aires","Buenos Aires","Buenos Aires","2026-05-26",\N,"1"
"183","183","C1","Noche","L13","50","Mat1002","Álgebra Y Geometría Analítica","60","30","0","1","Gustavo Raúl","Medina","Doctor En Matemática","Titular","Exclusiva","Ciencias Básicas","Facultad Regional Buenos Aires","Buenos Aires","Buenos Aires","2026-05-26",\N,"1"
"184","184","C2","Noche","A04","60","Mat1002","Álgebra Y Geometría Analítica","60","30","0","1","Roberto Augusto","López","Ingeniero Civil","Asociado","Semi-Exclusiva","Ingeniería Civil","Facultad Regional Buenos Aires","Buenos Aires","Buenos Aires","2026-05-26",\N,"1"
"185","185","C1","Noche","B10","60","Fis1001","Física I","45","30","15","1","Luis Alberto","Vera","Ingeniero Industrial","Adjunto","Simple","Ingeniería Industrial","Facultad Regional Buenos Aires","Buenos Aires","Buenos Aires","2026-05-26",\N,"1"
"186","186","C2","Noche","D08","50","Fis1001","Física I","45","30","15","1","Sebastián Nicolás","Álvarez","Magíster En Gestión De Proyectos","Adjunto","Semi-Exclusiva","Ingeniería Industrial","Facultad Regional Buenos Aires","Buenos Aires","Buenos Aires","2026-05-26",\N,"1"
"187","187","C1","Tarde","B13","50","Fis1001","Física I","45","30","15","1","Alejandro José","Núñez","Ingeniero Electrónico","Adjunto","Simple","Ingeniería Electrónica","Facultad Regional Buenos Aires","Buenos Aires","Buenos Aires","2026-05-26",\N,"1"
"188","188","C2","Tarde","A15","40","Fis1001","Física I","45","30","15","1","Alejandro José","Núñez","Ingeniero Electrónico","Adjunto","Simple","Ingeniería Electrónica","Facultad Regional Buenos Aires","Buenos Aires","Buenos Aires","2026-05-26",\N,"1"
"189","189","C1","Noche","L14","80","Qui1001","Química General","30","15","30","1","Natalia Belén","Castro","Magíster En Telecomunicaciones","Adjunto","Semi-Exclusiva","Ingeniería Electrónica","Facultad Regional Buenos Aires","Buenos Aires","Buenos Aires","2026-05-26",\N,"1"
"190","190","C2","Noche","C06","45","Qui1001","Química General","30","15","30","1","Natalia Belén","Castro","Magíster En Telecomunicaciones","Adjunto","Semi-Exclusiva","Ingeniería Electrónica","Facultad Regional Buenos Aires","Buenos Aires","Buenos Aires","2026-05-26",\N,"1"
"191","191","C1","Noche","L03","45","Qui1001","Química General","30","15","30","1","Susana Graciela","Ríos","Ingeniera Industrial","Adjunto","Simple","Ingeniería Industrial","Facultad Regional Buenos Aires","Buenos Aires","Buenos Aires","2026-05-26",\N,"1"
"192","192","C2","Mañana","B15","40","Qui1001","Química General","30","15","30","1","Fernando Daniel","Reyes","Doctor En Física","Asociado","Semi-Exclusiva","Ciencias Básicas","Facultad Regional Buenos Aires","Buenos Aires","Buenos Aires","2026-05-26",\N,"1"
"193","193","C1","Noche","C12","45","Inf1001","Algoritmos Y Estructuras De Datos","30","15","30","1","María Elena","Rodríguez","Doctora En Ciencias De La Computación","Titular","Exclusiva","Ingeniería En Sistemas De Información","Facultad Regional Buenos Aires","Buenos Aires","Buenos Aires","2026-05-26",\N,"1"
"194","194","C2","Tarde","D08","30","Inf1001","Algoritmos Y Estructuras De Datos","30","15","30","1","Pilar Estela","Molina","Ingeniera Civil","Adjunto","Simple","Ingeniería Civil","Facultad Regional Buenos Aires","Buenos Aires","Buenos Aires","2026-05-26",\N,"1"
"195","195","C1","Noche","D03","30","Inf1001","Algoritmos Y Estructuras De Datos","30","15","30","1","Luciana Paola","Moreno","Ingeniera Química","Adjunto","Simple","Ingeniería Química","Facultad Regional Buenos Aires","Buenos Aires","Buenos Aires","2026-05-26",\N,"1"
"196","196","C2","Tarde","A05","35","Inf1001","Algoritmos Y Estructuras De Datos","30","15","30","1","Jorge Osvaldo","Sánchez","Magíster En Ingeniería Industrial","Titular","Semi-Exclusiva","Ingeniería Industrial","Facultad Regional Buenos Aires","Buenos Aires","Buenos Aires","2026-05-26",\N,"1"
"197","197","C1","Noche","A08","40","Mat2001","Análisis Matemático Ii","60","30","0","2","Nicolás Emilio","Suárez","Magíster En Redes","Adjunto","Semi-Exclusiva","Ingeniería En Sistemas De Información","Facultad Regional Buenos Aires","Buenos Aires","Buenos Aires","2026-05-26",\N,"1"
"198","198","C2","Noche","B06","40","Mat2001","Análisis Matemático Ii","60","30","0","2","Pablo Sebastián","Ruiz","Doctor En Ingeniería","Titular","Exclusiva","Ingeniería Civil","Facultad Regional Buenos Aires","Buenos Aires","Buenos Aires","2026-05-26",\N,"1"
"199","199","C1","Noche","A15","30","Mat2001","Análisis Matemático Ii","60","30","0","2","Héctor Luis","González","Doctor En Física","Titular","Exclusiva","Ciencias Básicas","Facultad Regional Buenos Aires","Buenos Aires","Buenos Aires","2026-05-26",\N,"1"
"200","200","C2","Mañana","A02","45","Mat2001","Análisis Matemático Ii","60","30","0","2","Carlos Alberto","García","Ingeniero En Sistemas","Titular","Exclusiva","Ingeniería En Sistemas De Información","Facultad Regional Buenos Aires","Buenos Aires","Buenos Aires","2026-05-26",\N,"1"
"201","201","C1","Noche","C09","45","Mat2002","Probabilidad Y Estadística","45","30","0","2","Carolina Florencia","Díaz","Ingeniera Civil","Adjunto","Simple","Ingeniería Civil","Facultad Regional Buenos Aires","Buenos Aires","Buenos Aires","2026-05-26",\N,"1"
"202","202","C2","Tarde","A16","60","Mat2002","Probabilidad Y Estadística","45","30","0","2","Carolina Florencia","Díaz","Ingeniera Civil","Adjunto","Simple","Ingeniería Civil","Facultad Regional Buenos Aires","Buenos Aires","Buenos Aires","2026-05-26",\N,"1"
"203","203","C1","Noche","L08","50","Mat2002","Probabilidad Y Estadística","45","30","0","2","Claudia Verónica","Morales","Ingeniera Industrial","Adjunto","Simple","Ingeniería Industrial","Facultad Regional Buenos Aires","Buenos Aires","Buenos Aires","2026-05-26",\N,"1"
"204","204","C2","Mañana","L18","60","Mat2002","Probabilidad Y Estadística","45","30","0","2","Carolina Florencia","Díaz","Ingeniera Civil","Adjunto","Simple","Ingeniería Civil","Facultad Regional Buenos Aires","Buenos Aires","Buenos Aires","2026-05-26",\N,"1"
"205","205","C1","Noche","B01","30","Fis2001","Física Ii","45","30","15","2","Pablo Sebastián","Ruiz","Doctor En Ingeniería","Titular","Exclusiva","Ingeniería Civil","Facultad Regional Buenos Aires","Buenos Aires","Buenos Aires","2026-05-26",\N,"1"
"206","206","C2","Noche","A05","40","Fis2001","Física Ii","45","30","15","2","Sebastián Nicolás","Álvarez","Magíster En Gestión De Proyectos","Adjunto","Semi-Exclusiva","Ingeniería Industrial","Facultad Regional Buenos Aires","Buenos Aires","Buenos Aires","2026-05-26",\N,"1"
"207","207","C1","Noche","B02","35","Fis2001","Física Ii","45","30","15","2","Valeria Soledad","Herrera","Ingeniera Electrónica","Adjunto","Simple","Ingeniería Electrónica","Facultad Regional Buenos Aires","Buenos Aires","Buenos Aires","2026-05-26",\N,"1"
"208","208","C2","Noche","B15","40","Fis2001","Física Ii","45","30","15","2","Marcelo Adrián","Gutiérrez","Magíster En Inteligencia Artificial","Adjunto","Semi-Exclusiva","Ingeniería En Sistemas De Información","Facultad Regional Buenos Aires","Buenos Aires","Buenos Aires","2026-05-26",\N,"1"
"209","209","C1","Mañana","L11","80","Inf2001","Programación Orientada A Objetos","30","15","30","2","Gabriela Inés","Flores","Magíster En Sistemas De Información","Asociado","Semi-Exclusiva","Ingeniería En Sistemas De Información","Facultad Regional Buenos Aires","Buenos Aires","Buenos Aires","2026-05-26",\N,"1"
"210","210","C2","Tarde","A05","40","Inf2001","Programación Orientada A Objetos","30","15","30","2","Sebastián Nicolás","Álvarez","Magíster En Gestión De Proyectos","Adjunto","Semi-Exclusiva","Ingeniería Industrial","Facultad Regional Buenos Aires","Buenos Aires","Buenos Aires","2026-05-26",\N,"1"
"211","211","C1","Tarde","A02","50","Inf2001","Programación Orientada A Objetos","30","15","30","2","Pablo Sebastián","Ruiz","Doctor En Ingeniería","Titular","Exclusiva","Ingeniería Civil","Facultad Regional Buenos Aires","Buenos Aires","Buenos Aires","2026-05-26",\N,"1"
"212","212","C2","Tarde","B11","45","Inf2001","Programación Orientada A Objetos","30","15","30","2","Héctor Luis","González","Doctor En Física","Titular","Exclusiva","Ciencias Básicas","Facultad Regional Buenos Aires","Buenos Aires","Buenos Aires","2026-05-26",\N,"1"
"213","213","C1","Noche","B11","40","Inf2002","Arquitectura De Computadoras","45","15","15","2","Jorge Osvaldo","Sánchez","Magíster En Ingeniería Industrial","Titular","Semi-Exclusiva","Ingeniería Industrial","Facultad Regional Buenos Aires","Buenos Aires","Buenos Aires","2026-05-26",\N,"1"
"214","214","C2","Mañana","A06","80","Inf2002","Arquitectura De Computadoras","45","15","15","2","Diego Marcelo","Torres","Ingeniero Mecánico","Adjunto","Simple","Ingeniería Mecánica","Facultad Regional Buenos Aires","Buenos Aires","Buenos Aires","2026-05-26",\N,"1"
"215","215","C1","Mañana","A10","80","Inf2002","Arquitectura De Computadoras","45","15","15","2","Patricia Andrea","Ramírez","Doctora En Química","Titular","Exclusiva","Ingeniería Química","Facultad Regional Buenos Aires","Buenos Aires","Buenos Aires","2026-05-26",\N,"1"
"216","216","C2","Noche","A02","50","Inf2002","Arquitectura De Computadoras","45","15","15","2","Ana Paula","Martínez","Magíster En Matemática Aplicada","Adjunto","Simple","Ciencias Básicas","Facultad Regional Buenos Aires","Buenos Aires","Buenos Aires","2026-05-26",\N,"1"
"217","217","C1","Mañana","D09","50","Mat3001","Análisis Matemático Iii","45","30","0","3","Gabriela Inés","Flores","Magíster En Sistemas De Información","Asociado","Semi-Exclusiva","Ingeniería En Sistemas De Información","Facultad Regional Buenos Aires","Buenos Aires","Buenos Aires","2026-05-26",\N,"1"
"218","218","C2","Noche","A16","40","Mat3001","Análisis Matemático Iii","45","30","0","3","Marcelo Adrián","Gutiérrez","Magíster En Inteligencia Artificial","Adjunto","Semi-Exclusiva","Ingeniería En Sistemas De Información","Facultad Regional Buenos Aires","Buenos Aires","Buenos Aires","2026-05-26",\N,"1"
"219","219","C2","Noche","L10","45","Inf3001","Base De Datos","30","15","30","3","Eduardo Martín","Vargas","Ingeniero En Sistemas","Adjunto","Simple","Ingeniería En Sistemas De Información","Facultad Regional Buenos Aires","Buenos Aires","Buenos Aires","2026-05-26",\N,"1"
"220","220","C1","Noche","B10","40","Inf3001","Base De Datos","30","15","30","3","Sebastián Nicolás","Álvarez","Magíster En Gestión De Proyectos","Adjunto","Semi-Exclusiva","Ingeniería Industrial","Facultad Regional Buenos Aires","Buenos Aires","Buenos Aires","2026-05-26",\N,"1"
"221","221","C1","Tarde","D02","30","Inf3002","Ingeniería De Software I","45","15","15","3","Pablo Sebastián","Ruiz","Doctor En Ingeniería","Titular","Exclusiva","Ingeniería Civil","Facultad Regional Buenos Aires","Buenos Aires","Buenos Aires","2026-05-26",\N,"1"
"222","222","C1","Noche","A11","30","Inf3002","Ingeniería De Software I","45","15","15","3","Gustavo Raúl","Medina","Doctor En Matemática","Titular","Exclusiva","Ciencias Básicas","Facultad Regional Buenos Aires","Buenos Aires","Buenos Aires","2026-05-26",\N,"1"
"223","223","C2","Noche","D06","50","Inf3003","Sistemas Operativos","30","15","30","3","Diego Marcelo","Torres","Ingeniero Mecánico","Adjunto","Simple","Ingeniería Mecánica","Facultad Regional Buenos Aires","Buenos Aires","Buenos Aires","2026-05-26",\N,"1"
"224","224","C1","Tarde","B06","45","Inf3003","Sistemas Operativos","30","15","30","3","Susana Graciela","Ríos","Ingeniera Industrial","Adjunto","Simple","Ingeniería Industrial","Facultad Regional Buenos Aires","Buenos Aires","Buenos Aires","2026-05-26",\N,"1"
"225","225","C1","Noche","A13","50","Inf3005","Redes De Computadoras","30","15","30","3","Luciana Paola","Moreno","Ingeniera Química","Adjunto","Simple","Ingeniería Química","Facultad Regional Buenos Aires","Buenos Aires","Buenos Aires","2026-05-26",\N,"1"
"226","226","C2","Noche","D18","45","Inf3005","Redes De Computadoras","30","15","30","3","Rodrigo Matías","Campos","Ingeniero En Sistemas","Adjunto","Simple","Ingeniería En Sistemas De Información","Facultad Regional Buenos Aires","Buenos Aires","Buenos Aires","2026-05-26",\N,"1"
"227","227","C1","Noche","L13","40","Inf3005","Redes De Computadoras","30","15","30","3","Roberto Augusto","López","Ingeniero Civil","Asociado","Semi-Exclusiva","Ingeniería Civil","Facultad Regional Buenos Aires","Buenos Aires","Buenos Aires","2026-05-26",\N,"1"
"228","228","C2","Noche","D09","50","Inf3005","Redes De Computadoras","30","15","30","3","Roberto Augusto","López","Ingeniero Civil","Asociado","Semi-Exclusiva","Ingeniería Civil","Facultad Regional Buenos Aires","Buenos Aires","Buenos Aires","2026-05-26",\N,"1"
"229","229","C1","Noche","L15","45","Inf4001","Ingeniería De Software Ii","45","15","15","4","Luciana Paola","Moreno","Ingeniera Química","Adjunto","Simple","Ingeniería Química","Facultad Regional Buenos Aires","Buenos Aires","Buenos Aires","2026-05-26",\N,"1"
"230","230","C2","Tarde","L17","35","Inf4001","Ingeniería De Software Ii","45","15","15","4","Marcelo Adrián","Gutiérrez","Magíster En Inteligencia Artificial","Adjunto","Semi-Exclusiva","Ingeniería En Sistemas De Información","Facultad Regional Buenos Aires","Buenos Aires","Buenos Aires","2026-05-26",\N,"1"
"231","231","C1","Mañana","D01","30","Inf4002","Inteligencia Artificial","30","15","30","4","Rodrigo Matías","Campos","Ingeniero En Sistemas","Adjunto","Simple","Ingeniería En Sistemas De Información","Facultad Regional Buenos Aires","Buenos Aires","Buenos Aires","2026-05-26",\N,"1"
"232","232","C1","Noche","L07","80","Inf4002","Inteligencia Artificial","30","15","30","4","Silvina Beatriz","Fernández","Ingeniera Electrónica","Adjunto","Semi-Exclusiva","Ingeniería Electrónica","Facultad Regional Buenos Aires","Buenos Aires","Buenos Aires","2026-05-26",\N,"1"
"233","233","C2","Noche","C07","60","Inf4002","Inteligencia Artificial","30","15","30","4","María Elena","Rodríguez","Doctora En Ciencias De La Computación","Titular","Exclusiva","Ingeniería En Sistemas De Información","Facultad Regional Buenos Aires","Buenos Aires","Buenos Aires","2026-05-26",\N,"1"
"234","234","C1","Noche","A02","80","Inf4003","Gestión De Proyectos","45","15","0","4","Alejandro José","Núñez","Ingeniero Electrónico","Adjunto","Simple","Ingeniería Electrónica","Facultad Regional Buenos Aires","Buenos Aires","Buenos Aires","2026-05-26",\N,"1"
"235","235","C1","Noche","D20","80","Inf4003","Gestión De Proyectos","45","15","0","4","Héctor Luis","González","Doctor En Física","Titular","Exclusiva","Ciencias Básicas","Facultad Regional Buenos Aires","Buenos Aires","Buenos Aires","2026-05-26",\N,"1"
"236","236","C1","Noche","L13","50","Inf4004","Seguridad Informática","30","15","30","4","Rodrigo Matías","Campos","Ingeniero En Sistemas","Adjunto","Simple","Ingeniería En Sistemas De Información","Facultad Regional Buenos Aires","Buenos Aires","Buenos Aires","2026-05-26",\N,"1"
"237","237","C1","Tarde","L02","40","Inf4004","Seguridad Informática","30","15","30","4","Carlos Alberto","García","Ingeniero En Sistemas","Titular","Exclusiva","Ingeniería En Sistemas De Información","Facultad Regional Buenos Aires","Buenos Aires","Buenos Aires","2026-05-26",\N,"1"
"238","238","C2","Noche","C13","50","Inf4005","Diseño De Sistemas","45","15","15","4","Diego Marcelo","Torres","Ingeniero Mecánico","Adjunto","Simple","Ingeniería Mecánica","Facultad Regional Buenos Aires","Buenos Aires","Buenos Aires","2026-05-26",\N,"1"
"239","239","C2","Tarde","A08","30","Inf4005","Diseño De Sistemas","45","15","15","4","Luis Alberto","Vera","Ingeniero Industrial","Adjunto","Simple","Ingeniería Industrial","Facultad Regional Buenos Aires","Buenos Aires","Buenos Aires","2026-05-26",\N,"1"
"240","240","C2","Noche","D19","80","Inf5001","Proyecto Final","15","0","60","5","Florencia Daniela","Cabrera","Doctora En Ingeniería","Asociado","Semi-Exclusiva","Ingeniería Civil","Facultad Regional Buenos Aires","Buenos Aires","Buenos Aires","2026-05-26",\N,"1"
"241","241","C1","Noche","A13","60","Inf5001","Proyecto Final","15","0","60","5","Rodrigo Matías","Campos","Ingeniero En Sistemas","Adjunto","Simple","Ingeniería En Sistemas De Información","Facultad Regional Buenos Aires","Buenos Aires","Buenos Aires","2026-05-26",\N,"1"
"242","242","C2","Noche","B18","45","Inf4006","Aprendizaje Automático","30","15","30","4","Sebastián Nicolás","Álvarez","Magíster En Gestión De Proyectos","Adjunto","Semi-Exclusiva","Ingeniería Industrial","Facultad Regional Buenos Aires","Buenos Aires","Buenos Aires","2026-05-26",\N,"1"
"243","243","C1","Noche","B01","50","Inf4006","Aprendizaje Automático","30","15","30","4","Mónica Patricia","Serrano","Doctora En Química Industrial","Asociado","Semi-Exclusiva","Ingeniería Química","Facultad Regional Buenos Aires","Buenos Aires","Buenos Aires","2026-05-26",\N,"1"
"244","244","C2","Noche","A06","40","Inf4007","Desarrollo De Aplicaciones Web","30","15","30","4","Roberto Augusto","López","Ingeniero Civil","Asociado","Semi-Exclusiva","Ingeniería Civil","Facultad Regional Buenos Aires","Buenos Aires","Buenos Aires","2026-05-26",\N,"1"
"245","245","C1","Noche","L03","50","Inf4007","Desarrollo De Aplicaciones Web","30","15","30","4","Verónica Adriana","Rojas","Doctora En Ciencias De La Computación","Titular","Exclusiva","Ingeniería En Sistemas De Información","Facultad Regional Buenos Aires","Buenos Aires","Buenos Aires","2026-05-26",\N,"1"
"246","246","C1","Noche","B12","50","Mat1001","Análisis Matemático I","60","30","0","1","Facundo Ezequiel","Jiménez","Magíster En Ciencias De La Computación","Adjunto","Semi-Exclusiva","Ingeniería En Sistemas De Información","Facultad Regional Buenos Aires","Buenos Aires","Buenos Aires","2026-05-26",\N,"1"
"247","247","C2","Noche","B14","40","Mat1001","Análisis Matemático I","60","30","0","1","Héctor Luis","González","Doctor En Física","Titular","Exclusiva","Ciencias Básicas","Facultad Regional Buenos Aires","Buenos Aires","Buenos Aires","2026-05-26",\N,"1"
"248","248","C1","Noche","B11","50","Mat1001","Análisis Matemático I","60","30","0","1","Ignacio Ramón","Ibáñez","Magíster En Seguridad Informática","Adjunto","Semi-Exclusiva","Ingeniería En Sistemas De Información","Facultad Regional Buenos Aires","Buenos Aires","Buenos Aires","2026-05-26",\N,"1"
"249","249","C2","Noche","D17","80","Mat1001","Análisis Matemático I","60","30","0","1","Fernando Daniel","Reyes","Doctor En Física","Asociado","Semi-Exclusiva","Ciencias Básicas","Facultad Regional Buenos Aires","Buenos Aires","Buenos Aires","2026-05-26",\N,"1"
"250","250","C1","Tarde","A01","45","Mat1002","Álgebra Y Geometría Analítica","60","30","0","1","Valeria Soledad","Herrera","Ingeniera Electrónica","Adjunto","Simple","Ingeniería Electrónica","Facultad Regional Buenos Aires","Buenos Aires","Buenos Aires","2026-05-26",\N,"1"
"251","251","C2","Tarde","D07","35","Mat1002","Álgebra Y Geometría Analítica","60","30","0","1","Alejandro José","Núñez","Ingeniero Electrónico","Adjunto","Simple","Ingeniería Electrónica","Facultad Regional Buenos Aires","Buenos Aires","Buenos Aires","2026-05-26",\N,"1"
"252","252","C1","Noche","B02","60","Mat1002","Álgebra Y Geometría Analítica","60","30","0","1","Gabriela Inés","Flores","Magíster En Sistemas De Información","Asociado","Semi-Exclusiva","Ingeniería En Sistemas De Información","Facultad Regional Buenos Aires","Buenos Aires","Buenos Aires","2026-05-26",\N,"1"
"253","253","C2","Noche","C20","35","Mat1002","Álgebra Y Geometría Analítica","60","30","0","1","Facundo Ezequiel","Jiménez","Magíster En Ciencias De La Computación","Adjunto","Semi-Exclusiva","Ingeniería En Sistemas De Información","Facultad Regional Buenos Aires","Buenos Aires","Buenos Aires","2026-05-26",\N,"1"
"254","254","C1","Tarde","A19","45","Fis1001","Física I","45","30","15","1","Sebastián Nicolás","Álvarez","Magíster En Gestión De Proyectos","Adjunto","Semi-Exclusiva","Ingeniería Industrial","Facultad Regional Buenos Aires","Buenos Aires","Buenos Aires","2026-05-26",\N,"1"
"255","255","C2","Noche","C13","60","Fis1001","Física I","45","30","15","1","Ana Paula","Martínez","Magíster En Matemática Aplicada","Adjunto","Simple","Ciencias Básicas","Facultad Regional Buenos Aires","Buenos Aires","Buenos Aires","2026-05-26",\N,"1"
"256","256","C1","Mañana","A13","30","Fis1001","Física I","45","30","15","1","Roberto Augusto","López","Ingeniero Civil","Asociado","Semi-Exclusiva","Ingeniería Civil","Facultad Regional Buenos Aires","Buenos Aires","Buenos Aires","2026-05-26",\N,"1"
"257","257","C2","Tarde","C11","50","Fis1001","Física I","45","30","15","1","Ignacio Ramón","Ibáñez","Magíster En Seguridad Informática","Adjunto","Semi-Exclusiva","Ingeniería En Sistemas De Información","Facultad Regional Buenos Aires","Buenos Aires","Buenos Aires","2026-05-26",\N,"1"
"258","258","C1","Noche","C19","30","Qui1001","Química General","30","15","30","1","Silvina Beatriz","Fernández","Ingeniera Electrónica","Adjunto","Semi-Exclusiva","Ingeniería Electrónica","Facultad Regional Buenos Aires","Buenos Aires","Buenos Aires","2026-05-26",\N,"1"
"259","259","C2","Tarde","C16","60","Qui1001","Química General","30","15","30","1","Sandra Mabel","Fuentes","Magíster En Sistemas Embebidos","Adjunto","Semi-Exclusiva","Ingeniería Electrónica","Facultad Regional Buenos Aires","Buenos Aires","Buenos Aires","2026-05-26",\N,"1"
"260","260","C1","Noche","A11","35","Qui1001","Química General","30","15","30","1","Jorge Osvaldo","Sánchez","Magíster En Ingeniería Industrial","Titular","Semi-Exclusiva","Ingeniería Industrial","Facultad Regional Buenos Aires","Buenos Aires","Buenos Aires","2026-05-26",\N,"1"
"261","261","C2","Noche","C10","30","Qui1001","Química General","30","15","30","1","Florencia Daniela","Cabrera","Doctora En Ingeniería","Asociado","Semi-Exclusiva","Ingeniería Civil","Facultad Regional Buenos Aires","Buenos Aires","Buenos Aires","2026-05-26",\N,"1"
"262","262","C1","Noche","L08","45","Mat2001","Análisis Matemático Ii","60","30","0","2","Rodrigo Matías","Campos","Ingeniero En Sistemas","Adjunto","Simple","Ingeniería En Sistemas De Información","Facultad Regional Buenos Aires","Buenos Aires","Buenos Aires","2026-05-26",\N,"1"
"263","263","C2","Noche","L07","45","Mat2001","Análisis Matemático Ii","60","30","0","2","Silvina Beatriz","Fernández","Ingeniera Electrónica","Adjunto","Semi-Exclusiva","Ingeniería Electrónica","Facultad Regional Buenos Aires","Buenos Aires","Buenos Aires","2026-05-26",\N,"1"
"264","264","C1","Noche","D13","30","Mat2001","Análisis Matemático Ii","60","30","0","2","Carolina Florencia","Díaz","Ingeniera Civil","Adjunto","Simple","Ingeniería Civil","Facultad Regional Buenos Aires","Buenos Aires","Buenos Aires","2026-05-26",\N,"1"
"265","265","C2","Tarde","C20","45","Mat2001","Análisis Matemático Ii","60","30","0","2","Tomás Agustín","Domínguez","Magíster En Electrónica","Adjunto","Semi-Exclusiva","Ingeniería Electrónica","Facultad Regional Buenos Aires","Buenos Aires","Buenos Aires","2026-05-26",\N,"1"
"266","266","C1","Noche","L10","45","Mat2002","Probabilidad Y Estadística","45","30","0","2","Susana Graciela","Ríos","Ingeniera Industrial","Adjunto","Simple","Ingeniería Industrial","Facultad Regional Buenos Aires","Buenos Aires","Buenos Aires","2026-05-26",\N,"1"
"267","267","C2","Noche","L13","45","Mat2002","Probabilidad Y Estadística","45","30","0","2","Pablo Sebastián","Ruiz","Doctor En Ingeniería","Titular","Exclusiva","Ingeniería Civil","Facultad Regional Buenos Aires","Buenos Aires","Buenos Aires","2026-05-26",\N,"1"
"268","268","C1","Noche","A18","80","Mat2002","Probabilidad Y Estadística","45","30","0","2","Sofía Valentina","Vega","Magíster En Ciencias De La Computación","Adjunto","Semi-Exclusiva","Ingeniería En Sistemas De Información","Facultad Regional Buenos Aires","Buenos Aires","Buenos Aires","2026-05-26",\N,"1"
"269","269","C2","Mañana","B18","30","Mat2002","Probabilidad Y Estadística","45","30","0","2","Carlos Alberto","García","Ingeniero En Sistemas","Titular","Exclusiva","Ingeniería En Sistemas De Información","Facultad Regional Buenos Aires","Buenos Aires","Buenos Aires","2026-05-26",\N,"1"
"270","270","C1","Noche","A17","50","Mat3001","Análisis Matemático Iii","45","30","0","3","Jorge Osvaldo","Sánchez","Magíster En Ingeniería Industrial","Titular","Semi-Exclusiva","Ingeniería Industrial","Facultad Regional Buenos Aires","Buenos Aires","Buenos Aires","2026-05-26",\N,"1"
"271","271","C1","Noche","C11","35","Mat3001","Análisis Matemático Iii","45","30","0","3","Silvina Beatriz","Fernández","Ingeniera Electrónica","Adjunto","Semi-Exclusiva","Ingeniería Electrónica","Facultad Regional Buenos Aires","Buenos Aires","Buenos Aires","2026-05-26",\N,"1"
"272","272","C2","Mañana","C06","60","Mat3001","Análisis Matemático Iii","45","30","0","3","Silvina Beatriz","Fernández","Ingeniera Electrónica","Adjunto","Semi-Exclusiva","Ingeniería Electrónica","Facultad Regional Buenos Aires","Buenos Aires","Buenos Aires","2026-05-26",\N,"1"
"273","273","C2","Noche","L13","50","Inf4003","Gestión De Proyectos","45","15","0","4","Ana Paula","Martínez","Magíster En Matemática Aplicada","Adjunto","Simple","Ciencias Básicas","Facultad Regional Buenos Aires","Buenos Aires","Buenos Aires","2026-05-26",\N,"1"
"274","274","C1","Noche","C10","40","Inf4003","Gestión De Proyectos","45","15","0","4","Rodrigo Matías","Campos","Ingeniero En Sistemas","Adjunto","Simple","Ingeniería En Sistemas De Información","Facultad Regional Buenos Aires","Buenos Aires","Buenos Aires","2026-05-26",\N,"1"
"275","275","C1","Noche","B09","50","Adm1001","Administración General","60","15","0","1","Ignacio Ramón","Ibáñez","Magíster En Seguridad Informática","Adjunto","Semi-Exclusiva","Ingeniería En Sistemas De Información","Facultad Regional Buenos Aires","Buenos Aires","Buenos Aires","2026-05-26",\N,"1"
"276","276","C2","Noche","L06","35","Adm1001","Administración General","60","15","0","1","Héctor Luis","González","Doctor En Física","Titular","Exclusiva","Ciencias Básicas","Facultad Regional Buenos Aires","Buenos Aires","Buenos Aires","2026-05-26",\N,"1"
"277","277","C1","Noche","D03","50","Adm1001","Administración General","60","15","0","1","Leandro Damián","Acosta","Doctor En Ingeniería Civil","Titular","Exclusiva","Ingeniería Civil","Facultad Regional Buenos Aires","Buenos Aires","Buenos Aires","2026-05-26",\N,"1"
"278","278","C2","Tarde","L07","60","Adm1001","Administración General","60","15","0","1","Pilar Estela","Molina","Ingeniera Civil","Adjunto","Simple","Ingeniería Civil","Facultad Regional Buenos Aires","Buenos Aires","Buenos Aires","2026-05-26",\N,"1"
"279","279","C1","Noche","A15","80","Adm2001","Economía General","60","15","0","2","Carolina Florencia","Díaz","Ingeniera Civil","Adjunto","Simple","Ingeniería Civil","Facultad Regional Buenos Aires","Buenos Aires","Buenos Aires","2026-05-26",\N,"1"
"280","280","C2","Noche","B20","30","Adm2001","Economía General","60","15","0","2","Alejandro José","Núñez","Ingeniero Electrónico","Adjunto","Simple","Ingeniería Electrónica","Facultad Regional Buenos Aires","Buenos Aires","Buenos Aires","2026-05-26",\N,"1"
"281","281","C1","Noche","L05","35","Adm2001","Economía General","60","15","0","2","Carlos Alberto","García","Ingeniero En Sistemas","Titular","Exclusiva","Ingeniería En Sistemas De Información","Facultad Regional Buenos Aires","Buenos Aires","Buenos Aires","2026-05-26",\N,"1"
"282","282","C2","Mañana","A10","40","Adm2001","Economía General","60","15","0","2","Sofía Valentina","Vega","Magíster En Ciencias De La Computación","Adjunto","Semi-Exclusiva","Ingeniería En Sistemas De Información","Facultad Regional Buenos Aires","Buenos Aires","Buenos Aires","2026-05-26",\N,"1"
"283","283","C1","Noche","L17","80","Adm3001","Contabilidad Y Costos","45","30","0","3","Héctor Luis","González","Doctor En Física","Titular","Exclusiva","Ciencias Básicas","Facultad Regional Buenos Aires","Buenos Aires","Buenos Aires","2026-05-26",\N,"1"
"284","284","C2","Tarde","A07","30","Adm3001","Contabilidad Y Costos","45","30","0","3","Silvina Beatriz","Fernández","Ingeniera Electrónica","Adjunto","Semi-Exclusiva","Ingeniería Electrónica","Facultad Regional Buenos Aires","Buenos Aires","Buenos Aires","2026-05-26",\N,"1"
"285","285","C1","Mañana","D16","40","Adm3001","Contabilidad Y Costos","45","30","0","3","Mariana Soledad","Pereira","Magíster En Matemática","Adjunto","Semi-Exclusiva","Ciencias Básicas","Facultad Regional Buenos Aires","Buenos Aires","Buenos Aires","2026-05-26",\N,"1"
"286","286","C2","Mañana","A20","35","Adm3001","Contabilidad Y Costos","45","30","0","3","Sandra Mabel","Fuentes","Magíster En Sistemas Embebidos","Adjunto","Semi-Exclusiva","Ingeniería Electrónica","Facultad Regional Buenos Aires","Buenos Aires","Buenos Aires","2026-05-26",\N,"1"
"287","287","C1","Mañana","B14","45","Ind3001","Investigación Operativa","45","30","0","3","Florencia Daniela","Cabrera","Doctora En Ingeniería","Asociado","Semi-Exclusiva","Ingeniería Civil","Facultad Regional Buenos Aires","Buenos Aires","Buenos Aires","2026-05-26",\N,"1"
"288","288","C2","Tarde","B06","30","Ind3001","Investigación Operativa","45","30","0","3","Mónica Patricia","Serrano","Doctora En Química Industrial","Asociado","Semi-Exclusiva","Ingeniería Química","Facultad Regional Buenos Aires","Buenos Aires","Buenos Aires","2026-05-26",\N,"1"
"289","289","C2","Noche","B17","80","Ind3001","Investigación Operativa","45","30","0","3","Eduardo Martín","Vargas","Ingeniero En Sistemas","Adjunto","Simple","Ingeniería En Sistemas De Información","Facultad Regional Buenos Aires","Buenos Aires","Buenos Aires","2026-05-26",\N,"1"
"290","290","C2","Noche","C01","50","Ind4001","Logística Y Cadena De Suministro","45","15","0","4","Alejandro José","Núñez","Ingeniero Electrónico","Adjunto","Simple","Ingeniería Electrónica","Facultad Regional Buenos Aires","Buenos Aires","Buenos Aires","2026-05-26",\N,"1"
"291","291","C1","Noche","A14","30","Ind4001","Logística Y Cadena De Suministro","45","15","0","4","Marcelo Adrián","Gutiérrez","Magíster En Inteligencia Artificial","Adjunto","Semi-Exclusiva","Ingeniería En Sistemas De Información","Facultad Regional Buenos Aires","Buenos Aires","Buenos Aires","2026-05-26",\N,"1"
"292","292","C1","Noche","L06","60","Ind4002","Gestión De La Calidad","45","15","0","4","Pablo Sebastián","Ruiz","Doctor En Ingeniería","Titular","Exclusiva","Ingeniería Civil","Facultad Regional Buenos Aires","Buenos Aires","Buenos Aires","2026-05-26",\N,"1"
"293","293","C1","Tarde","L09","35","Ind4002","Gestión De La Calidad","45","15","0","4","Gustavo Raúl","Medina","Doctor En Matemática","Titular","Exclusiva","Ciencias Básicas","Facultad Regional Buenos Aires","Buenos Aires","Buenos Aires","2026-05-26",\N,"1"
"294","294","C2","Noche","B09","80","Ind4002","Gestión De La Calidad","45","15","0","4","Marcelo Adrián","Gutiérrez","Magíster En Inteligencia Artificial","Adjunto","Semi-Exclusiva","Ingeniería En Sistemas De Información","Facultad Regional Buenos Aires","Buenos Aires","Buenos Aires","2026-05-26",\N,"1"
"295","295","C1","Noche","L13","50","Mat1001","Análisis Matemático I","60","30","0","1","Eduardo Martín","Vargas","Ingeniero En Sistemas","Adjunto","Simple","Ingeniería En Sistemas De Información","Facultad Regional Buenos Aires","Buenos Aires","Buenos Aires","2026-05-26",\N,"1"
"296","296","C2","Tarde","B02","40","Mat1001","Análisis Matemático I","60","30","0","1","Sandra Mabel","Fuentes","Magíster En Sistemas Embebidos","Adjunto","Semi-Exclusiva","Ingeniería Electrónica","Facultad Regional Buenos Aires","Buenos Aires","Buenos Aires","2026-05-26",\N,"1"
"297","297","C1","Noche","A13","80","Mat1001","Análisis Matemático I","60","30","0","1","Roberto Augusto","López","Ingeniero Civil","Asociado","Semi-Exclusiva","Ingeniería Civil","Facultad Regional Buenos Aires","Buenos Aires","Buenos Aires","2026-05-26",\N,"1"
"298","298","C2","Noche","D10","35","Mat1001","Análisis Matemático I","60","30","0","1","Luciana Paola","Moreno","Ingeniera Química","Adjunto","Simple","Ingeniería Química","Facultad Regional Buenos Aires","Buenos Aires","Buenos Aires","2026-05-26",\N,"1"
"299","299","C1","Noche","L07","50","Mat1002","Álgebra Y Geometría Analítica","60","30","0","1","Verónica Adriana","Rojas","Doctora En Ciencias De La Computación","Titular","Exclusiva","Ingeniería En Sistemas De Información","Facultad Regional Buenos Aires","Buenos Aires","Buenos Aires","2026-05-26",\N,"1"
"300","300","C2","Tarde","A05","35","Mat1002","Álgebra Y Geometría Analítica","60","30","0","1","Pilar Estela","Molina","Ingeniera Civil","Adjunto","Simple","Ingeniería Civil","Facultad Regional Buenos Aires","Buenos Aires","Buenos Aires","2026-05-26",\N,"1"
"301","301","C1","Tarde","C14","50","Mat1002","Álgebra Y Geometría Analítica","60","30","0","1","Alejandra Cecilia","Romero","Doctora En Ingeniería Industrial","Asociado","Semi-Exclusiva","Ingeniería Industrial","Facultad Regional Buenos Aires","Buenos Aires","Buenos Aires","2026-05-26",\N,"1"
"302","302","C2","Noche","A09","60","Mat1002","Álgebra Y Geometría Analítica","60","30","0","1","Gustavo Raúl","Medina","Doctor En Matemática","Titular","Exclusiva","Ciencias Básicas","Facultad Regional Buenos Aires","Buenos Aires","Buenos Aires","2026-05-26",\N,"1"
"303","303","C1","Mañana","C17","80","Fis1001","Física I","45","30","15","1","Ignacio Ramón","Ibáñez","Magíster En Seguridad Informática","Adjunto","Semi-Exclusiva","Ingeniería En Sistemas De Información","Facultad Regional Buenos Aires","Buenos Aires","Buenos Aires","2026-05-26",\N,"1"
"304","304","C2","Noche","A08","45","Fis1001","Física I","45","30","15","1","Pilar Estela","Molina","Ingeniera Civil","Adjunto","Simple","Ingeniería Civil","Facultad Regional Buenos Aires","Buenos Aires","Buenos Aires","2026-05-26",\N,"1"
"305","305","C1","Noche","B05","50","Fis1001","Física I","45","30","15","1","Ignacio Ramón","Ibáñez","Magíster En Seguridad Informática","Adjunto","Semi-Exclusiva","Ingeniería En Sistemas De Información","Facultad Regional Buenos Aires","Buenos Aires","Buenos Aires","2026-05-26",\N,"1"
"306","306","C2","Tarde","C01","35","Fis1001","Física I","45","30","15","1","Fernando Daniel","Reyes","Doctor En Física","Asociado","Semi-Exclusiva","Ciencias Básicas","Facultad Regional Buenos Aires","Buenos Aires","Buenos Aires","2026-05-26",\N,"1"
"307","307","C1","Mañana","L13","40","Qui1001","Química General","30","15","30","1","Tomás Agustín","Domínguez","Magíster En Electrónica","Adjunto","Semi-Exclusiva","Ingeniería Electrónica","Facultad Regional Buenos Aires","Buenos Aires","Buenos Aires","2026-05-26",\N,"1"
"308","308","C2","Noche","B18","35","Qui1001","Química General","30","15","30","1","Sandra Mabel","Fuentes","Magíster En Sistemas Embebidos","Adjunto","Semi-Exclusiva","Ingeniería Electrónica","Facultad Regional Buenos Aires","Buenos Aires","Buenos Aires","2026-05-26",\N,"1"
"309","309","C1","Tarde","D19","30","Qui1001","Química General","30","15","30","1","Luciana Paola","Moreno","Ingeniera Química","Adjunto","Simple","Ingeniería Química","Facultad Regional Buenos Aires","Buenos Aires","Buenos Aires","2026-05-26",\N,"1"
"310","310","C2","Noche","C07","30","Qui1001","Química General","30","15","30","1","Verónica Adriana","Rojas","Doctora En Ciencias De La Computación","Titular","Exclusiva","Ingeniería En Sistemas De Información","Facultad Regional Buenos Aires","Buenos Aires","Buenos Aires","2026-05-26",\N,"1"
"311","311","C1","Noche","C02","80","Mat2001","Análisis Matemático Ii","60","30","0","2","Ignacio Ramón","Ibáñez","Magíster En Seguridad Informática","Adjunto","Semi-Exclusiva","Ingeniería En Sistemas De Información","Facultad Regional Buenos Aires","Buenos Aires","Buenos Aires","2026-05-26",\N,"1"
"312","312","C2","Noche","A18","50","Mat2001","Análisis Matemático Ii","60","30","0","2","Carolina Florencia","Díaz","Ingeniera Civil","Adjunto","Simple","Ingeniería Civil","Facultad Regional Buenos Aires","Buenos Aires","Buenos Aires","2026-05-26",\N,"1"
"313","313","C1","Mañana","A05","50","Mat2001","Análisis Matemático Ii","60","30","0","2","Claudia Verónica","Morales","Ingeniera Industrial","Adjunto","Simple","Ingeniería Industrial","Facultad Regional Buenos Aires","Buenos Aires","Buenos Aires","2026-05-26",\N,"1"
"314","314","C2","Tarde","C19","80","Mat2001","Análisis Matemático Ii","60","30","0","2","Ana Paula","Martínez","Magíster En Matemática Aplicada","Adjunto","Simple","Ciencias Básicas","Facultad Regional Buenos Aires","Buenos Aires","Buenos Aires","2026-05-26",\N,"1"
"315","315","C1","Noche","L04","60","Mat2002","Probabilidad Y Estadística","45","30","0","2","Jorge Osvaldo","Sánchez","Magíster En Ingeniería Industrial","Titular","Semi-Exclusiva","Ingeniería Industrial","Facultad Regional Buenos Aires","Buenos Aires","Buenos Aires","2026-05-26",\N,"1"
"316","316","C2","Noche","D07","50","Mat2002","Probabilidad Y Estadística","45","30","0","2","Roberto Augusto","López","Ingeniero Civil","Asociado","Semi-Exclusiva","Ingeniería Civil","Facultad Regional Buenos Aires","Buenos Aires","Buenos Aires","2026-05-26",\N,"1"
"317","317","C1","Noche","C15","30","Mat2002","Probabilidad Y Estadística","45","30","0","2","Silvina Beatriz","Fernández","Ingeniera Electrónica","Adjunto","Semi-Exclusiva","Ingeniería Electrónica","Facultad Regional Buenos Aires","Buenos Aires","Buenos Aires","2026-05-26",\N,"1"
"318","318","C2","Noche","L15","80","Mat2002","Probabilidad Y Estadística","45","30","0","2","Eduardo Martín","Vargas","Ingeniero En Sistemas","Adjunto","Simple","Ingeniería En Sistemas De Información","Facultad Regional Buenos Aires","Buenos Aires","Buenos Aires","2026-05-26",\N,"1"
"319","319","C2","Noche","A11","45","Mat3001","Análisis Matemático Iii","45","30","0","3","Ana Paula","Martínez","Magíster En Matemática Aplicada","Adjunto","Simple","Ciencias Básicas","Facultad Regional Buenos Aires","Buenos Aires","Buenos Aires","2026-05-26",\N,"1"
"320","320","C2","Noche","C10","40","Mat3001","Análisis Matemático Iii","45","30","0","3","Carlos Alberto","García","Ingeniero En Sistemas","Titular","Exclusiva","Ingeniería En Sistemas De Información","Facultad Regional Buenos Aires","Buenos Aires","Buenos Aires","2026-05-26",\N,"1"
"321","321","C1","Tarde","C15","45","Ele1001","Circuitos Eléctricos","45","30","15","1","Luciana Paola","Moreno","Ingeniera Química","Adjunto","Simple","Ingeniería Química","Facultad Regional Buenos Aires","Buenos Aires","Buenos Aires","2026-05-26",\N,"1"
"322","322","C2","Noche","C09","80","Ele1001","Circuitos Eléctricos","45","30","15","1","Leandro Damián","Acosta","Doctor En Ingeniería Civil","Titular","Exclusiva","Ingeniería Civil","Facultad Regional Buenos Aires","Buenos Aires","Buenos Aires","2026-05-26",\N,"1"
"323","323","C1","Noche","C18","80","Ele1001","Circuitos Eléctricos","45","30","15","1","Natalia Belén","Castro","Magíster En Telecomunicaciones","Adjunto","Semi-Exclusiva","Ingeniería Electrónica","Facultad Regional Buenos Aires","Buenos Aires","Buenos Aires","2026-05-26",\N,"1"
"324","324","C2","Noche","L05","50","Ele1001","Circuitos Eléctricos","45","30","15","1","Silvina Beatriz","Fernández","Ingeniera Electrónica","Adjunto","Semi-Exclusiva","Ingeniería Electrónica","Facultad Regional Buenos Aires","Buenos Aires","Buenos Aires","2026-05-26",\N,"1"
"325","325","C1","Noche","L12","40","Mat1001","Análisis Matemático I","60","30","0","1","Ana Paula","Martínez","Magíster En Matemática Aplicada","Adjunto","Simple","Ciencias Básicas","Facultad Regional Buenos Aires","Buenos Aires","Buenos Aires","2026-05-26",\N,"1"
"326","326","C2","Noche","D19","50","Mat1001","Análisis Matemático I","60","30","0","1","Héctor Luis","González","Doctor En Física","Titular","Exclusiva","Ciencias Básicas","Facultad Regional Buenos Aires","Buenos Aires","Buenos Aires","2026-05-26",\N,"1"
"327","327","C1","Tarde","C01","40","Mat1001","Análisis Matemático I","60","30","0","1","Claudia Verónica","Morales","Ingeniera Industrial","Adjunto","Simple","Ingeniería Industrial","Facultad Regional Buenos Aires","Buenos Aires","Buenos Aires","2026-05-26",\N,"1"
"328","328","C2","Noche","C18","35","Mat1001","Análisis Matemático I","60","30","0","1","Silvina Beatriz","Fernández","Ingeniera Electrónica","Adjunto","Semi-Exclusiva","Ingeniería Electrónica","Facultad Regional Buenos Aires","Buenos Aires","Buenos Aires","2026-05-26",\N,"1"
"329","329","C1","Noche","D01","45","Mat1002","Álgebra Y Geometría Analítica","60","30","0","1","Sandra Mabel","Fuentes","Magíster En Sistemas Embebidos","Adjunto","Semi-Exclusiva","Ingeniería Electrónica","Facultad Regional Buenos Aires","Buenos Aires","Buenos Aires","2026-05-26",\N,"1"
"330","330","C2","Noche","A08","35","Mat1002","Álgebra Y Geometría Analítica","60","30","0","1","Alejandra Cecilia","Romero","Doctora En Ingeniería Industrial","Asociado","Semi-Exclusiva","Ingeniería Industrial","Facultad Regional Buenos Aires","Buenos Aires","Buenos Aires","2026-05-26",\N,"1"
"331","331","C1","Mañana","D09","30","Mat1002","Álgebra Y Geometría Analítica","60","30","0","1","Mariela Noelia","Ponce","Doctora En Ciencias Básicas","Titular","Exclusiva","Ciencias Básicas","Facultad Regional Buenos Aires","Buenos Aires","Buenos Aires","2026-05-26",\N,"1"
"332","332","C2","Mañana","B03","50","Mat1002","Álgebra Y Geometría Analítica","60","30","0","1","Sofía Valentina","Vega","Magíster En Ciencias De La Computación","Adjunto","Semi-Exclusiva","Ingeniería En Sistemas De Información","Facultad Regional Buenos Aires","Buenos Aires","Buenos Aires","2026-05-26",\N,"1"
"333","333","C1","Noche","L03","45","Fis1001","Física I","45","30","15","1","María Elena","Rodríguez","Doctora En Ciencias De La Computación","Titular","Exclusiva","Ingeniería En Sistemas De Información","Facultad Regional Buenos Aires","Buenos Aires","Buenos Aires","2026-05-26",\N,"1"
"334","334","C2","Noche","C07","50","Fis1001","Física I","45","30","15","1","Eduardo Martín","Vargas","Ingeniero En Sistemas","Adjunto","Simple","Ingeniería En Sistemas De Información","Facultad Regional Buenos Aires","Buenos Aires","Buenos Aires","2026-05-26",\N,"1"
"335","335","C1","Noche","L13","35","Fis1001","Física I","45","30","15","1","Patricia Andrea","Ramírez","Doctora En Química","Titular","Exclusiva","Ingeniería Química","Facultad Regional Buenos Aires","Buenos Aires","Buenos Aires","2026-05-26",\N,"1"
"336","336","C2","Noche","C11","30","Fis1001","Física I","45","30","15","1","Rodrigo Matías","Campos","Ingeniero En Sistemas","Adjunto","Simple","Ingeniería En Sistemas De Información","Facultad Regional Buenos Aires","Buenos Aires","Buenos Aires","2026-05-26",\N,"1"
"337","337","C1","Noche","A06","60","Qui1001","Química General","30","15","30","1","Carolina Florencia","Díaz","Ingeniera Civil","Adjunto","Simple","Ingeniería Civil","Facultad Regional Buenos Aires","Buenos Aires","Buenos Aires","2026-05-26",\N,"1"
"338","338","C2","Noche","C15","80","Qui1001","Química General","30","15","30","1","Carolina Florencia","Díaz","Ingeniera Civil","Adjunto","Simple","Ingeniería Civil","Facultad Regional Buenos Aires","Buenos Aires","Buenos Aires","2026-05-26",\N,"1"
"339","339","C1","Noche","L15","60","Qui1001","Química General","30","15","30","1","Ana Paula","Martínez","Magíster En Matemática Aplicada","Adjunto","Simple","Ciencias Básicas","Facultad Regional Buenos Aires","Buenos Aires","Buenos Aires","2026-05-26",\N,"1"
"340","340","C2","Noche","D01","35","Qui1001","Química General","30","15","30","1","Claudia Verónica","Morales","Ingeniera Industrial","Adjunto","Simple","Ingeniería Industrial","Facultad Regional Buenos Aires","Buenos Aires","Buenos Aires","2026-05-26",\N,"1"
"341","341","C1","Noche","D19","30","Mat2001","Análisis Matemático Ii","60","30","0","2","Florencia Daniela","Cabrera","Doctora En Ingeniería","Asociado","Semi-Exclusiva","Ingeniería Civil","Facultad Regional Buenos Aires","Buenos Aires","Buenos Aires","2026-05-26",\N,"1"
"342","342","C2","Tarde","L15","35","Mat2001","Análisis Matemático Ii","60","30","0","2","Natalia Belén","Castro","Magíster En Telecomunicaciones","Adjunto","Semi-Exclusiva","Ingeniería Electrónica","Facultad Regional Buenos Aires","Buenos Aires","Buenos Aires","2026-05-26",\N,"1"
"343","343","C1","Noche","L15","80","Mat2001","Análisis Matemático Ii","60","30","0","2","Sandra Mabel","Fuentes","Magíster En Sistemas Embebidos","Adjunto","Semi-Exclusiva","Ingeniería Electrónica","Facultad Regional Buenos Aires","Buenos Aires","Buenos Aires","2026-05-26",\N,"1"
"344","344","C2","Noche","B20","50","Mat2001","Análisis Matemático Ii","60","30","0","2","Silvina Beatriz","Fernández","Ingeniera Electrónica","Adjunto","Semi-Exclusiva","Ingeniería Electrónica","Facultad Regional Buenos Aires","Buenos Aires","Buenos Aires","2026-05-26",\N,"1"
"345","345","C1","Tarde","C07","40","Mat2002","Probabilidad Y Estadística","45","30","0","2","Roberto Augusto","López","Ingeniero Civil","Asociado","Semi-Exclusiva","Ingeniería Civil","Facultad Regional Buenos Aires","Buenos Aires","Buenos Aires","2026-05-26",\N,"1"
"346","346","C2","Tarde","L03","50","Mat2002","Probabilidad Y Estadística","45","30","0","2","Mariana Soledad","Pereira","Magíster En Matemática","Adjunto","Semi-Exclusiva","Ciencias Básicas","Facultad Regional Buenos Aires","Buenos Aires","Buenos Aires","2026-05-26",\N,"1"
"347","347","C1","Noche","L04","35","Mat2002","Probabilidad Y Estadística","45","30","0","2","Rodrigo Matías","Campos","Ingeniero En Sistemas","Adjunto","Simple","Ingeniería En Sistemas De Información","Facultad Regional Buenos Aires","Buenos Aires","Buenos Aires","2026-05-26",\N,"1"
"348","348","C2","Tarde","A16","35","Mat2002","Probabilidad Y Estadística","45","30","0","2","Mónica Patricia","Serrano","Doctora En Química Industrial","Asociado","Semi-Exclusiva","Ingeniería Química","Facultad Regional Buenos Aires","Buenos Aires","Buenos Aires","2026-05-26",\N,"1"
"349","349","C1","Tarde","L11","50","Mat3001","Análisis Matemático Iii","45","30","0","3","Mariana Soledad","Pereira","Magíster En Matemática","Adjunto","Semi-Exclusiva","Ciencias Básicas","Facultad Regional Buenos Aires","Buenos Aires","Buenos Aires","2026-05-26",\N,"1"
"350","350","C1","Tarde","B02","60","Mat3001","Análisis Matemático Iii","45","30","0","3","Sandra Mabel","Fuentes","Magíster En Sistemas Embebidos","Adjunto","Semi-Exclusiva","Ingeniería Electrónica","Facultad Regional Buenos Aires","Buenos Aires","Buenos Aires","2026-05-26",\N,"1"
"351","351","C1","Noche","B04","35","Mat1001","Análisis Matemático I","60","30","0","1","Eduardo Martín","Vargas","Ingeniero En Sistemas","Adjunto","Simple","Ingeniería En Sistemas De Información","Facultad Regional Córdoba","Córdoba","Córdoba","2026-05-26",\N,"1"
"352","352","C2","Tarde","A13","80","Mat1001","Análisis Matemático I","60","30","0","1","Rodrigo Matías","Campos","Ingeniero En Sistemas","Adjunto","Simple","Ingeniería En Sistemas De Información","Facultad Regional Córdoba","Córdoba","Córdoba","2026-05-26",\N,"1"
"353","353","C1","Noche","L06","30","Mat1001","Análisis Matemático I","60","30","0","1","Pilar Estela","Molina","Ingeniera Civil","Adjunto","Simple","Ingeniería Civil","Facultad Regional Córdoba","Córdoba","Córdoba","2026-05-26",\N,"1"
"354","354","C2","Mañana","L19","35","Mat1001","Análisis Matemático I","60","30","0","1","Leandro Damián","Acosta","Doctor En Ingeniería Civil","Titular","Exclusiva","Ingeniería Civil","Facultad Regional Córdoba","Córdoba","Córdoba","2026-05-26",\N,"1"
"355","355","C1","Mañana","B11","30","Mat1002","Álgebra Y Geometría Analítica","60","30","0","1","Marcelo Adrián","Gutiérrez","Magíster En Inteligencia Artificial","Adjunto","Semi-Exclusiva","Ingeniería En Sistemas De Información","Facultad Regional Córdoba","Córdoba","Córdoba","2026-05-26",\N,"1"
"356","356","C2","Noche","C18","35","Mat1002","Álgebra Y Geometría Analítica","60","30","0","1","Facundo Ezequiel","Jiménez","Magíster En Ciencias De La Computación","Adjunto","Semi-Exclusiva","Ingeniería En Sistemas De Información","Facultad Regional Córdoba","Córdoba","Córdoba","2026-05-26",\N,"1"
"357","357","C1","Tarde","C13","45","Mat1002","Álgebra Y Geometría Analítica","60","30","0","1","Luciana Paola","Moreno","Ingeniera Química","Adjunto","Simple","Ingeniería Química","Facultad Regional Córdoba","Córdoba","Córdoba","2026-05-26",\N,"1"
"358","358","C2","Noche","L10","80","Mat1002","Álgebra Y Geometría Analítica","60","30","0","1","Gabriela Inés","Flores","Magíster En Sistemas De Información","Asociado","Semi-Exclusiva","Ingeniería En Sistemas De Información","Facultad Regional Córdoba","Córdoba","Córdoba","2026-05-26",\N,"1"
"359","359","C1","Noche","C14","35","Fis1001","Física I","45","30","15","1","Roberto Augusto","López","Ingeniero Civil","Asociado","Semi-Exclusiva","Ingeniería Civil","Facultad Regional Córdoba","Córdoba","Córdoba","2026-05-26",\N,"1"
"360","360","C2","Mañana","L11","40","Fis1001","Física I","45","30","15","1","Carolina Florencia","Díaz","Ingeniera Civil","Adjunto","Simple","Ingeniería Civil","Facultad Regional Córdoba","Córdoba","Córdoba","2026-05-26",\N,"1"
"361","361","C1","Noche","L17","50","Fis1001","Física I","45","30","15","1","Leandro Damián","Acosta","Doctor En Ingeniería Civil","Titular","Exclusiva","Ingeniería Civil","Facultad Regional Córdoba","Córdoba","Córdoba","2026-05-26",\N,"1"
"362","362","C2","Noche","A14","45","Fis1001","Física I","45","30","15","1","Sandra Mabel","Fuentes","Magíster En Sistemas Embebidos","Adjunto","Semi-Exclusiva","Ingeniería Electrónica","Facultad Regional Córdoba","Córdoba","Córdoba","2026-05-26",\N,"1"
"363","363","C1","Noche","B11","60","Qui1001","Química General","30","15","30","1","Alejandro José","Núñez","Ingeniero Electrónico","Adjunto","Simple","Ingeniería Electrónica","Facultad Regional Córdoba","Córdoba","Córdoba","2026-05-26",\N,"1"
"364","364","C2","Noche","D04","30","Qui1001","Química General","30","15","30","1","Mariela Noelia","Ponce","Doctora En Ciencias Básicas","Titular","Exclusiva","Ciencias Básicas","Facultad Regional Córdoba","Córdoba","Córdoba","2026-05-26",\N,"1"
"365","365","C1","Tarde","C02","45","Qui1001","Química General","30","15","30","1","Héctor Luis","González","Doctor En Física","Titular","Exclusiva","Ciencias Básicas","Facultad Regional Córdoba","Córdoba","Córdoba","2026-05-26",\N,"1"
"366","366","C2","Noche","B04","40","Qui1001","Química General","30","15","30","1","Sandra Mabel","Fuentes","Magíster En Sistemas Embebidos","Adjunto","Semi-Exclusiva","Ingeniería Electrónica","Facultad Regional Córdoba","Córdoba","Córdoba","2026-05-26",\N,"1"
"367","367","C1","Noche","B15","30","Mat2001","Análisis Matemático Ii","60","30","0","2","Cristian Ariel","Ortega","Ingeniero Mecánico","Adjunto","Simple","Ingeniería Mecánica","Facultad Regional Córdoba","Córdoba","Córdoba","2026-05-26",\N,"1"
"368","368","C2","Mañana","B14","35","Mat2001","Análisis Matemático Ii","60","30","0","2","Luciana Paola","Moreno","Ingeniera Química","Adjunto","Simple","Ingeniería Química","Facultad Regional Córdoba","Córdoba","Córdoba","2026-05-26",\N,"1"
"369","369","C1","Noche","C03","80","Mat2001","Análisis Matemático Ii","60","30","0","2","Gabriela Inés","Flores","Magíster En Sistemas De Información","Asociado","Semi-Exclusiva","Ingeniería En Sistemas De Información","Facultad Regional Córdoba","Córdoba","Córdoba","2026-05-26",\N,"1"
"370","370","C2","Noche","A12","30","Mat2001","Análisis Matemático Ii","60","30","0","2","Leandro Damián","Acosta","Doctor En Ingeniería Civil","Titular","Exclusiva","Ingeniería Civil","Facultad Regional Córdoba","Córdoba","Córdoba","2026-05-26",\N,"1"
"371","371","C1","Tarde","B05","30","Mat3001","Análisis Matemático Iii","45","30","0","3","Leandro Damián","Acosta","Doctor En Ingeniería Civil","Titular","Exclusiva","Ingeniería Civil","Facultad Regional Córdoba","Córdoba","Córdoba","2026-05-26",\N,"1"
"372","372","C2","Tarde","B02","80","Mat3001","Análisis Matemático Iii","45","30","0","3","Susana Graciela","Ríos","Ingeniera Industrial","Adjunto","Simple","Ingeniería Industrial","Facultad Regional Córdoba","Córdoba","Córdoba","2026-05-26",\N,"1"
"373","373","C1","Noche","D17","80","Mat1001","Análisis Matemático I","60","30","0","1","Héctor Luis","González","Doctor En Física","Titular","Exclusiva","Ciencias Básicas","Facultad Regional Córdoba","Córdoba","Córdoba","2026-05-26",\N,"1"
"374","374","C2","Noche","B10","35","Mat1001","Análisis Matemático I","60","30","0","1","Susana Graciela","Ríos","Ingeniera Industrial","Adjunto","Simple","Ingeniería Industrial","Facultad Regional Córdoba","Córdoba","Córdoba","2026-05-26",\N,"1"
"375","375","C1","Noche","A09","80","Mat1001","Análisis Matemático I","60","30","0","1","Roberto Augusto","López","Ingeniero Civil","Asociado","Semi-Exclusiva","Ingeniería Civil","Facultad Regional Córdoba","Córdoba","Córdoba","2026-05-26",\N,"1"
"376","376","C2","Noche","B13","60","Mat1001","Análisis Matemático I","60","30","0","1","Ignacio Ramón","Ibáñez","Magíster En Seguridad Informática","Adjunto","Semi-Exclusiva","Ingeniería En Sistemas De Información","Facultad Regional Córdoba","Córdoba","Córdoba","2026-05-26",\N,"1"
"377","377","C1","Tarde","A17","35","Mat1002","Álgebra Y Geometría Analítica","60","30","0","1","Héctor Luis","González","Doctor En Física","Titular","Exclusiva","Ciencias Básicas","Facultad Regional Córdoba","Córdoba","Córdoba","2026-05-26",\N,"1"
"378","378","C2","Mañana","C04","30","Mat1002","Álgebra Y Geometría Analítica","60","30","0","1","Pilar Estela","Molina","Ingeniera Civil","Adjunto","Simple","Ingeniería Civil","Facultad Regional Córdoba","Córdoba","Córdoba","2026-05-26",\N,"1"
"379","379","C1","Noche","B20","45","Mat1002","Álgebra Y Geometría Analítica","60","30","0","1","Natalia Belén","Castro","Magíster En Telecomunicaciones","Adjunto","Semi-Exclusiva","Ingeniería Electrónica","Facultad Regional Córdoba","Córdoba","Córdoba","2026-05-26",\N,"1"
"380","380","C2","Noche","L11","50","Mat1002","Álgebra Y Geometría Analítica","60","30","0","1","María Elena","Rodríguez","Doctora En Ciencias De La Computación","Titular","Exclusiva","Ingeniería En Sistemas De Información","Facultad Regional Córdoba","Córdoba","Córdoba","2026-05-26",\N,"1"
"381","381","C1","Noche","A10","35","Fis1001","Física I","45","30","15","1","Ana Paula","Martínez","Magíster En Matemática Aplicada","Adjunto","Simple","Ciencias Básicas","Facultad Regional Córdoba","Córdoba","Córdoba","2026-05-26",\N,"1"
"382","382","C2","Noche","B15","60","Fis1001","Física I","45","30","15","1","Florencia Daniela","Cabrera","Doctora En Ingeniería","Asociado","Semi-Exclusiva","Ingeniería Civil","Facultad Regional Córdoba","Córdoba","Córdoba","2026-05-26",\N,"1"
"383","383","C1","Tarde","L12","80","Fis1001","Física I","45","30","15","1","Pilar Estela","Molina","Ingeniera Civil","Adjunto","Simple","Ingeniería Civil","Facultad Regional Córdoba","Córdoba","Córdoba","2026-05-26",\N,"1"
"384","384","C2","Tarde","D05","45","Fis1001","Física I","45","30","15","1","Mariana Soledad","Pereira","Magíster En Matemática","Adjunto","Semi-Exclusiva","Ciencias Básicas","Facultad Regional Córdoba","Córdoba","Córdoba","2026-05-26",\N,"1"
"385","385","C1","Noche","D08","80","Qui1001","Química General","30","15","30","1","Marcelo Adrián","Gutiérrez","Magíster En Inteligencia Artificial","Adjunto","Semi-Exclusiva","Ingeniería En Sistemas De Información","Facultad Regional Córdoba","Córdoba","Córdoba","2026-05-26",\N,"1"
"386","386","C2","Noche","D12","45","Qui1001","Química General","30","15","30","1","Ignacio Ramón","Ibáñez","Magíster En Seguridad Informática","Adjunto","Semi-Exclusiva","Ingeniería En Sistemas De Información","Facultad Regional Córdoba","Córdoba","Córdoba","2026-05-26",\N,"1"
"387","387","C1","Tarde","B20","30","Qui1001","Química General","30","15","30","1","Cristian Ariel","Ortega","Ingeniero Mecánico","Adjunto","Simple","Ingeniería Mecánica","Facultad Regional Córdoba","Córdoba","Córdoba","2026-05-26",\N,"1"
"388","388","C2","Noche","A16","40","Qui1001","Química General","30","15","30","1","Eduardo Martín","Vargas","Ingeniero En Sistemas","Adjunto","Simple","Ingeniería En Sistemas De Información","Facultad Regional Córdoba","Córdoba","Córdoba","2026-05-26",\N,"1"
"389","389","C1","Noche","D15","35","Mat2001","Análisis Matemático Ii","60","30","0","2","Carolina Florencia","Díaz","Ingeniera Civil","Adjunto","Simple","Ingeniería Civil","Facultad Regional Córdoba","Córdoba","Córdoba","2026-05-26",\N,"1"
"390","390","C2","Tarde","L11","45","Mat2001","Análisis Matemático Ii","60","30","0","2","Carlos Alberto","García","Ingeniero En Sistemas","Titular","Exclusiva","Ingeniería En Sistemas De Información","Facultad Regional Córdoba","Córdoba","Córdoba","2026-05-26",\N,"1"
"391","391","C1","Noche","A16","40","Mat2001","Análisis Matemático Ii","60","30","0","2","Silvina Beatriz","Fernández","Ingeniera Electrónica","Adjunto","Semi-Exclusiva","Ingeniería Electrónica","Facultad Regional Córdoba","Córdoba","Córdoba","2026-05-26",\N,"1"
"392","392","C2","Noche","L07","45","Mat2001","Análisis Matemático Ii","60","30","0","2","Sandra Mabel","Fuentes","Magíster En Sistemas Embebidos","Adjunto","Semi-Exclusiva","Ingeniería Electrónica","Facultad Regional Córdoba","Córdoba","Córdoba","2026-05-26",\N,"1"
"393","393","C2","Noche","L15","35","Mat3001","Análisis Matemático Iii","45","30","0","3","Verónica Adriana","Rojas","Doctora En Ciencias De La Computación","Titular","Exclusiva","Ingeniería En Sistemas De Información","Facultad Regional Córdoba","Córdoba","Córdoba","2026-05-26",\N,"1"
"394","394","C2","Noche","L02","60","Mat3001","Análisis Matemático Iii","45","30","0","3","Mariela Noelia","Ponce","Doctora En Ciencias Básicas","Titular","Exclusiva","Ciencias Básicas","Facultad Regional Córdoba","Córdoba","Córdoba","2026-05-26",\N,"1"
"395","395","C2","Mañana","D18","35","Inf3004","Paradigmas De Programación","45","15","15","3","Nicolás Emilio","Suárez","Magíster En Redes","Adjunto","Semi-Exclusiva","Ingeniería En Sistemas De Información","Facultad Regional Córdoba","Córdoba","Córdoba","2026-05-26",\N,"1"
"396","396","C2","Noche","B10","45","Inf3004","Paradigmas De Programación","45","15","15","3","Nicolás Emilio","Suárez","Magíster En Redes","Adjunto","Semi-Exclusiva","Ingeniería En Sistemas De Información","Facultad Regional Córdoba","Córdoba","Córdoba","2026-05-26",\N,"1"
"397","397","C1","Noche","L18","50","Mat1001","Análisis Matemático I","60","30","0","1","Susana Graciela","Ríos","Ingeniera Industrial","Adjunto","Simple","Ingeniería Industrial","Facultad Regional Córdoba","Córdoba","Córdoba","2026-05-26",\N,"1"
"398","398","C2","Mañana","D03","45","Mat1001","Análisis Matemático I","60","30","0","1","Mariela Noelia","Ponce","Doctora En Ciencias Básicas","Titular","Exclusiva","Ciencias Básicas","Facultad Regional Córdoba","Córdoba","Córdoba","2026-05-26",\N,"1"
"399","399","C1","Noche","D04","60","Mat1001","Análisis Matemático I","60","30","0","1","María Elena","Rodríguez","Doctora En Ciencias De La Computación","Titular","Exclusiva","Ingeniería En Sistemas De Información","Facultad Regional Córdoba","Córdoba","Córdoba","2026-05-26",\N,"1"
"400","400","C2","Tarde","B03","35","Mat1001","Análisis Matemático I","60","30","0","1","Mariela Noelia","Ponce","Doctora En Ciencias Básicas","Titular","Exclusiva","Ciencias Básicas","Facultad Regional Córdoba","Córdoba","Córdoba","2026-05-26",\N,"1"
"401","401","C1","Mañana","L10","60","Mat1002","Álgebra Y Geometría Analítica","60","30","0","1","Gustavo Raúl","Medina","Doctor En Matemática","Titular","Exclusiva","Ciencias Básicas","Facultad Regional Córdoba","Córdoba","Córdoba","2026-05-26",\N,"1"
"402","402","C2","Tarde","D06","40","Mat1002","Álgebra Y Geometría Analítica","60","30","0","1","Valeria Soledad","Herrera","Ingeniera Electrónica","Adjunto","Simple","Ingeniería Electrónica","Facultad Regional Córdoba","Córdoba","Córdoba","2026-05-26",\N,"1"
"403","403","C1","Noche","B07","30","Mat1002","Álgebra Y Geometría Analítica","60","30","0","1","Patricia Andrea","Ramírez","Doctora En Química","Titular","Exclusiva","Ingeniería Química","Facultad Regional Córdoba","Córdoba","Córdoba","2026-05-26",\N,"1"
"404","404","C2","Noche","B05","80","Mat1002","Álgebra Y Geometría Analítica","60","30","0","1","Mariana Soledad","Pereira","Magíster En Matemática","Adjunto","Semi-Exclusiva","Ciencias Básicas","Facultad Regional Córdoba","Córdoba","Córdoba","2026-05-26",\N,"1"
"405","405","C1","Noche","B04","35","Fis1001","Física I","45","30","15","1","Pilar Estela","Molina","Ingeniera Civil","Adjunto","Simple","Ingeniería Civil","Facultad Regional Córdoba","Córdoba","Córdoba","2026-05-26",\N,"1"
"406","406","C2","Noche","D03","35","Fis1001","Física I","45","30","15","1","Luciana Paola","Moreno","Ingeniera Química","Adjunto","Simple","Ingeniería Química","Facultad Regional Córdoba","Córdoba","Córdoba","2026-05-26",\N,"1"
"407","407","C1","Noche","B20","80","Fis1001","Física I","45","30","15","1","Carolina Florencia","Díaz","Ingeniera Civil","Adjunto","Simple","Ingeniería Civil","Facultad Regional Córdoba","Córdoba","Córdoba","2026-05-26",\N,"1"
"408","408","C2","Noche","A07","80","Fis1001","Física I","45","30","15","1","Roberto Augusto","López","Ingeniero Civil","Asociado","Semi-Exclusiva","Ingeniería Civil","Facultad Regional Córdoba","Córdoba","Córdoba","2026-05-26",\N,"1"
"409","409","C1","Tarde","A16","30","Qui1001","Química General","30","15","30","1","Diego Marcelo","Torres","Ingeniero Mecánico","Adjunto","Simple","Ingeniería Mecánica","Facultad Regional Córdoba","Córdoba","Córdoba","2026-05-26",\N,"1"
"410","410","C2","Tarde","A06","60","Qui1001","Química General","30","15","30","1","Facundo Ezequiel","Jiménez","Magíster En Ciencias De La Computación","Adjunto","Semi-Exclusiva","Ingeniería En Sistemas De Información","Facultad Regional Córdoba","Córdoba","Córdoba","2026-05-26",\N,"1"
"411","411","C1","Tarde","D02","40","Qui1001","Química General","30","15","30","1","Gabriela Inés","Flores","Magíster En Sistemas De Información","Asociado","Semi-Exclusiva","Ingeniería En Sistemas De Información","Facultad Regional Córdoba","Córdoba","Córdoba","2026-05-26",\N,"1"
"412","412","C2","Tarde","L08","45","Qui1001","Química General","30","15","30","1","Gabriela Inés","Flores","Magíster En Sistemas De Información","Asociado","Semi-Exclusiva","Ingeniería En Sistemas De Información","Facultad Regional Córdoba","Córdoba","Córdoba","2026-05-26",\N,"1"
"413","413","C1","Noche","C13","60","Inf1001","Algoritmos Y Estructuras De Datos","30","15","30","1","Carolina Florencia","Díaz","Ingeniera Civil","Adjunto","Simple","Ingeniería Civil","Facultad Regional Córdoba","Córdoba","Córdoba","2026-05-26",\N,"1"
"414","414","C2","Mañana","C07","35","Inf1001","Algoritmos Y Estructuras De Datos","30","15","30","1","Héctor Luis","González","Doctor En Física","Titular","Exclusiva","Ciencias Básicas","Facultad Regional Córdoba","Córdoba","Córdoba","2026-05-26",\N,"1"
"415","415","C1","Noche","C14","50","Inf1001","Algoritmos Y Estructuras De Datos","30","15","30","1","Gustavo Raúl","Medina","Doctor En Matemática","Titular","Exclusiva","Ciencias Básicas","Facultad Regional Córdoba","Córdoba","Córdoba","2026-05-26",\N,"1"
"416","416","C2","Noche","D17","40","Inf1001","Algoritmos Y Estructuras De Datos","30","15","30","1","Gustavo Raúl","Medina","Doctor En Matemática","Titular","Exclusiva","Ciencias Básicas","Facultad Regional Córdoba","Córdoba","Córdoba","2026-05-26",\N,"1"
"417","417","C1","Tarde","C06","60","Mat2001","Análisis Matemático Ii","60","30","0","2","Luciana Paola","Moreno","Ingeniera Química","Adjunto","Simple","Ingeniería Química","Facultad Regional Córdoba","Córdoba","Córdoba","2026-05-26",\N,"1"
"418","418","C2","Noche","B04","30","Mat2001","Análisis Matemático Ii","60","30","0","2","Verónica Adriana","Rojas","Doctora En Ciencias De La Computación","Titular","Exclusiva","Ingeniería En Sistemas De Información","Facultad Regional Córdoba","Córdoba","Córdoba","2026-05-26",\N,"1"
"419","419","C1","Noche","L16","35","Mat2001","Análisis Matemático Ii","60","30","0","2","Facundo Ezequiel","Jiménez","Magíster En Ciencias De La Computación","Adjunto","Semi-Exclusiva","Ingeniería En Sistemas De Información","Facultad Regional Córdoba","Córdoba","Córdoba","2026-05-26",\N,"1"
"420","420","C2","Noche","L06","45","Mat2001","Análisis Matemático Ii","60","30","0","2","Fernando Daniel","Reyes","Doctor En Física","Asociado","Semi-Exclusiva","Ciencias Básicas","Facultad Regional Córdoba","Córdoba","Córdoba","2026-05-26",\N,"1"
"421","421","C1","Noche","C09","60","Fis2001","Física Ii","45","30","15","2","Rodrigo Matías","Campos","Ingeniero En Sistemas","Adjunto","Simple","Ingeniería En Sistemas De Información","Facultad Regional Córdoba","Córdoba","Córdoba","2026-05-26",\N,"1"
"422","422","C2","Tarde","L03","30","Fis2001","Física Ii","45","30","15","2","Alejandro José","Núñez","Ingeniero Electrónico","Adjunto","Simple","Ingeniería Electrónica","Facultad Regional Córdoba","Córdoba","Córdoba","2026-05-26",\N,"1"
"423","423","C1","Noche","A19","30","Fis2001","Física Ii","45","30","15","2","Facundo Ezequiel","Jiménez","Magíster En Ciencias De La Computación","Adjunto","Semi-Exclusiva","Ingeniería En Sistemas De Información","Facultad Regional Córdoba","Córdoba","Córdoba","2026-05-26",\N,"1"
"424","424","C2","Tarde","D01","30","Fis2001","Física Ii","45","30","15","2","Florencia Daniela","Cabrera","Doctora En Ingeniería","Asociado","Semi-Exclusiva","Ingeniería Civil","Facultad Regional Córdoba","Córdoba","Córdoba","2026-05-26",\N,"1"
"425","425","C1","Noche","C17","40","Inf2001","Programación Orientada A Objetos","30","15","30","2","Florencia Daniela","Cabrera","Doctora En Ingeniería","Asociado","Semi-Exclusiva","Ingeniería Civil","Facultad Regional Córdoba","Córdoba","Córdoba","2026-05-26",\N,"1"
"426","426","C2","Tarde","D05","60","Inf2001","Programación Orientada A Objetos","30","15","30","2","Rodrigo Matías","Campos","Ingeniero En Sistemas","Adjunto","Simple","Ingeniería En Sistemas De Información","Facultad Regional Córdoba","Córdoba","Córdoba","2026-05-26",\N,"1"
"427","427","C1","Noche","A13","80","Inf2001","Programación Orientada A Objetos","30","15","30","2","Héctor Luis","González","Doctor En Física","Titular","Exclusiva","Ciencias Básicas","Facultad Regional Córdoba","Córdoba","Córdoba","2026-05-26",\N,"1"
"428","428","C2","Mañana","B17","50","Inf2001","Programación Orientada A Objetos","30","15","30","2","Roberto Augusto","López","Ingeniero Civil","Asociado","Semi-Exclusiva","Ingeniería Civil","Facultad Regional Córdoba","Córdoba","Córdoba","2026-05-26",\N,"1"
"429","429","C1","Tarde","D09","45","Inf2002","Arquitectura De Computadoras","45","15","15","2","Nicolás Emilio","Suárez","Magíster En Redes","Adjunto","Semi-Exclusiva","Ingeniería En Sistemas De Información","Facultad Regional Córdoba","Córdoba","Córdoba","2026-05-26",\N,"1"
"430","430","C2","Noche","A01","45","Inf2002","Arquitectura De Computadoras","45","15","15","2","Marcelo Adrián","Gutiérrez","Magíster En Inteligencia Artificial","Adjunto","Semi-Exclusiva","Ingeniería En Sistemas De Información","Facultad Regional Córdoba","Córdoba","Córdoba","2026-05-26",\N,"1"
"431","431","C1","Tarde","L18","60","Inf2002","Arquitectura De Computadoras","45","15","15","2","Mariana Soledad","Pereira","Magíster En Matemática","Adjunto","Semi-Exclusiva","Ciencias Básicas","Facultad Regional Córdoba","Córdoba","Córdoba","2026-05-26",\N,"1"
"432","432","C2","Tarde","B05","30","Inf2002","Arquitectura De Computadoras","45","15","15","2","Ana Paula","Martínez","Magíster En Matemática Aplicada","Adjunto","Simple","Ciencias Básicas","Facultad Regional Córdoba","Córdoba","Córdoba","2026-05-26",\N,"1"
"433","433","C1","Noche","D17","30","Mat3001","Análisis Matemático Iii","45","30","0","3","Mónica Patricia","Serrano","Doctora En Química Industrial","Asociado","Semi-Exclusiva","Ingeniería Química","Facultad Regional Córdoba","Córdoba","Córdoba","2026-05-26",\N,"1"
"434","434","C2","Noche","C19","45","Mat3001","Análisis Matemático Iii","45","30","0","3","Florencia Daniela","Cabrera","Doctora En Ingeniería","Asociado","Semi-Exclusiva","Ingeniería Civil","Facultad Regional Córdoba","Córdoba","Córdoba","2026-05-26",\N,"1"
"435","435","C1","Noche","A19","80","Inf3001","Base De Datos","30","15","30","3","Mónica Patricia","Serrano","Doctora En Química Industrial","Asociado","Semi-Exclusiva","Ingeniería Química","Facultad Regional Córdoba","Córdoba","Córdoba","2026-05-26",\N,"1"
"436","436","C2","Tarde","D11","40","Inf3001","Base De Datos","30","15","30","3","Jorge Osvaldo","Sánchez","Magíster En Ingeniería Industrial","Titular","Semi-Exclusiva","Ingeniería Industrial","Facultad Regional Córdoba","Córdoba","Córdoba","2026-05-26",\N,"1"
"437","437","C2","Tarde","A20","40","Inf3002","Ingeniería De Software I","45","15","15","3","Mónica Patricia","Serrano","Doctora En Química Industrial","Asociado","Semi-Exclusiva","Ingeniería Química","Facultad Regional Córdoba","Córdoba","Córdoba","2026-05-26",\N,"1"
"438","438","C2","Noche","C01","60","Inf3002","Ingeniería De Software I","45","15","15","3","Diego Marcelo","Torres","Ingeniero Mecánico","Adjunto","Simple","Ingeniería Mecánica","Facultad Regional Córdoba","Córdoba","Córdoba","2026-05-26",\N,"1"
"439","439","C2","Noche","B14","60","Inf3003","Sistemas Operativos","30","15","30","3","Gustavo Raúl","Medina","Doctor En Matemática","Titular","Exclusiva","Ciencias Básicas","Facultad Regional Córdoba","Córdoba","Córdoba","2026-05-26",\N,"1"
"440","440","C1","Mañana","C03","60","Inf3003","Sistemas Operativos","30","15","30","3","Fernando Daniel","Reyes","Doctor En Física","Asociado","Semi-Exclusiva","Ciencias Básicas","Facultad Regional Córdoba","Córdoba","Córdoba","2026-05-26",\N,"1"
"441","441","C2","Tarde","A06","50","Inf3005","Redes De Computadoras","30","15","30","3","Luciana Paola","Moreno","Ingeniera Química","Adjunto","Simple","Ingeniería Química","Facultad Regional Córdoba","Córdoba","Córdoba","2026-05-26",\N,"1"
"442","442","C1","Tarde","D05","35","Inf3005","Redes De Computadoras","30","15","30","3","Pablo Sebastián","Ruiz","Doctor En Ingeniería","Titular","Exclusiva","Ingeniería Civil","Facultad Regional Córdoba","Córdoba","Córdoba","2026-05-26",\N,"1"
"443","443","C2","Noche","D12","45","Inf3005","Redes De Computadoras","30","15","30","3","Patricia Andrea","Ramírez","Doctora En Química","Titular","Exclusiva","Ingeniería Química","Facultad Regional Córdoba","Córdoba","Córdoba","2026-05-26",\N,"1"
"444","444","C1","Tarde","L09","40","Inf4001","Ingeniería De Software Ii","45","15","15","4","Verónica Adriana","Rojas","Doctora En Ciencias De La Computación","Titular","Exclusiva","Ingeniería En Sistemas De Información","Facultad Regional Córdoba","Córdoba","Córdoba","2026-05-26",\N,"1"
"445","445","C1","Tarde","L11","35","Inf4001","Ingeniería De Software Ii","45","15","15","4","Pablo Sebastián","Ruiz","Doctor En Ingeniería","Titular","Exclusiva","Ingeniería Civil","Facultad Regional Córdoba","Córdoba","Córdoba","2026-05-26",\N,"1"
"446","446","C1","Noche","A19","45","Inf4002","Inteligencia Artificial","30","15","30","4","Mariana Soledad","Pereira","Magíster En Matemática","Adjunto","Semi-Exclusiva","Ciencias Básicas","Facultad Regional Córdoba","Córdoba","Córdoba","2026-05-26",\N,"1"
"447","447","C2","Noche","A03","30","Inf4002","Inteligencia Artificial","30","15","30","4","Alejandro José","Núñez","Ingeniero Electrónico","Adjunto","Simple","Ingeniería Electrónica","Facultad Regional Córdoba","Córdoba","Córdoba","2026-05-26",\N,"1"
"448","448","C1","Noche","C16","30","Inf4002","Inteligencia Artificial","30","15","30","4","Natalia Belén","Castro","Magíster En Telecomunicaciones","Adjunto","Semi-Exclusiva","Ingeniería Electrónica","Facultad Regional Córdoba","Córdoba","Córdoba","2026-05-26",\N,"1"
"449","449","C1","Noche","A08","45","Inf4003","Gestión De Proyectos","45","15","0","4","Claudia Verónica","Morales","Ingeniera Industrial","Adjunto","Simple","Ingeniería Industrial","Facultad Regional Córdoba","Córdoba","Córdoba","2026-05-26",\N,"1"
"450","450","C2","Mañana","L03","80","Inf4003","Gestión De Proyectos","45","15","0","4","Luis Alberto","Vera","Ingeniero Industrial","Adjunto","Simple","Ingeniería Industrial","Facultad Regional Córdoba","Córdoba","Córdoba","2026-05-26",\N,"1"
"451","451","C2","Mañana","C20","40","Inf4003","Gestión De Proyectos","45","15","0","4","Florencia Daniela","Cabrera","Doctora En Ingeniería","Asociado","Semi-Exclusiva","Ingeniería Civil","Facultad Regional Córdoba","Córdoba","Córdoba","2026-05-26",\N,"1"
"452","452","C2","Noche","L04","80","Inf4004","Seguridad Informática","30","15","30","4","Facundo Ezequiel","Jiménez","Magíster En Ciencias De La Computación","Adjunto","Semi-Exclusiva","Ingeniería En Sistemas De Información","Facultad Regional Córdoba","Córdoba","Córdoba","2026-05-26",\N,"1"
"453","453","C1","Mañana","L10","35","Inf4004","Seguridad Informática","30","15","30","4","Alejandro José","Núñez","Ingeniero Electrónico","Adjunto","Simple","Ingeniería Electrónica","Facultad Regional Córdoba","Córdoba","Córdoba","2026-05-26",\N,"1"
"454","454","C2","Tarde","B20","35","Inf4004","Seguridad Informática","30","15","30","4","Eduardo Martín","Vargas","Ingeniero En Sistemas","Adjunto","Simple","Ingeniería En Sistemas De Información","Facultad Regional Córdoba","Córdoba","Córdoba","2026-05-26",\N,"1"
"455","455","C1","Tarde","B06","30","Inf4005","Diseño De Sistemas","45","15","15","4","Pilar Estela","Molina","Ingeniera Civil","Adjunto","Simple","Ingeniería Civil","Facultad Regional Córdoba","Córdoba","Córdoba","2026-05-26",\N,"1"
"456","456","C2","Noche","B07","40","Inf4005","Diseño De Sistemas","45","15","15","4","Silvina Beatriz","Fernández","Ingeniera Electrónica","Adjunto","Semi-Exclusiva","Ingeniería Electrónica","Facultad Regional Córdoba","Córdoba","Córdoba","2026-05-26",\N,"1"
"457","457","C1","Noche","C14","35","Inf5001","Proyecto Final","15","0","60","5","Diego Marcelo","Torres","Ingeniero Mecánico","Adjunto","Simple","Ingeniería Mecánica","Facultad Regional Córdoba","Córdoba","Córdoba","2026-05-26",\N,"1"
"458","458","C1","Noche","L19","45","Inf5001","Proyecto Final","15","0","60","5","Rodrigo Matías","Campos","Ingeniero En Sistemas","Adjunto","Simple","Ingeniería En Sistemas De Información","Facultad Regional Córdoba","Córdoba","Córdoba","2026-05-26",\N,"1"
"459","459","C2","Noche","A08","80","Inf4006","Aprendizaje Automático","30","15","30","4","Susana Graciela","Ríos","Ingeniera Industrial","Adjunto","Simple","Ingeniería Industrial","Facultad Regional Córdoba","Córdoba","Córdoba","2026-05-26",\N,"1"
"460","460","C2","Noche","C14","40","Inf4006","Aprendizaje Automático","30","15","30","4","Cristian Ariel","Ortega","Ingeniero Mecánico","Adjunto","Simple","Ingeniería Mecánica","Facultad Regional Córdoba","Córdoba","Córdoba","2026-05-26",\N,"1"
"461","461","C1","Tarde","B13","40","Inf4007","Desarrollo De Aplicaciones Web","30","15","30","4","Ana Paula","Martínez","Magíster En Matemática Aplicada","Adjunto","Simple","Ciencias Básicas","Facultad Regional Córdoba","Córdoba","Córdoba","2026-05-26",\N,"1"
"462","462","C1","Noche","B14","60","Inf4007","Desarrollo De Aplicaciones Web","30","15","30","4","María Elena","Rodríguez","Doctora En Ciencias De La Computación","Titular","Exclusiva","Ingeniería En Sistemas De Información","Facultad Regional Córdoba","Córdoba","Córdoba","2026-05-26",\N,"1"
"463","463","C1","Noche","D20","35","Mat1001","Análisis Matemático I","60","30","0","1","Diego Marcelo","Torres","Ingeniero Mecánico","Adjunto","Simple","Ingeniería Mecánica","Facultad Regional Córdoba","Córdoba","Córdoba","2026-05-26",\N,"1"
"464","464","C2","Mañana","D18","50","Mat1001","Análisis Matemático I","60","30","0","1","Fernando Daniel","Reyes","Doctor En Física","Asociado","Semi-Exclusiva","Ciencias Básicas","Facultad Regional Córdoba","Córdoba","Córdoba","2026-05-26",\N,"1"
"465","465","C1","Mañana","A14","35","Mat1001","Análisis Matemático I","60","30","0","1","Cristian Ariel","Ortega","Ingeniero Mecánico","Adjunto","Simple","Ingeniería Mecánica","Facultad Regional Córdoba","Córdoba","Córdoba","2026-05-26",\N,"1"
"466","466","C2","Noche","L04","50","Mat1001","Análisis Matemático I","60","30","0","1","Cristian Ariel","Ortega","Ingeniero Mecánico","Adjunto","Simple","Ingeniería Mecánica","Facultad Regional Córdoba","Córdoba","Córdoba","2026-05-26",\N,"1"
"467","467","C1","Noche","A11","30","Mat1002","Álgebra Y Geometría Analítica","60","30","0","1","Carlos Alberto","García","Ingeniero En Sistemas","Titular","Exclusiva","Ingeniería En Sistemas De Información","Facultad Regional Córdoba","Córdoba","Córdoba","2026-05-26",\N,"1"
"468","468","C2","Tarde","A01","35","Mat1002","Álgebra Y Geometría Analítica","60","30","0","1","Facundo Ezequiel","Jiménez","Magíster En Ciencias De La Computación","Adjunto","Semi-Exclusiva","Ingeniería En Sistemas De Información","Facultad Regional Córdoba","Córdoba","Córdoba","2026-05-26",\N,"1"
"469","469","C1","Tarde","C01","35","Mat1002","Álgebra Y Geometría Analítica","60","30","0","1","Cristian Ariel","Ortega","Ingeniero Mecánico","Adjunto","Simple","Ingeniería Mecánica","Facultad Regional Córdoba","Córdoba","Córdoba","2026-05-26",\N,"1"
"470","470","C2","Noche","A14","50","Mat1002","Álgebra Y Geometría Analítica","60","30","0","1","Marcelo Adrián","Gutiérrez","Magíster En Inteligencia Artificial","Adjunto","Semi-Exclusiva","Ingeniería En Sistemas De Información","Facultad Regional Córdoba","Córdoba","Córdoba","2026-05-26",\N,"1"
"471","471","C1","Noche","D08","40","Fis1001","Física I","45","30","15","1","Sofía Valentina","Vega","Magíster En Ciencias De La Computación","Adjunto","Semi-Exclusiva","Ingeniería En Sistemas De Información","Facultad Regional Córdoba","Córdoba","Córdoba","2026-05-26",\N,"1"
"472","472","C2","Tarde","C16","80","Fis1001","Física I","45","30","15","1","Leandro Damián","Acosta","Doctor En Ingeniería Civil","Titular","Exclusiva","Ingeniería Civil","Facultad Regional Córdoba","Córdoba","Córdoba","2026-05-26",\N,"1"
"473","473","C1","Mañana","B03","45","Fis1001","Física I","45","30","15","1","Carolina Florencia","Díaz","Ingeniera Civil","Adjunto","Simple","Ingeniería Civil","Facultad Regional Córdoba","Córdoba","Córdoba","2026-05-26",\N,"1"
"474","474","C2","Tarde","L02","50","Fis1001","Física I","45","30","15","1","Cristian Ariel","Ortega","Ingeniero Mecánico","Adjunto","Simple","Ingeniería Mecánica","Facultad Regional Córdoba","Córdoba","Córdoba","2026-05-26",\N,"1"
"475","475","C1","Noche","C16","30","Qui1001","Química General","30","15","30","1","Diego Marcelo","Torres","Ingeniero Mecánico","Adjunto","Simple","Ingeniería Mecánica","Facultad Regional Córdoba","Córdoba","Córdoba","2026-05-26",\N,"1"
"476","476","C2","Noche","B17","45","Qui1001","Química General","30","15","30","1","Florencia Daniela","Cabrera","Doctora En Ingeniería","Asociado","Semi-Exclusiva","Ingeniería Civil","Facultad Regional Córdoba","Córdoba","Córdoba","2026-05-26",\N,"1"
"477","477","C1","Tarde","D13","80","Qui1001","Química General","30","15","30","1","Diego Marcelo","Torres","Ingeniero Mecánico","Adjunto","Simple","Ingeniería Mecánica","Facultad Regional Córdoba","Córdoba","Córdoba","2026-05-26",\N,"1"
"478","478","C2","Mañana","C18","40","Qui1001","Química General","30","15","30","1","Jorge Osvaldo","Sánchez","Magíster En Ingeniería Industrial","Titular","Semi-Exclusiva","Ingeniería Industrial","Facultad Regional Córdoba","Córdoba","Córdoba","2026-05-26",\N,"1"
"479","479","C1","Tarde","A12","50","Mat2001","Análisis Matemático Ii","60","30","0","2","Pablo Sebastián","Ruiz","Doctor En Ingeniería","Titular","Exclusiva","Ingeniería Civil","Facultad Regional Córdoba","Córdoba","Córdoba","2026-05-26",\N,"1"
"480","480","C2","Noche","C04","60","Mat2001","Análisis Matemático Ii","60","30","0","2","Fernando Daniel","Reyes","Doctor En Física","Asociado","Semi-Exclusiva","Ciencias Básicas","Facultad Regional Córdoba","Córdoba","Córdoba","2026-05-26",\N,"1"
"481","481","C1","Noche","D03","30","Mat2001","Análisis Matemático Ii","60","30","0","2","Tomás Agustín","Domínguez","Magíster En Electrónica","Adjunto","Semi-Exclusiva","Ingeniería Electrónica","Facultad Regional Córdoba","Córdoba","Córdoba","2026-05-26",\N,"1"
"482","482","C2","Tarde","B10","80","Mat2001","Análisis Matemático Ii","60","30","0","2","Sebastián Nicolás","Álvarez","Magíster En Gestión De Proyectos","Adjunto","Semi-Exclusiva","Ingeniería Industrial","Facultad Regional Córdoba","Córdoba","Córdoba","2026-05-26",\N,"1"
"483","483","C1","Noche","C13","80","Mat2002","Probabilidad Y Estadística","45","30","0","2","Ignacio Ramón","Ibáñez","Magíster En Seguridad Informática","Adjunto","Semi-Exclusiva","Ingeniería En Sistemas De Información","Facultad Regional Córdoba","Córdoba","Córdoba","2026-05-26",\N,"1"
"484","484","C2","Tarde","D17","30","Mat2002","Probabilidad Y Estadística","45","30","0","2","Rodrigo Matías","Campos","Ingeniero En Sistemas","Adjunto","Simple","Ingeniería En Sistemas De Información","Facultad Regional Córdoba","Córdoba","Córdoba","2026-05-26",\N,"1"
"485","485","C1","Noche","A11","80","Mat2002","Probabilidad Y Estadística","45","30","0","2","Claudia Verónica","Morales","Ingeniera Industrial","Adjunto","Simple","Ingeniería Industrial","Facultad Regional Córdoba","Córdoba","Córdoba","2026-05-26",\N,"1"
"486","486","C2","Noche","D15","45","Mat2002","Probabilidad Y Estadística","45","30","0","2","Mariana Soledad","Pereira","Magíster En Matemática","Adjunto","Semi-Exclusiva","Ciencias Básicas","Facultad Regional Córdoba","Córdoba","Córdoba","2026-05-26",\N,"1"
"487","487","C1","Noche","A07","30","Mat3001","Análisis Matemático Iii","45","30","0","3","Facundo Ezequiel","Jiménez","Magíster En Ciencias De La Computación","Adjunto","Semi-Exclusiva","Ingeniería En Sistemas De Información","Facultad Regional Córdoba","Córdoba","Córdoba","2026-05-26",\N,"1"
"488","488","C2","Tarde","L17","40","Mat3001","Análisis Matemático Iii","45","30","0","3","Leandro Damián","Acosta","Doctor En Ingeniería Civil","Titular","Exclusiva","Ingeniería Civil","Facultad Regional Córdoba","Córdoba","Córdoba","2026-05-26",\N,"1"
"489","489","C1","Noche","A12","60","Mat3001","Análisis Matemático Iii","45","30","0","3","Nicolás Emilio","Suárez","Magíster En Redes","Adjunto","Semi-Exclusiva","Ingeniería En Sistemas De Información","Facultad Regional Córdoba","Córdoba","Córdoba","2026-05-26",\N,"1"
"490","490","C2","Noche","L20","40","Mat3001","Análisis Matemático Iii","45","30","0","3","Ignacio Ramón","Ibáñez","Magíster En Seguridad Informática","Adjunto","Semi-Exclusiva","Ingeniería En Sistemas De Información","Facultad Regional Córdoba","Córdoba","Córdoba","2026-05-26",\N,"1"
"491","491","C1","Tarde","L14","60","Inf4003","Gestión De Proyectos","45","15","0","4","Diego Marcelo","Torres","Ingeniero Mecánico","Adjunto","Simple","Ingeniería Mecánica","Facultad Regional Córdoba","Córdoba","Córdoba","2026-05-26",\N,"1"
"492","492","C1","Noche","A12","50","Inf4003","Gestión De Proyectos","45","15","0","4","María Elena","Rodríguez","Doctora En Ciencias De La Computación","Titular","Exclusiva","Ingeniería En Sistemas De Información","Facultad Regional Córdoba","Córdoba","Córdoba","2026-05-26",\N,"1"
"493","493","C1","Noche","D07","30","Adm1001","Administración General","60","15","0","1","Alejandra Cecilia","Romero","Doctora En Ingeniería Industrial","Asociado","Semi-Exclusiva","Ingeniería Industrial","Facultad Regional Córdoba","Córdoba","Córdoba","2026-05-26",\N,"1"
"494","494","C2","Noche","C10","50","Adm1001","Administración General","60","15","0","1","Florencia Daniela","Cabrera","Doctora En Ingeniería","Asociado","Semi-Exclusiva","Ingeniería Civil","Facultad Regional Córdoba","Córdoba","Córdoba","2026-05-26",\N,"1"
"495","495","C1","Noche","A10","45","Adm1001","Administración General","60","15","0","1","Silvina Beatriz","Fernández","Ingeniera Electrónica","Adjunto","Semi-Exclusiva","Ingeniería Electrónica","Facultad Regional Córdoba","Córdoba","Córdoba","2026-05-26",\N,"1"
"496","496","C2","Noche","A12","40","Adm1001","Administración General","60","15","0","1","Rodrigo Matías","Campos","Ingeniero En Sistemas","Adjunto","Simple","Ingeniería En Sistemas De Información","Facultad Regional Córdoba","Córdoba","Córdoba","2026-05-26",\N,"1"
"497","497","C1","Noche","L05","80","Adm2001","Economía General","60","15","0","2","Natalia Belén","Castro","Magíster En Telecomunicaciones","Adjunto","Semi-Exclusiva","Ingeniería Electrónica","Facultad Regional Córdoba","Córdoba","Córdoba","2026-05-26",\N,"1"
"498","498","C2","Noche","L02","60","Adm2001","Economía General","60","15","0","2","Gustavo Raúl","Medina","Doctor En Matemática","Titular","Exclusiva","Ciencias Básicas","Facultad Regional Córdoba","Córdoba","Córdoba","2026-05-26",\N,"1"
"499","499","C1","Tarde","D17","45","Adm2001","Economía General","60","15","0","2","Claudia Verónica","Morales","Ingeniera Industrial","Adjunto","Simple","Ingeniería Industrial","Facultad Regional Córdoba","Córdoba","Córdoba","2026-05-26",\N,"1"
"500","500","C2","Tarde","L04","60","Adm2001","Economía General","60","15","0","2","Mariela Noelia","Ponce","Doctora En Ciencias Básicas","Titular","Exclusiva","Ciencias Básicas","Facultad Regional Córdoba","Córdoba","Córdoba","2026-05-26",\N,"1"
"501","501","C2","Mañana","A01","50","Adm3001","Contabilidad Y Costos","45","30","0","3","Gabriela Inés","Flores","Magíster En Sistemas De Información","Asociado","Semi-Exclusiva","Ingeniería En Sistemas De Información","Facultad Regional Córdoba","Córdoba","Córdoba","2026-05-26",\N,"1"
"502","502","C2","Tarde","C17","50","Adm3001","Contabilidad Y Costos","45","30","0","3","Leandro Damián","Acosta","Doctor En Ingeniería Civil","Titular","Exclusiva","Ingeniería Civil","Facultad Regional Córdoba","Córdoba","Córdoba","2026-05-26",\N,"1"
"503","503","C1","Mañana","C09","35","Ind3001","Investigación Operativa","45","30","0","3","Eduardo Martín","Vargas","Ingeniero En Sistemas","Adjunto","Simple","Ingeniería En Sistemas De Información","Facultad Regional Córdoba","Córdoba","Córdoba","2026-05-26",\N,"1"
"504","504","C2","Noche","A18","60","Ind3001","Investigación Operativa","45","30","0","3","Sebastián Nicolás","Álvarez","Magíster En Gestión De Proyectos","Adjunto","Semi-Exclusiva","Ingeniería Industrial","Facultad Regional Córdoba","Córdoba","Córdoba","2026-05-26",\N,"1"
"505","505","C2","Tarde","B17","45","Ind4001","Logística Y Cadena De Suministro","45","15","0","4","Eduardo Martín","Vargas","Ingeniero En Sistemas","Adjunto","Simple","Ingeniería En Sistemas De Información","Facultad Regional Córdoba","Córdoba","Córdoba","2026-05-26",\N,"1"
"506","506","C1","Tarde","C19","30","Ind4001","Logística Y Cadena De Suministro","45","15","0","4","Mariana Soledad","Pereira","Magíster En Matemática","Adjunto","Semi-Exclusiva","Ciencias Básicas","Facultad Regional Córdoba","Córdoba","Córdoba","2026-05-26",\N,"1"
"507","507","C2","Noche","A12","30","Ind4002","Gestión De La Calidad","45","15","0","4","Mariana Soledad","Pereira","Magíster En Matemática","Adjunto","Semi-Exclusiva","Ciencias Básicas","Facultad Regional Córdoba","Córdoba","Córdoba","2026-05-26",\N,"1"
"508","508","C2","Noche","L11","60","Ind4002","Gestión De La Calidad","45","15","0","4","Carolina Florencia","Díaz","Ingeniera Civil","Adjunto","Simple","Ingeniería Civil","Facultad Regional Córdoba","Córdoba","Córdoba","2026-05-26",\N,"1"
"509","509","C1","Noche","L12","35","Mat1001","Análisis Matemático I","60","30","0","1","Carlos Alberto","García","Ingeniero En Sistemas","Titular","Exclusiva","Ingeniería En Sistemas De Información","Facultad Regional Córdoba","Córdoba","Córdoba","2026-05-26",\N,"1"
"510","510","C2","Noche","C11","45","Mat1001","Análisis Matemático I","60","30","0","1","Eduardo Martín","Vargas","Ingeniero En Sistemas","Adjunto","Simple","Ingeniería En Sistemas De Información","Facultad Regional Córdoba","Córdoba","Córdoba","2026-05-26",\N,"1"
"511","511","C1","Tarde","A20","80","Mat1001","Análisis Matemático I","60","30","0","1","Carolina Florencia","Díaz","Ingeniera Civil","Adjunto","Simple","Ingeniería Civil","Facultad Regional Córdoba","Córdoba","Córdoba","2026-05-26",\N,"1"
"512","512","C2","Noche","A05","40","Mat1001","Análisis Matemático I","60","30","0","1","Mariana Soledad","Pereira","Magíster En Matemática","Adjunto","Semi-Exclusiva","Ciencias Básicas","Facultad Regional Córdoba","Córdoba","Córdoba","2026-05-26",\N,"1"
"513","513","C1","Tarde","A17","45","Mat1002","Álgebra Y Geometría Analítica","60","30","0","1","Susana Graciela","Ríos","Ingeniera Industrial","Adjunto","Simple","Ingeniería Industrial","Facultad Regional Córdoba","Córdoba","Córdoba","2026-05-26",\N,"1"
"514","514","C2","Mañana","A01","80","Mat1002","Álgebra Y Geometría Analítica","60","30","0","1","Sebastián Nicolás","Álvarez","Magíster En Gestión De Proyectos","Adjunto","Semi-Exclusiva","Ingeniería Industrial","Facultad Regional Córdoba","Córdoba","Córdoba","2026-05-26",\N,"1"
"515","515","C1","Noche","B18","35","Mat1002","Álgebra Y Geometría Analítica","60","30","0","1","Mónica Patricia","Serrano","Doctora En Química Industrial","Asociado","Semi-Exclusiva","Ingeniería Química","Facultad Regional Córdoba","Córdoba","Córdoba","2026-05-26",\N,"1"
"516","516","C2","Noche","B18","40","Mat1002","Álgebra Y Geometría Analítica","60","30","0","1","Valeria Soledad","Herrera","Ingeniera Electrónica","Adjunto","Simple","Ingeniería Electrónica","Facultad Regional Córdoba","Córdoba","Córdoba","2026-05-26",\N,"1"
"517","517","C1","Noche","A12","60","Fis1001","Física I","45","30","15","1","Alejandra Cecilia","Romero","Doctora En Ingeniería Industrial","Asociado","Semi-Exclusiva","Ingeniería Industrial","Facultad Regional Córdoba","Córdoba","Córdoba","2026-05-26",\N,"1"
"518","518","C2","Noche","B16","80","Fis1001","Física I","45","30","15","1","Eduardo Martín","Vargas","Ingeniero En Sistemas","Adjunto","Simple","Ingeniería En Sistemas De Información","Facultad Regional Córdoba","Córdoba","Córdoba","2026-05-26",\N,"1"
"519","519","C1","Noche","C07","45","Fis1001","Física I","45","30","15","1","Florencia Daniela","Cabrera","Doctora En Ingeniería","Asociado","Semi-Exclusiva","Ingeniería Civil","Facultad Regional Córdoba","Córdoba","Córdoba","2026-05-26",\N,"1"
"520","520","C2","Mañana","C04","30","Fis1001","Física I","45","30","15","1","Héctor Luis","González","Doctor En Física","Titular","Exclusiva","Ciencias Básicas","Facultad Regional Córdoba","Córdoba","Córdoba","2026-05-26",\N,"1"
"521","521","C1","Noche","C02","45","Qui1001","Química General","30","15","30","1","Jorge Osvaldo","Sánchez","Magíster En Ingeniería Industrial","Titular","Semi-Exclusiva","Ingeniería Industrial","Facultad Regional Córdoba","Córdoba","Córdoba","2026-05-26",\N,"1"
"522","522","C2","Tarde","A01","60","Qui1001","Química General","30","15","30","1","Sandra Mabel","Fuentes","Magíster En Sistemas Embebidos","Adjunto","Semi-Exclusiva","Ingeniería Electrónica","Facultad Regional Córdoba","Córdoba","Córdoba","2026-05-26",\N,"1"
"523","523","C1","Tarde","D02","30","Qui1001","Química General","30","15","30","1","Fernando Daniel","Reyes","Doctor En Física","Asociado","Semi-Exclusiva","Ciencias Básicas","Facultad Regional Córdoba","Córdoba","Córdoba","2026-05-26",\N,"1"
"524","524","C2","Noche","A10","40","Qui1001","Química General","30","15","30","1","María Elena","Rodríguez","Doctora En Ciencias De La Computación","Titular","Exclusiva","Ingeniería En Sistemas De Información","Facultad Regional Córdoba","Córdoba","Córdoba","2026-05-26",\N,"1"
"525","525","C1","Tarde","A03","80","Mat2001","Análisis Matemático Ii","60","30","0","2","Carlos Alberto","García","Ingeniero En Sistemas","Titular","Exclusiva","Ingeniería En Sistemas De Información","Facultad Regional Córdoba","Córdoba","Córdoba","2026-05-26",\N,"1"
"526","526","C2","Noche","L20","40","Mat2001","Análisis Matemático Ii","60","30","0","2","Roberto Augusto","López","Ingeniero Civil","Asociado","Semi-Exclusiva","Ingeniería Civil","Facultad Regional Córdoba","Córdoba","Córdoba","2026-05-26",\N,"1"
"527","527","C1","Noche","B04","80","Mat2001","Análisis Matemático Ii","60","30","0","2","Fernando Daniel","Reyes","Doctor En Física","Asociado","Semi-Exclusiva","Ciencias Básicas","Facultad Regional Córdoba","Córdoba","Córdoba","2026-05-26",\N,"1"
"528","528","C2","Noche","L17","60","Mat2001","Análisis Matemático Ii","60","30","0","2","Susana Graciela","Ríos","Ingeniera Industrial","Adjunto","Simple","Ingeniería Industrial","Facultad Regional Córdoba","Córdoba","Córdoba","2026-05-26",\N,"1"
"529","529","C1","Mañana","C10","80","Mat3001","Análisis Matemático Iii","45","30","0","3","Mónica Patricia","Serrano","Doctora En Química Industrial","Asociado","Semi-Exclusiva","Ingeniería Química","Facultad Regional Córdoba","Córdoba","Córdoba","2026-05-26",\N,"1"
"530","530","C2","Tarde","L01","30","Mat3001","Análisis Matemático Iii","45","30","0","3","Pablo Sebastián","Ruiz","Doctor En Ingeniería","Titular","Exclusiva","Ingeniería Civil","Facultad Regional Córdoba","Córdoba","Córdoba","2026-05-26",\N,"1"
"531","531","C2","Tarde","D04","50","Mat3001","Análisis Matemático Iii","45","30","0","3","Alejandra Cecilia","Romero","Doctora En Ingeniería Industrial","Asociado","Semi-Exclusiva","Ingeniería Industrial","Facultad Regional Córdoba","Córdoba","Córdoba","2026-05-26",\N,"1"
"532","532","C1","Noche","D18","45","Mec1001","Mecánica Aplicada","45","30","15","1","Marcelo Adrián","Gutiérrez","Magíster En Inteligencia Artificial","Adjunto","Semi-Exclusiva","Ingeniería En Sistemas De Información","Facultad Regional Córdoba","Córdoba","Córdoba","2026-05-26",\N,"1"
"533","533","C2","Mañana","C07","60","Mec1001","Mecánica Aplicada","45","30","15","1","Valeria Soledad","Herrera","Ingeniera Electrónica","Adjunto","Simple","Ingeniería Electrónica","Facultad Regional Córdoba","Córdoba","Córdoba","2026-05-26",\N,"1"
"534","534","C1","Noche","L01","60","Mec1001","Mecánica Aplicada","45","30","15","1","Claudia Verónica","Morales","Ingeniera Industrial","Adjunto","Simple","Ingeniería Industrial","Facultad Regional Córdoba","Córdoba","Córdoba","2026-05-26",\N,"1"
"535","535","C2","Tarde","L04","80","Mec1001","Mecánica Aplicada","45","30","15","1","María Elena","Rodríguez","Doctora En Ciencias De La Computación","Titular","Exclusiva","Ingeniería En Sistemas De Información","Facultad Regional Córdoba","Córdoba","Córdoba","2026-05-26",\N,"1"
"536","536","C1","Noche","L03","50","Mec2001","Resistencia De Materiales","45","30","15","2","Rodrigo Matías","Campos","Ingeniero En Sistemas","Adjunto","Simple","Ingeniería En Sistemas De Información","Facultad Regional Córdoba","Córdoba","Córdoba","2026-05-26",\N,"1"
"537","537","C2","Noche","A01","40","Mec2001","Resistencia De Materiales","45","30","15","2","Luis Alberto","Vera","Ingeniero Industrial","Adjunto","Simple","Ingeniería Industrial","Facultad Regional Córdoba","Córdoba","Córdoba","2026-05-26",\N,"1"
"538","538","C1","Noche","C12","35","Mec2001","Resistencia De Materiales","45","30","15","2","Carlos Alberto","García","Ingeniero En Sistemas","Titular","Exclusiva","Ingeniería En Sistemas De Información","Facultad Regional Córdoba","Córdoba","Córdoba","2026-05-26",\N,"1"
"539","539","C2","Mañana","D05","30","Mec2001","Resistencia De Materiales","45","30","15","2","Carlos Alberto","García","Ingeniero En Sistemas","Titular","Exclusiva","Ingeniería En Sistemas De Información","Facultad Regional Córdoba","Córdoba","Córdoba","2026-05-26",\N,"1"
"540","540","C2","Noche","L09","45","Mec3001","Máquinas Y Herramientas","30","15","45","3","Cristian Ariel","Ortega","Ingeniero Mecánico","Adjunto","Simple","Ingeniería Mecánica","Facultad Regional Córdoba","Córdoba","Córdoba","2026-05-26",\N,"1"
"541","541","C2","Mañana","B02","50","Mec3001","Máquinas Y Herramientas","30","15","45","3","Eduardo Martín","Vargas","Ingeniero En Sistemas","Adjunto","Simple","Ingeniería En Sistemas De Información","Facultad Regional Córdoba","Córdoba","Córdoba","2026-05-26",\N,"1"
"542","542","C1","Mañana","C16","80","Mat1001","Análisis Matemático I","60","30","0","1","Valeria Soledad","Herrera","Ingeniera Electrónica","Adjunto","Simple","Ingeniería Electrónica","Facultad Regional Rosario","Rosario","Santa Fe","2026-05-26",\N,"1"
"543","543","C2","Tarde","D06","40","Mat1001","Análisis Matemático I","60","30","0","1","Alejandro José","Núñez","Ingeniero Electrónico","Adjunto","Simple","Ingeniería Electrónica","Facultad Regional Rosario","Rosario","Santa Fe","2026-05-26",\N,"1"
"544","544","C1","Mañana","A05","80","Mat1001","Análisis Matemático I","60","30","0","1","Gabriela Inés","Flores","Magíster En Sistemas De Información","Asociado","Semi-Exclusiva","Ingeniería En Sistemas De Información","Facultad Regional Rosario","Rosario","Santa Fe","2026-05-26",\N,"1"
"545","545","C2","Noche","B07","50","Mat1001","Análisis Matemático I","60","30","0","1","Susana Graciela","Ríos","Ingeniera Industrial","Adjunto","Simple","Ingeniería Industrial","Facultad Regional Rosario","Rosario","Santa Fe","2026-05-26",\N,"1"
"546","546","C1","Tarde","B01","80","Mat1002","Álgebra Y Geometría Analítica","60","30","0","1","Jorge Osvaldo","Sánchez","Magíster En Ingeniería Industrial","Titular","Semi-Exclusiva","Ingeniería Industrial","Facultad Regional Rosario","Rosario","Santa Fe","2026-05-26",\N,"1"
"547","547","C2","Tarde","A18","45","Mat1002","Álgebra Y Geometría Analítica","60","30","0","1","Sebastián Nicolás","Álvarez","Magíster En Gestión De Proyectos","Adjunto","Semi-Exclusiva","Ingeniería Industrial","Facultad Regional Rosario","Rosario","Santa Fe","2026-05-26",\N,"1"
"548","548","C1","Noche","D13","80","Mat1002","Álgebra Y Geometría Analítica","60","30","0","1","Mariela Noelia","Ponce","Doctora En Ciencias Básicas","Titular","Exclusiva","Ciencias Básicas","Facultad Regional Rosario","Rosario","Santa Fe","2026-05-26",\N,"1"
"549","549","C2","Noche","L13","60","Mat1002","Álgebra Y Geometría Analítica","60","30","0","1","Silvina Beatriz","Fernández","Ingeniera Electrónica","Adjunto","Semi-Exclusiva","Ingeniería Electrónica","Facultad Regional Rosario","Rosario","Santa Fe","2026-05-26",\N,"1"
"550","550","C1","Tarde","B03","45","Fis1001","Física I","45","30","15","1","Mariela Noelia","Ponce","Doctora En Ciencias Básicas","Titular","Exclusiva","Ciencias Básicas","Facultad Regional Rosario","Rosario","Santa Fe","2026-05-26",\N,"1"
"551","551","C2","Tarde","C17","50","Fis1001","Física I","45","30","15","1","Tomás Agustín","Domínguez","Magíster En Electrónica","Adjunto","Semi-Exclusiva","Ingeniería Electrónica","Facultad Regional Rosario","Rosario","Santa Fe","2026-05-26",\N,"1"
"552","552","C1","Noche","A11","80","Fis1001","Física I","45","30","15","1","Facundo Ezequiel","Jiménez","Magíster En Ciencias De La Computación","Adjunto","Semi-Exclusiva","Ingeniería En Sistemas De Información","Facultad Regional Rosario","Rosario","Santa Fe","2026-05-26",\N,"1"
"553","553","C2","Noche","A18","40","Fis1001","Física I","45","30","15","1","Sofía Valentina","Vega","Magíster En Ciencias De La Computación","Adjunto","Semi-Exclusiva","Ingeniería En Sistemas De Información","Facultad Regional Rosario","Rosario","Santa Fe","2026-05-26",\N,"1"
"554","554","C1","Noche","C11","45","Qui1001","Química General","30","15","30","1","Cristian Ariel","Ortega","Ingeniero Mecánico","Adjunto","Simple","Ingeniería Mecánica","Facultad Regional Rosario","Rosario","Santa Fe","2026-05-26",\N,"1"
"555","555","C2","Mañana","A20","45","Qui1001","Química General","30","15","30","1","Susana Graciela","Ríos","Ingeniera Industrial","Adjunto","Simple","Ingeniería Industrial","Facultad Regional Rosario","Rosario","Santa Fe","2026-05-26",\N,"1"
"556","556","C1","Noche","C08","40","Qui1001","Química General","30","15","30","1","Mónica Patricia","Serrano","Doctora En Química Industrial","Asociado","Semi-Exclusiva","Ingeniería Química","Facultad Regional Rosario","Rosario","Santa Fe","2026-05-26",\N,"1"
"557","557","C2","Noche","B15","30","Qui1001","Química General","30","15","30","1","Silvina Beatriz","Fernández","Ingeniera Electrónica","Adjunto","Semi-Exclusiva","Ingeniería Electrónica","Facultad Regional Rosario","Rosario","Santa Fe","2026-05-26",\N,"1"
"558","558","C1","Tarde","D02","40","Mat2001","Análisis Matemático Ii","60","30","0","2","Mónica Patricia","Serrano","Doctora En Química Industrial","Asociado","Semi-Exclusiva","Ingeniería Química","Facultad Regional Rosario","Rosario","Santa Fe","2026-05-26",\N,"1"
"559","559","C2","Noche","A19","40","Mat2001","Análisis Matemático Ii","60","30","0","2","Ignacio Ramón","Ibáñez","Magíster En Seguridad Informática","Adjunto","Semi-Exclusiva","Ingeniería En Sistemas De Información","Facultad Regional Rosario","Rosario","Santa Fe","2026-05-26",\N,"1"
"560","560","C1","Mañana","C01","40","Mat2001","Análisis Matemático Ii","60","30","0","2","Luis Alberto","Vera","Ingeniero Industrial","Adjunto","Simple","Ingeniería Industrial","Facultad Regional Rosario","Rosario","Santa Fe","2026-05-26",\N,"1"
"561","561","C2","Noche","C07","30","Mat2001","Análisis Matemático Ii","60","30","0","2","Cristian Ariel","Ortega","Ingeniero Mecánico","Adjunto","Simple","Ingeniería Mecánica","Facultad Regional Rosario","Rosario","Santa Fe","2026-05-26",\N,"1"
"562","562","C1","Tarde","A09","35","Mat2002","Probabilidad Y Estadística","45","30","0","2","Alejandra Cecilia","Romero","Doctora En Ingeniería Industrial","Asociado","Semi-Exclusiva","Ingeniería Industrial","Facultad Regional Rosario","Rosario","Santa Fe","2026-05-26",\N,"1"
"563","563","C2","Noche","A06","50","Mat2002","Probabilidad Y Estadística","45","30","0","2","Carlos Alberto","García","Ingeniero En Sistemas","Titular","Exclusiva","Ingeniería En Sistemas De Información","Facultad Regional Rosario","Rosario","Santa Fe","2026-05-26",\N,"1"
"564","564","C1","Noche","C01","40","Mat2002","Probabilidad Y Estadística","45","30","0","2","Cristian Ariel","Ortega","Ingeniero Mecánico","Adjunto","Simple","Ingeniería Mecánica","Facultad Regional Rosario","Rosario","Santa Fe","2026-05-26",\N,"1"
"565","565","C2","Noche","L02","80","Mat2002","Probabilidad Y Estadística","45","30","0","2","Jorge Osvaldo","Sánchez","Magíster En Ingeniería Industrial","Titular","Semi-Exclusiva","Ingeniería Industrial","Facultad Regional Rosario","Rosario","Santa Fe","2026-05-26",\N,"1"
"566","566","C1","Noche","D17","80","Mat3001","Análisis Matemático Iii","45","30","0","3","Claudia Verónica","Morales","Ingeniera Industrial","Adjunto","Simple","Ingeniería Industrial","Facultad Regional Rosario","Rosario","Santa Fe","2026-05-26",\N,"1"
"567","567","C1","Tarde","A03","80","Mat3001","Análisis Matemático Iii","45","30","0","3","Florencia Daniela","Cabrera","Doctora En Ingeniería","Asociado","Semi-Exclusiva","Ingeniería Civil","Facultad Regional Rosario","Rosario","Santa Fe","2026-05-26",\N,"1"
"568","568","C2","Tarde","D19","80","Inf3004","Paradigmas De Programación","45","15","15","3","Alejandro José","Núñez","Ingeniero Electrónico","Adjunto","Simple","Ingeniería Electrónica","Facultad Regional Rosario","Rosario","Santa Fe","2026-05-26",\N,"1"
"569","569","C2","Tarde","A09","60","Inf3004","Paradigmas De Programación","45","15","15","3","Pablo Sebastián","Ruiz","Doctor En Ingeniería","Titular","Exclusiva","Ingeniería Civil","Facultad Regional Rosario","Rosario","Santa Fe","2026-05-26",\N,"1"
"570","570","C1","Noche","B05","35","Ele1001","Circuitos Eléctricos","45","30","15","1","Facundo Ezequiel","Jiménez","Magíster En Ciencias De La Computación","Adjunto","Semi-Exclusiva","Ingeniería En Sistemas De Información","Facultad Regional Rosario","Rosario","Santa Fe","2026-05-26",\N,"1"
"571","571","C2","Noche","A08","30","Ele1001","Circuitos Eléctricos","45","30","15","1","Carolina Florencia","Díaz","Ingeniera Civil","Adjunto","Simple","Ingeniería Civil","Facultad Regional Rosario","Rosario","Santa Fe","2026-05-26",\N,"1"
"572","572","C1","Noche","A06","80","Ele1001","Circuitos Eléctricos","45","30","15","1","Pilar Estela","Molina","Ingeniera Civil","Adjunto","Simple","Ingeniería Civil","Facultad Regional Rosario","Rosario","Santa Fe","2026-05-26",\N,"1"
"573","573","C2","Noche","B02","30","Ele1001","Circuitos Eléctricos","45","30","15","1","Sandra Mabel","Fuentes","Magíster En Sistemas Embebidos","Adjunto","Semi-Exclusiva","Ingeniería Electrónica","Facultad Regional Rosario","Rosario","Santa Fe","2026-05-26",\N,"1"
"574","574","C1","Mañana","C18","45","Mat1001","Análisis Matemático I","60","30","0","1","Silvina Beatriz","Fernández","Ingeniera Electrónica","Adjunto","Semi-Exclusiva","Ingeniería Electrónica","Facultad Regional Rosario","Rosario","Santa Fe","2026-05-26",\N,"1"
"575","575","C2","Noche","D17","45","Mat1001","Análisis Matemático I","60","30","0","1","Carlos Alberto","García","Ingeniero En Sistemas","Titular","Exclusiva","Ingeniería En Sistemas De Información","Facultad Regional Rosario","Rosario","Santa Fe","2026-05-26",\N,"1"
"576","576","C1","Tarde","A05","30","Mat1001","Análisis Matemático I","60","30","0","1","Mariana Soledad","Pereira","Magíster En Matemática","Adjunto","Semi-Exclusiva","Ciencias Básicas","Facultad Regional Rosario","Rosario","Santa Fe","2026-05-26",\N,"1"
"577","577","C2","Tarde","C19","35","Mat1001","Análisis Matemático I","60","30","0","1","Sandra Mabel","Fuentes","Magíster En Sistemas Embebidos","Adjunto","Semi-Exclusiva","Ingeniería Electrónica","Facultad Regional Rosario","Rosario","Santa Fe","2026-05-26",\N,"1"
"578","578","C1","Tarde","A14","50","Mat1002","Álgebra Y Geometría Analítica","60","30","0","1","Sandra Mabel","Fuentes","Magíster En Sistemas Embebidos","Adjunto","Semi-Exclusiva","Ingeniería Electrónica","Facultad Regional Rosario","Rosario","Santa Fe","2026-05-26",\N,"1"
"579","579","C2","Tarde","A16","45","Mat1002","Álgebra Y Geometría Analítica","60","30","0","1","Silvina Beatriz","Fernández","Ingeniera Electrónica","Adjunto","Semi-Exclusiva","Ingeniería Electrónica","Facultad Regional Rosario","Rosario","Santa Fe","2026-05-26",\N,"1"
"580","580","C1","Mañana","D04","45","Mat1002","Álgebra Y Geometría Analítica","60","30","0","1","Rodrigo Matías","Campos","Ingeniero En Sistemas","Adjunto","Simple","Ingeniería En Sistemas De Información","Facultad Regional Rosario","Rosario","Santa Fe","2026-05-26",\N,"1"
"581","581","C2","Tarde","L12","60","Mat1002","Álgebra Y Geometría Analítica","60","30","0","1","Valeria Soledad","Herrera","Ingeniera Electrónica","Adjunto","Simple","Ingeniería Electrónica","Facultad Regional Rosario","Rosario","Santa Fe","2026-05-26",\N,"1"
"582","582","C1","Noche","B18","35","Fis1001","Física I","45","30","15","1","Sandra Mabel","Fuentes","Magíster En Sistemas Embebidos","Adjunto","Semi-Exclusiva","Ingeniería Electrónica","Facultad Regional Rosario","Rosario","Santa Fe","2026-05-26",\N,"1"
"583","583","C2","Noche","A13","60","Fis1001","Física I","45","30","15","1","Sofía Valentina","Vega","Magíster En Ciencias De La Computación","Adjunto","Semi-Exclusiva","Ingeniería En Sistemas De Información","Facultad Regional Rosario","Rosario","Santa Fe","2026-05-26",\N,"1"
"584","584","C1","Mañana","D17","35","Fis1001","Física I","45","30","15","1","Pablo Sebastián","Ruiz","Doctor En Ingeniería","Titular","Exclusiva","Ingeniería Civil","Facultad Regional Rosario","Rosario","Santa Fe","2026-05-26",\N,"1"
"585","585","C2","Tarde","A15","45","Fis1001","Física I","45","30","15","1","Claudia Verónica","Morales","Ingeniera Industrial","Adjunto","Simple","Ingeniería Industrial","Facultad Regional Rosario","Rosario","Santa Fe","2026-05-26",\N,"1"
"586","586","C1","Noche","C01","45","Qui1001","Química General","30","15","30","1","Sandra Mabel","Fuentes","Magíster En Sistemas Embebidos","Adjunto","Semi-Exclusiva","Ingeniería Electrónica","Facultad Regional Rosario","Rosario","Santa Fe","2026-05-26",\N,"1"
"587","587","C2","Noche","A18","80","Qui1001","Química General","30","15","30","1","Natalia Belén","Castro","Magíster En Telecomunicaciones","Adjunto","Semi-Exclusiva","Ingeniería Electrónica","Facultad Regional Rosario","Rosario","Santa Fe","2026-05-26",\N,"1"
"588","588","C1","Noche","L11","35","Qui1001","Química General","30","15","30","1","Facundo Ezequiel","Jiménez","Magíster En Ciencias De La Computación","Adjunto","Semi-Exclusiva","Ingeniería En Sistemas De Información","Facultad Regional Rosario","Rosario","Santa Fe","2026-05-26",\N,"1"
"589","589","C2","Mañana","C16","60","Qui1001","Química General","30","15","30","1","Nicolás Emilio","Suárez","Magíster En Redes","Adjunto","Semi-Exclusiva","Ingeniería En Sistemas De Información","Facultad Regional Rosario","Rosario","Santa Fe","2026-05-26",\N,"1"
"590","590","C1","Noche","B04","40","Inf1001","Algoritmos Y Estructuras De Datos","30","15","30","1","Diego Marcelo","Torres","Ingeniero Mecánico","Adjunto","Simple","Ingeniería Mecánica","Facultad Regional Rosario","Rosario","Santa Fe","2026-05-26",\N,"1"
"591","591","C2","Noche","D10","35","Inf1001","Algoritmos Y Estructuras De Datos","30","15","30","1","Diego Marcelo","Torres","Ingeniero Mecánico","Adjunto","Simple","Ingeniería Mecánica","Facultad Regional Rosario","Rosario","Santa Fe","2026-05-26",\N,"1"
"592","592","C1","Noche","A13","35","Inf1001","Algoritmos Y Estructuras De Datos","30","15","30","1","Pablo Sebastián","Ruiz","Doctor En Ingeniería","Titular","Exclusiva","Ingeniería Civil","Facultad Regional Rosario","Rosario","Santa Fe","2026-05-26",\N,"1"
"593","593","C2","Tarde","A19","35","Inf1001","Algoritmos Y Estructuras De Datos","30","15","30","1","Roberto Augusto","López","Ingeniero Civil","Asociado","Semi-Exclusiva","Ingeniería Civil","Facultad Regional Rosario","Rosario","Santa Fe","2026-05-26",\N,"1"
"594","594","C1","Mañana","B11","60","Mat2001","Análisis Matemático Ii","60","30","0","2","Sandra Mabel","Fuentes","Magíster En Sistemas Embebidos","Adjunto","Semi-Exclusiva","Ingeniería Electrónica","Facultad Regional Rosario","Rosario","Santa Fe","2026-05-26",\N,"1"
"595","595","C2","Mañana","A02","80","Mat2001","Análisis Matemático Ii","60","30","0","2","Pilar Estela","Molina","Ingeniera Civil","Adjunto","Simple","Ingeniería Civil","Facultad Regional Rosario","Rosario","Santa Fe","2026-05-26",\N,"1"
"596","596","C1","Noche","C20","50","Mat2001","Análisis Matemático Ii","60","30","0","2","Alejandra Cecilia","Romero","Doctora En Ingeniería Industrial","Asociado","Semi-Exclusiva","Ingeniería Industrial","Facultad Regional Rosario","Rosario","Santa Fe","2026-05-26",\N,"1"
"597","597","C2","Tarde","A12","35","Mat2001","Análisis Matemático Ii","60","30","0","2","Alejandra Cecilia","Romero","Doctora En Ingeniería Industrial","Asociado","Semi-Exclusiva","Ingeniería Industrial","Facultad Regional Rosario","Rosario","Santa Fe","2026-05-26",\N,"1"
"598","598","C1","Noche","C03","30","Fis2001","Física Ii","45","30","15","2","Roberto Augusto","López","Ingeniero Civil","Asociado","Semi-Exclusiva","Ingeniería Civil","Facultad Regional Rosario","Rosario","Santa Fe","2026-05-26",\N,"1"
"599","599","C2","Mañana","A14","35","Fis2001","Física Ii","45","30","15","2","Luis Alberto","Vera","Ingeniero Industrial","Adjunto","Simple","Ingeniería Industrial","Facultad Regional Rosario","Rosario","Santa Fe","2026-05-26",\N,"1"
"600","600","C1","Noche","C14","50","Fis2001","Física Ii","45","30","15","2","Florencia Daniela","Cabrera","Doctora En Ingeniería","Asociado","Semi-Exclusiva","Ingeniería Civil","Facultad Regional Rosario","Rosario","Santa Fe","2026-05-26",\N,"1"
"601","601","C2","Mañana","C08","80","Fis2001","Física Ii","45","30","15","2","Luis Alberto","Vera","Ingeniero Industrial","Adjunto","Simple","Ingeniería Industrial","Facultad Regional Rosario","Rosario","Santa Fe","2026-05-26",\N,"1"
"602","602","C1","Mañana","D09","50","Inf2001","Programación Orientada A Objetos","30","15","30","2","Claudia Verónica","Morales","Ingeniera Industrial","Adjunto","Simple","Ingeniería Industrial","Facultad Regional Rosario","Rosario","Santa Fe","2026-05-26",\N,"1"
"603","603","C2","Noche","L15","60","Inf2001","Programación Orientada A Objetos","30","15","30","2","Mariela Noelia","Ponce","Doctora En Ciencias Básicas","Titular","Exclusiva","Ciencias Básicas","Facultad Regional Rosario","Rosario","Santa Fe","2026-05-26",\N,"1"
"604","604","C1","Mañana","B15","50","Inf2001","Programación Orientada A Objetos","30","15","30","2","Sofía Valentina","Vega","Magíster En Ciencias De La Computación","Adjunto","Semi-Exclusiva","Ingeniería En Sistemas De Información","Facultad Regional Rosario","Rosario","Santa Fe","2026-05-26",\N,"1"
"605","605","C2","Tarde","B07","35","Inf2001","Programación Orientada A Objetos","30","15","30","2","Rodrigo Matías","Campos","Ingeniero En Sistemas","Adjunto","Simple","Ingeniería En Sistemas De Información","Facultad Regional Rosario","Rosario","Santa Fe","2026-05-26",\N,"1"
"606","606","C1","Tarde","D20","80","Inf2002","Arquitectura De Computadoras","45","15","15","2","Facundo Ezequiel","Jiménez","Magíster En Ciencias De La Computación","Adjunto","Semi-Exclusiva","Ingeniería En Sistemas De Información","Facultad Regional Rosario","Rosario","Santa Fe","2026-05-26",\N,"1"
"607","607","C2","Tarde","D13","80","Inf2002","Arquitectura De Computadoras","45","15","15","2","Claudia Verónica","Morales","Ingeniera Industrial","Adjunto","Simple","Ingeniería Industrial","Facultad Regional Rosario","Rosario","Santa Fe","2026-05-26",\N,"1"
"608","608","C1","Tarde","A03","35","Inf2002","Arquitectura De Computadoras","45","15","15","2","Sofía Valentina","Vega","Magíster En Ciencias De La Computación","Adjunto","Semi-Exclusiva","Ingeniería En Sistemas De Información","Facultad Regional Rosario","Rosario","Santa Fe","2026-05-26",\N,"1"
"609","609","C2","Noche","A17","80","Inf2002","Arquitectura De Computadoras","45","15","15","2","Alejandra Cecilia","Romero","Doctora En Ingeniería Industrial","Asociado","Semi-Exclusiva","Ingeniería Industrial","Facultad Regional Rosario","Rosario","Santa Fe","2026-05-26",\N,"1"
"610","610","C1","Noche","D17","40","Mat3001","Análisis Matemático Iii","45","30","0","3","Silvina Beatriz","Fernández","Ingeniera Electrónica","Adjunto","Semi-Exclusiva","Ingeniería Electrónica","Facultad Regional Rosario","Rosario","Santa Fe","2026-05-26",\N,"1"
"611","611","C1","Noche","B10","50","Mat3001","Análisis Matemático Iii","45","30","0","3","Sebastián Nicolás","Álvarez","Magíster En Gestión De Proyectos","Adjunto","Semi-Exclusiva","Ingeniería Industrial","Facultad Regional Rosario","Rosario","Santa Fe","2026-05-26",\N,"1"
"612","612","C1","Tarde","B08","80","Inf3001","Base De Datos","30","15","30","3","Mariela Noelia","Ponce","Doctora En Ciencias Básicas","Titular","Exclusiva","Ciencias Básicas","Facultad Regional Rosario","Rosario","Santa Fe","2026-05-26",\N,"1"
"613","613","C2","Tarde","D09","35","Inf3001","Base De Datos","30","15","30","3","Patricia Andrea","Ramírez","Doctora En Química","Titular","Exclusiva","Ingeniería Química","Facultad Regional Rosario","Rosario","Santa Fe","2026-05-26",\N,"1"
"614","614","C1","Noche","C13","80","Inf3001","Base De Datos","30","15","30","3","Ignacio Ramón","Ibáñez","Magíster En Seguridad Informática","Adjunto","Semi-Exclusiva","Ingeniería En Sistemas De Información","Facultad Regional Rosario","Rosario","Santa Fe","2026-05-26",\N,"1"
"615","615","C2","Tarde","B20","50","Inf3001","Base De Datos","30","15","30","3","Susana Graciela","Ríos","Ingeniera Industrial","Adjunto","Simple","Ingeniería Industrial","Facultad Regional Rosario","Rosario","Santa Fe","2026-05-26",\N,"1"
"616","616","C1","Noche","L17","50","Inf3002","Ingeniería De Software I","45","15","15","3","Luciana Paola","Moreno","Ingeniera Química","Adjunto","Simple","Ingeniería Química","Facultad Regional Rosario","Rosario","Santa Fe","2026-05-26",\N,"1"
"617","617","C1","Mañana","L01","60","Inf3002","Ingeniería De Software I","45","15","15","3","Gustavo Raúl","Medina","Doctor En Matemática","Titular","Exclusiva","Ciencias Básicas","Facultad Regional Rosario","Rosario","Santa Fe","2026-05-26",\N,"1"
"618","618","C2","Tarde","B06","45","Inf3003","Sistemas Operativos","30","15","30","3","Roberto Augusto","López","Ingeniero Civil","Asociado","Semi-Exclusiva","Ingeniería Civil","Facultad Regional Rosario","Rosario","Santa Fe","2026-05-26",\N,"1"
"619","619","C2","Mañana","L14","60","Inf3003","Sistemas Operativos","30","15","30","3","Florencia Daniela","Cabrera","Doctora En Ingeniería","Asociado","Semi-Exclusiva","Ingeniería Civil","Facultad Regional Rosario","Rosario","Santa Fe","2026-05-26",\N,"1"
"620","620","C2","Mañana","A18","35","Inf3005","Redes De Computadoras","30","15","30","3","Mónica Patricia","Serrano","Doctora En Química Industrial","Asociado","Semi-Exclusiva","Ingeniería Química","Facultad Regional Rosario","Rosario","Santa Fe","2026-05-26",\N,"1"
"621","621","C2","Noche","B04","50","Inf3005","Redes De Computadoras","30","15","30","3","Luis Alberto","Vera","Ingeniero Industrial","Adjunto","Simple","Ingeniería Industrial","Facultad Regional Rosario","Rosario","Santa Fe","2026-05-26",\N,"1"
"622","622","C2","Noche","C11","45","Inf4001","Ingeniería De Software Ii","45","15","15","4","Florencia Daniela","Cabrera","Doctora En Ingeniería","Asociado","Semi-Exclusiva","Ingeniería Civil","Facultad Regional Rosario","Rosario","Santa Fe","2026-05-26",\N,"1"
"623","623","C2","Noche","A18","45","Inf4001","Ingeniería De Software Ii","45","15","15","4","Sandra Mabel","Fuentes","Magíster En Sistemas Embebidos","Adjunto","Semi-Exclusiva","Ingeniería Electrónica","Facultad Regional Rosario","Rosario","Santa Fe","2026-05-26",\N,"1"
"624","624","C2","Tarde","A04","50","Inf4002","Inteligencia Artificial","30","15","30","4","Marcelo Adrián","Gutiérrez","Magíster En Inteligencia Artificial","Adjunto","Semi-Exclusiva","Ingeniería En Sistemas De Información","Facultad Regional Rosario","Rosario","Santa Fe","2026-05-26",\N,"1"
"625","625","C1","Tarde","A03","40","Inf4002","Inteligencia Artificial","30","15","30","4","Ana Paula","Martínez","Magíster En Matemática Aplicada","Adjunto","Simple","Ciencias Básicas","Facultad Regional Rosario","Rosario","Santa Fe","2026-05-26",\N,"1"
"626","626","C2","Noche","L10","50","Inf4002","Inteligencia Artificial","30","15","30","4","Alejandro José","Núñez","Ingeniero Electrónico","Adjunto","Simple","Ingeniería Electrónica","Facultad Regional Rosario","Rosario","Santa Fe","2026-05-26",\N,"1"
"627","627","C1","Tarde","L08","60","Inf4003","Gestión De Proyectos","45","15","0","4","Tomás Agustín","Domínguez","Magíster En Electrónica","Adjunto","Semi-Exclusiva","Ingeniería Electrónica","Facultad Regional Rosario","Rosario","Santa Fe","2026-05-26",\N,"1"
"628","628","C2","Noche","B14","45","Inf4003","Gestión De Proyectos","45","15","0","4","Sofía Valentina","Vega","Magíster En Ciencias De La Computación","Adjunto","Semi-Exclusiva","Ingeniería En Sistemas De Información","Facultad Regional Rosario","Rosario","Santa Fe","2026-05-26",\N,"1"
"629","629","C1","Mañana","D19","45","Inf4003","Gestión De Proyectos","45","15","0","4","Rodrigo Matías","Campos","Ingeniero En Sistemas","Adjunto","Simple","Ingeniería En Sistemas De Información","Facultad Regional Rosario","Rosario","Santa Fe","2026-05-26",\N,"1"
"630","630","C2","Tarde","D05","60","Inf4004","Seguridad Informática","30","15","30","4","Gustavo Raúl","Medina","Doctor En Matemática","Titular","Exclusiva","Ciencias Básicas","Facultad Regional Rosario","Rosario","Santa Fe","2026-05-26",\N,"1"
"631","631","C1","Noche","B10","80","Inf4004","Seguridad Informática","30","15","30","4","Rodrigo Matías","Campos","Ingeniero En Sistemas","Adjunto","Simple","Ingeniería En Sistemas De Información","Facultad Regional Rosario","Rosario","Santa Fe","2026-05-26",\N,"1"
"632","632","C1","Mañana","C01","80","Inf4005","Diseño De Sistemas","45","15","15","4","Pilar Estela","Molina","Ingeniera Civil","Adjunto","Simple","Ingeniería Civil","Facultad Regional Rosario","Rosario","Santa Fe","2026-05-26",\N,"1"
"633","633","C1","Mañana","C09","45","Inf4005","Diseño De Sistemas","45","15","15","4","Susana Graciela","Ríos","Ingeniera Industrial","Adjunto","Simple","Ingeniería Industrial","Facultad Regional Rosario","Rosario","Santa Fe","2026-05-26",\N,"1"
"634","634","C1","Tarde","B16","60","Inf5001","Proyecto Final","15","0","60","5","Claudia Verónica","Morales","Ingeniera Industrial","Adjunto","Simple","Ingeniería Industrial","Facultad Regional Rosario","Rosario","Santa Fe","2026-05-26",\N,"1"
"635","635","C1","Noche","L11","30","Inf5001","Proyecto Final","15","0","60","5","Ignacio Ramón","Ibáñez","Magíster En Seguridad Informática","Adjunto","Semi-Exclusiva","Ingeniería En Sistemas De Información","Facultad Regional Rosario","Rosario","Santa Fe","2026-05-26",\N,"1"
"636","636","C1","Tarde","B12","40","Mec1001","Mecánica Aplicada","45","30","15","1","Carlos Alberto","García","Ingeniero En Sistemas","Titular","Exclusiva","Ingeniería En Sistemas De Información","Facultad Regional Rosario","Rosario","Santa Fe","2026-05-26",\N,"1"
"637","637","C2","Noche","C09","35","Mec1001","Mecánica Aplicada","45","30","15","1","Susana Graciela","Ríos","Ingeniera Industrial","Adjunto","Simple","Ingeniería Industrial","Facultad Regional Rosario","Rosario","Santa Fe","2026-05-26",\N,"1"
"638","638","C1","Noche","B01","40","Mec1001","Mecánica Aplicada","45","30","15","1","Nicolás Emilio","Suárez","Magíster En Redes","Adjunto","Semi-Exclusiva","Ingeniería En Sistemas De Información","Facultad Regional Rosario","Rosario","Santa Fe","2026-05-26",\N,"1"
"639","639","C2","Tarde","A20","45","Mec1001","Mecánica Aplicada","45","30","15","1","Sofía Valentina","Vega","Magíster En Ciencias De La Computación","Adjunto","Semi-Exclusiva","Ingeniería En Sistemas De Información","Facultad Regional Rosario","Rosario","Santa Fe","2026-05-26",\N,"1"
"640","640","C1","Noche","B10","80","Mec2001","Resistencia De Materiales","45","30","15","2","Cristian Ariel","Ortega","Ingeniero Mecánico","Adjunto","Simple","Ingeniería Mecánica","Facultad Regional Rosario","Rosario","Santa Fe","2026-05-26",\N,"1"
"641","641","C2","Noche","D06","35","Mec2001","Resistencia De Materiales","45","30","15","2","Pablo Sebastián","Ruiz","Doctor En Ingeniería","Titular","Exclusiva","Ingeniería Civil","Facultad Regional Rosario","Rosario","Santa Fe","2026-05-26",\N,"1"
"642","642","C1","Noche","C17","45","Mec2001","Resistencia De Materiales","45","30","15","2","Carlos Alberto","García","Ingeniero En Sistemas","Titular","Exclusiva","Ingeniería En Sistemas De Información","Facultad Regional Rosario","Rosario","Santa Fe","2026-05-26",\N,"1"
"643","643","C2","Tarde","L16","35","Mec2001","Resistencia De Materiales","45","30","15","2","Carlos Alberto","García","Ingeniero En Sistemas","Titular","Exclusiva","Ingeniería En Sistemas De Información","Facultad Regional Rosario","Rosario","Santa Fe","2026-05-26",\N,"1"
"644","644","C1","Mañana","L13","80","Inf4006","Aprendizaje Automático","30","15","30","4","Patricia Andrea","Ramírez","Doctora En Química","Titular","Exclusiva","Ingeniería Química","Facultad Regional Rosario","Rosario","Santa Fe","2026-05-26",\N,"1"
"645","645","C2","Noche","L03","40","Inf4006","Aprendizaje Automático","30","15","30","4","Mariela Noelia","Ponce","Doctora En Ciencias Básicas","Titular","Exclusiva","Ciencias Básicas","Facultad Regional Rosario","Rosario","Santa Fe","2026-05-26",\N,"1"
"646","646","C1","Tarde","A05","80","Inf4006","Aprendizaje Automático","30","15","30","4","Nicolás Emilio","Suárez","Magíster En Redes","Adjunto","Semi-Exclusiva","Ingeniería En Sistemas De Información","Facultad Regional Rosario","Rosario","Santa Fe","2026-05-26",\N,"1"
"647","647","C2","Noche","B09","35","Inf4007","Desarrollo De Aplicaciones Web","30","15","30","4","Ana Paula","Martínez","Magíster En Matemática Aplicada","Adjunto","Simple","Ciencias Básicas","Facultad Regional Rosario","Rosario","Santa Fe","2026-05-26",\N,"1"
"648","648","C2","Noche","A02","60","Inf4007","Desarrollo De Aplicaciones Web","30","15","30","4","Claudia Verónica","Morales","Ingeniera Industrial","Adjunto","Simple","Ingeniería Industrial","Facultad Regional Rosario","Rosario","Santa Fe","2026-05-26",\N,"1"
"649","649","C1","Noche","L02","40","Mat1001","Análisis Matemático I","60","30","0","1","Leandro Damián","Acosta","Doctor En Ingeniería Civil","Titular","Exclusiva","Ingeniería Civil","Facultad Regional Rosario","Rosario","Santa Fe","2026-05-26",\N,"1"
"650","650","C2","Noche","A17","50","Mat1001","Análisis Matemático I","60","30","0","1","Claudia Verónica","Morales","Ingeniera Industrial","Adjunto","Simple","Ingeniería Industrial","Facultad Regional Rosario","Rosario","Santa Fe","2026-05-26",\N,"1"
"651","651","C1","Noche","D03","50","Mat1001","Análisis Matemático I","60","30","0","1","Eduardo Martín","Vargas","Ingeniero En Sistemas","Adjunto","Simple","Ingeniería En Sistemas De Información","Facultad Regional Rosario","Rosario","Santa Fe","2026-05-26",\N,"1"
"652","652","C2","Noche","A18","45","Mat1001","Análisis Matemático I","60","30","0","1","Claudia Verónica","Morales","Ingeniera Industrial","Adjunto","Simple","Ingeniería Industrial","Facultad Regional Rosario","Rosario","Santa Fe","2026-05-26",\N,"1"
"653","653","C1","Noche","D13","30","Mat1002","Álgebra Y Geometría Analítica","60","30","0","1","Verónica Adriana","Rojas","Doctora En Ciencias De La Computación","Titular","Exclusiva","Ingeniería En Sistemas De Información","Facultad Regional Rosario","Rosario","Santa Fe","2026-05-26",\N,"1"
"654","654","C2","Noche","C05","80","Mat1002","Álgebra Y Geometría Analítica","60","30","0","1","Sebastián Nicolás","Álvarez","Magíster En Gestión De Proyectos","Adjunto","Semi-Exclusiva","Ingeniería Industrial","Facultad Regional Rosario","Rosario","Santa Fe","2026-05-26",\N,"1"
"655","655","C1","Noche","C12","80","Mat1002","Álgebra Y Geometría Analítica","60","30","0","1","Luciana Paola","Moreno","Ingeniera Química","Adjunto","Simple","Ingeniería Química","Facultad Regional Rosario","Rosario","Santa Fe","2026-05-26",\N,"1"
"656","656","C2","Mañana","D01","50","Mat1002","Álgebra Y Geometría Analítica","60","30","0","1","Eduardo Martín","Vargas","Ingeniero En Sistemas","Adjunto","Simple","Ingeniería En Sistemas De Información","Facultad Regional Rosario","Rosario","Santa Fe","2026-05-26",\N,"1"
"657","657","C1","Noche","L13","60","Fis1001","Física I","45","30","15","1","Patricia Andrea","Ramírez","Doctora En Química","Titular","Exclusiva","Ingeniería Química","Facultad Regional Rosario","Rosario","Santa Fe","2026-05-26",\N,"1"
"658","658","C2","Noche","B20","40","Fis1001","Física I","45","30","15","1","Gabriela Inés","Flores","Magíster En Sistemas De Información","Asociado","Semi-Exclusiva","Ingeniería En Sistemas De Información","Facultad Regional Rosario","Rosario","Santa Fe","2026-05-26",\N,"1"
"659","659","C1","Noche","C11","45","Fis1001","Física I","45","30","15","1","Luis Alberto","Vera","Ingeniero Industrial","Adjunto","Simple","Ingeniería Industrial","Facultad Regional Rosario","Rosario","Santa Fe","2026-05-26",\N,"1"
"660","660","C2","Noche","A08","80","Fis1001","Física I","45","30","15","1","Alejandro José","Núñez","Ingeniero Electrónico","Adjunto","Simple","Ingeniería Electrónica","Facultad Regional Rosario","Rosario","Santa Fe","2026-05-26",\N,"1"
"661","661","C1","Tarde","C02","80","Qui1001","Química General","30","15","30","1","Luis Alberto","Vera","Ingeniero Industrial","Adjunto","Simple","Ingeniería Industrial","Facultad Regional Rosario","Rosario","Santa Fe","2026-05-26",\N,"1"
"662","662","C2","Tarde","C16","35","Qui1001","Química General","30","15","30","1","Susana Graciela","Ríos","Ingeniera Industrial","Adjunto","Simple","Ingeniería Industrial","Facultad Regional Rosario","Rosario","Santa Fe","2026-05-26",\N,"1"
"663","663","C1","Mañana","L14","80","Qui1001","Química General","30","15","30","1","Luciana Paola","Moreno","Ingeniera Química","Adjunto","Simple","Ingeniería Química","Facultad Regional Rosario","Rosario","Santa Fe","2026-05-26",\N,"1"
"664","664","C2","Noche","B12","40","Qui1001","Química General","30","15","30","1","Marcelo Adrián","Gutiérrez","Magíster En Inteligencia Artificial","Adjunto","Semi-Exclusiva","Ingeniería En Sistemas De Información","Facultad Regional Rosario","Rosario","Santa Fe","2026-05-26",\N,"1"
"665","665","C1","Noche","C12","30","Mat2001","Análisis Matemático Ii","60","30","0","2","Ignacio Ramón","Ibáñez","Magíster En Seguridad Informática","Adjunto","Semi-Exclusiva","Ingeniería En Sistemas De Información","Facultad Regional Rosario","Rosario","Santa Fe","2026-05-26",\N,"1"
"666","666","C2","Noche","L17","80","Mat2001","Análisis Matemático Ii","60","30","0","2","Pablo Sebastián","Ruiz","Doctor En Ingeniería","Titular","Exclusiva","Ingeniería Civil","Facultad Regional Rosario","Rosario","Santa Fe","2026-05-26",\N,"1"
"667","667","C1","Noche","A18","30","Mat2001","Análisis Matemático Ii","60","30","0","2","Valeria Soledad","Herrera","Ingeniera Electrónica","Adjunto","Simple","Ingeniería Electrónica","Facultad Regional Rosario","Rosario","Santa Fe","2026-05-26",\N,"1"
"668","668","C2","Tarde","A17","50","Mat2001","Análisis Matemático Ii","60","30","0","2","Luciana Paola","Moreno","Ingeniera Química","Adjunto","Simple","Ingeniería Química","Facultad Regional Rosario","Rosario","Santa Fe","2026-05-26",\N,"1"
"669","669","C1","Noche","A13","30","Mat2002","Probabilidad Y Estadística","45","30","0","2","Alejandra Cecilia","Romero","Doctora En Ingeniería Industrial","Asociado","Semi-Exclusiva","Ingeniería Industrial","Facultad Regional Rosario","Rosario","Santa Fe","2026-05-26",\N,"1"
"670","670","C2","Noche","C03","30","Mat2002","Probabilidad Y Estadística","45","30","0","2","Susana Graciela","Ríos","Ingeniera Industrial","Adjunto","Simple","Ingeniería Industrial","Facultad Regional Rosario","Rosario","Santa Fe","2026-05-26",\N,"1"
"671","671","C1","Noche","C10","40","Mat2002","Probabilidad Y Estadística","45","30","0","2","Tomás Agustín","Domínguez","Magíster En Electrónica","Adjunto","Semi-Exclusiva","Ingeniería Electrónica","Facultad Regional Rosario","Rosario","Santa Fe","2026-05-26",\N,"1"
"672","672","C2","Noche","A16","60","Mat2002","Probabilidad Y Estadística","45","30","0","2","Silvina Beatriz","Fernández","Ingeniera Electrónica","Adjunto","Semi-Exclusiva","Ingeniería Electrónica","Facultad Regional Rosario","Rosario","Santa Fe","2026-05-26",\N,"1"
"673","673","C2","Noche","L01","30","Mat3001","Análisis Matemático Iii","45","30","0","3","Natalia Belén","Castro","Magíster En Telecomunicaciones","Adjunto","Semi-Exclusiva","Ingeniería Electrónica","Facultad Regional Rosario","Rosario","Santa Fe","2026-05-26",\N,"1"
"674","674","C1","Tarde","A11","60","Mat3001","Análisis Matemático Iii","45","30","0","3","Mariela Noelia","Ponce","Doctora En Ciencias Básicas","Titular","Exclusiva","Ciencias Básicas","Facultad Regional Rosario","Rosario","Santa Fe","2026-05-26",\N,"1"
"675","675","C1","Tarde","D07","30","Inf4003","Gestión De Proyectos","45","15","0","4","Verónica Adriana","Rojas","Doctora En Ciencias De La Computación","Titular","Exclusiva","Ingeniería En Sistemas De Información","Facultad Regional Rosario","Rosario","Santa Fe","2026-05-26",\N,"1"
"676","676","C1","Noche","C18","50","Inf4003","Gestión De Proyectos","45","15","0","4","Jorge Osvaldo","Sánchez","Magíster En Ingeniería Industrial","Titular","Semi-Exclusiva","Ingeniería Industrial","Facultad Regional Rosario","Rosario","Santa Fe","2026-05-26",\N,"1"
"677","677","C1","Noche","C19","80","Adm1001","Administración General","60","15","0","1","María Elena","Rodríguez","Doctora En Ciencias De La Computación","Titular","Exclusiva","Ingeniería En Sistemas De Información","Facultad Regional Rosario","Rosario","Santa Fe","2026-05-26",\N,"1"
"678","678","C2","Noche","D03","40","Adm1001","Administración General","60","15","0","1","Verónica Adriana","Rojas","Doctora En Ciencias De La Computación","Titular","Exclusiva","Ingeniería En Sistemas De Información","Facultad Regional Rosario","Rosario","Santa Fe","2026-05-26",\N,"1"
"679","679","C1","Noche","L20","35","Adm1001","Administración General","60","15","0","1","Pablo Sebastián","Ruiz","Doctor En Ingeniería","Titular","Exclusiva","Ingeniería Civil","Facultad Regional Rosario","Rosario","Santa Fe","2026-05-26",\N,"1"
"680","680","C2","Mañana","A18","60","Adm1001","Administración General","60","15","0","1","Verónica Adriana","Rojas","Doctora En Ciencias De La Computación","Titular","Exclusiva","Ingeniería En Sistemas De Información","Facultad Regional Rosario","Rosario","Santa Fe","2026-05-26",\N,"1"
"681","681","C1","Tarde","A05","60","Adm2001","Economía General","60","15","0","2","Pilar Estela","Molina","Ingeniera Civil","Adjunto","Simple","Ingeniería Civil","Facultad Regional Rosario","Rosario","Santa Fe","2026-05-26",\N,"1"
"682","682","C2","Noche","A03","40","Adm2001","Economía General","60","15","0","2","Héctor Luis","González","Doctor En Física","Titular","Exclusiva","Ciencias Básicas","Facultad Regional Rosario","Rosario","Santa Fe","2026-05-26",\N,"1"
"683","683","C1","Mañana","A13","50","Adm2001","Economía General","60","15","0","2","Sebastián Nicolás","Álvarez","Magíster En Gestión De Proyectos","Adjunto","Semi-Exclusiva","Ingeniería Industrial","Facultad Regional Rosario","Rosario","Santa Fe","2026-05-26",\N,"1"
"684","684","C2","Noche","B10","45","Adm2001","Economía General","60","15","0","2","Marcelo Adrián","Gutiérrez","Magíster En Inteligencia Artificial","Adjunto","Semi-Exclusiva","Ingeniería En Sistemas De Información","Facultad Regional Rosario","Rosario","Santa Fe","2026-05-26",\N,"1"
"685","685","C1","Tarde","C14","60","Adm3001","Contabilidad Y Costos","45","30","0","3","Carolina Florencia","Díaz","Ingeniera Civil","Adjunto","Simple","Ingeniería Civil","Facultad Regional Rosario","Rosario","Santa Fe","2026-05-26",\N,"1"
"686","686","C2","Noche","C17","40","Adm3001","Contabilidad Y Costos","45","30","0","3","Silvina Beatriz","Fernández","Ingeniera Electrónica","Adjunto","Semi-Exclusiva","Ingeniería Electrónica","Facultad Regional Rosario","Rosario","Santa Fe","2026-05-26",\N,"1"
"687","687","C1","Mañana","L06","30","Adm3001","Contabilidad Y Costos","45","30","0","3","Carolina Florencia","Díaz","Ingeniera Civil","Adjunto","Simple","Ingeniería Civil","Facultad Regional Rosario","Rosario","Santa Fe","2026-05-26",\N,"1"
"688","688","C2","Noche","L08","45","Adm3001","Contabilidad Y Costos","45","30","0","3","Sofía Valentina","Vega","Magíster En Ciencias De La Computación","Adjunto","Semi-Exclusiva","Ingeniería En Sistemas De Información","Facultad Regional Rosario","Rosario","Santa Fe","2026-05-26",\N,"1"
"689","689","C1","Tarde","A16","45","Ind3001","Investigación Operativa","45","30","0","3","Natalia Belén","Castro","Magíster En Telecomunicaciones","Adjunto","Semi-Exclusiva","Ingeniería Electrónica","Facultad Regional Rosario","Rosario","Santa Fe","2026-05-26",\N,"1"
"690","690","C1","Tarde","C03","45","Ind3001","Investigación Operativa","45","30","0","3","Nicolás Emilio","Suárez","Magíster En Redes","Adjunto","Semi-Exclusiva","Ingeniería En Sistemas De Información","Facultad Regional Rosario","Rosario","Santa Fe","2026-05-26",\N,"1"
"691","691","C2","Noche","C04","80","Ind4001","Logística Y Cadena De Suministro","45","15","0","4","Rodrigo Matías","Campos","Ingeniero En Sistemas","Adjunto","Simple","Ingeniería En Sistemas De Información","Facultad Regional Rosario","Rosario","Santa Fe","2026-05-26",\N,"1"
"692","692","C1","Tarde","A17","35","Ind4001","Logística Y Cadena De Suministro","45","15","0","4","Sandra Mabel","Fuentes","Magíster En Sistemas Embebidos","Adjunto","Semi-Exclusiva","Ingeniería Electrónica","Facultad Regional Rosario","Rosario","Santa Fe","2026-05-26",\N,"1"
"693","693","C2","Noche","D05","40","Ind4002","Gestión De La Calidad","45","15","0","4","Roberto Augusto","López","Ingeniero Civil","Asociado","Semi-Exclusiva","Ingeniería Civil","Facultad Regional Rosario","Rosario","Santa Fe","2026-05-26",\N,"1"
"694","694","C1","Noche","D10","45","Ind4002","Gestión De La Calidad","45","15","0","4","Patricia Andrea","Ramírez","Doctora En Química","Titular","Exclusiva","Ingeniería Química","Facultad Regional Rosario","Rosario","Santa Fe","2026-05-26",\N,"1"
"695","695","C1","Mañana","D05","60","Mat1001","Análisis Matemático I","60","30","0","1","Fernando Daniel","Reyes","Doctor En Física","Asociado","Semi-Exclusiva","Ciencias Básicas","Facultad Regional Rosario","Rosario","Santa Fe","2026-05-26",\N,"1"
"696","696","C2","Noche","A06","40","Mat1001","Análisis Matemático I","60","30","0","1","Carlos Alberto","García","Ingeniero En Sistemas","Titular","Exclusiva","Ingeniería En Sistemas De Información","Facultad Regional Rosario","Rosario","Santa Fe","2026-05-26",\N,"1"
"697","697","C1","Tarde","C07","60","Mat1001","Análisis Matemático I","60","30","0","1","María Elena","Rodríguez","Doctora En Ciencias De La Computación","Titular","Exclusiva","Ingeniería En Sistemas De Información","Facultad Regional Rosario","Rosario","Santa Fe","2026-05-26",\N,"1"
"698","698","C2","Mañana","D15","50","Mat1001","Análisis Matemático I","60","30","0","1","Claudia Verónica","Morales","Ingeniera Industrial","Adjunto","Simple","Ingeniería Industrial","Facultad Regional Rosario","Rosario","Santa Fe","2026-05-26",\N,"1"
"699","699","C1","Mañana","C14","80","Mat1002","Álgebra Y Geometría Analítica","60","30","0","1","Ignacio Ramón","Ibáñez","Magíster En Seguridad Informática","Adjunto","Semi-Exclusiva","Ingeniería En Sistemas De Información","Facultad Regional Rosario","Rosario","Santa Fe","2026-05-26",\N,"1"
"700","700","C2","Tarde","B17","40","Mat1002","Álgebra Y Geometría Analítica","60","30","0","1","Alejandro José","Núñez","Ingeniero Electrónico","Adjunto","Simple","Ingeniería Electrónica","Facultad Regional Rosario","Rosario","Santa Fe","2026-05-26",\N,"1"
"701","701","C1","Tarde","C20","40","Mat1002","Álgebra Y Geometría Analítica","60","30","0","1","Pablo Sebastián","Ruiz","Doctor En Ingeniería","Titular","Exclusiva","Ingeniería Civil","Facultad Regional Rosario","Rosario","Santa Fe","2026-05-26",\N,"1"
"702","702","C2","Tarde","C06","30","Mat1002","Álgebra Y Geometría Analítica","60","30","0","1","Alejandro José","Núñez","Ingeniero Electrónico","Adjunto","Simple","Ingeniería Electrónica","Facultad Regional Rosario","Rosario","Santa Fe","2026-05-26",\N,"1"
"703","703","C1","Tarde","B18","40","Fis1001","Física I","45","30","15","1","Fernando Daniel","Reyes","Doctor En Física","Asociado","Semi-Exclusiva","Ciencias Básicas","Facultad Regional Rosario","Rosario","Santa Fe","2026-05-26",\N,"1"
"704","704","C2","Noche","A09","80","Fis1001","Física I","45","30","15","1","Valeria Soledad","Herrera","Ingeniera Electrónica","Adjunto","Simple","Ingeniería Electrónica","Facultad Regional Rosario","Rosario","Santa Fe","2026-05-26",\N,"1"
"705","705","C1","Noche","A07","80","Fis1001","Física I","45","30","15","1","Sofía Valentina","Vega","Magíster En Ciencias De La Computación","Adjunto","Semi-Exclusiva","Ingeniería En Sistemas De Información","Facultad Regional Rosario","Rosario","Santa Fe","2026-05-26",\N,"1"
"706","706","C2","Noche","C11","80","Fis1001","Física I","45","30","15","1","Luciana Paola","Moreno","Ingeniera Química","Adjunto","Simple","Ingeniería Química","Facultad Regional Rosario","Rosario","Santa Fe","2026-05-26",\N,"1"
"707","707","C1","Tarde","A11","60","Qui1001","Química General","30","15","30","1","Luciana Paola","Moreno","Ingeniera Química","Adjunto","Simple","Ingeniería Química","Facultad Regional Rosario","Rosario","Santa Fe","2026-05-26",\N,"1"
"708","708","C2","Noche","B12","80","Qui1001","Química General","30","15","30","1","Sandra Mabel","Fuentes","Magíster En Sistemas Embebidos","Adjunto","Semi-Exclusiva","Ingeniería Electrónica","Facultad Regional Rosario","Rosario","Santa Fe","2026-05-26",\N,"1"
"709","709","C1","Noche","B04","80","Qui1001","Química General","30","15","30","1","Sebastián Nicolás","Álvarez","Magíster En Gestión De Proyectos","Adjunto","Semi-Exclusiva","Ingeniería Industrial","Facultad Regional Rosario","Rosario","Santa Fe","2026-05-26",\N,"1"
"710","710","C2","Noche","L01","45","Qui1001","Química General","30","15","30","1","Sandra Mabel","Fuentes","Magíster En Sistemas Embebidos","Adjunto","Semi-Exclusiva","Ingeniería Electrónica","Facultad Regional Rosario","Rosario","Santa Fe","2026-05-26",\N,"1"
"711","711","C1","Noche","D07","50","Mat2001","Análisis Matemático Ii","60","30","0","2","Eduardo Martín","Vargas","Ingeniero En Sistemas","Adjunto","Simple","Ingeniería En Sistemas De Información","Facultad Regional Rosario","Rosario","Santa Fe","2026-05-26",\N,"1"
"712","712","C2","Noche","A19","45","Mat2001","Análisis Matemático Ii","60","30","0","2","Mónica Patricia","Serrano","Doctora En Química Industrial","Asociado","Semi-Exclusiva","Ingeniería Química","Facultad Regional Rosario","Rosario","Santa Fe","2026-05-26",\N,"1"
"713","713","C1","Noche","L20","80","Mat2001","Análisis Matemático Ii","60","30","0","2","Carolina Florencia","Díaz","Ingeniera Civil","Adjunto","Simple","Ingeniería Civil","Facultad Regional Rosario","Rosario","Santa Fe","2026-05-26",\N,"1"
"714","714","C2","Noche","B15","80","Mat2001","Análisis Matemático Ii","60","30","0","2","Carolina Florencia","Díaz","Ingeniera Civil","Adjunto","Simple","Ingeniería Civil","Facultad Regional Rosario","Rosario","Santa Fe","2026-05-26",\N,"1"
"715","715","C1","Noche","L13","60","Mat2002","Probabilidad Y Estadística","45","30","0","2","Claudia Verónica","Morales","Ingeniera Industrial","Adjunto","Simple","Ingeniería Industrial","Facultad Regional Rosario","Rosario","Santa Fe","2026-05-26",\N,"1"
"716","716","C2","Tarde","C18","45","Mat2002","Probabilidad Y Estadística","45","30","0","2","Cristian Ariel","Ortega","Ingeniero Mecánico","Adjunto","Simple","Ingeniería Mecánica","Facultad Regional Rosario","Rosario","Santa Fe","2026-05-26",\N,"1"
"717","717","C1","Tarde","A01","80","Mat2002","Probabilidad Y Estadística","45","30","0","2","Alejandra Cecilia","Romero","Doctora En Ingeniería Industrial","Asociado","Semi-Exclusiva","Ingeniería Industrial","Facultad Regional Rosario","Rosario","Santa Fe","2026-05-26",\N,"1"
"718","718","C2","Noche","A07","50","Mat2002","Probabilidad Y Estadística","45","30","0","2","Leandro Damián","Acosta","Doctor En Ingeniería Civil","Titular","Exclusiva","Ingeniería Civil","Facultad Regional Rosario","Rosario","Santa Fe","2026-05-26",\N,"1"
"719","719","C1","Noche","B05","80","Mat3001","Análisis Matemático Iii","45","30","0","3","Claudia Verónica","Morales","Ingeniera Industrial","Adjunto","Simple","Ingeniería Industrial","Facultad Regional Rosario","Rosario","Santa Fe","2026-05-26",\N,"1"
"720","720","C1","Noche","C02","45","Mat3001","Análisis Matemático Iii","45","30","0","3","Carlos Alberto","García","Ingeniero En Sistemas","Titular","Exclusiva","Ingeniería En Sistemas De Información","Facultad Regional Rosario","Rosario","Santa Fe","2026-05-26",\N,"1"
"721","721","C1","Mañana","L10","35","Inf3004","Paradigmas De Programación","45","15","15","3","Héctor Luis","González","Doctor En Física","Titular","Exclusiva","Ciencias Básicas","Facultad Regional Rosario","Rosario","Santa Fe","2026-05-26",\N,"1"
"722","722","C2","Noche","A10","80","Inf3004","Paradigmas De Programación","45","15","15","3","Luis Alberto","Vera","Ingeniero Industrial","Adjunto","Simple","Ingeniería Industrial","Facultad Regional Rosario","Rosario","Santa Fe","2026-05-26",\N,"1"
"723","723","C1","Noche","L19","45","Inf3004","Paradigmas De Programación","45","15","15","3","Claudia Verónica","Morales","Ingeniera Industrial","Adjunto","Simple","Ingeniería Industrial","Facultad Regional Rosario","Rosario","Santa Fe","2026-05-26",\N,"1"
"724","724","C2","Tarde","D20","30","Inf3004","Paradigmas De Programación","45","15","15","3","María Elena","Rodríguez","Doctora En Ciencias De La Computación","Titular","Exclusiva","Ingeniería En Sistemas De Información","Facultad Regional Rosario","Rosario","Santa Fe","2026-05-26",\N,"1"
"725","725","C1","Tarde","A15","35","Civ1001","Topografía","30","15","30","1","Florencia Daniela","Cabrera","Doctora En Ingeniería","Asociado","Semi-Exclusiva","Ingeniería Civil","Facultad Regional Rosario","Rosario","Santa Fe","2026-05-26",\N,"1"
"726","726","C2","Noche","B01","45","Civ1001","Topografía","30","15","30","1","Susana Graciela","Ríos","Ingeniera Industrial","Adjunto","Simple","Ingeniería Industrial","Facultad Regional Rosario","Rosario","Santa Fe","2026-05-26",\N,"1"
"727","727","C1","Tarde","C20","45","Civ1001","Topografía","30","15","30","1","Pilar Estela","Molina","Ingeniera Civil","Adjunto","Simple","Ingeniería Civil","Facultad Regional Rosario","Rosario","Santa Fe","2026-05-26",\N,"1"
"728","728","C2","Noche","D11","80","Civ1001","Topografía","30","15","30","1","Gustavo Raúl","Medina","Doctor En Matemática","Titular","Exclusiva","Ciencias Básicas","Facultad Regional Rosario","Rosario","Santa Fe","2026-05-26",\N,"1"
"729","729","C1","Noche","B05","80","Civ2001","Mecánica De Suelos","30","15","30","2","Luis Alberto","Vera","Ingeniero Industrial","Adjunto","Simple","Ingeniería Industrial","Facultad Regional Rosario","Rosario","Santa Fe","2026-05-26",\N,"1"
"730","730","C2","Noche","B17","45","Civ2001","Mecánica De Suelos","30","15","30","2","Alejandro José","Núñez","Ingeniero Electrónico","Adjunto","Simple","Ingeniería Electrónica","Facultad Regional Rosario","Rosario","Santa Fe","2026-05-26",\N,"1"
"731","731","C1","Tarde","C11","30","Civ2001","Mecánica De Suelos","30","15","30","2","Silvina Beatriz","Fernández","Ingeniera Electrónica","Adjunto","Semi-Exclusiva","Ingeniería Electrónica","Facultad Regional Rosario","Rosario","Santa Fe","2026-05-26",\N,"1"
"732","732","C2","Tarde","B09","35","Civ2001","Mecánica De Suelos","30","15","30","2","Rodrigo Matías","Campos","Ingeniero En Sistemas","Adjunto","Simple","Ingeniería En Sistemas De Información","Facultad Regional Rosario","Rosario","Santa Fe","2026-05-26",\N,"1"
"733","733","C2","Noche","D20","60","Civ3001","Estructuras","45","30","15","3","Roberto Augusto","López","Ingeniero Civil","Asociado","Semi-Exclusiva","Ingeniería Civil","Facultad Regional Rosario","Rosario","Santa Fe","2026-05-26",\N,"1"
"734","734","C1","Mañana","C06","35","Civ3001","Estructuras","45","30","15","3","Jorge Osvaldo","Sánchez","Magíster En Ingeniería Industrial","Titular","Semi-Exclusiva","Ingeniería Industrial","Facultad Regional Rosario","Rosario","Santa Fe","2026-05-26",\N,"1"
"735","735","C2","Noche","A13","50","Civ3001","Estructuras","45","30","15","3","Diego Marcelo","Torres","Ingeniero Mecánico","Adjunto","Simple","Ingeniería Mecánica","Facultad Regional Rosario","Rosario","Santa Fe","2026-05-26",\N,"1"
"736","736","C2","Noche","B16","35","Civ4001","Hidráulica","30","15","30","4","Alejandra Cecilia","Romero","Doctora En Ingeniería Industrial","Asociado","Semi-Exclusiva","Ingeniería Industrial","Facultad Regional Rosario","Rosario","Santa Fe","2026-05-26",\N,"1"
"737","737","C1","Noche","L12","40","Civ4001","Hidráulica","30","15","30","4","Pilar Estela","Molina","Ingeniera Civil","Adjunto","Simple","Ingeniería Civil","Facultad Regional Rosario","Rosario","Santa Fe","2026-05-26",\N,"1"
"738","738","C1","Tarde","L02","80","Mat1001","Análisis Matemático I","60","30","0","1","Sofía Valentina","Vega","Magíster En Ciencias De La Computación","Adjunto","Semi-Exclusiva","Ingeniería En Sistemas De Información","Facultad Regional Rosario","Rosario","Santa Fe","2026-05-26",\N,"1"
"739","739","C2","Noche","B19","60","Mat1001","Análisis Matemático I","60","30","0","1","Pablo Sebastián","Ruiz","Doctor En Ingeniería","Titular","Exclusiva","Ingeniería Civil","Facultad Regional Rosario","Rosario","Santa Fe","2026-05-26",\N,"1"
"740","740","C1","Mañana","A12","80","Mat1001","Análisis Matemático I","60","30","0","1","Natalia Belén","Castro","Magíster En Telecomunicaciones","Adjunto","Semi-Exclusiva","Ingeniería Electrónica","Facultad Regional Rosario","Rosario","Santa Fe","2026-05-26",\N,"1"
"741","741","C2","Tarde","A04","80","Mat1001","Análisis Matemático I","60","30","0","1","Rodrigo Matías","Campos","Ingeniero En Sistemas","Adjunto","Simple","Ingeniería En Sistemas De Información","Facultad Regional Rosario","Rosario","Santa Fe","2026-05-26",\N,"1"
"742","742","C1","Mañana","C17","35","Mat1002","Álgebra Y Geometría Analítica","60","30","0","1","Nicolás Emilio","Suárez","Magíster En Redes","Adjunto","Semi-Exclusiva","Ingeniería En Sistemas De Información","Facultad Regional Rosario","Rosario","Santa Fe","2026-05-26",\N,"1"
"743","743","C2","Tarde","C08","30","Mat1002","Álgebra Y Geometría Analítica","60","30","0","1","Pilar Estela","Molina","Ingeniera Civil","Adjunto","Simple","Ingeniería Civil","Facultad Regional Rosario","Rosario","Santa Fe","2026-05-26",\N,"1"
"744","744","C1","Noche","B05","45","Mat1002","Álgebra Y Geometría Analítica","60","30","0","1","Luciana Paola","Moreno","Ingeniera Química","Adjunto","Simple","Ingeniería Química","Facultad Regional Rosario","Rosario","Santa Fe","2026-05-26",\N,"1"
"745","745","C2","Noche","D19","40","Mat1002","Álgebra Y Geometría Analítica","60","30","0","1","Verónica Adriana","Rojas","Doctora En Ciencias De La Computación","Titular","Exclusiva","Ingeniería En Sistemas De Información","Facultad Regional Rosario","Rosario","Santa Fe","2026-05-26",\N,"1"
"746","746","C1","Mañana","D18","30","Fis1001","Física I","45","30","15","1","Patricia Andrea","Ramírez","Doctora En Química","Titular","Exclusiva","Ingeniería Química","Facultad Regional Rosario","Rosario","Santa Fe","2026-05-26",\N,"1"
"747","747","C2","Noche","B05","45","Fis1001","Física I","45","30","15","1","Susana Graciela","Ríos","Ingeniera Industrial","Adjunto","Simple","Ingeniería Industrial","Facultad Regional Rosario","Rosario","Santa Fe","2026-05-26",\N,"1"
"748","748","C1","Tarde","B16","80","Fis1001","Física I","45","30","15","1","Sofía Valentina","Vega","Magíster En Ciencias De La Computación","Adjunto","Semi-Exclusiva","Ingeniería En Sistemas De Información","Facultad Regional Rosario","Rosario","Santa Fe","2026-05-26",\N,"1"
"749","749","C2","Noche","L17","35","Fis1001","Física I","45","30","15","1","Roberto Augusto","López","Ingeniero Civil","Asociado","Semi-Exclusiva","Ingeniería Civil","Facultad Regional Rosario","Rosario","Santa Fe","2026-05-26",\N,"1"
"750","750","C1","Noche","A01","30","Qui1001","Química General","30","15","30","1","Sandra Mabel","Fuentes","Magíster En Sistemas Embebidos","Adjunto","Semi-Exclusiva","Ingeniería Electrónica","Facultad Regional Rosario","Rosario","Santa Fe","2026-05-26",\N,"1"
"751","751","C2","Noche","A20","50","Qui1001","Química General","30","15","30","1","Luis Alberto","Vera","Ingeniero Industrial","Adjunto","Simple","Ingeniería Industrial","Facultad Regional Rosario","Rosario","Santa Fe","2026-05-26",\N,"1"
"752","752","C1","Noche","A09","40","Qui1001","Química General","30","15","30","1","Fernando Daniel","Reyes","Doctor En Física","Asociado","Semi-Exclusiva","Ciencias Básicas","Facultad Regional Rosario","Rosario","Santa Fe","2026-05-26",\N,"1"
"753","753","C2","Mañana","A08","80","Qui1001","Química General","30","15","30","1","Sofía Valentina","Vega","Magíster En Ciencias De La Computación","Adjunto","Semi-Exclusiva","Ingeniería En Sistemas De Información","Facultad Regional Rosario","Rosario","Santa Fe","2026-05-26",\N,"1"
"754","754","C1","Noche","B12","50","Mat2001","Análisis Matemático Ii","60","30","0","2","Tomás Agustín","Domínguez","Magíster En Electrónica","Adjunto","Semi-Exclusiva","Ingeniería Electrónica","Facultad Regional Rosario","Rosario","Santa Fe","2026-05-26",\N,"1"
"755","755","C2","Tarde","B05","45","Mat2001","Análisis Matemático Ii","60","30","0","2","Sandra Mabel","Fuentes","Magíster En Sistemas Embebidos","Adjunto","Semi-Exclusiva","Ingeniería Electrónica","Facultad Regional Rosario","Rosario","Santa Fe","2026-05-26",\N,"1"
"756","756","C1","Noche","A06","50","Mat2001","Análisis Matemático Ii","60","30","0","2","Rodrigo Matías","Campos","Ingeniero En Sistemas","Adjunto","Simple","Ingeniería En Sistemas De Información","Facultad Regional Rosario","Rosario","Santa Fe","2026-05-26",\N,"1"
"757","757","C2","Noche","L06","60","Mat2001","Análisis Matemático Ii","60","30","0","2","Mariela Noelia","Ponce","Doctora En Ciencias Básicas","Titular","Exclusiva","Ciencias Básicas","Facultad Regional Rosario","Rosario","Santa Fe","2026-05-26",\N,"1"
"758","758","C2","Tarde","A16","35","Mat3001","Análisis Matemático Iii","45","30","0","3","Mariela Noelia","Ponce","Doctora En Ciencias Básicas","Titular","Exclusiva","Ciencias Básicas","Facultad Regional Rosario","Rosario","Santa Fe","2026-05-26",\N,"1"
"759","759","C2","Mañana","C15","30","Mat3001","Análisis Matemático Iii","45","30","0","3","Alejandro José","Núñez","Ingeniero Electrónico","Adjunto","Simple","Ingeniería Electrónica","Facultad Regional Rosario","Rosario","Santa Fe","2026-05-26",\N,"1"
"760","760","C1","Tarde","A05","80","Qui2001","Química Orgánica","30","15","30","2","María Elena","Rodríguez","Doctora En Ciencias De La Computación","Titular","Exclusiva","Ingeniería En Sistemas De Información","Facultad Regional Rosario","Rosario","Santa Fe","2026-05-26",\N,"1"
"761","761","C2","Noche","L17","35","Qui2001","Química Orgánica","30","15","30","2","Leandro Damián","Acosta","Doctor En Ingeniería Civil","Titular","Exclusiva","Ingeniería Civil","Facultad Regional Rosario","Rosario","Santa Fe","2026-05-26",\N,"1"
"762","762","C1","Mañana","C06","30","Qui2001","Química Orgánica","30","15","30","2","Pilar Estela","Molina","Ingeniera Civil","Adjunto","Simple","Ingeniería Civil","Facultad Regional Rosario","Rosario","Santa Fe","2026-05-26",\N,"1"
"763","763","C2","Tarde","D04","50","Qui2001","Química Orgánica","30","15","30","2","Alejandro José","Núñez","Ingeniero Electrónico","Adjunto","Simple","Ingeniería Electrónica","Facultad Regional Rosario","Rosario","Santa Fe","2026-05-26",\N,"1"
"764","764","C1","Noche","D13","60","Qui3001","Química Industrial","30","15","45","3","Pablo Sebastián","Ruiz","Doctor En Ingeniería","Titular","Exclusiva","Ingeniería Civil","Facultad Regional Rosario","Rosario","Santa Fe","2026-05-26",\N,"1"
"765","765","C2","Tarde","D19","60","Qui3001","Química Industrial","30","15","45","3","Jorge Osvaldo","Sánchez","Magíster En Ingeniería Industrial","Titular","Semi-Exclusiva","Ingeniería Industrial","Facultad Regional Rosario","Rosario","Santa Fe","2026-05-26",\N,"1"
"766","766","C2","Tarde","L20","50","Qui3001","Química Industrial","30","15","45","3","Marcelo Adrián","Gutiérrez","Magíster En Inteligencia Artificial","Adjunto","Semi-Exclusiva","Ingeniería En Sistemas De Información","Facultad Regional Rosario","Rosario","Santa Fe","2026-05-26",\N,"1"
"767","767","C1","Noche","L06","30","Mat1003","Matemática Discreta","45","30","0","1","Ana Paula","Martínez","Magíster En Matemática Aplicada","Adjunto","Simple","Ciencias Básicas","Facultad Regional Rosario","Rosario","Santa Fe","2026-05-26",\N,"1"
"768","768","C2","Mañana","D17","30","Mat1003","Matemática Discreta","45","30","0","1","Diego Marcelo","Torres","Ingeniero Mecánico","Adjunto","Simple","Ingeniería Mecánica","Facultad Regional Rosario","Rosario","Santa Fe","2026-05-26",\N,"1"
"769","769","C1","Noche","L12","80","Mat1003","Matemática Discreta","45","30","0","1","Mariela Noelia","Ponce","Doctora En Ciencias Básicas","Titular","Exclusiva","Ciencias Básicas","Facultad Regional Rosario","Rosario","Santa Fe","2026-05-26",\N,"1"
"770","770","C2","Mañana","L14","60","Mat1003","Matemática Discreta","45","30","0","1","Carlos Alberto","García","Ingeniero En Sistemas","Titular","Exclusiva","Ingeniería En Sistemas De Información","Facultad Regional Rosario","Rosario","Santa Fe","2026-05-26",\N,"1"
"771","771","C1","Noche","C08","35","Mat1001","Análisis Matemático I","60","30","0","1","Pablo Sebastián","Ruiz","Doctor En Ingeniería","Titular","Exclusiva","Ingeniería Civil","Facultad Regional Mendoza","Mendoza","Mendoza","2026-05-26",\N,"1"
"772","772","C2","Mañana","L13","40","Mat1001","Análisis Matemático I","60","30","0","1","Mariana Soledad","Pereira","Magíster En Matemática","Adjunto","Semi-Exclusiva","Ciencias Básicas","Facultad Regional Mendoza","Mendoza","Mendoza","2026-05-26",\N,"1"
"773","773","C1","Noche","C18","80","Mat1001","Análisis Matemático I","60","30","0","1","Silvina Beatriz","Fernández","Ingeniera Electrónica","Adjunto","Semi-Exclusiva","Ingeniería Electrónica","Facultad Regional Mendoza","Mendoza","Mendoza","2026-05-26",\N,"1"
"774","774","C2","Mañana","A10","30","Mat1001","Análisis Matemático I","60","30","0","1","Fernando Daniel","Reyes","Doctor En Física","Asociado","Semi-Exclusiva","Ciencias Básicas","Facultad Regional Mendoza","Mendoza","Mendoza","2026-05-26",\N,"1"
"775","775","C1","Noche","C06","60","Mat1002","Álgebra Y Geometría Analítica","60","30","0","1","Fernando Daniel","Reyes","Doctor En Física","Asociado","Semi-Exclusiva","Ciencias Básicas","Facultad Regional Mendoza","Mendoza","Mendoza","2026-05-26",\N,"1"
"776","776","C2","Noche","C17","30","Mat1002","Álgebra Y Geometría Analítica","60","30","0","1","Tomás Agustín","Domínguez","Magíster En Electrónica","Adjunto","Semi-Exclusiva","Ingeniería Electrónica","Facultad Regional Mendoza","Mendoza","Mendoza","2026-05-26",\N,"1"
"777","777","C1","Noche","A11","50","Mat1002","Álgebra Y Geometría Analítica","60","30","0","1","Luis Alberto","Vera","Ingeniero Industrial","Adjunto","Simple","Ingeniería Industrial","Facultad Regional Mendoza","Mendoza","Mendoza","2026-05-26",\N,"1"
"778","778","C2","Tarde","C03","60","Mat1002","Álgebra Y Geometría Analítica","60","30","0","1","Mariela Noelia","Ponce","Doctora En Ciencias Básicas","Titular","Exclusiva","Ciencias Básicas","Facultad Regional Mendoza","Mendoza","Mendoza","2026-05-26",\N,"1"
"779","779","C1","Tarde","C10","60","Fis1001","Física I","45","30","15","1","Rodrigo Matías","Campos","Ingeniero En Sistemas","Adjunto","Simple","Ingeniería En Sistemas De Información","Facultad Regional Mendoza","Mendoza","Mendoza","2026-05-26",\N,"1"
"780","780","C2","Noche","B10","50","Fis1001","Física I","45","30","15","1","Florencia Daniela","Cabrera","Doctora En Ingeniería","Asociado","Semi-Exclusiva","Ingeniería Civil","Facultad Regional Mendoza","Mendoza","Mendoza","2026-05-26",\N,"1"
"781","781","C1","Noche","L05","40","Fis1001","Física I","45","30","15","1","Fernando Daniel","Reyes","Doctor En Física","Asociado","Semi-Exclusiva","Ciencias Básicas","Facultad Regional Mendoza","Mendoza","Mendoza","2026-05-26",\N,"1"
"782","782","C2","Noche","A12","45","Fis1001","Física I","45","30","15","1","Jorge Osvaldo","Sánchez","Magíster En Ingeniería Industrial","Titular","Semi-Exclusiva","Ingeniería Industrial","Facultad Regional Mendoza","Mendoza","Mendoza","2026-05-26",\N,"1"
"783","783","C1","Mañana","A01","50","Qui1001","Química General","30","15","30","1","María Elena","Rodríguez","Doctora En Ciencias De La Computación","Titular","Exclusiva","Ingeniería En Sistemas De Información","Facultad Regional Mendoza","Mendoza","Mendoza","2026-05-26",\N,"1"
"784","784","C2","Noche","D07","35","Qui1001","Química General","30","15","30","1","Nicolás Emilio","Suárez","Magíster En Redes","Adjunto","Semi-Exclusiva","Ingeniería En Sistemas De Información","Facultad Regional Mendoza","Mendoza","Mendoza","2026-05-26",\N,"1"
"785","785","C1","Tarde","C18","60","Qui1001","Química General","30","15","30","1","Pablo Sebastián","Ruiz","Doctor En Ingeniería","Titular","Exclusiva","Ingeniería Civil","Facultad Regional Mendoza","Mendoza","Mendoza","2026-05-26",\N,"1"
"786","786","C2","Tarde","L12","30","Qui1001","Química General","30","15","30","1","Pilar Estela","Molina","Ingeniera Civil","Adjunto","Simple","Ingeniería Civil","Facultad Regional Mendoza","Mendoza","Mendoza","2026-05-26",\N,"1"
"787","787","C1","Noche","D09","50","Mat2001","Análisis Matemático Ii","60","30","0","2","Pilar Estela","Molina","Ingeniera Civil","Adjunto","Simple","Ingeniería Civil","Facultad Regional Mendoza","Mendoza","Mendoza","2026-05-26",\N,"1"
"788","788","C2","Noche","B15","50","Mat2001","Análisis Matemático Ii","60","30","0","2","Sofía Valentina","Vega","Magíster En Ciencias De La Computación","Adjunto","Semi-Exclusiva","Ingeniería En Sistemas De Información","Facultad Regional Mendoza","Mendoza","Mendoza","2026-05-26",\N,"1"
"789","789","C1","Mañana","B03","50","Mat2001","Análisis Matemático Ii","60","30","0","2","Valeria Soledad","Herrera","Ingeniera Electrónica","Adjunto","Simple","Ingeniería Electrónica","Facultad Regional Mendoza","Mendoza","Mendoza","2026-05-26",\N,"1"
"790","790","C2","Noche","D19","45","Mat2001","Análisis Matemático Ii","60","30","0","2","Nicolás Emilio","Suárez","Magíster En Redes","Adjunto","Semi-Exclusiva","Ingeniería En Sistemas De Información","Facultad Regional Mendoza","Mendoza","Mendoza","2026-05-26",\N,"1"
"791","791","C1","Tarde","A15","35","Mat3001","Análisis Matemático Iii","45","30","0","3","Claudia Verónica","Morales","Ingeniera Industrial","Adjunto","Simple","Ingeniería Industrial","Facultad Regional Mendoza","Mendoza","Mendoza","2026-05-26",\N,"1"
"792","792","C2","Noche","A05","40","Mat3001","Análisis Matemático Iii","45","30","0","3","Tomás Agustín","Domínguez","Magíster En Electrónica","Adjunto","Semi-Exclusiva","Ingeniería Electrónica","Facultad Regional Mendoza","Mendoza","Mendoza","2026-05-26",\N,"1"
"793","793","C2","Tarde","A06","50","Inf3004","Paradigmas De Programación","45","15","15","3","Mónica Patricia","Serrano","Doctora En Química Industrial","Asociado","Semi-Exclusiva","Ingeniería Química","Facultad Regional Mendoza","Mendoza","Mendoza","2026-05-26",\N,"1"
"794","794","C2","Noche","L08","35","Inf3004","Paradigmas De Programación","45","15","15","3","Luis Alberto","Vera","Ingeniero Industrial","Adjunto","Simple","Ingeniería Industrial","Facultad Regional Mendoza","Mendoza","Mendoza","2026-05-26",\N,"1"
"795","795","C1","Noche","D15","45","Ele1001","Circuitos Eléctricos","45","30","15","1","Natalia Belén","Castro","Magíster En Telecomunicaciones","Adjunto","Semi-Exclusiva","Ingeniería Electrónica","Facultad Regional Mendoza","Mendoza","Mendoza","2026-05-26",\N,"1"
"796","796","C2","Noche","B09","30","Ele1001","Circuitos Eléctricos","45","30","15","1","Sofía Valentina","Vega","Magíster En Ciencias De La Computación","Adjunto","Semi-Exclusiva","Ingeniería En Sistemas De Información","Facultad Regional Mendoza","Mendoza","Mendoza","2026-05-26",\N,"1"
"797","797","C1","Noche","B05","80","Ele1001","Circuitos Eléctricos","45","30","15","1","Alejandro José","Núñez","Ingeniero Electrónico","Adjunto","Simple","Ingeniería Electrónica","Facultad Regional Mendoza","Mendoza","Mendoza","2026-05-26",\N,"1"
"798","798","C2","Noche","C14","60","Ele1001","Circuitos Eléctricos","45","30","15","1","Jorge Osvaldo","Sánchez","Magíster En Ingeniería Industrial","Titular","Semi-Exclusiva","Ingeniería Industrial","Facultad Regional Mendoza","Mendoza","Mendoza","2026-05-26",\N,"1"
"799","799","C1","Noche","A03","35","Civ1001","Topografía","30","15","30","1","Cristian Ariel","Ortega","Ingeniero Mecánico","Adjunto","Simple","Ingeniería Mecánica","Facultad Regional Mendoza","Mendoza","Mendoza","2026-05-26",\N,"1"
"800","800","C2","Mañana","D01","45","Civ1001","Topografía","30","15","30","1","Fernando Daniel","Reyes","Doctor En Física","Asociado","Semi-Exclusiva","Ciencias Básicas","Facultad Regional Mendoza","Mendoza","Mendoza","2026-05-26",\N,"1"
"801","801","C1","Tarde","D18","60","Civ1001","Topografía","30","15","30","1","Cristian Ariel","Ortega","Ingeniero Mecánico","Adjunto","Simple","Ingeniería Mecánica","Facultad Regional Mendoza","Mendoza","Mendoza","2026-05-26",\N,"1"
"802","802","C2","Noche","A20","40","Civ1001","Topografía","30","15","30","1","Mónica Patricia","Serrano","Doctora En Química Industrial","Asociado","Semi-Exclusiva","Ingeniería Química","Facultad Regional Mendoza","Mendoza","Mendoza","2026-05-26",\N,"1"
"803","803","C1","Tarde","C19","50","Civ2001","Mecánica De Suelos","30","15","30","2","Rodrigo Matías","Campos","Ingeniero En Sistemas","Adjunto","Simple","Ingeniería En Sistemas De Información","Facultad Regional Mendoza","Mendoza","Mendoza","2026-05-26",\N,"1"
"804","804","C2","Noche","B14","60","Civ2001","Mecánica De Suelos","30","15","30","2","Alejandro José","Núñez","Ingeniero Electrónico","Adjunto","Simple","Ingeniería Electrónica","Facultad Regional Mendoza","Mendoza","Mendoza","2026-05-26",\N,"1"
"805","805","C1","Noche","A06","30","Civ2001","Mecánica De Suelos","30","15","30","2","Alejandro José","Núñez","Ingeniero Electrónico","Adjunto","Simple","Ingeniería Electrónica","Facultad Regional Mendoza","Mendoza","Mendoza","2026-05-26",\N,"1"
"806","806","C2","Tarde","A07","35","Civ2001","Mecánica De Suelos","30","15","30","2","Patricia Andrea","Ramírez","Doctora En Química","Titular","Exclusiva","Ingeniería Química","Facultad Regional Mendoza","Mendoza","Mendoza","2026-05-26",\N,"1"
"807","807","C1","Tarde","D07","30","Civ3001","Estructuras","45","30","15","3","Jorge Osvaldo","Sánchez","Magíster En Ingeniería Industrial","Titular","Semi-Exclusiva","Ingeniería Industrial","Facultad Regional Mendoza","Mendoza","Mendoza","2026-05-26",\N,"1"
"808","808","C1","Tarde","L10","50","Civ3001","Estructuras","45","30","15","3","Héctor Luis","González","Doctor En Física","Titular","Exclusiva","Ciencias Básicas","Facultad Regional Mendoza","Mendoza","Mendoza","2026-05-26",\N,"1"
"809","809","C2","Noche","D07","35","Civ3001","Estructuras","45","30","15","3","Susana Graciela","Ríos","Ingeniera Industrial","Adjunto","Simple","Ingeniería Industrial","Facultad Regional Mendoza","Mendoza","Mendoza","2026-05-26",\N,"1"
"810","810","C2","Noche","B09","40","Civ4001","Hidráulica","30","15","30","4","Carolina Florencia","Díaz","Ingeniera Civil","Adjunto","Simple","Ingeniería Civil","Facultad Regional Mendoza","Mendoza","Mendoza","2026-05-26",\N,"1"
"811","811","C2","Tarde","D02","35","Civ4001","Hidráulica","30","15","30","4","Ignacio Ramón","Ibáñez","Magíster En Seguridad Informática","Adjunto","Semi-Exclusiva","Ingeniería En Sistemas De Información","Facultad Regional Mendoza","Mendoza","Mendoza","2026-05-26",\N,"1"
"812","812","C1","Noche","D05","50","Mat1001","Análisis Matemático I","60","30","0","1","Rodrigo Matías","Campos","Ingeniero En Sistemas","Adjunto","Simple","Ingeniería En Sistemas De Información","Facultad Regional Mendoza","Mendoza","Mendoza","2026-05-26",\N,"1"
"813","813","C2","Noche","L11","45","Mat1001","Análisis Matemático I","60","30","0","1","Eduardo Martín","Vargas","Ingeniero En Sistemas","Adjunto","Simple","Ingeniería En Sistemas De Información","Facultad Regional Mendoza","Mendoza","Mendoza","2026-05-26",\N,"1"
"814","814","C1","Noche","L12","60","Mat1001","Análisis Matemático I","60","30","0","1","Verónica Adriana","Rojas","Doctora En Ciencias De La Computación","Titular","Exclusiva","Ingeniería En Sistemas De Información","Facultad Regional Mendoza","Mendoza","Mendoza","2026-05-26",\N,"1"
"815","815","C2","Noche","C10","30","Mat1001","Análisis Matemático I","60","30","0","1","Luciana Paola","Moreno","Ingeniera Química","Adjunto","Simple","Ingeniería Química","Facultad Regional Mendoza","Mendoza","Mendoza","2026-05-26",\N,"1"
"816","816","C1","Noche","L17","30","Mat1002","Álgebra Y Geometría Analítica","60","30","0","1","Luis Alberto","Vera","Ingeniero Industrial","Adjunto","Simple","Ingeniería Industrial","Facultad Regional Mendoza","Mendoza","Mendoza","2026-05-26",\N,"1"
"817","817","C2","Noche","C02","35","Mat1002","Álgebra Y Geometría Analítica","60","30","0","1","Ignacio Ramón","Ibáñez","Magíster En Seguridad Informática","Adjunto","Semi-Exclusiva","Ingeniería En Sistemas De Información","Facultad Regional Mendoza","Mendoza","Mendoza","2026-05-26",\N,"1"
"818","818","C1","Noche","L18","40","Mat1002","Álgebra Y Geometría Analítica","60","30","0","1","Pablo Sebastián","Ruiz","Doctor En Ingeniería","Titular","Exclusiva","Ingeniería Civil","Facultad Regional Mendoza","Mendoza","Mendoza","2026-05-26",\N,"1"
"819","819","C2","Noche","A19","35","Mat1002","Álgebra Y Geometría Analítica","60","30","0","1","Alejandro José","Núñez","Ingeniero Electrónico","Adjunto","Simple","Ingeniería Electrónica","Facultad Regional Mendoza","Mendoza","Mendoza","2026-05-26",\N,"1"
"820","820","C1","Tarde","C10","30","Fis1001","Física I","45","30","15","1","Luis Alberto","Vera","Ingeniero Industrial","Adjunto","Simple","Ingeniería Industrial","Facultad Regional Mendoza","Mendoza","Mendoza","2026-05-26",\N,"1"
"821","821","C2","Noche","C05","60","Fis1001","Física I","45","30","15","1","Cristian Ariel","Ortega","Ingeniero Mecánico","Adjunto","Simple","Ingeniería Mecánica","Facultad Regional Mendoza","Mendoza","Mendoza","2026-05-26",\N,"1"
"822","822","C1","Tarde","D18","40","Fis1001","Física I","45","30","15","1","Susana Graciela","Ríos","Ingeniera Industrial","Adjunto","Simple","Ingeniería Industrial","Facultad Regional Mendoza","Mendoza","Mendoza","2026-05-26",\N,"1"
"823","823","C2","Tarde","B15","60","Fis1001","Física I","45","30","15","1","Alejandra Cecilia","Romero","Doctora En Ingeniería Industrial","Asociado","Semi-Exclusiva","Ingeniería Industrial","Facultad Regional Mendoza","Mendoza","Mendoza","2026-05-26",\N,"1"
"824","824","C1","Noche","A18","60","Qui1001","Química General","30","15","30","1","Héctor Luis","González","Doctor En Física","Titular","Exclusiva","Ciencias Básicas","Facultad Regional Mendoza","Mendoza","Mendoza","2026-05-26",\N,"1"
"825","825","C2","Noche","L20","35","Qui1001","Química General","30","15","30","1","Diego Marcelo","Torres","Ingeniero Mecánico","Adjunto","Simple","Ingeniería Mecánica","Facultad Regional Mendoza","Mendoza","Mendoza","2026-05-26",\N,"1"
"826","826","C1","Noche","B18","30","Qui1001","Química General","30","15","30","1","Ana Paula","Martínez","Magíster En Matemática Aplicada","Adjunto","Simple","Ciencias Básicas","Facultad Regional Mendoza","Mendoza","Mendoza","2026-05-26",\N,"1"
"827","827","C2","Noche","A20","35","Qui1001","Química General","30","15","30","1","Héctor Luis","González","Doctor En Física","Titular","Exclusiva","Ciencias Básicas","Facultad Regional Mendoza","Mendoza","Mendoza","2026-05-26",\N,"1"
"828","828","C1","Noche","B19","45","Mat2001","Análisis Matemático Ii","60","30","0","2","Natalia Belén","Castro","Magíster En Telecomunicaciones","Adjunto","Semi-Exclusiva","Ingeniería Electrónica","Facultad Regional Mendoza","Mendoza","Mendoza","2026-05-26",\N,"1"
"829","829","C2","Tarde","D19","80","Mat2001","Análisis Matemático Ii","60","30","0","2","Pablo Sebastián","Ruiz","Doctor En Ingeniería","Titular","Exclusiva","Ingeniería Civil","Facultad Regional Mendoza","Mendoza","Mendoza","2026-05-26",\N,"1"
"830","830","C1","Noche","B07","45","Mat2001","Análisis Matemático Ii","60","30","0","2","Fernando Daniel","Reyes","Doctor En Física","Asociado","Semi-Exclusiva","Ciencias Básicas","Facultad Regional Mendoza","Mendoza","Mendoza","2026-05-26",\N,"1"
"831","831","C2","Noche","D13","50","Mat2001","Análisis Matemático Ii","60","30","0","2","Valeria Soledad","Herrera","Ingeniera Electrónica","Adjunto","Simple","Ingeniería Electrónica","Facultad Regional Mendoza","Mendoza","Mendoza","2026-05-26",\N,"1"
"832","832","C1","Mañana","C01","40","Mat2002","Probabilidad Y Estadística","45","30","0","2","Marcelo Adrián","Gutiérrez","Magíster En Inteligencia Artificial","Adjunto","Semi-Exclusiva","Ingeniería En Sistemas De Información","Facultad Regional Mendoza","Mendoza","Mendoza","2026-05-26",\N,"1"
"833","833","C2","Noche","L09","40","Mat2002","Probabilidad Y Estadística","45","30","0","2","Mónica Patricia","Serrano","Doctora En Química Industrial","Asociado","Semi-Exclusiva","Ingeniería Química","Facultad Regional Mendoza","Mendoza","Mendoza","2026-05-26",\N,"1"
"834","834","C1","Tarde","B12","45","Mat2002","Probabilidad Y Estadística","45","30","0","2","Silvina Beatriz","Fernández","Ingeniera Electrónica","Adjunto","Semi-Exclusiva","Ingeniería Electrónica","Facultad Regional Mendoza","Mendoza","Mendoza","2026-05-26",\N,"1"
"835","835","C2","Noche","A12","60","Mat2002","Probabilidad Y Estadística","45","30","0","2","Gustavo Raúl","Medina","Doctor En Matemática","Titular","Exclusiva","Ciencias Básicas","Facultad Regional Mendoza","Mendoza","Mendoza","2026-05-26",\N,"1"
"836","836","C1","Noche","D03","60","Mat3001","Análisis Matemático Iii","45","30","0","3","Jorge Osvaldo","Sánchez","Magíster En Ingeniería Industrial","Titular","Semi-Exclusiva","Ingeniería Industrial","Facultad Regional Mendoza","Mendoza","Mendoza","2026-05-26",\N,"1"
"837","837","C1","Noche","D11","60","Mat3001","Análisis Matemático Iii","45","30","0","3","Alejandra Cecilia","Romero","Doctora En Ingeniería Industrial","Asociado","Semi-Exclusiva","Ingeniería Industrial","Facultad Regional Mendoza","Mendoza","Mendoza","2026-05-26",\N,"1"
"838","838","C2","Noche","B13","45","Mat3001","Análisis Matemático Iii","45","30","0","3","Sebastián Nicolás","Álvarez","Magíster En Gestión De Proyectos","Adjunto","Semi-Exclusiva","Ingeniería Industrial","Facultad Regional Mendoza","Mendoza","Mendoza","2026-05-26",\N,"1"
"839","839","C1","Mañana","C19","30","Ele2001","Electrónica Analógica","30","15","45","2","Facundo Ezequiel","Jiménez","Magíster En Ciencias De La Computación","Adjunto","Semi-Exclusiva","Ingeniería En Sistemas De Información","Facultad Regional Mendoza","Mendoza","Mendoza","2026-05-26",\N,"1"
"840","840","C2","Tarde","C02","45","Ele2001","Electrónica Analógica","30","15","45","2","Héctor Luis","González","Doctor En Física","Titular","Exclusiva","Ciencias Básicas","Facultad Regional Mendoza","Mendoza","Mendoza","2026-05-26",\N,"1"
"841","841","C1","Noche","C05","45","Ele2001","Electrónica Analógica","30","15","45","2","Mónica Patricia","Serrano","Doctora En Química Industrial","Asociado","Semi-Exclusiva","Ingeniería Química","Facultad Regional Mendoza","Mendoza","Mendoza","2026-05-26",\N,"1"
"842","842","C2","Noche","L15","35","Ele2001","Electrónica Analógica","30","15","45","2","Carlos Alberto","García","Ingeniero En Sistemas","Titular","Exclusiva","Ingeniería En Sistemas De Información","Facultad Regional Mendoza","Mendoza","Mendoza","2026-05-26",\N,"1"
"843","843","C1","Noche","D07","35","Ele3001","Sistemas De Control","45","15","30","3","Marcelo Adrián","Gutiérrez","Magíster En Inteligencia Artificial","Adjunto","Semi-Exclusiva","Ingeniería En Sistemas De Información","Facultad Regional Mendoza","Mendoza","Mendoza","2026-05-26",\N,"1"
"844","844","C2","Mañana","L13","80","Ele3001","Sistemas De Control","45","15","30","3","Mónica Patricia","Serrano","Doctora En Química Industrial","Asociado","Semi-Exclusiva","Ingeniería Química","Facultad Regional Mendoza","Mendoza","Mendoza","2026-05-26",\N,"1"
"845","845","C1","Noche","B19","80","Ele3002","Comunicaciones","30","15","30","3","Facundo Ezequiel","Jiménez","Magíster En Ciencias De La Computación","Adjunto","Semi-Exclusiva","Ingeniería En Sistemas De Información","Facultad Regional Mendoza","Mendoza","Mendoza","2026-05-26",\N,"1"
"846","846","C2","Tarde","C02","35","Ele3002","Comunicaciones","30","15","30","3","Gabriela Inés","Flores","Magíster En Sistemas De Información","Asociado","Semi-Exclusiva","Ingeniería En Sistemas De Información","Facultad Regional Mendoza","Mendoza","Mendoza","2026-05-26",\N,"1"
"847","847","C1","Noche","D02","45","Mat1001","Análisis Matemático I","60","30","0","1","Verónica Adriana","Rojas","Doctora En Ciencias De La Computación","Titular","Exclusiva","Ingeniería En Sistemas De Información","Facultad Regional Mendoza","Mendoza","Mendoza","2026-05-26",\N,"1"
"848","848","C2","Noche","A15","30","Mat1001","Análisis Matemático I","60","30","0","1","Sandra Mabel","Fuentes","Magíster En Sistemas Embebidos","Adjunto","Semi-Exclusiva","Ingeniería Electrónica","Facultad Regional Mendoza","Mendoza","Mendoza","2026-05-26",\N,"1"
"849","849","C1","Mañana","A09","45","Mat1001","Análisis Matemático I","60","30","0","1","Verónica Adriana","Rojas","Doctora En Ciencias De La Computación","Titular","Exclusiva","Ingeniería En Sistemas De Información","Facultad Regional Mendoza","Mendoza","Mendoza","2026-05-26",\N,"1"
"850","850","C2","Noche","D19","60","Mat1001","Análisis Matemático I","60","30","0","1","Leandro Damián","Acosta","Doctor En Ingeniería Civil","Titular","Exclusiva","Ingeniería Civil","Facultad Regional Mendoza","Mendoza","Mendoza","2026-05-26",\N,"1"
"851","851","C1","Mañana","B18","60","Mat1002","Álgebra Y Geometría Analítica","60","30","0","1","Verónica Adriana","Rojas","Doctora En Ciencias De La Computación","Titular","Exclusiva","Ingeniería En Sistemas De Información","Facultad Regional Mendoza","Mendoza","Mendoza","2026-05-26",\N,"1"
"852","852","C2","Noche","B11","50","Mat1002","Álgebra Y Geometría Analítica","60","30","0","1","Marcelo Adrián","Gutiérrez","Magíster En Inteligencia Artificial","Adjunto","Semi-Exclusiva","Ingeniería En Sistemas De Información","Facultad Regional Mendoza","Mendoza","Mendoza","2026-05-26",\N,"1"
"853","853","C1","Noche","D07","40","Mat1002","Álgebra Y Geometría Analítica","60","30","0","1","Alejandro José","Núñez","Ingeniero Electrónico","Adjunto","Simple","Ingeniería Electrónica","Facultad Regional Mendoza","Mendoza","Mendoza","2026-05-26",\N,"1"
"854","854","C2","Tarde","C04","40","Mat1002","Álgebra Y Geometría Analítica","60","30","0","1","Sandra Mabel","Fuentes","Magíster En Sistemas Embebidos","Adjunto","Semi-Exclusiva","Ingeniería Electrónica","Facultad Regional Mendoza","Mendoza","Mendoza","2026-05-26",\N,"1"
"855","855","C1","Noche","L17","80","Fis1001","Física I","45","30","15","1","Sebastián Nicolás","Álvarez","Magíster En Gestión De Proyectos","Adjunto","Semi-Exclusiva","Ingeniería Industrial","Facultad Regional Mendoza","Mendoza","Mendoza","2026-05-26",\N,"1"
"856","856","C2","Tarde","B16","60","Fis1001","Física I","45","30","15","1","Alejandra Cecilia","Romero","Doctora En Ingeniería Industrial","Asociado","Semi-Exclusiva","Ingeniería Industrial","Facultad Regional Mendoza","Mendoza","Mendoza","2026-05-26",\N,"1"
"857","857","C1","Tarde","L14","40","Fis1001","Física I","45","30","15","1","Eduardo Martín","Vargas","Ingeniero En Sistemas","Adjunto","Simple","Ingeniería En Sistemas De Información","Facultad Regional Mendoza","Mendoza","Mendoza","2026-05-26",\N,"1"
"858","858","C2","Noche","C01","80","Fis1001","Física I","45","30","15","1","Facundo Ezequiel","Jiménez","Magíster En Ciencias De La Computación","Adjunto","Semi-Exclusiva","Ingeniería En Sistemas De Información","Facultad Regional Mendoza","Mendoza","Mendoza","2026-05-26",\N,"1"
"859","859","C1","Noche","D19","40","Qui1001","Química General","30","15","30","1","Sebastián Nicolás","Álvarez","Magíster En Gestión De Proyectos","Adjunto","Semi-Exclusiva","Ingeniería Industrial","Facultad Regional Mendoza","Mendoza","Mendoza","2026-05-26",\N,"1"
"860","860","C2","Noche","D12","40","Qui1001","Química General","30","15","30","1","Pablo Sebastián","Ruiz","Doctor En Ingeniería","Titular","Exclusiva","Ingeniería Civil","Facultad Regional Mendoza","Mendoza","Mendoza","2026-05-26",\N,"1"
"861","861","C1","Noche","L03","80","Qui1001","Química General","30","15","30","1","Sebastián Nicolás","Álvarez","Magíster En Gestión De Proyectos","Adjunto","Semi-Exclusiva","Ingeniería Industrial","Facultad Regional Mendoza","Mendoza","Mendoza","2026-05-26",\N,"1"
"862","862","C2","Noche","A01","45","Qui1001","Química General","30","15","30","1","Patricia Andrea","Ramírez","Doctora En Química","Titular","Exclusiva","Ingeniería Química","Facultad Regional Mendoza","Mendoza","Mendoza","2026-05-26",\N,"1"
"863","863","C1","Noche","D04","80","Inf1001","Algoritmos Y Estructuras De Datos","30","15","30","1","María Elena","Rodríguez","Doctora En Ciencias De La Computación","Titular","Exclusiva","Ingeniería En Sistemas De Información","Facultad Regional Mendoza","Mendoza","Mendoza","2026-05-26",\N,"1"
"864","864","C2","Noche","C01","45","Inf1001","Algoritmos Y Estructuras De Datos","30","15","30","1","Eduardo Martín","Vargas","Ingeniero En Sistemas","Adjunto","Simple","Ingeniería En Sistemas De Información","Facultad Regional Mendoza","Mendoza","Mendoza","2026-05-26",\N,"1"
"865","865","C1","Noche","B17","60","Inf1001","Algoritmos Y Estructuras De Datos","30","15","30","1","Rodrigo Matías","Campos","Ingeniero En Sistemas","Adjunto","Simple","Ingeniería En Sistemas De Información","Facultad Regional Mendoza","Mendoza","Mendoza","2026-05-26",\N,"1"
"866","866","C2","Mañana","C14","35","Inf1001","Algoritmos Y Estructuras De Datos","30","15","30","1","Jorge Osvaldo","Sánchez","Magíster En Ingeniería Industrial","Titular","Semi-Exclusiva","Ingeniería Industrial","Facultad Regional Mendoza","Mendoza","Mendoza","2026-05-26",\N,"1"
"867","867","C1","Noche","C19","80","Mat2001","Análisis Matemático Ii","60","30","0","2","Luciana Paola","Moreno","Ingeniera Química","Adjunto","Simple","Ingeniería Química","Facultad Regional Mendoza","Mendoza","Mendoza","2026-05-26",\N,"1"
"868","868","C2","Noche","A04","50","Mat2001","Análisis Matemático Ii","60","30","0","2","Eduardo Martín","Vargas","Ingeniero En Sistemas","Adjunto","Simple","Ingeniería En Sistemas De Información","Facultad Regional Mendoza","Mendoza","Mendoza","2026-05-26",\N,"1"
"869","869","C1","Noche","C05","80","Mat2001","Análisis Matemático Ii","60","30","0","2","Silvina Beatriz","Fernández","Ingeniera Electrónica","Adjunto","Semi-Exclusiva","Ingeniería Electrónica","Facultad Regional Mendoza","Mendoza","Mendoza","2026-05-26",\N,"1"
"870","870","C2","Noche","B12","50","Mat2001","Análisis Matemático Ii","60","30","0","2","Verónica Adriana","Rojas","Doctora En Ciencias De La Computación","Titular","Exclusiva","Ingeniería En Sistemas De Información","Facultad Regional Mendoza","Mendoza","Mendoza","2026-05-26",\N,"1"
"871","871","C1","Noche","C16","40","Fis2001","Física Ii","45","30","15","2","María Elena","Rodríguez","Doctora En Ciencias De La Computación","Titular","Exclusiva","Ingeniería En Sistemas De Información","Facultad Regional Mendoza","Mendoza","Mendoza","2026-05-26",\N,"1"
"872","872","C2","Noche","C12","35","Fis2001","Física Ii","45","30","15","2","Tomás Agustín","Domínguez","Magíster En Electrónica","Adjunto","Semi-Exclusiva","Ingeniería Electrónica","Facultad Regional Mendoza","Mendoza","Mendoza","2026-05-26",\N,"1"
"873","873","C1","Noche","D03","45","Fis2001","Física Ii","45","30","15","2","Carolina Florencia","Díaz","Ingeniera Civil","Adjunto","Simple","Ingeniería Civil","Facultad Regional Mendoza","Mendoza","Mendoza","2026-05-26",\N,"1"
"874","874","C2","Noche","C11","60","Fis2001","Física Ii","45","30","15","2","Susana Graciela","Ríos","Ingeniera Industrial","Adjunto","Simple","Ingeniería Industrial","Facultad Regional Mendoza","Mendoza","Mendoza","2026-05-26",\N,"1"
"875","875","C1","Tarde","D06","60","Inf2001","Programación Orientada A Objetos","30","15","30","2","Héctor Luis","González","Doctor En Física","Titular","Exclusiva","Ciencias Básicas","Facultad Regional Mendoza","Mendoza","Mendoza","2026-05-26",\N,"1"
"876","876","C2","Mañana","B16","35","Inf2001","Programación Orientada A Objetos","30","15","30","2","Mariela Noelia","Ponce","Doctora En Ciencias Básicas","Titular","Exclusiva","Ciencias Básicas","Facultad Regional Mendoza","Mendoza","Mendoza","2026-05-26",\N,"1"
"877","877","C1","Noche","B17","35","Inf2001","Programación Orientada A Objetos","30","15","30","2","Carlos Alberto","García","Ingeniero En Sistemas","Titular","Exclusiva","Ingeniería En Sistemas De Información","Facultad Regional Mendoza","Mendoza","Mendoza","2026-05-26",\N,"1"
"878","878","C2","Tarde","D19","35","Inf2001","Programación Orientada A Objetos","30","15","30","2","Luis Alberto","Vera","Ingeniero Industrial","Adjunto","Simple","Ingeniería Industrial","Facultad Regional Mendoza","Mendoza","Mendoza","2026-05-26",\N,"1"
"879","879","C1","Tarde","A19","40","Inf2002","Arquitectura De Computadoras","45","15","15","2","Alejandro José","Núñez","Ingeniero Electrónico","Adjunto","Simple","Ingeniería Electrónica","Facultad Regional Mendoza","Mendoza","Mendoza","2026-05-26",\N,"1"
"880","880","C2","Noche","D02","45","Inf2002","Arquitectura De Computadoras","45","15","15","2","Roberto Augusto","López","Ingeniero Civil","Asociado","Semi-Exclusiva","Ingeniería Civil","Facultad Regional Mendoza","Mendoza","Mendoza","2026-05-26",\N,"1"
"881","881","C1","Tarde","A17","45","Inf2002","Arquitectura De Computadoras","45","15","15","2","Alejandra Cecilia","Romero","Doctora En Ingeniería Industrial","Asociado","Semi-Exclusiva","Ingeniería Industrial","Facultad Regional Mendoza","Mendoza","Mendoza","2026-05-26",\N,"1"
"882","882","C2","Noche","L02","40","Inf2002","Arquitectura De Computadoras","45","15","15","2","Silvina Beatriz","Fernández","Ingeniera Electrónica","Adjunto","Semi-Exclusiva","Ingeniería Electrónica","Facultad Regional Mendoza","Mendoza","Mendoza","2026-05-26",\N,"1"
"883","883","C1","Noche","A09","50","Mat3001","Análisis Matemático Iii","45","30","0","3","Tomás Agustín","Domínguez","Magíster En Electrónica","Adjunto","Semi-Exclusiva","Ingeniería Electrónica","Facultad Regional Mendoza","Mendoza","Mendoza","2026-05-26",\N,"1"
"884","884","C2","Noche","B14","50","Mat3001","Análisis Matemático Iii","45","30","0","3","Carolina Florencia","Díaz","Ingeniera Civil","Adjunto","Simple","Ingeniería Civil","Facultad Regional Mendoza","Mendoza","Mendoza","2026-05-26",\N,"1"
"885","885","C2","Mañana","B09","45","Mat3001","Análisis Matemático Iii","45","30","0","3","Cristian Ariel","Ortega","Ingeniero Mecánico","Adjunto","Simple","Ingeniería Mecánica","Facultad Regional Mendoza","Mendoza","Mendoza","2026-05-26",\N,"1"
"886","886","C1","Noche","L19","40","Inf3001","Base De Datos","30","15","30","3","Natalia Belén","Castro","Magíster En Telecomunicaciones","Adjunto","Semi-Exclusiva","Ingeniería Electrónica","Facultad Regional Mendoza","Mendoza","Mendoza","2026-05-26",\N,"1"
"887","887","C1","Tarde","A10","30","Inf3001","Base De Datos","30","15","30","3","Natalia Belén","Castro","Magíster En Telecomunicaciones","Adjunto","Semi-Exclusiva","Ingeniería Electrónica","Facultad Regional Mendoza","Mendoza","Mendoza","2026-05-26",\N,"1"
"888","888","C1","Noche","L04","45","Inf3002","Ingeniería De Software I","45","15","15","3","Natalia Belén","Castro","Magíster En Telecomunicaciones","Adjunto","Semi-Exclusiva","Ingeniería Electrónica","Facultad Regional Mendoza","Mendoza","Mendoza","2026-05-26",\N,"1"
"889","889","C1","Mañana","B15","35","Inf3002","Ingeniería De Software I","45","15","15","3","Ana Paula","Martínez","Magíster En Matemática Aplicada","Adjunto","Simple","Ciencias Básicas","Facultad Regional Mendoza","Mendoza","Mendoza","2026-05-26",\N,"1"
"890","890","C2","Tarde","D09","45","Inf3002","Ingeniería De Software I","45","15","15","3","Sebastián Nicolás","Álvarez","Magíster En Gestión De Proyectos","Adjunto","Semi-Exclusiva","Ingeniería Industrial","Facultad Regional Mendoza","Mendoza","Mendoza","2026-05-26",\N,"1"
"891","891","C1","Noche","C06","45","Inf3003","Sistemas Operativos","30","15","30","3","Héctor Luis","González","Doctor En Física","Titular","Exclusiva","Ciencias Básicas","Facultad Regional Mendoza","Mendoza","Mendoza","2026-05-26",\N,"1"
"892","892","C2","Tarde","A10","60","Inf3003","Sistemas Operativos","30","15","30","3","Patricia Andrea","Ramírez","Doctora En Química","Titular","Exclusiva","Ingeniería Química","Facultad Regional Mendoza","Mendoza","Mendoza","2026-05-26",\N,"1"
"893","893","C2","Tarde","D17","45","Inf3003","Sistemas Operativos","30","15","30","3","Pilar Estela","Molina","Ingeniera Civil","Adjunto","Simple","Ingeniería Civil","Facultad Regional Mendoza","Mendoza","Mendoza","2026-05-26",\N,"1"
"894","894","C1","Noche","D13","45","Inf3005","Redes De Computadoras","30","15","30","3","Facundo Ezequiel","Jiménez","Magíster En Ciencias De La Computación","Adjunto","Semi-Exclusiva","Ingeniería En Sistemas De Información","Facultad Regional Mendoza","Mendoza","Mendoza","2026-05-26",\N,"1"
"895","895","C1","Tarde","D04","80","Inf3005","Redes De Computadoras","30","15","30","3","Gustavo Raúl","Medina","Doctor En Matemática","Titular","Exclusiva","Ciencias Básicas","Facultad Regional Mendoza","Mendoza","Mendoza","2026-05-26",\N,"1"
"896","896","C2","Noche","A12","35","Inf3005","Redes De Computadoras","30","15","30","3","Natalia Belén","Castro","Magíster En Telecomunicaciones","Adjunto","Semi-Exclusiva","Ingeniería Electrónica","Facultad Regional Mendoza","Mendoza","Mendoza","2026-05-26",\N,"1"
"897","897","C1","Noche","A12","45","Inf4001","Ingeniería De Software Ii","45","15","15","4","Susana Graciela","Ríos","Ingeniera Industrial","Adjunto","Simple","Ingeniería Industrial","Facultad Regional Mendoza","Mendoza","Mendoza","2026-05-26",\N,"1"
"898","898","C1","Noche","B06","60","Inf4001","Ingeniería De Software Ii","45","15","15","4","Rodrigo Matías","Campos","Ingeniero En Sistemas","Adjunto","Simple","Ingeniería En Sistemas De Información","Facultad Regional Mendoza","Mendoza","Mendoza","2026-05-26",\N,"1"
"899","899","C1","Noche","B19","45","Inf4002","Inteligencia Artificial","30","15","30","4","Marcelo Adrián","Gutiérrez","Magíster En Inteligencia Artificial","Adjunto","Semi-Exclusiva","Ingeniería En Sistemas De Información","Facultad Regional Mendoza","Mendoza","Mendoza","2026-05-26",\N,"1"
"900","900","C1","Noche","B10","35","Inf4002","Inteligencia Artificial","30","15","30","4","Eduardo Martín","Vargas","Ingeniero En Sistemas","Adjunto","Simple","Ingeniería En Sistemas De Información","Facultad Regional Mendoza","Mendoza","Mendoza","2026-05-26",\N,"1"
"901","901","C2","Tarde","A05","60","Inf4003","Gestión De Proyectos","45","15","0","4","Eduardo Martín","Vargas","Ingeniero En Sistemas","Adjunto","Simple","Ingeniería En Sistemas De Información","Facultad Regional Mendoza","Mendoza","Mendoza","2026-05-26",\N,"1"
"902","902","C1","Tarde","B13","60","Inf4003","Gestión De Proyectos","45","15","0","4","Sebastián Nicolás","Álvarez","Magíster En Gestión De Proyectos","Adjunto","Semi-Exclusiva","Ingeniería Industrial","Facultad Regional Mendoza","Mendoza","Mendoza","2026-05-26",\N,"1"
"903","903","C1","Noche","B11","30","Inf4004","Seguridad Informática","30","15","30","4","Susana Graciela","Ríos","Ingeniera Industrial","Adjunto","Simple","Ingeniería Industrial","Facultad Regional Mendoza","Mendoza","Mendoza","2026-05-26",\N,"1"
"904","904","C2","Noche","A08","45","Inf4004","Seguridad Informática","30","15","30","4","Patricia Andrea","Ramírez","Doctora En Química","Titular","Exclusiva","Ingeniería Química","Facultad Regional Mendoza","Mendoza","Mendoza","2026-05-26",\N,"1"
"905","905","C1","Noche","D20","50","Inf4004","Seguridad Informática","30","15","30","4","Sofía Valentina","Vega","Magíster En Ciencias De La Computación","Adjunto","Semi-Exclusiva","Ingeniería En Sistemas De Información","Facultad Regional Mendoza","Mendoza","Mendoza","2026-05-26",\N,"1"
"906","906","C1","Noche","B04","40","Inf4005","Diseño De Sistemas","45","15","15","4","Alejandra Cecilia","Romero","Doctora En Ingeniería Industrial","Asociado","Semi-Exclusiva","Ingeniería Industrial","Facultad Regional Mendoza","Mendoza","Mendoza","2026-05-26",\N,"1"
"907","907","C2","Tarde","C04","35","Inf4005","Diseño De Sistemas","45","15","15","4","Leandro Damián","Acosta","Doctor En Ingeniería Civil","Titular","Exclusiva","Ingeniería Civil","Facultad Regional Mendoza","Mendoza","Mendoza","2026-05-26",\N,"1"
"908","908","C1","Noche","B09","40","Inf4005","Diseño De Sistemas","45","15","15","4","Facundo Ezequiel","Jiménez","Magíster En Ciencias De La Computación","Adjunto","Semi-Exclusiva","Ingeniería En Sistemas De Información","Facultad Regional Mendoza","Mendoza","Mendoza","2026-05-26",\N,"1"
"909","909","C1","Mañana","B12","40","Inf5001","Proyecto Final","15","0","60","5","María Elena","Rodríguez","Doctora En Ciencias De La Computación","Titular","Exclusiva","Ingeniería En Sistemas De Información","Facultad Regional Mendoza","Mendoza","Mendoza","2026-05-26",\N,"1"
"910","910","C1","Noche","C06","50","Inf5001","Proyecto Final","15","0","60","5","Florencia Daniela","Cabrera","Doctora En Ingeniería","Asociado","Semi-Exclusiva","Ingeniería Civil","Facultad Regional Mendoza","Mendoza","Mendoza","2026-05-26",\N,"1"
"911","911","C1","Noche","L06","35","Qui2001","Química Orgánica","30","15","30","2","Alejandro José","Núñez","Ingeniero Electrónico","Adjunto","Simple","Ingeniería Electrónica","Facultad Regional Mendoza","Mendoza","Mendoza","2026-05-26",\N,"1"
"912","912","C2","Tarde","D17","40","Qui2001","Química Orgánica","30","15","30","2","Florencia Daniela","Cabrera","Doctora En Ingeniería","Asociado","Semi-Exclusiva","Ingeniería Civil","Facultad Regional Mendoza","Mendoza","Mendoza","2026-05-26",\N,"1"
"913","913","C1","Tarde","C13","50","Qui2001","Química Orgánica","30","15","30","2","Florencia Daniela","Cabrera","Doctora En Ingeniería","Asociado","Semi-Exclusiva","Ingeniería Civil","Facultad Regional Mendoza","Mendoza","Mendoza","2026-05-26",\N,"1"
"914","914","C2","Noche","B04","40","Qui2001","Química Orgánica","30","15","30","2","Ignacio Ramón","Ibáñez","Magíster En Seguridad Informática","Adjunto","Semi-Exclusiva","Ingeniería En Sistemas De Información","Facultad Regional Mendoza","Mendoza","Mendoza","2026-05-26",\N,"1"
"915","915","C1","Noche","A01","45","Qui3001","Química Industrial","30","15","45","3","Sofía Valentina","Vega","Magíster En Ciencias De La Computación","Adjunto","Semi-Exclusiva","Ingeniería En Sistemas De Información","Facultad Regional Mendoza","Mendoza","Mendoza","2026-05-26",\N,"1"
"916","916","C1","Mañana","L01","40","Qui3001","Química Industrial","30","15","45","3","Valeria Soledad","Herrera","Ingeniera Electrónica","Adjunto","Simple","Ingeniería Electrónica","Facultad Regional Mendoza","Mendoza","Mendoza","2026-05-26",\N,"1"
"917","917","C1","Tarde","B11","45","Mat1003","Matemática Discreta","45","30","0","1","Natalia Belén","Castro","Magíster En Telecomunicaciones","Adjunto","Semi-Exclusiva","Ingeniería Electrónica","Facultad Regional Mendoza","Mendoza","Mendoza","2026-05-26",\N,"1"
"918","918","C2","Tarde","D06","50","Mat1003","Matemática Discreta","45","30","0","1","Sebastián Nicolás","Álvarez","Magíster En Gestión De Proyectos","Adjunto","Semi-Exclusiva","Ingeniería Industrial","Facultad Regional Mendoza","Mendoza","Mendoza","2026-05-26",\N,"1"
"919","919","C1","Noche","D18","30","Mat1003","Matemática Discreta","45","30","0","1","Facundo Ezequiel","Jiménez","Magíster En Ciencias De La Computación","Adjunto","Semi-Exclusiva","Ingeniería En Sistemas De Información","Facultad Regional Mendoza","Mendoza","Mendoza","2026-05-26",\N,"1"
"920","920","C2","Tarde","D01","35","Mat1003","Matemática Discreta","45","30","0","1","Mariana Soledad","Pereira","Magíster En Matemática","Adjunto","Semi-Exclusiva","Ciencias Básicas","Facultad Regional Mendoza","Mendoza","Mendoza","2026-05-26",\N,"1"
"921","921","C1","Noche","D12","50","Inf4006","Aprendizaje Automático","30","15","30","4","Jorge Osvaldo","Sánchez","Magíster En Ingeniería Industrial","Titular","Semi-Exclusiva","Ingeniería Industrial","Facultad Regional Mendoza","Mendoza","Mendoza","2026-05-26",\N,"1"
"922","922","C1","Noche","D12","35","Inf4006","Aprendizaje Automático","30","15","30","4","Cristian Ariel","Ortega","Ingeniero Mecánico","Adjunto","Simple","Ingeniería Mecánica","Facultad Regional Mendoza","Mendoza","Mendoza","2026-05-26",\N,"1"
"923","923","C1","Noche","A09","50","Inf4007","Desarrollo De Aplicaciones Web","30","15","30","4","Patricia Andrea","Ramírez","Doctora En Química","Titular","Exclusiva","Ingeniería Química","Facultad Regional Mendoza","Mendoza","Mendoza","2026-05-26",\N,"1"
"924","924","C2","Tarde","L01","35","Inf4007","Desarrollo De Aplicaciones Web","30","15","30","4","Facundo Ezequiel","Jiménez","Magíster En Ciencias De La Computación","Adjunto","Semi-Exclusiva","Ingeniería En Sistemas De Información","Facultad Regional Mendoza","Mendoza","Mendoza","2026-05-26",\N,"1"
"925","925","C1","Mañana","C17","60","Mat1001","Análisis Matemático I","60","30","0","1","Susana Graciela","Ríos","Ingeniera Industrial","Adjunto","Simple","Ingeniería Industrial","Facultad Regional Mendoza","Mendoza","Mendoza","2026-05-26",\N,"1"
"926","926","C2","Tarde","L18","60","Mat1001","Análisis Matemático I","60","30","0","1","Cristian Ariel","Ortega","Ingeniero Mecánico","Adjunto","Simple","Ingeniería Mecánica","Facultad Regional Mendoza","Mendoza","Mendoza","2026-05-26",\N,"1"
"927","927","C1","Tarde","B14","35","Mat1001","Análisis Matemático I","60","30","0","1","María Elena","Rodríguez","Doctora En Ciencias De La Computación","Titular","Exclusiva","Ingeniería En Sistemas De Información","Facultad Regional Mendoza","Mendoza","Mendoza","2026-05-26",\N,"1"
"928","928","C2","Noche","D12","40","Mat1001","Análisis Matemático I","60","30","0","1","Mariela Noelia","Ponce","Doctora En Ciencias Básicas","Titular","Exclusiva","Ciencias Básicas","Facultad Regional Mendoza","Mendoza","Mendoza","2026-05-26",\N,"1"
"929","929","C1","Noche","D11","50","Mat1002","Álgebra Y Geometría Analítica","60","30","0","1","Diego Marcelo","Torres","Ingeniero Mecánico","Adjunto","Simple","Ingeniería Mecánica","Facultad Regional Mendoza","Mendoza","Mendoza","2026-05-26",\N,"1"
"930","930","C2","Noche","A01","35","Mat1002","Álgebra Y Geometría Analítica","60","30","0","1","Rodrigo Matías","Campos","Ingeniero En Sistemas","Adjunto","Simple","Ingeniería En Sistemas De Información","Facultad Regional Mendoza","Mendoza","Mendoza","2026-05-26",\N,"1"
"931","931","C1","Noche","L14","50","Mat1002","Álgebra Y Geometría Analítica","60","30","0","1","Ana Paula","Martínez","Magíster En Matemática Aplicada","Adjunto","Simple","Ciencias Básicas","Facultad Regional Mendoza","Mendoza","Mendoza","2026-05-26",\N,"1"
"932","932","C2","Tarde","D16","30","Mat1002","Álgebra Y Geometría Analítica","60","30","0","1","Patricia Andrea","Ramírez","Doctora En Química","Titular","Exclusiva","Ingeniería Química","Facultad Regional Mendoza","Mendoza","Mendoza","2026-05-26",\N,"1"
"933","933","C1","Tarde","L12","50","Fis1001","Física I","45","30","15","1","Leandro Damián","Acosta","Doctor En Ingeniería Civil","Titular","Exclusiva","Ingeniería Civil","Facultad Regional Mendoza","Mendoza","Mendoza","2026-05-26",\N,"1"
"934","934","C2","Tarde","C19","60","Fis1001","Física I","45","30","15","1","María Elena","Rodríguez","Doctora En Ciencias De La Computación","Titular","Exclusiva","Ingeniería En Sistemas De Información","Facultad Regional Mendoza","Mendoza","Mendoza","2026-05-26",\N,"1"
"935","935","C1","Tarde","D06","45","Fis1001","Física I","45","30","15","1","Ignacio Ramón","Ibáñez","Magíster En Seguridad Informática","Adjunto","Semi-Exclusiva","Ingeniería En Sistemas De Información","Facultad Regional Mendoza","Mendoza","Mendoza","2026-05-26",\N,"1"
"936","936","C2","Noche","D03","30","Fis1001","Física I","45","30","15","1","Gustavo Raúl","Medina","Doctor En Matemática","Titular","Exclusiva","Ciencias Básicas","Facultad Regional Mendoza","Mendoza","Mendoza","2026-05-26",\N,"1"
"937","937","C1","Noche","B17","60","Qui1001","Química General","30","15","30","1","Carolina Florencia","Díaz","Ingeniera Civil","Adjunto","Simple","Ingeniería Civil","Facultad Regional Mendoza","Mendoza","Mendoza","2026-05-26",\N,"1"
"938","938","C2","Tarde","C16","30","Qui1001","Química General","30","15","30","1","Diego Marcelo","Torres","Ingeniero Mecánico","Adjunto","Simple","Ingeniería Mecánica","Facultad Regional Mendoza","Mendoza","Mendoza","2026-05-26",\N,"1"
"939","939","C1","Tarde","B20","30","Qui1001","Química General","30","15","30","1","Verónica Adriana","Rojas","Doctora En Ciencias De La Computación","Titular","Exclusiva","Ingeniería En Sistemas De Información","Facultad Regional Mendoza","Mendoza","Mendoza","2026-05-26",\N,"1"
"940","940","C2","Noche","A02","80","Qui1001","Química General","30","15","30","1","Florencia Daniela","Cabrera","Doctora En Ingeniería","Asociado","Semi-Exclusiva","Ingeniería Civil","Facultad Regional Mendoza","Mendoza","Mendoza","2026-05-26",\N,"1"
"941","941","C1","Noche","L01","50","Mat2001","Análisis Matemático Ii","60","30","0","2","Verónica Adriana","Rojas","Doctora En Ciencias De La Computación","Titular","Exclusiva","Ingeniería En Sistemas De Información","Facultad Regional Mendoza","Mendoza","Mendoza","2026-05-26",\N,"1"
"942","942","C2","Noche","D15","80","Mat2001","Análisis Matemático Ii","60","30","0","2","Fernando Daniel","Reyes","Doctor En Física","Asociado","Semi-Exclusiva","Ciencias Básicas","Facultad Regional Mendoza","Mendoza","Mendoza","2026-05-26",\N,"1"
"943","943","C1","Tarde","D03","60","Mat2001","Análisis Matemático Ii","60","30","0","2","Eduardo Martín","Vargas","Ingeniero En Sistemas","Adjunto","Simple","Ingeniería En Sistemas De Información","Facultad Regional Mendoza","Mendoza","Mendoza","2026-05-26",\N,"1"
"944","944","C2","Mañana","L09","50","Mat2001","Análisis Matemático Ii","60","30","0","2","Mariela Noelia","Ponce","Doctora En Ciencias Básicas","Titular","Exclusiva","Ciencias Básicas","Facultad Regional Mendoza","Mendoza","Mendoza","2026-05-26",\N,"1"
"945","945","C1","Noche","D06","60","Mat2002","Probabilidad Y Estadística","45","30","0","2","Gustavo Raúl","Medina","Doctor En Matemática","Titular","Exclusiva","Ciencias Básicas","Facultad Regional Mendoza","Mendoza","Mendoza","2026-05-26",\N,"1"
"946","946","C2","Tarde","C19","35","Mat2002","Probabilidad Y Estadística","45","30","0","2","Mariana Soledad","Pereira","Magíster En Matemática","Adjunto","Semi-Exclusiva","Ciencias Básicas","Facultad Regional Mendoza","Mendoza","Mendoza","2026-05-26",\N,"1"
"947","947","C1","Mañana","C15","80","Mat2002","Probabilidad Y Estadística","45","30","0","2","Ana Paula","Martínez","Magíster En Matemática Aplicada","Adjunto","Simple","Ciencias Básicas","Facultad Regional Mendoza","Mendoza","Mendoza","2026-05-26",\N,"1"
"948","948","C2","Noche","L19","35","Mat2002","Probabilidad Y Estadística","45","30","0","2","Nicolás Emilio","Suárez","Magíster En Redes","Adjunto","Semi-Exclusiva","Ingeniería En Sistemas De Información","Facultad Regional Mendoza","Mendoza","Mendoza","2026-05-26",\N,"1"
"949","949","C1","Noche","L14","40","Mat3001","Análisis Matemático Iii","45","30","0","3","Verónica Adriana","Rojas","Doctora En Ciencias De La Computación","Titular","Exclusiva","Ingeniería En Sistemas De Información","Facultad Regional Mendoza","Mendoza","Mendoza","2026-05-26",\N,"1"
"950","950","C2","Noche","A13","35","Mat3001","Análisis Matemático Iii","45","30","0","3","Pablo Sebastián","Ruiz","Doctor En Ingeniería","Titular","Exclusiva","Ingeniería Civil","Facultad Regional Mendoza","Mendoza","Mendoza","2026-05-26",\N,"1"
"951","951","C2","Tarde","A01","35","Mat3001","Análisis Matemático Iii","45","30","0","3","María Elena","Rodríguez","Doctora En Ciencias De La Computación","Titular","Exclusiva","Ingeniería En Sistemas De Información","Facultad Regional Mendoza","Mendoza","Mendoza","2026-05-26",\N,"1"
"952","952","C1","Mañana","L15","35","Inf4003","Gestión De Proyectos","45","15","0","4","Facundo Ezequiel","Jiménez","Magíster En Ciencias De La Computación","Adjunto","Semi-Exclusiva","Ingeniería En Sistemas De Información","Facultad Regional Mendoza","Mendoza","Mendoza","2026-05-26",\N,"1"
"953","953","C1","Tarde","A20","40","Inf4003","Gestión De Proyectos","45","15","0","4","Luciana Paola","Moreno","Ingeniera Química","Adjunto","Simple","Ingeniería Química","Facultad Regional Mendoza","Mendoza","Mendoza","2026-05-26",\N,"1"
"954","954","C1","Mañana","L01","30","Adm1001","Administración General","60","15","0","1","Héctor Luis","González","Doctor En Física","Titular","Exclusiva","Ciencias Básicas","Facultad Regional Mendoza","Mendoza","Mendoza","2026-05-26",\N,"1"
"955","955","C2","Noche","C14","60","Adm1001","Administración General","60","15","0","1","Héctor Luis","González","Doctor En Física","Titular","Exclusiva","Ciencias Básicas","Facultad Regional Mendoza","Mendoza","Mendoza","2026-05-26",\N,"1"
"956","956","C1","Noche","B20","45","Adm1001","Administración General","60","15","0","1","Alejandra Cecilia","Romero","Doctora En Ingeniería Industrial","Asociado","Semi-Exclusiva","Ingeniería Industrial","Facultad Regional Mendoza","Mendoza","Mendoza","2026-05-26",\N,"1"
"957","957","C2","Noche","B07","45","Adm1001","Administración General","60","15","0","1","María Elena","Rodríguez","Doctora En Ciencias De La Computación","Titular","Exclusiva","Ingeniería En Sistemas De Información","Facultad Regional Mendoza","Mendoza","Mendoza","2026-05-26",\N,"1"
"958","958","C1","Noche","L07","35","Adm2001","Economía General","60","15","0","2","Eduardo Martín","Vargas","Ingeniero En Sistemas","Adjunto","Simple","Ingeniería En Sistemas De Información","Facultad Regional Mendoza","Mendoza","Mendoza","2026-05-26",\N,"1"
"959","959","C2","Noche","C12","80","Adm2001","Economía General","60","15","0","2","Sandra Mabel","Fuentes","Magíster En Sistemas Embebidos","Adjunto","Semi-Exclusiva","Ingeniería Electrónica","Facultad Regional Mendoza","Mendoza","Mendoza","2026-05-26",\N,"1"
"960","960","C1","Noche","L02","35","Adm2001","Economía General","60","15","0","2","Alejandro José","Núñez","Ingeniero Electrónico","Adjunto","Simple","Ingeniería Electrónica","Facultad Regional Mendoza","Mendoza","Mendoza","2026-05-26",\N,"1"
"961","961","C2","Noche","L10","80","Adm2001","Economía General","60","15","0","2","Héctor Luis","González","Doctor En Física","Titular","Exclusiva","Ciencias Básicas","Facultad Regional Mendoza","Mendoza","Mendoza","2026-05-26",\N,"1"
"962","962","C2","Mañana","A04","60","Adm3001","Contabilidad Y Costos","45","30","0","3","Luis Alberto","Vera","Ingeniero Industrial","Adjunto","Simple","Ingeniería Industrial","Facultad Regional Mendoza","Mendoza","Mendoza","2026-05-26",\N,"1"
"963","963","C1","Tarde","C05","50","Adm3001","Contabilidad Y Costos","45","30","0","3","Alejandra Cecilia","Romero","Doctora En Ingeniería Industrial","Asociado","Semi-Exclusiva","Ingeniería Industrial","Facultad Regional Mendoza","Mendoza","Mendoza","2026-05-26",\N,"1"
"964","964","C2","Noche","A03","40","Ind3001","Investigación Operativa","45","30","0","3","Mariana Soledad","Pereira","Magíster En Matemática","Adjunto","Semi-Exclusiva","Ciencias Básicas","Facultad Regional Mendoza","Mendoza","Mendoza","2026-05-26",\N,"1"
"965","965","C1","Mañana","A07","60","Ind3001","Investigación Operativa","45","30","0","3","Sandra Mabel","Fuentes","Magíster En Sistemas Embebidos","Adjunto","Semi-Exclusiva","Ingeniería Electrónica","Facultad Regional Mendoza","Mendoza","Mendoza","2026-05-26",\N,"1"
"966","966","C1","Mañana","D03","35","Ind4001","Logística Y Cadena De Suministro","45","15","0","4","Florencia Daniela","Cabrera","Doctora En Ingeniería","Asociado","Semi-Exclusiva","Ingeniería Civil","Facultad Regional Mendoza","Mendoza","Mendoza","2026-05-26",\N,"1"
"967","967","C2","Noche","D20","35","Ind4001","Logística Y Cadena De Suministro","45","15","0","4","Claudia Verónica","Morales","Ingeniera Industrial","Adjunto","Simple","Ingeniería Industrial","Facultad Regional Mendoza","Mendoza","Mendoza","2026-05-26",\N,"1"
"968","968","C1","Noche","B13","80","Ind4001","Logística Y Cadena De Suministro","45","15","0","4","Tomás Agustín","Domínguez","Magíster En Electrónica","Adjunto","Semi-Exclusiva","Ingeniería Electrónica","Facultad Regional Mendoza","Mendoza","Mendoza","2026-05-26",\N,"1"
"969","969","C2","Noche","B17","45","Ind4001","Logística Y Cadena De Suministro","45","15","0","4","Fernando Daniel","Reyes","Doctor En Física","Asociado","Semi-Exclusiva","Ciencias Básicas","Facultad Regional Mendoza","Mendoza","Mendoza","2026-05-26",\N,"1"
"970","970","C1","Noche","D01","80","Ind4002","Gestión De La Calidad","45","15","0","4","Alejandra Cecilia","Romero","Doctora En Ingeniería Industrial","Asociado","Semi-Exclusiva","Ingeniería Industrial","Facultad Regional Mendoza","Mendoza","Mendoza","2026-05-26",\N,"1"
"971","971","C2","Noche","C09","35","Ind4002","Gestión De La Calidad","45","15","0","4","Carolina Florencia","Díaz","Ingeniera Civil","Adjunto","Simple","Ingeniería Civil","Facultad Regional Mendoza","Mendoza","Mendoza","2026-05-26",\N,"1"
"972","972","C1","Noche","D14","60","Ind4002","Gestión De La Calidad","45","15","0","4","Mariela Noelia","Ponce","Doctora En Ciencias Básicas","Titular","Exclusiva","Ciencias Básicas","Facultad Regional Mendoza","Mendoza","Mendoza","2026-05-26",\N,"1"
"973","973","C1","Noche","D02","30","Mat1001","Análisis Matemático I","60","30","0","1","Alejandra Cecilia","Romero","Doctora En Ingeniería Industrial","Asociado","Semi-Exclusiva","Ingeniería Industrial","Facultad Regional Mendoza","Mendoza","Mendoza","2026-05-26",\N,"1"
"974","974","C2","Noche","C08","45","Mat1001","Análisis Matemático I","60","30","0","1","Natalia Belén","Castro","Magíster En Telecomunicaciones","Adjunto","Semi-Exclusiva","Ingeniería Electrónica","Facultad Regional Mendoza","Mendoza","Mendoza","2026-05-26",\N,"1"
"975","975","C1","Mañana","D14","60","Mat1001","Análisis Matemático I","60","30","0","1","Gabriela Inés","Flores","Magíster En Sistemas De Información","Asociado","Semi-Exclusiva","Ingeniería En Sistemas De Información","Facultad Regional Mendoza","Mendoza","Mendoza","2026-05-26",\N,"1"
"976","976","C2","Noche","B15","30","Mat1001","Análisis Matemático I","60","30","0","1","Ana Paula","Martínez","Magíster En Matemática Aplicada","Adjunto","Simple","Ciencias Básicas","Facultad Regional Mendoza","Mendoza","Mendoza","2026-05-26",\N,"1"
"977","977","C1","Noche","B01","60","Mat1002","Álgebra Y Geometría Analítica","60","30","0","1","Rodrigo Matías","Campos","Ingeniero En Sistemas","Adjunto","Simple","Ingeniería En Sistemas De Información","Facultad Regional Mendoza","Mendoza","Mendoza","2026-05-26",\N,"1"
"978","978","C2","Mañana","C01","80","Mat1002","Álgebra Y Geometría Analítica","60","30","0","1","Ana Paula","Martínez","Magíster En Matemática Aplicada","Adjunto","Simple","Ciencias Básicas","Facultad Regional Mendoza","Mendoza","Mendoza","2026-05-26",\N,"1"
"979","979","C1","Noche","D17","35","Mat1002","Álgebra Y Geometría Analítica","60","30","0","1","Jorge Osvaldo","Sánchez","Magíster En Ingeniería Industrial","Titular","Semi-Exclusiva","Ingeniería Industrial","Facultad Regional Mendoza","Mendoza","Mendoza","2026-05-26",\N,"1"
"980","980","C2","Noche","A16","35","Mat1002","Álgebra Y Geometría Analítica","60","30","0","1","Natalia Belén","Castro","Magíster En Telecomunicaciones","Adjunto","Semi-Exclusiva","Ingeniería Electrónica","Facultad Regional Mendoza","Mendoza","Mendoza","2026-05-26",\N,"1"
"981","981","C1","Tarde","D06","35","Fis1001","Física I","45","30","15","1","Diego Marcelo","Torres","Ingeniero Mecánico","Adjunto","Simple","Ingeniería Mecánica","Facultad Regional Mendoza","Mendoza","Mendoza","2026-05-26",\N,"1"
"982","982","C2","Noche","L16","30","Fis1001","Física I","45","30","15","1","Carlos Alberto","García","Ingeniero En Sistemas","Titular","Exclusiva","Ingeniería En Sistemas De Información","Facultad Regional Mendoza","Mendoza","Mendoza","2026-05-26",\N,"1"
"983","983","C1","Noche","D15","35","Fis1001","Física I","45","30","15","1","Mónica Patricia","Serrano","Doctora En Química Industrial","Asociado","Semi-Exclusiva","Ingeniería Química","Facultad Regional Mendoza","Mendoza","Mendoza","2026-05-26",\N,"1"
"984","984","C2","Noche","L08","40","Fis1001","Física I","45","30","15","1","Luciana Paola","Moreno","Ingeniera Química","Adjunto","Simple","Ingeniería Química","Facultad Regional Mendoza","Mendoza","Mendoza","2026-05-26",\N,"1"
"985","985","C1","Noche","D05","35","Qui1001","Química General","30","15","30","1","Pilar Estela","Molina","Ingeniera Civil","Adjunto","Simple","Ingeniería Civil","Facultad Regional Mendoza","Mendoza","Mendoza","2026-05-26",\N,"1"
"986","986","C2","Noche","C06","45","Qui1001","Química General","30","15","30","1","Gabriela Inés","Flores","Magíster En Sistemas De Información","Asociado","Semi-Exclusiva","Ingeniería En Sistemas De Información","Facultad Regional Mendoza","Mendoza","Mendoza","2026-05-26",\N,"1"
"987","987","C1","Noche","L20","60","Qui1001","Química General","30","15","30","1","Luis Alberto","Vera","Ingeniero Industrial","Adjunto","Simple","Ingeniería Industrial","Facultad Regional Mendoza","Mendoza","Mendoza","2026-05-26",\N,"1"
"988","988","C2","Noche","D04","40","Qui1001","Química General","30","15","30","1","Fernando Daniel","Reyes","Doctor En Física","Asociado","Semi-Exclusiva","Ciencias Básicas","Facultad Regional Mendoza","Mendoza","Mendoza","2026-05-26",\N,"1"
"989","989","C1","Tarde","C01","30","Mat2001","Análisis Matemático Ii","60","30","0","2","Sandra Mabel","Fuentes","Magíster En Sistemas Embebidos","Adjunto","Semi-Exclusiva","Ingeniería Electrónica","Facultad Regional Mendoza","Mendoza","Mendoza","2026-05-26",\N,"1"
"990","990","C2","Noche","D14","50","Mat2001","Análisis Matemático Ii","60","30","0","2","Tomás Agustín","Domínguez","Magíster En Electrónica","Adjunto","Semi-Exclusiva","Ingeniería Electrónica","Facultad Regional Mendoza","Mendoza","Mendoza","2026-05-26",\N,"1"
"991","991","C1","Tarde","C15","40","Mat2001","Análisis Matemático Ii","60","30","0","2","Claudia Verónica","Morales","Ingeniera Industrial","Adjunto","Simple","Ingeniería Industrial","Facultad Regional Mendoza","Mendoza","Mendoza","2026-05-26",\N,"1"
"992","992","C2","Noche","B03","45","Mat2001","Análisis Matemático Ii","60","30","0","2","Eduardo Martín","Vargas","Ingeniero En Sistemas","Adjunto","Simple","Ingeniería En Sistemas De Información","Facultad Regional Mendoza","Mendoza","Mendoza","2026-05-26",\N,"1"
"993","993","C1","Tarde","L20","30","Mat3001","Análisis Matemático Iii","45","30","0","3","Sofía Valentina","Vega","Magíster En Ciencias De La Computación","Adjunto","Semi-Exclusiva","Ingeniería En Sistemas De Información","Facultad Regional Mendoza","Mendoza","Mendoza","2026-05-26",\N,"1"
"994","994","C1","Noche","D09","45","Mat3001","Análisis Matemático Iii","45","30","0","3","Gabriela Inés","Flores","Magíster En Sistemas De Información","Asociado","Semi-Exclusiva","Ingeniería En Sistemas De Información","Facultad Regional Mendoza","Mendoza","Mendoza","2026-05-26",\N,"1"
"995","995","C2","Mañana","D17","45","Mat3001","Análisis Matemático Iii","45","30","0","3","María Elena","Rodríguez","Doctora En Ciencias De La Computación","Titular","Exclusiva","Ingeniería En Sistemas De Información","Facultad Regional Mendoza","Mendoza","Mendoza","2026-05-26",\N,"1"
"996","996","C2","Noche","A15","35","Inf3004","Paradigmas De Programación","45","15","15","3","Mónica Patricia","Serrano","Doctora En Química Industrial","Asociado","Semi-Exclusiva","Ingeniería Química","Facultad Regional Mendoza","Mendoza","Mendoza","2026-05-26",\N,"1"
"997","997","C1","Tarde","B12","40","Inf3004","Paradigmas De Programación","45","15","15","3","Mariela Noelia","Ponce","Doctora En Ciencias Básicas","Titular","Exclusiva","Ciencias Básicas","Facultad Regional Mendoza","Mendoza","Mendoza","2026-05-26",\N,"1"
"998","998","C2","Noche","L18","40","Inf3004","Paradigmas De Programación","45","15","15","3","Natalia Belén","Castro","Magíster En Telecomunicaciones","Adjunto","Semi-Exclusiva","Ingeniería Electrónica","Facultad Regional Mendoza","Mendoza","Mendoza","2026-05-26",\N,"1"
"999","999","C1","Tarde","B10","40","Mec1001","Mecánica Aplicada","45","30","15","1","Diego Marcelo","Torres","Ingeniero Mecánico","Adjunto","Simple","Ingeniería Mecánica","Facultad Regional Mendoza","Mendoza","Mendoza","2026-05-26",\N,"1"
"1000","1000","C2","Noche","A02","30","Mec1001","Mecánica Aplicada","45","30","15","1","Florencia Daniela","Cabrera","Doctora En Ingeniería","Asociado","Semi-Exclusiva","Ingeniería Civil","Facultad Regional Mendoza","Mendoza","Mendoza","2026-05-26",\N,"1"
"1001","1001","C1","Noche","B01","30","Mec1001","Mecánica Aplicada","45","30","15","1","Alejandra Cecilia","Romero","Doctora En Ingeniería Industrial","Asociado","Semi-Exclusiva","Ingeniería Industrial","Facultad Regional Mendoza","Mendoza","Mendoza","2026-05-26",\N,"1"
"1002","1002","C2","Noche","L06","50","Mec1001","Mecánica Aplicada","45","30","15","1","Verónica Adriana","Rojas","Doctora En Ciencias De La Computación","Titular","Exclusiva","Ingeniería En Sistemas De Información","Facultad Regional Mendoza","Mendoza","Mendoza","2026-05-26",\N,"1"
"1003","1003","C1","Mañana","D03","45","Mec2001","Resistencia De Materiales","45","30","15","2","Diego Marcelo","Torres","Ingeniero Mecánico","Adjunto","Simple","Ingeniería Mecánica","Facultad Regional Mendoza","Mendoza","Mendoza","2026-05-26",\N,"1"
"1004","1004","C2","Noche","B11","80","Mec2001","Resistencia De Materiales","45","30","15","2","Patricia Andrea","Ramírez","Doctora En Química","Titular","Exclusiva","Ingeniería Química","Facultad Regional Mendoza","Mendoza","Mendoza","2026-05-26",\N,"1"
"1005","1005","C1","Noche","D11","80","Mec2001","Resistencia De Materiales","45","30","15","2","Florencia Daniela","Cabrera","Doctora En Ingeniería","Asociado","Semi-Exclusiva","Ingeniería Civil","Facultad Regional Mendoza","Mendoza","Mendoza","2026-05-26",\N,"1"
"1006","1006","C2","Noche","D18","35","Mec2001","Resistencia De Materiales","45","30","15","2","Alejandro José","Núñez","Ingeniero Electrónico","Adjunto","Simple","Ingeniería Electrónica","Facultad Regional Mendoza","Mendoza","Mendoza","2026-05-26",\N,"1"
"1007","1007","C1","Mañana","L10","40","Civ1001","Topografía","30","15","30","1","Claudia Verónica","Morales","Ingeniera Industrial","Adjunto","Simple","Ingeniería Industrial","Facultad Regional Mendoza","Mendoza","Mendoza","2026-05-26",\N,"1"
"1008","1008","C2","Tarde","C02","30","Civ1001","Topografía","30","15","30","1","Mónica Patricia","Serrano","Doctora En Química Industrial","Asociado","Semi-Exclusiva","Ingeniería Química","Facultad Regional Mendoza","Mendoza","Mendoza","2026-05-26",\N,"1"
"1009","1009","C1","Mañana","B11","45","Civ1001","Topografía","30","15","30","1","Pablo Sebastián","Ruiz","Doctor En Ingeniería","Titular","Exclusiva","Ingeniería Civil","Facultad Regional Mendoza","Mendoza","Mendoza","2026-05-26",\N,"1"
"1010","1010","C2","Noche","B13","45","Civ1001","Topografía","30","15","30","1","Cristian Ariel","Ortega","Ingeniero Mecánico","Adjunto","Simple","Ingeniería Mecánica","Facultad Regional Mendoza","Mendoza","Mendoza","2026-05-26",\N,"1"
"1011","1011","C1","Noche","D13","45","Civ2001","Mecánica De Suelos","30","15","30","2","Rodrigo Matías","Campos","Ingeniero En Sistemas","Adjunto","Simple","Ingeniería En Sistemas De Información","Facultad Regional Mendoza","Mendoza","Mendoza","2026-05-26",\N,"1"
"1012","1012","C2","Noche","L10","30","Civ2001","Mecánica De Suelos","30","15","30","2","Pilar Estela","Molina","Ingeniera Civil","Adjunto","Simple","Ingeniería Civil","Facultad Regional Mendoza","Mendoza","Mendoza","2026-05-26",\N,"1"
"1013","1013","C1","Mañana","L08","80","Civ2001","Mecánica De Suelos","30","15","30","2","Héctor Luis","González","Doctor En Física","Titular","Exclusiva","Ciencias Básicas","Facultad Regional Mendoza","Mendoza","Mendoza","2026-05-26",\N,"1"
"1014","1014","C2","Tarde","D19","45","Civ2001","Mecánica De Suelos","30","15","30","2","Alejandra Cecilia","Romero","Doctora En Ingeniería Industrial","Asociado","Semi-Exclusiva","Ingeniería Industrial","Facultad Regional Mendoza","Mendoza","Mendoza","2026-05-26",\N,"1"
"1015","1015","C1","Noche","C05","45","Civ3001","Estructuras","45","30","15","3","Valeria Soledad","Herrera","Ingeniera Electrónica","Adjunto","Simple","Ingeniería Electrónica","Facultad Regional Mendoza","Mendoza","Mendoza","2026-05-26",\N,"1"
"1016","1016","C1","Noche","A10","30","Civ3001","Estructuras","45","30","15","3","Marcelo Adrián","Gutiérrez","Magíster En Inteligencia Artificial","Adjunto","Semi-Exclusiva","Ingeniería En Sistemas De Información","Facultad Regional Mendoza","Mendoza","Mendoza","2026-05-26",\N,"1"
"1017","1017","C2","Noche","C10","35","Civ4001","Hidráulica","30","15","30","4","Tomás Agustín","Domínguez","Magíster En Electrónica","Adjunto","Semi-Exclusiva","Ingeniería Electrónica","Facultad Regional Mendoza","Mendoza","Mendoza","2026-05-26",\N,"1"
"1018","1018","C2","Tarde","D18","50","Civ4001","Hidráulica","30","15","30","4","Rodrigo Matías","Campos","Ingeniero En Sistemas","Adjunto","Simple","Ingeniería En Sistemas De Información","Facultad Regional Mendoza","Mendoza","Mendoza","2026-05-26",\N,"1"
"1019","1019","C1","Noche","D19","60","Mat1001","Análisis Matemático I","60","30","0","1","Roberto Augusto","López","Ingeniero Civil","Asociado","Semi-Exclusiva","Ingeniería Civil","Facultad Regional Tucumán","San Miguel De Tucumán","Tucumán","2026-05-26",\N,"1"
"1020","1020","C2","Noche","B20","30","Mat1001","Análisis Matemático I","60","30","0","1","Gabriela Inés","Flores","Magíster En Sistemas De Información","Asociado","Semi-Exclusiva","Ingeniería En Sistemas De Información","Facultad Regional Tucumán","San Miguel De Tucumán","Tucumán","2026-05-26",\N,"1"
"1021","1021","C1","Tarde","B04","30","Mat1001","Análisis Matemático I","60","30","0","1","Gustavo Raúl","Medina","Doctor En Matemática","Titular","Exclusiva","Ciencias Básicas","Facultad Regional Tucumán","San Miguel De Tucumán","Tucumán","2026-05-26",\N,"1"
"1022","1022","C2","Noche","D05","35","Mat1001","Análisis Matemático I","60","30","0","1","Alejandro José","Núñez","Ingeniero Electrónico","Adjunto","Simple","Ingeniería Electrónica","Facultad Regional Tucumán","San Miguel De Tucumán","Tucumán","2026-05-26",\N,"1"
"1023","1023","C1","Tarde","B07","45","Mat1002","Álgebra Y Geometría Analítica","60","30","0","1","Alejandro José","Núñez","Ingeniero Electrónico","Adjunto","Simple","Ingeniería Electrónica","Facultad Regional Tucumán","San Miguel De Tucumán","Tucumán","2026-05-26",\N,"1"
"1024","1024","C2","Mañana","D02","80","Mat1002","Álgebra Y Geometría Analítica","60","30","0","1","Mariela Noelia","Ponce","Doctora En Ciencias Básicas","Titular","Exclusiva","Ciencias Básicas","Facultad Regional Tucumán","San Miguel De Tucumán","Tucumán","2026-05-26",\N,"1"
"1025","1025","C1","Tarde","A03","45","Mat1002","Álgebra Y Geometría Analítica","60","30","0","1","Roberto Augusto","López","Ingeniero Civil","Asociado","Semi-Exclusiva","Ingeniería Civil","Facultad Regional Tucumán","San Miguel De Tucumán","Tucumán","2026-05-26",\N,"1"
"1026","1026","C2","Noche","L09","45","Mat1002","Álgebra Y Geometría Analítica","60","30","0","1","Fernando Daniel","Reyes","Doctor En Física","Asociado","Semi-Exclusiva","Ciencias Básicas","Facultad Regional Tucumán","San Miguel De Tucumán","Tucumán","2026-05-26",\N,"1"
"1027","1027","C1","Noche","B20","80","Fis1001","Física I","45","30","15","1","Florencia Daniela","Cabrera","Doctora En Ingeniería","Asociado","Semi-Exclusiva","Ingeniería Civil","Facultad Regional Tucumán","San Miguel De Tucumán","Tucumán","2026-05-26",\N,"1"
"1028","1028","C2","Noche","B12","60","Fis1001","Física I","45","30","15","1","Alejandro José","Núñez","Ingeniero Electrónico","Adjunto","Simple","Ingeniería Electrónica","Facultad Regional Tucumán","San Miguel De Tucumán","Tucumán","2026-05-26",\N,"1"
"1029","1029","C1","Noche","A20","80","Fis1001","Física I","45","30","15","1","Alejandro José","Núñez","Ingeniero Electrónico","Adjunto","Simple","Ingeniería Electrónica","Facultad Regional Tucumán","San Miguel De Tucumán","Tucumán","2026-05-26",\N,"1"
"1030","1030","C2","Noche","L17","45","Fis1001","Física I","45","30","15","1","Jorge Osvaldo","Sánchez","Magíster En Ingeniería Industrial","Titular","Semi-Exclusiva","Ingeniería Industrial","Facultad Regional Tucumán","San Miguel De Tucumán","Tucumán","2026-05-26",\N,"1"
"1031","1031","C1","Noche","B10","60","Qui1001","Química General","30","15","30","1","Cristian Ariel","Ortega","Ingeniero Mecánico","Adjunto","Simple","Ingeniería Mecánica","Facultad Regional Tucumán","San Miguel De Tucumán","Tucumán","2026-05-26",\N,"1"
"1032","1032","C2","Noche","B18","40","Qui1001","Química General","30","15","30","1","Ignacio Ramón","Ibáñez","Magíster En Seguridad Informática","Adjunto","Semi-Exclusiva","Ingeniería En Sistemas De Información","Facultad Regional Tucumán","San Miguel De Tucumán","Tucumán","2026-05-26",\N,"1"
"1033","1033","C1","Tarde","L06","35","Qui1001","Química General","30","15","30","1","Tomás Agustín","Domínguez","Magíster En Electrónica","Adjunto","Semi-Exclusiva","Ingeniería Electrónica","Facultad Regional Tucumán","San Miguel De Tucumán","Tucumán","2026-05-26",\N,"1"
"1034","1034","C2","Noche","L12","45","Qui1001","Química General","30","15","30","1","Mariana Soledad","Pereira","Magíster En Matemática","Adjunto","Semi-Exclusiva","Ciencias Básicas","Facultad Regional Tucumán","San Miguel De Tucumán","Tucumán","2026-05-26",\N,"1"
"1035","1035","C1","Tarde","A20","40","Inf1001","Algoritmos Y Estructuras De Datos","30","15","30","1","Ana Paula","Martínez","Magíster En Matemática Aplicada","Adjunto","Simple","Ciencias Básicas","Facultad Regional Tucumán","San Miguel De Tucumán","Tucumán","2026-05-26",\N,"1"
"1036","1036","C2","Noche","D15","35","Inf1001","Algoritmos Y Estructuras De Datos","30","15","30","1","Luis Alberto","Vera","Ingeniero Industrial","Adjunto","Simple","Ingeniería Industrial","Facultad Regional Tucumán","San Miguel De Tucumán","Tucumán","2026-05-26",\N,"1"
"1037","1037","C1","Noche","C18","30","Inf1001","Algoritmos Y Estructuras De Datos","30","15","30","1","Héctor Luis","González","Doctor En Física","Titular","Exclusiva","Ciencias Básicas","Facultad Regional Tucumán","San Miguel De Tucumán","Tucumán","2026-05-26",\N,"1"
"1038","1038","C2","Noche","C04","45","Inf1001","Algoritmos Y Estructuras De Datos","30","15","30","1","Carolina Florencia","Díaz","Ingeniera Civil","Adjunto","Simple","Ingeniería Civil","Facultad Regional Tucumán","San Miguel De Tucumán","Tucumán","2026-05-26",\N,"1"
"1039","1039","C1","Noche","A03","45","Mat2001","Análisis Matemático Ii","60","30","0","2","Gabriela Inés","Flores","Magíster En Sistemas De Información","Asociado","Semi-Exclusiva","Ingeniería En Sistemas De Información","Facultad Regional Tucumán","San Miguel De Tucumán","Tucumán","2026-05-26",\N,"1"
"1040","1040","C2","Tarde","B08","45","Mat2001","Análisis Matemático Ii","60","30","0","2","Héctor Luis","González","Doctor En Física","Titular","Exclusiva","Ciencias Básicas","Facultad Regional Tucumán","San Miguel De Tucumán","Tucumán","2026-05-26",\N,"1"
"1041","1041","C1","Noche","B10","45","Mat2001","Análisis Matemático Ii","60","30","0","2","Diego Marcelo","Torres","Ingeniero Mecánico","Adjunto","Simple","Ingeniería Mecánica","Facultad Regional Tucumán","San Miguel De Tucumán","Tucumán","2026-05-26",\N,"1"
"1042","1042","C2","Noche","A05","60","Mat2001","Análisis Matemático Ii","60","30","0","2","Mariela Noelia","Ponce","Doctora En Ciencias Básicas","Titular","Exclusiva","Ciencias Básicas","Facultad Regional Tucumán","San Miguel De Tucumán","Tucumán","2026-05-26",\N,"1"
"1043","1043","C1","Noche","C03","50","Fis2001","Física Ii","45","30","15","2","Patricia Andrea","Ramírez","Doctora En Química","Titular","Exclusiva","Ingeniería Química","Facultad Regional Tucumán","San Miguel De Tucumán","Tucumán","2026-05-26",\N,"1"
"1044","1044","C2","Noche","D13","40","Fis2001","Física Ii","45","30","15","2","Valeria Soledad","Herrera","Ingeniera Electrónica","Adjunto","Simple","Ingeniería Electrónica","Facultad Regional Tucumán","San Miguel De Tucumán","Tucumán","2026-05-26",\N,"1"
"1045","1045","C1","Mañana","D07","50","Fis2001","Física Ii","45","30","15","2","Claudia Verónica","Morales","Ingeniera Industrial","Adjunto","Simple","Ingeniería Industrial","Facultad Regional Tucumán","San Miguel De Tucumán","Tucumán","2026-05-26",\N,"1"
"1046","1046","C2","Noche","D10","45","Fis2001","Física Ii","45","30","15","2","Ignacio Ramón","Ibáñez","Magíster En Seguridad Informática","Adjunto","Semi-Exclusiva","Ingeniería En Sistemas De Información","Facultad Regional Tucumán","San Miguel De Tucumán","Tucumán","2026-05-26",\N,"1"
"1047","1047","C1","Noche","A02","30","Inf2001","Programación Orientada A Objetos","30","15","30","2","Natalia Belén","Castro","Magíster En Telecomunicaciones","Adjunto","Semi-Exclusiva","Ingeniería Electrónica","Facultad Regional Tucumán","San Miguel De Tucumán","Tucumán","2026-05-26",\N,"1"
"1048","1048","C2","Tarde","C12","40","Inf2001","Programación Orientada A Objetos","30","15","30","2","Patricia Andrea","Ramírez","Doctora En Química","Titular","Exclusiva","Ingeniería Química","Facultad Regional Tucumán","San Miguel De Tucumán","Tucumán","2026-05-26",\N,"1"
"1049","1049","C1","Mañana","B06","80","Inf2001","Programación Orientada A Objetos","30","15","30","2","Fernando Daniel","Reyes","Doctor En Física","Asociado","Semi-Exclusiva","Ciencias Básicas","Facultad Regional Tucumán","San Miguel De Tucumán","Tucumán","2026-05-26",\N,"1"
"1050","1050","C2","Mañana","C05","50","Inf2001","Programación Orientada A Objetos","30","15","30","2","Claudia Verónica","Morales","Ingeniera Industrial","Adjunto","Simple","Ingeniería Industrial","Facultad Regional Tucumán","San Miguel De Tucumán","Tucumán","2026-05-26",\N,"1"
"1051","1051","C1","Noche","D13","45","Inf2002","Arquitectura De Computadoras","45","15","15","2","Pilar Estela","Molina","Ingeniera Civil","Adjunto","Simple","Ingeniería Civil","Facultad Regional Tucumán","San Miguel De Tucumán","Tucumán","2026-05-26",\N,"1"
"1052","1052","C2","Noche","L11","40","Inf2002","Arquitectura De Computadoras","45","15","15","2","Fernando Daniel","Reyes","Doctor En Física","Asociado","Semi-Exclusiva","Ciencias Básicas","Facultad Regional Tucumán","San Miguel De Tucumán","Tucumán","2026-05-26",\N,"1"
"1053","1053","C1","Noche","D11","50","Inf2002","Arquitectura De Computadoras","45","15","15","2","Alejandra Cecilia","Romero","Doctora En Ingeniería Industrial","Asociado","Semi-Exclusiva","Ingeniería Industrial","Facultad Regional Tucumán","San Miguel De Tucumán","Tucumán","2026-05-26",\N,"1"
"1054","1054","C2","Noche","D10","80","Inf2002","Arquitectura De Computadoras","45","15","15","2","Mariela Noelia","Ponce","Doctora En Ciencias Básicas","Titular","Exclusiva","Ciencias Básicas","Facultad Regional Tucumán","San Miguel De Tucumán","Tucumán","2026-05-26",\N,"1"
"1055","1055","C1","Noche","L07","40","Mat3001","Análisis Matemático Iii","45","30","0","3","Tomás Agustín","Domínguez","Magíster En Electrónica","Adjunto","Semi-Exclusiva","Ingeniería Electrónica","Facultad Regional Tucumán","San Miguel De Tucumán","Tucumán","2026-05-26",\N,"1"
"1056","1056","C1","Noche","D09","45","Mat3001","Análisis Matemático Iii","45","30","0","3","Roberto Augusto","López","Ingeniero Civil","Asociado","Semi-Exclusiva","Ingeniería Civil","Facultad Regional Tucumán","San Miguel De Tucumán","Tucumán","2026-05-26",\N,"1"
"1057","1057","C1","Mañana","A12","60","Inf3001","Base De Datos","30","15","30","3","Patricia Andrea","Ramírez","Doctora En Química","Titular","Exclusiva","Ingeniería Química","Facultad Regional Tucumán","San Miguel De Tucumán","Tucumán","2026-05-26",\N,"1"
"1058","1058","C2","Tarde","B11","35","Inf3001","Base De Datos","30","15","30","3","Tomás Agustín","Domínguez","Magíster En Electrónica","Adjunto","Semi-Exclusiva","Ingeniería Electrónica","Facultad Regional Tucumán","San Miguel De Tucumán","Tucumán","2026-05-26",\N,"1"
"1059","1059","C2","Noche","D15","40","Inf3002","Ingeniería De Software I","45","15","15","3","Gustavo Raúl","Medina","Doctor En Matemática","Titular","Exclusiva","Ciencias Básicas","Facultad Regional Tucumán","San Miguel De Tucumán","Tucumán","2026-05-26",\N,"1"
"1060","1060","C1","Mañana","C17","30","Inf3002","Ingeniería De Software I","45","15","15","3","Natalia Belén","Castro","Magíster En Telecomunicaciones","Adjunto","Semi-Exclusiva","Ingeniería Electrónica","Facultad Regional Tucumán","San Miguel De Tucumán","Tucumán","2026-05-26",\N,"1"
"1061","1061","C2","Noche","L20","40","Inf3002","Ingeniería De Software I","45","15","15","3","Carlos Alberto","García","Ingeniero En Sistemas","Titular","Exclusiva","Ingeniería En Sistemas De Información","Facultad Regional Tucumán","San Miguel De Tucumán","Tucumán","2026-05-26",\N,"1"
"1062","1062","C1","Noche","A09","50","Inf3003","Sistemas Operativos","30","15","30","3","Eduardo Martín","Vargas","Ingeniero En Sistemas","Adjunto","Simple","Ingeniería En Sistemas De Información","Facultad Regional Tucumán","San Miguel De Tucumán","Tucumán","2026-05-26",\N,"1"
"1063","1063","C1","Noche","A13","35","Inf3003","Sistemas Operativos","30","15","30","3","Luciana Paola","Moreno","Ingeniera Química","Adjunto","Simple","Ingeniería Química","Facultad Regional Tucumán","San Miguel De Tucumán","Tucumán","2026-05-26",\N,"1"
"1064","1064","C1","Mañana","A13","45","Inf3005","Redes De Computadoras","30","15","30","3","Alejandro José","Núñez","Ingeniero Electrónico","Adjunto","Simple","Ingeniería Electrónica","Facultad Regional Tucumán","San Miguel De Tucumán","Tucumán","2026-05-26",\N,"1"
"1065","1065","C2","Noche","C04","35","Inf3005","Redes De Computadoras","30","15","30","3","Diego Marcelo","Torres","Ingeniero Mecánico","Adjunto","Simple","Ingeniería Mecánica","Facultad Regional Tucumán","San Miguel De Tucumán","Tucumán","2026-05-26",\N,"1"
"1066","1066","C2","Noche","L02","40","Inf3005","Redes De Computadoras","30","15","30","3","Eduardo Martín","Vargas","Ingeniero En Sistemas","Adjunto","Simple","Ingeniería En Sistemas De Información","Facultad Regional Tucumán","San Miguel De Tucumán","Tucumán","2026-05-26",\N,"1"
"1067","1067","C2","Noche","C02","35","Inf4001","Ingeniería De Software Ii","45","15","15","4","Pilar Estela","Molina","Ingeniera Civil","Adjunto","Simple","Ingeniería Civil","Facultad Regional Tucumán","San Miguel De Tucumán","Tucumán","2026-05-26",\N,"1"
"1068","1068","C2","Tarde","L06","40","Inf4001","Ingeniería De Software Ii","45","15","15","4","Facundo Ezequiel","Jiménez","Magíster En Ciencias De La Computación","Adjunto","Semi-Exclusiva","Ingeniería En Sistemas De Información","Facultad Regional Tucumán","San Miguel De Tucumán","Tucumán","2026-05-26",\N,"1"
"1069","1069","C1","Noche","C12","35","Inf4002","Inteligencia Artificial","30","15","30","4","Gustavo Raúl","Medina","Doctor En Matemática","Titular","Exclusiva","Ciencias Básicas","Facultad Regional Tucumán","San Miguel De Tucumán","Tucumán","2026-05-26",\N,"1"
"1070","1070","C2","Noche","C08","60","Inf4002","Inteligencia Artificial","30","15","30","4","Sofía Valentina","Vega","Magíster En Ciencias De La Computación","Adjunto","Semi-Exclusiva","Ingeniería En Sistemas De Información","Facultad Regional Tucumán","San Miguel De Tucumán","Tucumán","2026-05-26",\N,"1"
"1071","1071","C1","Noche","C03","35","Inf4003","Gestión De Proyectos","45","15","0","4","Ignacio Ramón","Ibáñez","Magíster En Seguridad Informática","Adjunto","Semi-Exclusiva","Ingeniería En Sistemas De Información","Facultad Regional Tucumán","San Miguel De Tucumán","Tucumán","2026-05-26",\N,"1"
"1072","1072","C1","Noche","L17","60","Inf4003","Gestión De Proyectos","45","15","0","4","Valeria Soledad","Herrera","Ingeniera Electrónica","Adjunto","Simple","Ingeniería Electrónica","Facultad Regional Tucumán","San Miguel De Tucumán","Tucumán","2026-05-26",\N,"1"
"1073","1073","C2","Noche","B06","60","Inf4003","Gestión De Proyectos","45","15","0","4","Tomás Agustín","Domínguez","Magíster En Electrónica","Adjunto","Semi-Exclusiva","Ingeniería Electrónica","Facultad Regional Tucumán","San Miguel De Tucumán","Tucumán","2026-05-26",\N,"1"
"1074","1074","C1","Noche","B18","40","Inf4004","Seguridad Informática","30","15","30","4","Rodrigo Matías","Campos","Ingeniero En Sistemas","Adjunto","Simple","Ingeniería En Sistemas De Información","Facultad Regional Tucumán","San Miguel De Tucumán","Tucumán","2026-05-26",\N,"1"
"1075","1075","C1","Mañana","A07","60","Inf4004","Seguridad Informática","30","15","30","4","Luciana Paola","Moreno","Ingeniera Química","Adjunto","Simple","Ingeniería Química","Facultad Regional Tucumán","San Miguel De Tucumán","Tucumán","2026-05-26",\N,"1"
"1076","1076","C2","Tarde","L20","40","Inf4004","Seguridad Informática","30","15","30","4","Nicolás Emilio","Suárez","Magíster En Redes","Adjunto","Semi-Exclusiva","Ingeniería En Sistemas De Información","Facultad Regional Tucumán","San Miguel De Tucumán","Tucumán","2026-05-26",\N,"1"
"1077","1077","C2","Noche","B11","60","Inf4005","Diseño De Sistemas","45","15","15","4","Rodrigo Matías","Campos","Ingeniero En Sistemas","Adjunto","Simple","Ingeniería En Sistemas De Información","Facultad Regional Tucumán","San Miguel De Tucumán","Tucumán","2026-05-26",\N,"1"
"1078","1078","C1","Tarde","B05","50","Inf4005","Diseño De Sistemas","45","15","15","4","Claudia Verónica","Morales","Ingeniera Industrial","Adjunto","Simple","Ingeniería Industrial","Facultad Regional Tucumán","San Miguel De Tucumán","Tucumán","2026-05-26",\N,"1"
"1079","1079","C2","Noche","A18","30","Inf5001","Proyecto Final","15","0","60","5","Pilar Estela","Molina","Ingeniera Civil","Adjunto","Simple","Ingeniería Civil","Facultad Regional Tucumán","San Miguel De Tucumán","Tucumán","2026-05-26",\N,"1"
"1080","1080","C1","Tarde","A04","40","Inf5001","Proyecto Final","15","0","60","5","María Elena","Rodríguez","Doctora En Ciencias De La Computación","Titular","Exclusiva","Ingeniería En Sistemas De Información","Facultad Regional Tucumán","San Miguel De Tucumán","Tucumán","2026-05-26",\N,"1"
"1081","1081","C2","Noche","A17","80","Inf4006","Aprendizaje Automático","30","15","30","4","Mariela Noelia","Ponce","Doctora En Ciencias Básicas","Titular","Exclusiva","Ciencias Básicas","Facultad Regional Tucumán","San Miguel De Tucumán","Tucumán","2026-05-26",\N,"1"
"1082","1082","C1","Noche","B06","50","Inf4006","Aprendizaje Automático","30","15","30","4","Claudia Verónica","Morales","Ingeniera Industrial","Adjunto","Simple","Ingeniería Industrial","Facultad Regional Tucumán","San Miguel De Tucumán","Tucumán","2026-05-26",\N,"1"
"1083","1083","C1","Tarde","B04","40","Inf4007","Desarrollo De Aplicaciones Web","30","15","30","4","Sofía Valentina","Vega","Magíster En Ciencias De La Computación","Adjunto","Semi-Exclusiva","Ingeniería En Sistemas De Información","Facultad Regional Tucumán","San Miguel De Tucumán","Tucumán","2026-05-26",\N,"1"
"1084","1084","C2","Noche","L14","40","Inf4007","Desarrollo De Aplicaciones Web","30","15","30","4","Sebastián Nicolás","Álvarez","Magíster En Gestión De Proyectos","Adjunto","Semi-Exclusiva","Ingeniería Industrial","Facultad Regional Tucumán","San Miguel De Tucumán","Tucumán","2026-05-26",\N,"1"
"1085","1085","C1","Mañana","B02","80","Mat1001","Análisis Matemático I","60","30","0","1","Carlos Alberto","García","Ingeniero En Sistemas","Titular","Exclusiva","Ingeniería En Sistemas De Información","Facultad Regional Tucumán","San Miguel De Tucumán","Tucumán","2026-05-26",\N,"1"
"1086","1086","C2","Noche","L06","40","Mat1001","Análisis Matemático I","60","30","0","1","Luis Alberto","Vera","Ingeniero Industrial","Adjunto","Simple","Ingeniería Industrial","Facultad Regional Tucumán","San Miguel De Tucumán","Tucumán","2026-05-26",\N,"1"
"1087","1087","C1","Tarde","C13","80","Mat1001","Análisis Matemático I","60","30","0","1","Carlos Alberto","García","Ingeniero En Sistemas","Titular","Exclusiva","Ingeniería En Sistemas De Información","Facultad Regional Tucumán","San Miguel De Tucumán","Tucumán","2026-05-26",\N,"1"
"1088","1088","C2","Noche","A11","80","Mat1001","Análisis Matemático I","60","30","0","1","Fernando Daniel","Reyes","Doctor En Física","Asociado","Semi-Exclusiva","Ciencias Básicas","Facultad Regional Tucumán","San Miguel De Tucumán","Tucumán","2026-05-26",\N,"1"
"1089","1089","C1","Noche","B02","80","Mat1002","Álgebra Y Geometría Analítica","60","30","0","1","Eduardo Martín","Vargas","Ingeniero En Sistemas","Adjunto","Simple","Ingeniería En Sistemas De Información","Facultad Regional Tucumán","San Miguel De Tucumán","Tucumán","2026-05-26",\N,"1"
"1090","1090","C2","Noche","D15","60","Mat1002","Álgebra Y Geometría Analítica","60","30","0","1","Mariana Soledad","Pereira","Magíster En Matemática","Adjunto","Semi-Exclusiva","Ciencias Básicas","Facultad Regional Tucumán","San Miguel De Tucumán","Tucumán","2026-05-26",\N,"1"
"1091","1091","C1","Noche","C08","40","Mat1002","Álgebra Y Geometría Analítica","60","30","0","1","Mariela Noelia","Ponce","Doctora En Ciencias Básicas","Titular","Exclusiva","Ciencias Básicas","Facultad Regional Tucumán","San Miguel De Tucumán","Tucumán","2026-05-26",\N,"1"
"1092","1092","C2","Noche","L05","60","Mat1002","Álgebra Y Geometría Analítica","60","30","0","1","Nicolás Emilio","Suárez","Magíster En Redes","Adjunto","Semi-Exclusiva","Ingeniería En Sistemas De Información","Facultad Regional Tucumán","San Miguel De Tucumán","Tucumán","2026-05-26",\N,"1"
"1093","1093","C1","Noche","B07","50","Fis1001","Física I","45","30","15","1","Florencia Daniela","Cabrera","Doctora En Ingeniería","Asociado","Semi-Exclusiva","Ingeniería Civil","Facultad Regional Tucumán","San Miguel De Tucumán","Tucumán","2026-05-26",\N,"1"
"1094","1094","C2","Noche","B19","30","Fis1001","Física I","45","30","15","1","Alejandra Cecilia","Romero","Doctora En Ingeniería Industrial","Asociado","Semi-Exclusiva","Ingeniería Industrial","Facultad Regional Tucumán","San Miguel De Tucumán","Tucumán","2026-05-26",\N,"1"
"1095","1095","C1","Mañana","C08","60","Fis1001","Física I","45","30","15","1","Héctor Luis","González","Doctor En Física","Titular","Exclusiva","Ciencias Básicas","Facultad Regional Tucumán","San Miguel De Tucumán","Tucumán","2026-05-26",\N,"1"
"1096","1096","C2","Mañana","A13","35","Fis1001","Física I","45","30","15","1","Diego Marcelo","Torres","Ingeniero Mecánico","Adjunto","Simple","Ingeniería Mecánica","Facultad Regional Tucumán","San Miguel De Tucumán","Tucumán","2026-05-26",\N,"1"
"1097","1097","C1","Noche","D02","30","Qui1001","Química General","30","15","30","1","Jorge Osvaldo","Sánchez","Magíster En Ingeniería Industrial","Titular","Semi-Exclusiva","Ingeniería Industrial","Facultad Regional Tucumán","San Miguel De Tucumán","Tucumán","2026-05-26",\N,"1"
"1098","1098","C2","Noche","C07","50","Qui1001","Química General","30","15","30","1","Sebastián Nicolás","Álvarez","Magíster En Gestión De Proyectos","Adjunto","Semi-Exclusiva","Ingeniería Industrial","Facultad Regional Tucumán","San Miguel De Tucumán","Tucumán","2026-05-26",\N,"1"
"1099","1099","C1","Tarde","A15","50","Qui1001","Química General","30","15","30","1","Patricia Andrea","Ramírez","Doctora En Química","Titular","Exclusiva","Ingeniería Química","Facultad Regional Tucumán","San Miguel De Tucumán","Tucumán","2026-05-26",\N,"1"
"1100","1100","C2","Noche","B10","80","Qui1001","Química General","30","15","30","1","Fernando Daniel","Reyes","Doctor En Física","Asociado","Semi-Exclusiva","Ciencias Básicas","Facultad Regional Tucumán","San Miguel De Tucumán","Tucumán","2026-05-26",\N,"1"
"1101","1101","C1","Tarde","C14","30","Mat2001","Análisis Matemático Ii","60","30","0","2","Eduardo Martín","Vargas","Ingeniero En Sistemas","Adjunto","Simple","Ingeniería En Sistemas De Información","Facultad Regional Tucumán","San Miguel De Tucumán","Tucumán","2026-05-26",\N,"1"
"1102","1102","C2","Noche","D14","80","Mat2001","Análisis Matemático Ii","60","30","0","2","Eduardo Martín","Vargas","Ingeniero En Sistemas","Adjunto","Simple","Ingeniería En Sistemas De Información","Facultad Regional Tucumán","San Miguel De Tucumán","Tucumán","2026-05-26",\N,"1"
"1103","1103","C1","Mañana","C02","40","Mat2001","Análisis Matemático Ii","60","30","0","2","Gustavo Raúl","Medina","Doctor En Matemática","Titular","Exclusiva","Ciencias Básicas","Facultad Regional Tucumán","San Miguel De Tucumán","Tucumán","2026-05-26",\N,"1"
"1104","1104","C2","Noche","D18","80","Mat2001","Análisis Matemático Ii","60","30","0","2","Verónica Adriana","Rojas","Doctora En Ciencias De La Computación","Titular","Exclusiva","Ingeniería En Sistemas De Información","Facultad Regional Tucumán","San Miguel De Tucumán","Tucumán","2026-05-26",\N,"1"
"1105","1105","C1","Noche","C04","35","Mat2002","Probabilidad Y Estadística","45","30","0","2","Gabriela Inés","Flores","Magíster En Sistemas De Información","Asociado","Semi-Exclusiva","Ingeniería En Sistemas De Información","Facultad Regional Tucumán","San Miguel De Tucumán","Tucumán","2026-05-26",\N,"1"
"1106","1106","C2","Mañana","B18","45","Mat2002","Probabilidad Y Estadística","45","30","0","2","Sebastián Nicolás","Álvarez","Magíster En Gestión De Proyectos","Adjunto","Semi-Exclusiva","Ingeniería Industrial","Facultad Regional Tucumán","San Miguel De Tucumán","Tucumán","2026-05-26",\N,"1"
"1107","1107","C1","Noche","B04","60","Mat2002","Probabilidad Y Estadística","45","30","0","2","Mariana Soledad","Pereira","Magíster En Matemática","Adjunto","Semi-Exclusiva","Ciencias Básicas","Facultad Regional Tucumán","San Miguel De Tucumán","Tucumán","2026-05-26",\N,"1"
"1108","1108","C2","Tarde","A19","60","Mat2002","Probabilidad Y Estadística","45","30","0","2","Sofía Valentina","Vega","Magíster En Ciencias De La Computación","Adjunto","Semi-Exclusiva","Ingeniería En Sistemas De Información","Facultad Regional Tucumán","San Miguel De Tucumán","Tucumán","2026-05-26",\N,"1"
"1109","1109","C1","Noche","D04","60","Mat3001","Análisis Matemático Iii","45","30","0","3","Roberto Augusto","López","Ingeniero Civil","Asociado","Semi-Exclusiva","Ingeniería Civil","Facultad Regional Tucumán","San Miguel De Tucumán","Tucumán","2026-05-26",\N,"1"
"1110","1110","C2","Noche","L13","35","Mat3001","Análisis Matemático Iii","45","30","0","3","Roberto Augusto","López","Ingeniero Civil","Asociado","Semi-Exclusiva","Ingeniería Civil","Facultad Regional Tucumán","San Miguel De Tucumán","Tucumán","2026-05-26",\N,"1"
"1111","1111","C1","Noche","L16","60","Inf4003","Gestión De Proyectos","45","15","0","4","Sandra Mabel","Fuentes","Magíster En Sistemas Embebidos","Adjunto","Semi-Exclusiva","Ingeniería Electrónica","Facultad Regional Tucumán","San Miguel De Tucumán","Tucumán","2026-05-26",\N,"1"
"1112","1112","C2","Tarde","B03","50","Inf4003","Gestión De Proyectos","45","15","0","4","Sofía Valentina","Vega","Magíster En Ciencias De La Computación","Adjunto","Semi-Exclusiva","Ingeniería En Sistemas De Información","Facultad Regional Tucumán","San Miguel De Tucumán","Tucumán","2026-05-26",\N,"1"
"1113","1113","C1","Noche","D07","50","Adm1001","Administración General","60","15","0","1","Sebastián Nicolás","Álvarez","Magíster En Gestión De Proyectos","Adjunto","Semi-Exclusiva","Ingeniería Industrial","Facultad Regional Tucumán","San Miguel De Tucumán","Tucumán","2026-05-26",\N,"1"
"1114","1114","C2","Noche","D06","40","Adm1001","Administración General","60","15","0","1","Mónica Patricia","Serrano","Doctora En Química Industrial","Asociado","Semi-Exclusiva","Ingeniería Química","Facultad Regional Tucumán","San Miguel De Tucumán","Tucumán","2026-05-26",\N,"1"
"1115","1115","C1","Noche","B16","40","Adm1001","Administración General","60","15","0","1","Diego Marcelo","Torres","Ingeniero Mecánico","Adjunto","Simple","Ingeniería Mecánica","Facultad Regional Tucumán","San Miguel De Tucumán","Tucumán","2026-05-26",\N,"1"
"1116","1116","C2","Noche","A02","40","Adm1001","Administración General","60","15","0","1","Sofía Valentina","Vega","Magíster En Ciencias De La Computación","Adjunto","Semi-Exclusiva","Ingeniería En Sistemas De Información","Facultad Regional Tucumán","San Miguel De Tucumán","Tucumán","2026-05-26",\N,"1"
"1117","1117","C1","Noche","B06","40","Adm2001","Economía General","60","15","0","2","Alejandra Cecilia","Romero","Doctora En Ingeniería Industrial","Asociado","Semi-Exclusiva","Ingeniería Industrial","Facultad Regional Tucumán","San Miguel De Tucumán","Tucumán","2026-05-26",\N,"1"
"1118","1118","C2","Noche","C14","50","Adm2001","Economía General","60","15","0","2","Gustavo Raúl","Medina","Doctor En Matemática","Titular","Exclusiva","Ciencias Básicas","Facultad Regional Tucumán","San Miguel De Tucumán","Tucumán","2026-05-26",\N,"1"
"1119","1119","C1","Noche","A19","35","Adm2001","Economía General","60","15","0","2","Valeria Soledad","Herrera","Ingeniera Electrónica","Adjunto","Simple","Ingeniería Electrónica","Facultad Regional Tucumán","San Miguel De Tucumán","Tucumán","2026-05-26",\N,"1"
"1120","1120","C2","Noche","A20","45","Adm2001","Economía General","60","15","0","2","Valeria Soledad","Herrera","Ingeniera Electrónica","Adjunto","Simple","Ingeniería Electrónica","Facultad Regional Tucumán","San Miguel De Tucumán","Tucumán","2026-05-26",\N,"1"
"1121","1121","C1","Noche","L07","45","Adm3001","Contabilidad Y Costos","45","30","0","3","Carolina Florencia","Díaz","Ingeniera Civil","Adjunto","Simple","Ingeniería Civil","Facultad Regional Tucumán","San Miguel De Tucumán","Tucumán","2026-05-26",\N,"1"
"1122","1122","C2","Noche","A16","40","Adm3001","Contabilidad Y Costos","45","30","0","3","Claudia Verónica","Morales","Ingeniera Industrial","Adjunto","Simple","Ingeniería Industrial","Facultad Regional Tucumán","San Miguel De Tucumán","Tucumán","2026-05-26",\N,"1"
"1123","1123","C2","Mañana","B06","45","Adm3001","Contabilidad Y Costos","45","30","0","3","Jorge Osvaldo","Sánchez","Magíster En Ingeniería Industrial","Titular","Semi-Exclusiva","Ingeniería Industrial","Facultad Regional Tucumán","San Miguel De Tucumán","Tucumán","2026-05-26",\N,"1"
"1124","1124","C1","Noche","A14","30","Ele2001","Electrónica Analógica","30","15","45","2","Rodrigo Matías","Campos","Ingeniero En Sistemas","Adjunto","Simple","Ingeniería En Sistemas De Información","Facultad Regional Tucumán","San Miguel De Tucumán","Tucumán","2026-05-26",\N,"1"
"1125","1125","C2","Noche","L07","35","Ele2001","Electrónica Analógica","30","15","45","2","Mariana Soledad","Pereira","Magíster En Matemática","Adjunto","Semi-Exclusiva","Ciencias Básicas","Facultad Regional Tucumán","San Miguel De Tucumán","Tucumán","2026-05-26",\N,"1"
"1126","1126","C1","Tarde","A06","50","Ele2001","Electrónica Analógica","30","15","45","2","Cristian Ariel","Ortega","Ingeniero Mecánico","Adjunto","Simple","Ingeniería Mecánica","Facultad Regional Tucumán","San Miguel De Tucumán","Tucumán","2026-05-26",\N,"1"
"1127","1127","C2","Noche","B05","45","Ele2001","Electrónica Analógica","30","15","45","2","Florencia Daniela","Cabrera","Doctora En Ingeniería","Asociado","Semi-Exclusiva","Ingeniería Civil","Facultad Regional Tucumán","San Miguel De Tucumán","Tucumán","2026-05-26",\N,"1"
"1128","1128","C2","Noche","C06","40","Ele3001","Sistemas De Control","45","15","30","3","Valeria Soledad","Herrera","Ingeniera Electrónica","Adjunto","Simple","Ingeniería Electrónica","Facultad Regional Tucumán","San Miguel De Tucumán","Tucumán","2026-05-26",\N,"1"
"1129","1129","C2","Tarde","D16","80","Ele3001","Sistemas De Control","45","15","30","3","Sofía Valentina","Vega","Magíster En Ciencias De La Computación","Adjunto","Semi-Exclusiva","Ingeniería En Sistemas De Información","Facultad Regional Tucumán","San Miguel De Tucumán","Tucumán","2026-05-26",\N,"1"
"1130","1130","C1","Noche","B16","50","Ele3002","Comunicaciones","30","15","30","3","Gabriela Inés","Flores","Magíster En Sistemas De Información","Asociado","Semi-Exclusiva","Ingeniería En Sistemas De Información","Facultad Regional Tucumán","San Miguel De Tucumán","Tucumán","2026-05-26",\N,"1"
"1131","1131","C2","Noche","L04","60","Ele3002","Comunicaciones","30","15","30","3","Facundo Ezequiel","Jiménez","Magíster En Ciencias De La Computación","Adjunto","Semi-Exclusiva","Ingeniería En Sistemas De Información","Facultad Regional Tucumán","San Miguel De Tucumán","Tucumán","2026-05-26",\N,"1"
"1132","1132","C2","Noche","C03","35","Ind3001","Investigación Operativa","45","30","0","3","Sandra Mabel","Fuentes","Magíster En Sistemas Embebidos","Adjunto","Semi-Exclusiva","Ingeniería Electrónica","Facultad Regional Tucumán","San Miguel De Tucumán","Tucumán","2026-05-26",\N,"1"
"1133","1133","C1","Noche","C02","50","Ind3001","Investigación Operativa","45","30","0","3","Florencia Daniela","Cabrera","Doctora En Ingeniería","Asociado","Semi-Exclusiva","Ingeniería Civil","Facultad Regional Tucumán","San Miguel De Tucumán","Tucumán","2026-05-26",\N,"1"
"1134","1134","C1","Noche","L16","50","Ind4001","Logística Y Cadena De Suministro","45","15","0","4","Gustavo Raúl","Medina","Doctor En Matemática","Titular","Exclusiva","Ciencias Básicas","Facultad Regional Tucumán","San Miguel De Tucumán","Tucumán","2026-05-26",\N,"1"
"1135","1135","C1","Noche","D19","80","Ind4001","Logística Y Cadena De Suministro","45","15","0","4","Pablo Sebastián","Ruiz","Doctor En Ingeniería","Titular","Exclusiva","Ingeniería Civil","Facultad Regional Tucumán","San Miguel De Tucumán","Tucumán","2026-05-26",\N,"1"
"1136","1136","C2","Tarde","D16","40","Ind4001","Logística Y Cadena De Suministro","45","15","0","4","Gustavo Raúl","Medina","Doctor En Matemática","Titular","Exclusiva","Ciencias Básicas","Facultad Regional Tucumán","San Miguel De Tucumán","Tucumán","2026-05-26",\N,"1"
"1137","1137","C1","Mañana","B13","50","Ind4002","Gestión De La Calidad","45","15","0","4","Susana Graciela","Ríos","Ingeniera Industrial","Adjunto","Simple","Ingeniería Industrial","Facultad Regional Tucumán","San Miguel De Tucumán","Tucumán","2026-05-26",\N,"1"
"1138","1138","C2","Noche","C07","50","Ind4002","Gestión De La Calidad","45","15","0","4","Mónica Patricia","Serrano","Doctora En Química Industrial","Asociado","Semi-Exclusiva","Ingeniería Química","Facultad Regional Tucumán","San Miguel De Tucumán","Tucumán","2026-05-26",\N,"1"
"1139","1139","C1","Noche","A06","30","Mat1001","Análisis Matemático I","60","30","0","1","Luciana Paola","Moreno","Ingeniera Química","Adjunto","Simple","Ingeniería Química","Facultad Regional Tucumán","San Miguel De Tucumán","Tucumán","2026-05-26",\N,"1"
"1140","1140","C2","Tarde","L02","40","Mat1001","Análisis Matemático I","60","30","0","1","Rodrigo Matías","Campos","Ingeniero En Sistemas","Adjunto","Simple","Ingeniería En Sistemas De Información","Facultad Regional Tucumán","San Miguel De Tucumán","Tucumán","2026-05-26",\N,"1"
"1141","1141","C1","Noche","A14","30","Mat1001","Análisis Matemático I","60","30","0","1","Héctor Luis","González","Doctor En Física","Titular","Exclusiva","Ciencias Básicas","Facultad Regional Tucumán","San Miguel De Tucumán","Tucumán","2026-05-26",\N,"1"
"1142","1142","C2","Noche","C07","30","Mat1001","Análisis Matemático I","60","30","0","1","Diego Marcelo","Torres","Ingeniero Mecánico","Adjunto","Simple","Ingeniería Mecánica","Facultad Regional Tucumán","San Miguel De Tucumán","Tucumán","2026-05-26",\N,"1"
"1143","1143","C1","Noche","B05","30","Mat1002","Álgebra Y Geometría Analítica","60","30","0","1","Mónica Patricia","Serrano","Doctora En Química Industrial","Asociado","Semi-Exclusiva","Ingeniería Química","Facultad Regional Tucumán","San Miguel De Tucumán","Tucumán","2026-05-26",\N,"1"
"1144","1144","C2","Noche","C01","40","Mat1002","Álgebra Y Geometría Analítica","60","30","0","1","Alejandro José","Núñez","Ingeniero Electrónico","Adjunto","Simple","Ingeniería Electrónica","Facultad Regional Tucumán","San Miguel De Tucumán","Tucumán","2026-05-26",\N,"1"
"1145","1145","C1","Noche","B05","45","Mat1002","Álgebra Y Geometría Analítica","60","30","0","1","Mariana Soledad","Pereira","Magíster En Matemática","Adjunto","Semi-Exclusiva","Ciencias Básicas","Facultad Regional Tucumán","San Miguel De Tucumán","Tucumán","2026-05-26",\N,"1"
"1146","1146","C2","Mañana","A11","50","Mat1002","Álgebra Y Geometría Analítica","60","30","0","1","Verónica Adriana","Rojas","Doctora En Ciencias De La Computación","Titular","Exclusiva","Ingeniería En Sistemas De Información","Facultad Regional Tucumán","San Miguel De Tucumán","Tucumán","2026-05-26",\N,"1"
"1147","1147","C1","Noche","B06","45","Fis1001","Física I","45","30","15","1","Florencia Daniela","Cabrera","Doctora En Ingeniería","Asociado","Semi-Exclusiva","Ingeniería Civil","Facultad Regional Tucumán","San Miguel De Tucumán","Tucumán","2026-05-26",\N,"1"
"1148","1148","C2","Noche","D10","50","Fis1001","Física I","45","30","15","1","Carlos Alberto","García","Ingeniero En Sistemas","Titular","Exclusiva","Ingeniería En Sistemas De Información","Facultad Regional Tucumán","San Miguel De Tucumán","Tucumán","2026-05-26",\N,"1"
"1149","1149","C1","Tarde","A09","80","Fis1001","Física I","45","30","15","1","Carolina Florencia","Díaz","Ingeniera Civil","Adjunto","Simple","Ingeniería Civil","Facultad Regional Tucumán","San Miguel De Tucumán","Tucumán","2026-05-26",\N,"1"
"1150","1150","C2","Mañana","L16","40","Fis1001","Física I","45","30","15","1","Ana Paula","Martínez","Magíster En Matemática Aplicada","Adjunto","Simple","Ciencias Básicas","Facultad Regional Tucumán","San Miguel De Tucumán","Tucumán","2026-05-26",\N,"1"
"1151","1151","C1","Noche","B20","35","Qui1001","Química General","30","15","30","1","Eduardo Martín","Vargas","Ingeniero En Sistemas","Adjunto","Simple","Ingeniería En Sistemas De Información","Facultad Regional Tucumán","San Miguel De Tucumán","Tucumán","2026-05-26",\N,"1"
"1152","1152","C2","Noche","B11","45","Qui1001","Química General","30","15","30","1","Alejandro José","Núñez","Ingeniero Electrónico","Adjunto","Simple","Ingeniería Electrónica","Facultad Regional Tucumán","San Miguel De Tucumán","Tucumán","2026-05-26",\N,"1"
"1153","1153","C1","Noche","D04","60","Qui1001","Química General","30","15","30","1","Carlos Alberto","García","Ingeniero En Sistemas","Titular","Exclusiva","Ingeniería En Sistemas De Información","Facultad Regional Tucumán","San Miguel De Tucumán","Tucumán","2026-05-26",\N,"1"
"1154","1154","C2","Mañana","L13","40","Qui1001","Química General","30","15","30","1","Valeria Soledad","Herrera","Ingeniera Electrónica","Adjunto","Simple","Ingeniería Electrónica","Facultad Regional Tucumán","San Miguel De Tucumán","Tucumán","2026-05-26",\N,"1"
"1155","1155","C1","Noche","C18","35","Mat2001","Análisis Matemático Ii","60","30","0","2","Nicolás Emilio","Suárez","Magíster En Redes","Adjunto","Semi-Exclusiva","Ingeniería En Sistemas De Información","Facultad Regional Tucumán","San Miguel De Tucumán","Tucumán","2026-05-26",\N,"1"
"1156","1156","C2","Noche","D20","35","Mat2001","Análisis Matemático Ii","60","30","0","2","Ana Paula","Martínez","Magíster En Matemática Aplicada","Adjunto","Simple","Ciencias Básicas","Facultad Regional Tucumán","San Miguel De Tucumán","Tucumán","2026-05-26",\N,"1"
"1157","1157","C1","Noche","L19","50","Mat2001","Análisis Matemático Ii","60","30","0","2","Patricia Andrea","Ramírez","Doctora En Química","Titular","Exclusiva","Ingeniería Química","Facultad Regional Tucumán","San Miguel De Tucumán","Tucumán","2026-05-26",\N,"1"
"1158","1158","C2","Noche","A12","35","Mat2001","Análisis Matemático Ii","60","30","0","2","Susana Graciela","Ríos","Ingeniera Industrial","Adjunto","Simple","Ingeniería Industrial","Facultad Regional Tucumán","San Miguel De Tucumán","Tucumán","2026-05-26",\N,"1"
"1159","1159","C1","Tarde","B03","60","Mat2002","Probabilidad Y Estadística","45","30","0","2","Tomás Agustín","Domínguez","Magíster En Electrónica","Adjunto","Semi-Exclusiva","Ingeniería Electrónica","Facultad Regional Tucumán","San Miguel De Tucumán","Tucumán","2026-05-26",\N,"1"
"1160","1160","C2","Tarde","A14","60","Mat2002","Probabilidad Y Estadística","45","30","0","2","Facundo Ezequiel","Jiménez","Magíster En Ciencias De La Computación","Adjunto","Semi-Exclusiva","Ingeniería En Sistemas De Información","Facultad Regional Tucumán","San Miguel De Tucumán","Tucumán","2026-05-26",\N,"1"
"1161","1161","C1","Noche","A05","40","Mat2002","Probabilidad Y Estadística","45","30","0","2","Luis Alberto","Vera","Ingeniero Industrial","Adjunto","Simple","Ingeniería Industrial","Facultad Regional Tucumán","San Miguel De Tucumán","Tucumán","2026-05-26",\N,"1"
"1162","1162","C2","Mañana","D16","80","Mat2002","Probabilidad Y Estadística","45","30","0","2","Luciana Paola","Moreno","Ingeniera Química","Adjunto","Simple","Ingeniería Química","Facultad Regional Tucumán","San Miguel De Tucumán","Tucumán","2026-05-26",\N,"1"
"1163","1163","C1","Mañana","A05","40","Mat3001","Análisis Matemático Iii","45","30","0","3","Alejandro José","Núñez","Ingeniero Electrónico","Adjunto","Simple","Ingeniería Electrónica","Facultad Regional Tucumán","San Miguel De Tucumán","Tucumán","2026-05-26",\N,"1"
"1164","1164","C2","Noche","A05","60","Mat3001","Análisis Matemático Iii","45","30","0","3","Héctor Luis","González","Doctor En Física","Titular","Exclusiva","Ciencias Básicas","Facultad Regional Tucumán","San Miguel De Tucumán","Tucumán","2026-05-26",\N,"1"
"1165","1165","C2","Tarde","L13","30","Inf3004","Paradigmas De Programación","45","15","15","3","Héctor Luis","González","Doctor En Física","Titular","Exclusiva","Ciencias Básicas","Facultad Regional Tucumán","San Miguel De Tucumán","Tucumán","2026-05-26",\N,"1"
"1166","1166","C1","Mañana","A06","45","Inf3004","Paradigmas De Programación","45","15","15","3","Roberto Augusto","López","Ingeniero Civil","Asociado","Semi-Exclusiva","Ingeniería Civil","Facultad Regional Tucumán","San Miguel De Tucumán","Tucumán","2026-05-26",\N,"1"
"1167","1167","C2","Noche","L13","30","Inf3004","Paradigmas De Programación","45","15","15","3","Silvina Beatriz","Fernández","Ingeniera Electrónica","Adjunto","Semi-Exclusiva","Ingeniería Electrónica","Facultad Regional Tucumán","San Miguel De Tucumán","Tucumán","2026-05-26",\N,"1"
"1168","1168","C1","Tarde","C18","60","Civ1001","Topografía","30","15","30","1","Nicolás Emilio","Suárez","Magíster En Redes","Adjunto","Semi-Exclusiva","Ingeniería En Sistemas De Información","Facultad Regional Tucumán","San Miguel De Tucumán","Tucumán","2026-05-26",\N,"1"
"1169","1169","C2","Noche","B20","30","Civ1001","Topografía","30","15","30","1","Mónica Patricia","Serrano","Doctora En Química Industrial","Asociado","Semi-Exclusiva","Ingeniería Química","Facultad Regional Tucumán","San Miguel De Tucumán","Tucumán","2026-05-26",\N,"1"
"1170","1170","C1","Tarde","B03","30","Civ1001","Topografía","30","15","30","1","María Elena","Rodríguez","Doctora En Ciencias De La Computación","Titular","Exclusiva","Ingeniería En Sistemas De Información","Facultad Regional Tucumán","San Miguel De Tucumán","Tucumán","2026-05-26",\N,"1"
"1171","1171","C2","Noche","B18","45","Civ1001","Topografía","30","15","30","1","Silvina Beatriz","Fernández","Ingeniera Electrónica","Adjunto","Semi-Exclusiva","Ingeniería Electrónica","Facultad Regional Tucumán","San Miguel De Tucumán","Tucumán","2026-05-26",\N,"1"
"1172","1172","C1","Noche","C04","30","Civ2001","Mecánica De Suelos","30","15","30","2","Nicolás Emilio","Suárez","Magíster En Redes","Adjunto","Semi-Exclusiva","Ingeniería En Sistemas De Información","Facultad Regional Tucumán","San Miguel De Tucumán","Tucumán","2026-05-26",\N,"1"
"1173","1173","C2","Tarde","D18","35","Civ2001","Mecánica De Suelos","30","15","30","2","Luis Alberto","Vera","Ingeniero Industrial","Adjunto","Simple","Ingeniería Industrial","Facultad Regional Tucumán","San Miguel De Tucumán","Tucumán","2026-05-26",\N,"1"
"1174","1174","C1","Noche","L03","35","Civ2001","Mecánica De Suelos","30","15","30","2","Héctor Luis","González","Doctor En Física","Titular","Exclusiva","Ciencias Básicas","Facultad Regional Tucumán","San Miguel De Tucumán","Tucumán","2026-05-26",\N,"1"
"1175","1175","C2","Noche","A14","50","Civ2001","Mecánica De Suelos","30","15","30","2","Patricia Andrea","Ramírez","Doctora En Química","Titular","Exclusiva","Ingeniería Química","Facultad Regional Tucumán","San Miguel De Tucumán","Tucumán","2026-05-26",\N,"1"
"1176","1176","C2","Noche","B12","35","Civ3001","Estructuras","45","30","15","3","Marcelo Adrián","Gutiérrez","Magíster En Inteligencia Artificial","Adjunto","Semi-Exclusiva","Ingeniería En Sistemas De Información","Facultad Regional Tucumán","San Miguel De Tucumán","Tucumán","2026-05-26",\N,"1"
"1177","1177","C1","Noche","L20","30","Civ3001","Estructuras","45","30","15","3","Pablo Sebastián","Ruiz","Doctor En Ingeniería","Titular","Exclusiva","Ingeniería Civil","Facultad Regional Tucumán","San Miguel De Tucumán","Tucumán","2026-05-26",\N,"1"
"1178","1178","C2","Noche","C17","40","Civ3001","Estructuras","45","30","15","3","María Elena","Rodríguez","Doctora En Ciencias De La Computación","Titular","Exclusiva","Ingeniería En Sistemas De Información","Facultad Regional Tucumán","San Miguel De Tucumán","Tucumán","2026-05-26",\N,"1"
"1179","1179","C2","Noche","A13","80","Civ4001","Hidráulica","30","15","30","4","Ana Paula","Martínez","Magíster En Matemática Aplicada","Adjunto","Simple","Ciencias Básicas","Facultad Regional Tucumán","San Miguel De Tucumán","Tucumán","2026-05-26",\N,"1"
"1180","1180","C1","Noche","A14","30","Civ4001","Hidráulica","30","15","30","4","María Elena","Rodríguez","Doctora En Ciencias De La Computación","Titular","Exclusiva","Ingeniería En Sistemas De Información","Facultad Regional Tucumán","San Miguel De Tucumán","Tucumán","2026-05-26",\N,"1"
"1181","1181","C2","Noche","C05","40","Civ4001","Hidráulica","30","15","30","4","Fernando Daniel","Reyes","Doctor En Física","Asociado","Semi-Exclusiva","Ciencias Básicas","Facultad Regional Tucumán","San Miguel De Tucumán","Tucumán","2026-05-26",\N,"1"
"1182","1182","C1","Noche","C15","35","Mat1001","Análisis Matemático I","60","30","0","1","Tomás Agustín","Domínguez","Magíster En Electrónica","Adjunto","Semi-Exclusiva","Ingeniería Electrónica","Facultad Regional Tucumán","San Miguel De Tucumán","Tucumán","2026-05-26",\N,"1"
"1183","1183","C2","Mañana","A04","60","Mat1001","Análisis Matemático I","60","30","0","1","Luis Alberto","Vera","Ingeniero Industrial","Adjunto","Simple","Ingeniería Industrial","Facultad Regional Tucumán","San Miguel De Tucumán","Tucumán","2026-05-26",\N,"1"
"1184","1184","C1","Noche","L20","80","Mat1001","Análisis Matemático I","60","30","0","1","Natalia Belén","Castro","Magíster En Telecomunicaciones","Adjunto","Semi-Exclusiva","Ingeniería Electrónica","Facultad Regional Tucumán","San Miguel De Tucumán","Tucumán","2026-05-26",\N,"1"
"1185","1185","C2","Noche","L14","60","Mat1001","Análisis Matemático I","60","30","0","1","Susana Graciela","Ríos","Ingeniera Industrial","Adjunto","Simple","Ingeniería Industrial","Facultad Regional Tucumán","San Miguel De Tucumán","Tucumán","2026-05-26",\N,"1"
"1186","1186","C1","Noche","A02","30","Mat1002","Álgebra Y Geometría Analítica","60","30","0","1","Roberto Augusto","López","Ingeniero Civil","Asociado","Semi-Exclusiva","Ingeniería Civil","Facultad Regional Tucumán","San Miguel De Tucumán","Tucumán","2026-05-26",\N,"1"
"1187","1187","C2","Mañana","L01","60","Mat1002","Álgebra Y Geometría Analítica","60","30","0","1","Alejandro José","Núñez","Ingeniero Electrónico","Adjunto","Simple","Ingeniería Electrónica","Facultad Regional Tucumán","San Miguel De Tucumán","Tucumán","2026-05-26",\N,"1"
"1188","1188","C1","Noche","D06","45","Mat1002","Álgebra Y Geometría Analítica","60","30","0","1","Pablo Sebastián","Ruiz","Doctor En Ingeniería","Titular","Exclusiva","Ingeniería Civil","Facultad Regional Tucumán","San Miguel De Tucumán","Tucumán","2026-05-26",\N,"1"
"1189","1189","C2","Noche","B03","35","Mat1002","Álgebra Y Geometría Analítica","60","30","0","1","Leandro Damián","Acosta","Doctor En Ingeniería Civil","Titular","Exclusiva","Ingeniería Civil","Facultad Regional Tucumán","San Miguel De Tucumán","Tucumán","2026-05-26",\N,"1"
"1190","1190","C1","Tarde","A06","30","Fis1001","Física I","45","30","15","1","Alejandra Cecilia","Romero","Doctora En Ingeniería Industrial","Asociado","Semi-Exclusiva","Ingeniería Industrial","Facultad Regional Tucumán","San Miguel De Tucumán","Tucumán","2026-05-26",\N,"1"
"1191","1191","C2","Mañana","D05","60","Fis1001","Física I","45","30","15","1","Mónica Patricia","Serrano","Doctora En Química Industrial","Asociado","Semi-Exclusiva","Ingeniería Química","Facultad Regional Tucumán","San Miguel De Tucumán","Tucumán","2026-05-26",\N,"1"
"1192","1192","C1","Mañana","L05","45","Fis1001","Física I","45","30","15","1","Ana Paula","Martínez","Magíster En Matemática Aplicada","Adjunto","Simple","Ciencias Básicas","Facultad Regional Tucumán","San Miguel De Tucumán","Tucumán","2026-05-26",\N,"1"
"1193","1193","C2","Tarde","B17","35","Fis1001","Física I","45","30","15","1","Jorge Osvaldo","Sánchez","Magíster En Ingeniería Industrial","Titular","Semi-Exclusiva","Ingeniería Industrial","Facultad Regional Tucumán","San Miguel De Tucumán","Tucumán","2026-05-26",\N,"1"
"1194","1194","C1","Noche","C09","50","Qui1001","Química General","30","15","30","1","Leandro Damián","Acosta","Doctor En Ingeniería Civil","Titular","Exclusiva","Ingeniería Civil","Facultad Regional Tucumán","San Miguel De Tucumán","Tucumán","2026-05-26",\N,"1"
"1195","1195","C2","Mañana","A07","35","Qui1001","Química General","30","15","30","1","Roberto Augusto","López","Ingeniero Civil","Asociado","Semi-Exclusiva","Ingeniería Civil","Facultad Regional Tucumán","San Miguel De Tucumán","Tucumán","2026-05-26",\N,"1"
"1196","1196","C1","Tarde","A09","30","Qui1001","Química General","30","15","30","1","Mariela Noelia","Ponce","Doctora En Ciencias Básicas","Titular","Exclusiva","Ciencias Básicas","Facultad Regional Tucumán","San Miguel De Tucumán","Tucumán","2026-05-26",\N,"1"
"1197","1197","C2","Mañana","B09","30","Qui1001","Química General","30","15","30","1","Alejandro José","Núñez","Ingeniero Electrónico","Adjunto","Simple","Ingeniería Electrónica","Facultad Regional Tucumán","San Miguel De Tucumán","Tucumán","2026-05-26",\N,"1"
"1198","1198","C1","Noche","A18","40","Mat2001","Análisis Matemático Ii","60","30","0","2","Mónica Patricia","Serrano","Doctora En Química Industrial","Asociado","Semi-Exclusiva","Ingeniería Química","Facultad Regional Tucumán","San Miguel De Tucumán","Tucumán","2026-05-26",\N,"1"
"1199","1199","C2","Tarde","C06","35","Mat2001","Análisis Matemático Ii","60","30","0","2","Silvina Beatriz","Fernández","Ingeniera Electrónica","Adjunto","Semi-Exclusiva","Ingeniería Electrónica","Facultad Regional Tucumán","San Miguel De Tucumán","Tucumán","2026-05-26",\N,"1"
"1200","1200","C1","Noche","B03","60","Mat2001","Análisis Matemático Ii","60","30","0","2","Marcelo Adrián","Gutiérrez","Magíster En Inteligencia Artificial","Adjunto","Semi-Exclusiva","Ingeniería En Sistemas De Información","Facultad Regional Tucumán","San Miguel De Tucumán","Tucumán","2026-05-26",\N,"1"
"1201","1201","C2","Noche","B20","80","Mat2001","Análisis Matemático Ii","60","30","0","2","Florencia Daniela","Cabrera","Doctora En Ingeniería","Asociado","Semi-Exclusiva","Ingeniería Civil","Facultad Regional Tucumán","San Miguel De Tucumán","Tucumán","2026-05-26",\N,"1"
"1202","1202","C2","Tarde","L02","30","Mat3001","Análisis Matemático Iii","45","30","0","3","Roberto Augusto","López","Ingeniero Civil","Asociado","Semi-Exclusiva","Ingeniería Civil","Facultad Regional Tucumán","San Miguel De Tucumán","Tucumán","2026-05-26",\N,"1"
"1203","1203","C2","Tarde","D13","50","Mat3001","Análisis Matemático Iii","45","30","0","3","Marcelo Adrián","Gutiérrez","Magíster En Inteligencia Artificial","Adjunto","Semi-Exclusiva","Ingeniería En Sistemas De Información","Facultad Regional Tucumán","San Miguel De Tucumán","Tucumán","2026-05-26",\N,"1"
"1204","1204","C1","Noche","C13","35","Mec1001","Mecánica Aplicada","45","30","15","1","Jorge Osvaldo","Sánchez","Magíster En Ingeniería Industrial","Titular","Semi-Exclusiva","Ingeniería Industrial","Facultad Regional Tucumán","San Miguel De Tucumán","Tucumán","2026-05-26",\N,"1"
"1205","1205","C2","Noche","L10","50","Mec1001","Mecánica Aplicada","45","30","15","1","Ignacio Ramón","Ibáñez","Magíster En Seguridad Informática","Adjunto","Semi-Exclusiva","Ingeniería En Sistemas De Información","Facultad Regional Tucumán","San Miguel De Tucumán","Tucumán","2026-05-26",\N,"1"
"1206","1206","C1","Noche","C05","60","Mec1001","Mecánica Aplicada","45","30","15","1","Pablo Sebastián","Ruiz","Doctor En Ingeniería","Titular","Exclusiva","Ingeniería Civil","Facultad Regional Tucumán","San Miguel De Tucumán","Tucumán","2026-05-26",\N,"1"
"1207","1207","C2","Noche","B18","80","Mec1001","Mecánica Aplicada","45","30","15","1","Florencia Daniela","Cabrera","Doctora En Ingeniería","Asociado","Semi-Exclusiva","Ingeniería Civil","Facultad Regional Tucumán","San Miguel De Tucumán","Tucumán","2026-05-26",\N,"1"
"1208","1208","C1","Mañana","D13","40","Mec2001","Resistencia De Materiales","45","30","15","2","Silvina Beatriz","Fernández","Ingeniera Electrónica","Adjunto","Semi-Exclusiva","Ingeniería Electrónica","Facultad Regional Tucumán","San Miguel De Tucumán","Tucumán","2026-05-26",\N,"1"
"1209","1209","C2","Mañana","A06","60","Mec2001","Resistencia De Materiales","45","30","15","2","Ana Paula","Martínez","Magíster En Matemática Aplicada","Adjunto","Simple","Ciencias Básicas","Facultad Regional Tucumán","San Miguel De Tucumán","Tucumán","2026-05-26",\N,"1"
"1210","1210","C1","Noche","L07","45","Mec2001","Resistencia De Materiales","45","30","15","2","Gabriela Inés","Flores","Magíster En Sistemas De Información","Asociado","Semi-Exclusiva","Ingeniería En Sistemas De Información","Facultad Regional Tucumán","San Miguel De Tucumán","Tucumán","2026-05-26",\N,"1"
"1211","1211","C2","Mañana","D05","80","Mec2001","Resistencia De Materiales","45","30","15","2","Verónica Adriana","Rojas","Doctora En Ciencias De La Computación","Titular","Exclusiva","Ingeniería En Sistemas De Información","Facultad Regional Tucumán","San Miguel De Tucumán","Tucumán","2026-05-26",\N,"1"
"1212","1212","C1","Noche","L12","50","Mec3001","Máquinas Y Herramientas","30","15","45","3","Jorge Osvaldo","Sánchez","Magíster En Ingeniería Industrial","Titular","Semi-Exclusiva","Ingeniería Industrial","Facultad Regional Tucumán","San Miguel De Tucumán","Tucumán","2026-05-26",\N,"1"
"1213","1213","C1","Noche","C14","30","Mec3001","Máquinas Y Herramientas","30","15","45","3","Marcelo Adrián","Gutiérrez","Magíster En Inteligencia Artificial","Adjunto","Semi-Exclusiva","Ingeniería En Sistemas De Información","Facultad Regional Tucumán","San Miguel De Tucumán","Tucumán","2026-05-26",\N,"1"
"1214","1214","C1","Noche","L08","50","Ele2001","Electrónica Analógica","30","15","45","2","Tomás Agustín","Domínguez","Magíster En Electrónica","Adjunto","Semi-Exclusiva","Ingeniería Electrónica","Facultad Regional Tucumán","San Miguel De Tucumán","Tucumán","2026-05-26",\N,"1"
"1215","1215","C2","Noche","A14","40","Ele2001","Electrónica Analógica","30","15","45","2","Mónica Patricia","Serrano","Doctora En Química Industrial","Asociado","Semi-Exclusiva","Ingeniería Química","Facultad Regional Tucumán","San Miguel De Tucumán","Tucumán","2026-05-26",\N,"1"
"1216","1216","C1","Tarde","L15","80","Ele2001","Electrónica Analógica","30","15","45","2","Mariela Noelia","Ponce","Doctora En Ciencias Básicas","Titular","Exclusiva","Ciencias Básicas","Facultad Regional Tucumán","San Miguel De Tucumán","Tucumán","2026-05-26",\N,"1"
"1217","1217","C2","Tarde","A18","60","Ele2001","Electrónica Analógica","30","15","45","2","Roberto Augusto","López","Ingeniero Civil","Asociado","Semi-Exclusiva","Ingeniería Civil","Facultad Regional Tucumán","San Miguel De Tucumán","Tucumán","2026-05-26",\N,"1"
"1218","1218","C1","Noche","B02","50","Ele3001","Sistemas De Control","45","15","30","3","Cristian Ariel","Ortega","Ingeniero Mecánico","Adjunto","Simple","Ingeniería Mecánica","Facultad Regional Tucumán","San Miguel De Tucumán","Tucumán","2026-05-26",\N,"1"
"1219","1219","C2","Tarde","D14","30","Ele3001","Sistemas De Control","45","15","30","3","Mariela Noelia","Ponce","Doctora En Ciencias Básicas","Titular","Exclusiva","Ciencias Básicas","Facultad Regional Tucumán","San Miguel De Tucumán","Tucumán","2026-05-26",\N,"1"
"1220","1220","C1","Noche","A16","50","Ele3001","Sistemas De Control","45","15","30","3","Tomás Agustín","Domínguez","Magíster En Electrónica","Adjunto","Semi-Exclusiva","Ingeniería Electrónica","Facultad Regional Tucumán","San Miguel De Tucumán","Tucumán","2026-05-26",\N,"1"
"1221","1221","C2","Mañana","D20","35","Ele3001","Sistemas De Control","45","15","30","3","Alejandra Cecilia","Romero","Doctora En Ingeniería Industrial","Asociado","Semi-Exclusiva","Ingeniería Industrial","Facultad Regional Tucumán","San Miguel De Tucumán","Tucumán","2026-05-26",\N,"1"
"1222","1222","C2","Noche","B06","50","Ele3002","Comunicaciones","30","15","30","3","Pilar Estela","Molina","Ingeniera Civil","Adjunto","Simple","Ingeniería Civil","Facultad Regional Tucumán","San Miguel De Tucumán","Tucumán","2026-05-26",\N,"1"
"1223","1223","C1","Noche","B11","30","Ele3002","Comunicaciones","30","15","30","3","Silvina Beatriz","Fernández","Ingeniera Electrónica","Adjunto","Semi-Exclusiva","Ingeniería Electrónica","Facultad Regional Tucumán","San Miguel De Tucumán","Tucumán","2026-05-26",\N,"1"
"1224","1224","C2","Mañana","A08","40","Ele3002","Comunicaciones","30","15","30","3","Pablo Sebastián","Ruiz","Doctor En Ingeniería","Titular","Exclusiva","Ingeniería Civil","Facultad Regional Tucumán","San Miguel De Tucumán","Tucumán","2026-05-26",\N,"1"
"1225","1225","C1","Noche","A09","80","Mat1001","Análisis Matemático I","60","30","0","1","Claudia Verónica","Morales","Ingeniera Industrial","Adjunto","Simple","Ingeniería Industrial","Facultad Regional La Plata","La Plata","Buenos Aires","2026-05-26",\N,"1"
"1226","1226","C2","Noche","A04","45","Mat1001","Análisis Matemático I","60","30","0","1","Alejandra Cecilia","Romero","Doctora En Ingeniería Industrial","Asociado","Semi-Exclusiva","Ingeniería Industrial","Facultad Regional La Plata","La Plata","Buenos Aires","2026-05-26",\N,"1"
"1227","1227","C1","Noche","L17","45","Mat1001","Análisis Matemático I","60","30","0","1","Gabriela Inés","Flores","Magíster En Sistemas De Información","Asociado","Semi-Exclusiva","Ingeniería En Sistemas De Información","Facultad Regional La Plata","La Plata","Buenos Aires","2026-05-26",\N,"1"
"1228","1228","C2","Tarde","B08","40","Mat1001","Análisis Matemático I","60","30","0","1","Eduardo Martín","Vargas","Ingeniero En Sistemas","Adjunto","Simple","Ingeniería En Sistemas De Información","Facultad Regional La Plata","La Plata","Buenos Aires","2026-05-26",\N,"1"
"1229","1229","C1","Tarde","B03","30","Mat1002","Álgebra Y Geometría Analítica","60","30","0","1","Luciana Paola","Moreno","Ingeniera Química","Adjunto","Simple","Ingeniería Química","Facultad Regional La Plata","La Plata","Buenos Aires","2026-05-26",\N,"1"
"1230","1230","C2","Tarde","D15","35","Mat1002","Álgebra Y Geometría Analítica","60","30","0","1","Eduardo Martín","Vargas","Ingeniero En Sistemas","Adjunto","Simple","Ingeniería En Sistemas De Información","Facultad Regional La Plata","La Plata","Buenos Aires","2026-05-26",\N,"1"
"1231","1231","C1","Noche","C12","45","Mat1002","Álgebra Y Geometría Analítica","60","30","0","1","Carolina Florencia","Díaz","Ingeniera Civil","Adjunto","Simple","Ingeniería Civil","Facultad Regional La Plata","La Plata","Buenos Aires","2026-05-26",\N,"1"
"1232","1232","C2","Noche","D01","45","Mat1002","Álgebra Y Geometría Analítica","60","30","0","1","Marcelo Adrián","Gutiérrez","Magíster En Inteligencia Artificial","Adjunto","Semi-Exclusiva","Ingeniería En Sistemas De Información","Facultad Regional La Plata","La Plata","Buenos Aires","2026-05-26",\N,"1"
"1233","1233","C1","Noche","L17","35","Fis1001","Física I","45","30","15","1","Ignacio Ramón","Ibáñez","Magíster En Seguridad Informática","Adjunto","Semi-Exclusiva","Ingeniería En Sistemas De Información","Facultad Regional La Plata","La Plata","Buenos Aires","2026-05-26",\N,"1"
"1234","1234","C2","Tarde","L10","30","Fis1001","Física I","45","30","15","1","Carlos Alberto","García","Ingeniero En Sistemas","Titular","Exclusiva","Ingeniería En Sistemas De Información","Facultad Regional La Plata","La Plata","Buenos Aires","2026-05-26",\N,"1"
"1235","1235","C1","Noche","A20","35","Fis1001","Física I","45","30","15","1","Alejandro José","Núñez","Ingeniero Electrónico","Adjunto","Simple","Ingeniería Electrónica","Facultad Regional La Plata","La Plata","Buenos Aires","2026-05-26",\N,"1"
"1236","1236","C2","Noche","D14","60","Fis1001","Física I","45","30","15","1","Mariana Soledad","Pereira","Magíster En Matemática","Adjunto","Semi-Exclusiva","Ciencias Básicas","Facultad Regional La Plata","La Plata","Buenos Aires","2026-05-26",\N,"1"
"1237","1237","C1","Tarde","B14","50","Qui1001","Química General","30","15","30","1","Rodrigo Matías","Campos","Ingeniero En Sistemas","Adjunto","Simple","Ingeniería En Sistemas De Información","Facultad Regional La Plata","La Plata","Buenos Aires","2026-05-26",\N,"1"
"1238","1238","C2","Tarde","B20","50","Qui1001","Química General","30","15","30","1","Marcelo Adrián","Gutiérrez","Magíster En Inteligencia Artificial","Adjunto","Semi-Exclusiva","Ingeniería En Sistemas De Información","Facultad Regional La Plata","La Plata","Buenos Aires","2026-05-26",\N,"1"
"1239","1239","C1","Mañana","L12","80","Qui1001","Química General","30","15","30","1","Sebastián Nicolás","Álvarez","Magíster En Gestión De Proyectos","Adjunto","Semi-Exclusiva","Ingeniería Industrial","Facultad Regional La Plata","La Plata","Buenos Aires","2026-05-26",\N,"1"
"1240","1240","C2","Tarde","C16","50","Qui1001","Química General","30","15","30","1","Susana Graciela","Ríos","Ingeniera Industrial","Adjunto","Simple","Ingeniería Industrial","Facultad Regional La Plata","La Plata","Buenos Aires","2026-05-26",\N,"1"
"1241","1241","C1","Noche","A14","60","Inf1001","Algoritmos Y Estructuras De Datos","30","15","30","1","Ana Paula","Martínez","Magíster En Matemática Aplicada","Adjunto","Simple","Ciencias Básicas","Facultad Regional La Plata","La Plata","Buenos Aires","2026-05-26",\N,"1"
"1242","1242","C2","Noche","D08","45","Inf1001","Algoritmos Y Estructuras De Datos","30","15","30","1","Alejandro José","Núñez","Ingeniero Electrónico","Adjunto","Simple","Ingeniería Electrónica","Facultad Regional La Plata","La Plata","Buenos Aires","2026-05-26",\N,"1"
"1243","1243","C1","Noche","D16","40","Inf1001","Algoritmos Y Estructuras De Datos","30","15","30","1","Mariela Noelia","Ponce","Doctora En Ciencias Básicas","Titular","Exclusiva","Ciencias Básicas","Facultad Regional La Plata","La Plata","Buenos Aires","2026-05-26",\N,"1"
"1244","1244","C2","Noche","D13","45","Inf1001","Algoritmos Y Estructuras De Datos","30","15","30","1","Facundo Ezequiel","Jiménez","Magíster En Ciencias De La Computación","Adjunto","Semi-Exclusiva","Ingeniería En Sistemas De Información","Facultad Regional La Plata","La Plata","Buenos Aires","2026-05-26",\N,"1"
"1245","1245","C1","Tarde","A02","60","Mat2001","Análisis Matemático Ii","60","30","0","2","Rodrigo Matías","Campos","Ingeniero En Sistemas","Adjunto","Simple","Ingeniería En Sistemas De Información","Facultad Regional La Plata","La Plata","Buenos Aires","2026-05-26",\N,"1"
"1246","1246","C2","Noche","D13","40","Mat2001","Análisis Matemático Ii","60","30","0","2","Facundo Ezequiel","Jiménez","Magíster En Ciencias De La Computación","Adjunto","Semi-Exclusiva","Ingeniería En Sistemas De Información","Facultad Regional La Plata","La Plata","Buenos Aires","2026-05-26",\N,"1"
"1247","1247","C1","Noche","C01","60","Mat2001","Análisis Matemático Ii","60","30","0","2","Florencia Daniela","Cabrera","Doctora En Ingeniería","Asociado","Semi-Exclusiva","Ingeniería Civil","Facultad Regional La Plata","La Plata","Buenos Aires","2026-05-26",\N,"1"
"1248","1248","C2","Noche","L11","60","Mat2001","Análisis Matemático Ii","60","30","0","2","Mariana Soledad","Pereira","Magíster En Matemática","Adjunto","Semi-Exclusiva","Ciencias Básicas","Facultad Regional La Plata","La Plata","Buenos Aires","2026-05-26",\N,"1"
"1249","1249","C1","Noche","C14","80","Mat2002","Probabilidad Y Estadística","45","30","0","2","Jorge Osvaldo","Sánchez","Magíster En Ingeniería Industrial","Titular","Semi-Exclusiva","Ingeniería Industrial","Facultad Regional La Plata","La Plata","Buenos Aires","2026-05-26",\N,"1"
"1250","1250","C2","Noche","B19","30","Mat2002","Probabilidad Y Estadística","45","30","0","2","Ignacio Ramón","Ibáñez","Magíster En Seguridad Informática","Adjunto","Semi-Exclusiva","Ingeniería En Sistemas De Información","Facultad Regional La Plata","La Plata","Buenos Aires","2026-05-26",\N,"1"
"1251","1251","C1","Tarde","B08","60","Mat2002","Probabilidad Y Estadística","45","30","0","2","Diego Marcelo","Torres","Ingeniero Mecánico","Adjunto","Simple","Ingeniería Mecánica","Facultad Regional La Plata","La Plata","Buenos Aires","2026-05-26",\N,"1"
"1252","1252","C2","Noche","D18","50","Mat2002","Probabilidad Y Estadística","45","30","0","2","Cristian Ariel","Ortega","Ingeniero Mecánico","Adjunto","Simple","Ingeniería Mecánica","Facultad Regional La Plata","La Plata","Buenos Aires","2026-05-26",\N,"1"
"1253","1253","C1","Mañana","L14","30","Fis2001","Física Ii","45","30","15","2","Facundo Ezequiel","Jiménez","Magíster En Ciencias De La Computación","Adjunto","Semi-Exclusiva","Ingeniería En Sistemas De Información","Facultad Regional La Plata","La Plata","Buenos Aires","2026-05-26",\N,"1"
"1254","1254","C2","Mañana","L19","35","Fis2001","Física Ii","45","30","15","2","Tomás Agustín","Domínguez","Magíster En Electrónica","Adjunto","Semi-Exclusiva","Ingeniería Electrónica","Facultad Regional La Plata","La Plata","Buenos Aires","2026-05-26",\N,"1"
"1255","1255","C1","Noche","B05","30","Fis2001","Física Ii","45","30","15","2","Claudia Verónica","Morales","Ingeniera Industrial","Adjunto","Simple","Ingeniería Industrial","Facultad Regional La Plata","La Plata","Buenos Aires","2026-05-26",\N,"1"
"1256","1256","C2","Mañana","D17","80","Fis2001","Física Ii","45","30","15","2","Carlos Alberto","García","Ingeniero En Sistemas","Titular","Exclusiva","Ingeniería En Sistemas De Información","Facultad Regional La Plata","La Plata","Buenos Aires","2026-05-26",\N,"1"
"1257","1257","C1","Mañana","B01","35","Inf2001","Programación Orientada A Objetos","30","15","30","2","Pilar Estela","Molina","Ingeniera Civil","Adjunto","Simple","Ingeniería Civil","Facultad Regional La Plata","La Plata","Buenos Aires","2026-05-26",\N,"1"
"1258","1258","C2","Mañana","D06","60","Inf2001","Programación Orientada A Objetos","30","15","30","2","Marcelo Adrián","Gutiérrez","Magíster En Inteligencia Artificial","Adjunto","Semi-Exclusiva","Ingeniería En Sistemas De Información","Facultad Regional La Plata","La Plata","Buenos Aires","2026-05-26",\N,"1"
"1259","1259","C1","Mañana","D13","45","Inf2001","Programación Orientada A Objetos","30","15","30","2","Luciana Paola","Moreno","Ingeniera Química","Adjunto","Simple","Ingeniería Química","Facultad Regional La Plata","La Plata","Buenos Aires","2026-05-26",\N,"1"
"1260","1260","C2","Noche","C05","80","Inf2001","Programación Orientada A Objetos","30","15","30","2","Alejandro José","Núñez","Ingeniero Electrónico","Adjunto","Simple","Ingeniería Electrónica","Facultad Regional La Plata","La Plata","Buenos Aires","2026-05-26",\N,"1"
"1261","1261","C1","Noche","L07","50","Inf2002","Arquitectura De Computadoras","45","15","15","2","Luis Alberto","Vera","Ingeniero Industrial","Adjunto","Simple","Ingeniería Industrial","Facultad Regional La Plata","La Plata","Buenos Aires","2026-05-26",\N,"1"
"1262","1262","C2","Noche","D02","35","Inf2002","Arquitectura De Computadoras","45","15","15","2","Sofía Valentina","Vega","Magíster En Ciencias De La Computación","Adjunto","Semi-Exclusiva","Ingeniería En Sistemas De Información","Facultad Regional La Plata","La Plata","Buenos Aires","2026-05-26",\N,"1"
"1263","1263","C1","Noche","D05","45","Inf2002","Arquitectura De Computadoras","45","15","15","2","Carolina Florencia","Díaz","Ingeniera Civil","Adjunto","Simple","Ingeniería Civil","Facultad Regional La Plata","La Plata","Buenos Aires","2026-05-26",\N,"1"
"1264","1264","C2","Noche","C09","30","Inf2002","Arquitectura De Computadoras","45","15","15","2","Susana Graciela","Ríos","Ingeniera Industrial","Adjunto","Simple","Ingeniería Industrial","Facultad Regional La Plata","La Plata","Buenos Aires","2026-05-26",\N,"1"
"1265","1265","C2","Noche","C01","35","Mat3001","Análisis Matemático Iii","45","30","0","3","Sebastián Nicolás","Álvarez","Magíster En Gestión De Proyectos","Adjunto","Semi-Exclusiva","Ingeniería Industrial","Facultad Regional La Plata","La Plata","Buenos Aires","2026-05-26",\N,"1"
"1266","1266","C1","Noche","B08","45","Mat3001","Análisis Matemático Iii","45","30","0","3","Carolina Florencia","Díaz","Ingeniera Civil","Adjunto","Simple","Ingeniería Civil","Facultad Regional La Plata","La Plata","Buenos Aires","2026-05-26",\N,"1"
"1267","1267","C2","Mañana","C20","35","Mat3001","Análisis Matemático Iii","45","30","0","3","Sofía Valentina","Vega","Magíster En Ciencias De La Computación","Adjunto","Semi-Exclusiva","Ingeniería En Sistemas De Información","Facultad Regional La Plata","La Plata","Buenos Aires","2026-05-26",\N,"1"
"1268","1268","C1","Tarde","B01","45","Inf3001","Base De Datos","30","15","30","3","Alejandra Cecilia","Romero","Doctora En Ingeniería Industrial","Asociado","Semi-Exclusiva","Ingeniería Industrial","Facultad Regional La Plata","La Plata","Buenos Aires","2026-05-26",\N,"1"
"1269","1269","C2","Mañana","A09","35","Inf3001","Base De Datos","30","15","30","3","Ana Paula","Martínez","Magíster En Matemática Aplicada","Adjunto","Simple","Ciencias Básicas","Facultad Regional La Plata","La Plata","Buenos Aires","2026-05-26",\N,"1"
"1270","1270","C1","Noche","A14","80","Inf3002","Ingeniería De Software I","45","15","15","3","Gabriela Inés","Flores","Magíster En Sistemas De Información","Asociado","Semi-Exclusiva","Ingeniería En Sistemas De Información","Facultad Regional La Plata","La Plata","Buenos Aires","2026-05-26",\N,"1"
"1271","1271","C2","Tarde","A06","45","Inf3002","Ingeniería De Software I","45","15","15","3","Héctor Luis","González","Doctor En Física","Titular","Exclusiva","Ciencias Básicas","Facultad Regional La Plata","La Plata","Buenos Aires","2026-05-26",\N,"1"
"1272","1272","C1","Noche","L05","60","Inf3002","Ingeniería De Software I","45","15","15","3","Natalia Belén","Castro","Magíster En Telecomunicaciones","Adjunto","Semi-Exclusiva","Ingeniería Electrónica","Facultad Regional La Plata","La Plata","Buenos Aires","2026-05-26",\N,"1"
"1273","1273","C2","Noche","B08","40","Inf3002","Ingeniería De Software I","45","15","15","3","Tomás Agustín","Domínguez","Magíster En Electrónica","Adjunto","Semi-Exclusiva","Ingeniería Electrónica","Facultad Regional La Plata","La Plata","Buenos Aires","2026-05-26",\N,"1"
"1274","1274","C1","Noche","D12","35","Inf3003","Sistemas Operativos","30","15","30","3","Eduardo Martín","Vargas","Ingeniero En Sistemas","Adjunto","Simple","Ingeniería En Sistemas De Información","Facultad Regional La Plata","La Plata","Buenos Aires","2026-05-26",\N,"1"
"1275","1275","C2","Mañana","L14","60","Inf3003","Sistemas Operativos","30","15","30","3","Florencia Daniela","Cabrera","Doctora En Ingeniería","Asociado","Semi-Exclusiva","Ingeniería Civil","Facultad Regional La Plata","La Plata","Buenos Aires","2026-05-26",\N,"1"
"1276","1276","C2","Tarde","L08","40","Inf3003","Sistemas Operativos","30","15","30","3","Florencia Daniela","Cabrera","Doctora En Ingeniería","Asociado","Semi-Exclusiva","Ingeniería Civil","Facultad Regional La Plata","La Plata","Buenos Aires","2026-05-26",\N,"1"
"1277","1277","C2","Tarde","A10","60","Inf3005","Redes De Computadoras","30","15","30","3","Claudia Verónica","Morales","Ingeniera Industrial","Adjunto","Simple","Ingeniería Industrial","Facultad Regional La Plata","La Plata","Buenos Aires","2026-05-26",\N,"1"
"1278","1278","C1","Noche","C06","35","Inf3005","Redes De Computadoras","30","15","30","3","Susana Graciela","Ríos","Ingeniera Industrial","Adjunto","Simple","Ingeniería Industrial","Facultad Regional La Plata","La Plata","Buenos Aires","2026-05-26",\N,"1"
"1279","1279","C2","Noche","D03","80","Inf3005","Redes De Computadoras","30","15","30","3","Carlos Alberto","García","Ingeniero En Sistemas","Titular","Exclusiva","Ingeniería En Sistemas De Información","Facultad Regional La Plata","La Plata","Buenos Aires","2026-05-26",\N,"1"
"1280","1280","C1","Noche","D04","35","Inf4001","Ingeniería De Software Ii","45","15","15","4","Luciana Paola","Moreno","Ingeniera Química","Adjunto","Simple","Ingeniería Química","Facultad Regional La Plata","La Plata","Buenos Aires","2026-05-26",\N,"1"
"1281","1281","C1","Tarde","L03","35","Inf4001","Ingeniería De Software Ii","45","15","15","4","Facundo Ezequiel","Jiménez","Magíster En Ciencias De La Computación","Adjunto","Semi-Exclusiva","Ingeniería En Sistemas De Información","Facultad Regional La Plata","La Plata","Buenos Aires","2026-05-26",\N,"1"
"1282","1282","C2","Mañana","D20","35","Inf4001","Ingeniería De Software Ii","45","15","15","4","Héctor Luis","González","Doctor En Física","Titular","Exclusiva","Ciencias Básicas","Facultad Regional La Plata","La Plata","Buenos Aires","2026-05-26",\N,"1"
"1283","1283","C1","Noche","D18","50","Inf4002","Inteligencia Artificial","30","15","30","4","Ignacio Ramón","Ibáñez","Magíster En Seguridad Informática","Adjunto","Semi-Exclusiva","Ingeniería En Sistemas De Información","Facultad Regional La Plata","La Plata","Buenos Aires","2026-05-26",\N,"1"
"1284","1284","C2","Tarde","D05","30","Inf4002","Inteligencia Artificial","30","15","30","4","Eduardo Martín","Vargas","Ingeniero En Sistemas","Adjunto","Simple","Ingeniería En Sistemas De Información","Facultad Regional La Plata","La Plata","Buenos Aires","2026-05-26",\N,"1"
"1285","1285","C2","Noche","A14","60","Inf4002","Inteligencia Artificial","30","15","30","4","Sofía Valentina","Vega","Magíster En Ciencias De La Computación","Adjunto","Semi-Exclusiva","Ingeniería En Sistemas De Información","Facultad Regional La Plata","La Plata","Buenos Aires","2026-05-26",\N,"1"
"1286","1286","C1","Tarde","L12","60","Inf4003","Gestión De Proyectos","45","15","0","4","María Elena","Rodríguez","Doctora En Ciencias De La Computación","Titular","Exclusiva","Ingeniería En Sistemas De Información","Facultad Regional La Plata","La Plata","Buenos Aires","2026-05-26",\N,"1"
"1287","1287","C2","Noche","B15","50","Inf4003","Gestión De Proyectos","45","15","0","4","Gustavo Raúl","Medina","Doctor En Matemática","Titular","Exclusiva","Ciencias Básicas","Facultad Regional La Plata","La Plata","Buenos Aires","2026-05-26",\N,"1"
"1288","1288","C2","Mañana","B05","40","Inf4003","Gestión De Proyectos","45","15","0","4","Claudia Verónica","Morales","Ingeniera Industrial","Adjunto","Simple","Ingeniería Industrial","Facultad Regional La Plata","La Plata","Buenos Aires","2026-05-26",\N,"1"
"1289","1289","C2","Noche","B04","30","Inf4004","Seguridad Informática","30","15","30","4","Jorge Osvaldo","Sánchez","Magíster En Ingeniería Industrial","Titular","Semi-Exclusiva","Ingeniería Industrial","Facultad Regional La Plata","La Plata","Buenos Aires","2026-05-26",\N,"1"
"1290","1290","C1","Noche","C20","35","Inf4004","Seguridad Informática","30","15","30","4","Pablo Sebastián","Ruiz","Doctor En Ingeniería","Titular","Exclusiva","Ingeniería Civil","Facultad Regional La Plata","La Plata","Buenos Aires","2026-05-26",\N,"1"
"1291","1291","C2","Noche","L06","50","Inf4004","Seguridad Informática","30","15","30","4","Silvina Beatriz","Fernández","Ingeniera Electrónica","Adjunto","Semi-Exclusiva","Ingeniería Electrónica","Facultad Regional La Plata","La Plata","Buenos Aires","2026-05-26",\N,"1"
"1292","1292","C1","Noche","D08","45","Inf4005","Diseño De Sistemas","45","15","15","4","Sandra Mabel","Fuentes","Magíster En Sistemas Embebidos","Adjunto","Semi-Exclusiva","Ingeniería Electrónica","Facultad Regional La Plata","La Plata","Buenos Aires","2026-05-26",\N,"1"
"1293","1293","C1","Noche","B03","80","Inf4005","Diseño De Sistemas","45","15","15","4","Verónica Adriana","Rojas","Doctora En Ciencias De La Computación","Titular","Exclusiva","Ingeniería En Sistemas De Información","Facultad Regional La Plata","La Plata","Buenos Aires","2026-05-26",\N,"1"
"1294","1294","C2","Noche","A08","35","Inf4005","Diseño De Sistemas","45","15","15","4","María Elena","Rodríguez","Doctora En Ciencias De La Computación","Titular","Exclusiva","Ingeniería En Sistemas De Información","Facultad Regional La Plata","La Plata","Buenos Aires","2026-05-26",\N,"1"
"1295","1295","C1","Noche","C04","40","Inf5001","Proyecto Final","15","0","60","5","Héctor Luis","González","Doctor En Física","Titular","Exclusiva","Ciencias Básicas","Facultad Regional La Plata","La Plata","Buenos Aires","2026-05-26",\N,"1"
"1296","1296","C2","Noche","B14","80","Inf5001","Proyecto Final","15","0","60","5","Roberto Augusto","López","Ingeniero Civil","Asociado","Semi-Exclusiva","Ingeniería Civil","Facultad Regional La Plata","La Plata","Buenos Aires","2026-05-26",\N,"1"
"1297","1297","C2","Noche","B13","45","Inf4006","Aprendizaje Automático","30","15","30","4","Gustavo Raúl","Medina","Doctor En Matemática","Titular","Exclusiva","Ciencias Básicas","Facultad Regional La Plata","La Plata","Buenos Aires","2026-05-26",\N,"1"
"1298","1298","C1","Tarde","A02","80","Inf4006","Aprendizaje Automático","30","15","30","4","Héctor Luis","González","Doctor En Física","Titular","Exclusiva","Ciencias Básicas","Facultad Regional La Plata","La Plata","Buenos Aires","2026-05-26",\N,"1"
"1299","1299","C2","Noche","C03","60","Inf4007","Desarrollo De Aplicaciones Web","30","15","30","4","Gustavo Raúl","Medina","Doctor En Matemática","Titular","Exclusiva","Ciencias Básicas","Facultad Regional La Plata","La Plata","Buenos Aires","2026-05-26",\N,"1"
"1300","1300","C2","Noche","D10","40","Inf4007","Desarrollo De Aplicaciones Web","30","15","30","4","Mariela Noelia","Ponce","Doctora En Ciencias Básicas","Titular","Exclusiva","Ciencias Básicas","Facultad Regional La Plata","La Plata","Buenos Aires","2026-05-26",\N,"1"
"1301","1301","C1","Noche","C02","45","Mat1001","Análisis Matemático I","60","30","0","1","María Elena","Rodríguez","Doctora En Ciencias De La Computación","Titular","Exclusiva","Ingeniería En Sistemas De Información","Facultad Regional La Plata","La Plata","Buenos Aires","2026-05-26",\N,"1"
"1302","1302","C2","Noche","C01","50","Mat1001","Análisis Matemático I","60","30","0","1","Sofía Valentina","Vega","Magíster En Ciencias De La Computación","Adjunto","Semi-Exclusiva","Ingeniería En Sistemas De Información","Facultad Regional La Plata","La Plata","Buenos Aires","2026-05-26",\N,"1"
"1303","1303","C1","Tarde","L19","60","Mat1001","Análisis Matemático I","60","30","0","1","Mariela Noelia","Ponce","Doctora En Ciencias Básicas","Titular","Exclusiva","Ciencias Básicas","Facultad Regional La Plata","La Plata","Buenos Aires","2026-05-26",\N,"1"
"1304","1304","C2","Tarde","L18","80","Mat1001","Análisis Matemático I","60","30","0","1","Florencia Daniela","Cabrera","Doctora En Ingeniería","Asociado","Semi-Exclusiva","Ingeniería Civil","Facultad Regional La Plata","La Plata","Buenos Aires","2026-05-26",\N,"1"
"1305","1305","C1","Noche","C15","45","Mat1002","Álgebra Y Geometría Analítica","60","30","0","1","Ana Paula","Martínez","Magíster En Matemática Aplicada","Adjunto","Simple","Ciencias Básicas","Facultad Regional La Plata","La Plata","Buenos Aires","2026-05-26",\N,"1"
"1306","1306","C2","Tarde","A14","80","Mat1002","Álgebra Y Geometría Analítica","60","30","0","1","Silvina Beatriz","Fernández","Ingeniera Electrónica","Adjunto","Semi-Exclusiva","Ingeniería Electrónica","Facultad Regional La Plata","La Plata","Buenos Aires","2026-05-26",\N,"1"
"1307","1307","C1","Noche","D20","40","Mat1002","Álgebra Y Geometría Analítica","60","30","0","1","Mariana Soledad","Pereira","Magíster En Matemática","Adjunto","Semi-Exclusiva","Ciencias Básicas","Facultad Regional La Plata","La Plata","Buenos Aires","2026-05-26",\N,"1"
"1308","1308","C2","Mañana","B09","30","Mat1002","Álgebra Y Geometría Analítica","60","30","0","1","Florencia Daniela","Cabrera","Doctora En Ingeniería","Asociado","Semi-Exclusiva","Ingeniería Civil","Facultad Regional La Plata","La Plata","Buenos Aires","2026-05-26",\N,"1"
"1309","1309","C1","Mañana","D09","45","Fis1001","Física I","45","30","15","1","Nicolás Emilio","Suárez","Magíster En Redes","Adjunto","Semi-Exclusiva","Ingeniería En Sistemas De Información","Facultad Regional La Plata","La Plata","Buenos Aires","2026-05-26",\N,"1"
"1310","1310","C2","Noche","B19","60","Fis1001","Física I","45","30","15","1","Diego Marcelo","Torres","Ingeniero Mecánico","Adjunto","Simple","Ingeniería Mecánica","Facultad Regional La Plata","La Plata","Buenos Aires","2026-05-26",\N,"1"
"1311","1311","C1","Mañana","B16","30","Fis1001","Física I","45","30","15","1","Diego Marcelo","Torres","Ingeniero Mecánico","Adjunto","Simple","Ingeniería Mecánica","Facultad Regional La Plata","La Plata","Buenos Aires","2026-05-26",\N,"1"
"1312","1312","C2","Noche","D06","40","Fis1001","Física I","45","30","15","1","Mariela Noelia","Ponce","Doctora En Ciencias Básicas","Titular","Exclusiva","Ciencias Básicas","Facultad Regional La Plata","La Plata","Buenos Aires","2026-05-26",\N,"1"
"1313","1313","C1","Tarde","C03","80","Qui1001","Química General","30","15","30","1","Pilar Estela","Molina","Ingeniera Civil","Adjunto","Simple","Ingeniería Civil","Facultad Regional La Plata","La Plata","Buenos Aires","2026-05-26",\N,"1"
"1314","1314","C2","Tarde","L19","30","Qui1001","Química General","30","15","30","1","Pilar Estela","Molina","Ingeniera Civil","Adjunto","Simple","Ingeniería Civil","Facultad Regional La Plata","La Plata","Buenos Aires","2026-05-26",\N,"1"
"1315","1315","C1","Tarde","D10","45","Qui1001","Química General","30","15","30","1","Diego Marcelo","Torres","Ingeniero Mecánico","Adjunto","Simple","Ingeniería Mecánica","Facultad Regional La Plata","La Plata","Buenos Aires","2026-05-26",\N,"1"
"1316","1316","C2","Tarde","C11","35","Qui1001","Química General","30","15","30","1","Ignacio Ramón","Ibáñez","Magíster En Seguridad Informática","Adjunto","Semi-Exclusiva","Ingeniería En Sistemas De Información","Facultad Regional La Plata","La Plata","Buenos Aires","2026-05-26",\N,"1"
"1317","1317","C1","Tarde","B08","30","Mat2001","Análisis Matemático Ii","60","30","0","2","Leandro Damián","Acosta","Doctor En Ingeniería Civil","Titular","Exclusiva","Ingeniería Civil","Facultad Regional La Plata","La Plata","Buenos Aires","2026-05-26",\N,"1"
"1318","1318","C2","Tarde","D12","30","Mat2001","Análisis Matemático Ii","60","30","0","2","Luciana Paola","Moreno","Ingeniera Química","Adjunto","Simple","Ingeniería Química","Facultad Regional La Plata","La Plata","Buenos Aires","2026-05-26",\N,"1"
"1319","1319","C1","Mañana","A08","40","Mat2001","Análisis Matemático Ii","60","30","0","2","Sandra Mabel","Fuentes","Magíster En Sistemas Embebidos","Adjunto","Semi-Exclusiva","Ingeniería Electrónica","Facultad Regional La Plata","La Plata","Buenos Aires","2026-05-26",\N,"1"
"1320","1320","C2","Noche","L16","40","Mat2001","Análisis Matemático Ii","60","30","0","2","Florencia Daniela","Cabrera","Doctora En Ingeniería","Asociado","Semi-Exclusiva","Ingeniería Civil","Facultad Regional La Plata","La Plata","Buenos Aires","2026-05-26",\N,"1"
"1321","1321","C1","Noche","L06","60","Mat2002","Probabilidad Y Estadística","45","30","0","2","Sandra Mabel","Fuentes","Magíster En Sistemas Embebidos","Adjunto","Semi-Exclusiva","Ingeniería Electrónica","Facultad Regional La Plata","La Plata","Buenos Aires","2026-05-26",\N,"1"
"1322","1322","C2","Noche","B20","35","Mat2002","Probabilidad Y Estadística","45","30","0","2","Pilar Estela","Molina","Ingeniera Civil","Adjunto","Simple","Ingeniería Civil","Facultad Regional La Plata","La Plata","Buenos Aires","2026-05-26",\N,"1"
"1323","1323","C1","Noche","L05","30","Mat2002","Probabilidad Y Estadística","45","30","0","2","Luis Alberto","Vera","Ingeniero Industrial","Adjunto","Simple","Ingeniería Industrial","Facultad Regional La Plata","La Plata","Buenos Aires","2026-05-26",\N,"1"
"1324","1324","C2","Noche","L03","30","Mat2002","Probabilidad Y Estadística","45","30","0","2","María Elena","Rodríguez","Doctora En Ciencias De La Computación","Titular","Exclusiva","Ingeniería En Sistemas De Información","Facultad Regional La Plata","La Plata","Buenos Aires","2026-05-26",\N,"1"
"1325","1325","C2","Tarde","A14","45","Mat3001","Análisis Matemático Iii","45","30","0","3","Gustavo Raúl","Medina","Doctor En Matemática","Titular","Exclusiva","Ciencias Básicas","Facultad Regional La Plata","La Plata","Buenos Aires","2026-05-26",\N,"1"
"1326","1326","C2","Noche","L12","60","Mat3001","Análisis Matemático Iii","45","30","0","3","Luciana Paola","Moreno","Ingeniera Química","Adjunto","Simple","Ingeniería Química","Facultad Regional La Plata","La Plata","Buenos Aires","2026-05-26",\N,"1"
"1327","1327","C2","Tarde","L08","35","Inf3004","Paradigmas De Programación","45","15","15","3","Luis Alberto","Vera","Ingeniero Industrial","Adjunto","Simple","Ingeniería Industrial","Facultad Regional La Plata","La Plata","Buenos Aires","2026-05-26",\N,"1"
"1328","1328","C2","Tarde","D07","35","Inf3004","Paradigmas De Programación","45","15","15","3","Mariela Noelia","Ponce","Doctora En Ciencias Básicas","Titular","Exclusiva","Ciencias Básicas","Facultad Regional La Plata","La Plata","Buenos Aires","2026-05-26",\N,"1"
"1329","1329","C1","Noche","A16","45","Inf4003","Gestión De Proyectos","45","15","0","4","Sofía Valentina","Vega","Magíster En Ciencias De La Computación","Adjunto","Semi-Exclusiva","Ingeniería En Sistemas De Información","Facultad Regional La Plata","La Plata","Buenos Aires","2026-05-26",\N,"1"
"1330","1330","C1","Noche","C07","35","Inf4003","Gestión De Proyectos","45","15","0","4","Facundo Ezequiel","Jiménez","Magíster En Ciencias De La Computación","Adjunto","Semi-Exclusiva","Ingeniería En Sistemas De Información","Facultad Regional La Plata","La Plata","Buenos Aires","2026-05-26",\N,"1"
"1331","1331","C1","Noche","L07","30","Adm1001","Administración General","60","15","0","1","Ignacio Ramón","Ibáñez","Magíster En Seguridad Informática","Adjunto","Semi-Exclusiva","Ingeniería En Sistemas De Información","Facultad Regional La Plata","La Plata","Buenos Aires","2026-05-26",\N,"1"
"1332","1332","C2","Noche","D03","60","Adm1001","Administración General","60","15","0","1","Pilar Estela","Molina","Ingeniera Civil","Adjunto","Simple","Ingeniería Civil","Facultad Regional La Plata","La Plata","Buenos Aires","2026-05-26",\N,"1"
"1333","1333","C1","Tarde","C19","60","Adm1001","Administración General","60","15","0","1","Héctor Luis","González","Doctor En Física","Titular","Exclusiva","Ciencias Básicas","Facultad Regional La Plata","La Plata","Buenos Aires","2026-05-26",\N,"1"
"1334","1334","C2","Noche","A19","45","Adm1001","Administración General","60","15","0","1","Rodrigo Matías","Campos","Ingeniero En Sistemas","Adjunto","Simple","Ingeniería En Sistemas De Información","Facultad Regional La Plata","La Plata","Buenos Aires","2026-05-26",\N,"1"
"1335","1335","C1","Noche","L04","60","Adm2001","Economía General","60","15","0","2","Luciana Paola","Moreno","Ingeniera Química","Adjunto","Simple","Ingeniería Química","Facultad Regional La Plata","La Plata","Buenos Aires","2026-05-26",\N,"1"
"1336","1336","C2","Tarde","L07","50","Adm2001","Economía General","60","15","0","2","Carlos Alberto","García","Ingeniero En Sistemas","Titular","Exclusiva","Ingeniería En Sistemas De Información","Facultad Regional La Plata","La Plata","Buenos Aires","2026-05-26",\N,"1"
"1337","1337","C1","Noche","D08","60","Adm2001","Economía General","60","15","0","2","Patricia Andrea","Ramírez","Doctora En Química","Titular","Exclusiva","Ingeniería Química","Facultad Regional La Plata","La Plata","Buenos Aires","2026-05-26",\N,"1"
"1338","1338","C2","Noche","L11","40","Adm2001","Economía General","60","15","0","2","Luis Alberto","Vera","Ingeniero Industrial","Adjunto","Simple","Ingeniería Industrial","Facultad Regional La Plata","La Plata","Buenos Aires","2026-05-26",\N,"1"
"1339","1339","C1","Noche","D09","60","Adm3001","Contabilidad Y Costos","45","30","0","3","Cristian Ariel","Ortega","Ingeniero Mecánico","Adjunto","Simple","Ingeniería Mecánica","Facultad Regional La Plata","La Plata","Buenos Aires","2026-05-26",\N,"1"
"1340","1340","C1","Tarde","C06","45","Adm3001","Contabilidad Y Costos","45","30","0","3","Verónica Adriana","Rojas","Doctora En Ciencias De La Computación","Titular","Exclusiva","Ingeniería En Sistemas De Información","Facultad Regional La Plata","La Plata","Buenos Aires","2026-05-26",\N,"1"
"1341","1341","C1","Noche","B07","40","Ind3001","Investigación Operativa","45","30","0","3","Gustavo Raúl","Medina","Doctor En Matemática","Titular","Exclusiva","Ciencias Básicas","Facultad Regional La Plata","La Plata","Buenos Aires","2026-05-26",\N,"1"
"1342","1342","C1","Noche","A05","50","Ind3001","Investigación Operativa","45","30","0","3","Natalia Belén","Castro","Magíster En Telecomunicaciones","Adjunto","Semi-Exclusiva","Ingeniería Electrónica","Facultad Regional La Plata","La Plata","Buenos Aires","2026-05-26",\N,"1"
"1343","1343","C1","Noche","B14","30","Ind4001","Logística Y Cadena De Suministro","45","15","0","4","Jorge Osvaldo","Sánchez","Magíster En Ingeniería Industrial","Titular","Semi-Exclusiva","Ingeniería Industrial","Facultad Regional La Plata","La Plata","Buenos Aires","2026-05-26",\N,"1"
"1344","1344","C1","Noche","D12","35","Ind4001","Logística Y Cadena De Suministro","45","15","0","4","Nicolás Emilio","Suárez","Magíster En Redes","Adjunto","Semi-Exclusiva","Ingeniería En Sistemas De Información","Facultad Regional La Plata","La Plata","Buenos Aires","2026-05-26",\N,"1"
"1345","1345","C1","Mañana","D18","30","Ind4002","Gestión De La Calidad","45","15","0","4","Jorge Osvaldo","Sánchez","Magíster En Ingeniería Industrial","Titular","Semi-Exclusiva","Ingeniería Industrial","Facultad Regional La Plata","La Plata","Buenos Aires","2026-05-26",\N,"1"
"1346","1346","C2","Tarde","L20","45","Ind4002","Gestión De La Calidad","45","15","0","4","Sofía Valentina","Vega","Magíster En Ciencias De La Computación","Adjunto","Semi-Exclusiva","Ingeniería En Sistemas De Información","Facultad Regional La Plata","La Plata","Buenos Aires","2026-05-26",\N,"1"
"1347","1347","C1","Noche","L03","80","Mat1001","Análisis Matemático I","60","30","0","1","Ana Paula","Martínez","Magíster En Matemática Aplicada","Adjunto","Simple","Ciencias Básicas","Facultad Regional La Plata","La Plata","Buenos Aires","2026-05-26",\N,"1"
"1348","1348","C2","Tarde","D07","60","Mat1001","Análisis Matemático I","60","30","0","1","Valeria Soledad","Herrera","Ingeniera Electrónica","Adjunto","Simple","Ingeniería Electrónica","Facultad Regional La Plata","La Plata","Buenos Aires","2026-05-26",\N,"1"
"1349","1349","C1","Noche","A15","40","Mat1001","Análisis Matemático I","60","30","0","1","Cristian Ariel","Ortega","Ingeniero Mecánico","Adjunto","Simple","Ingeniería Mecánica","Facultad Regional La Plata","La Plata","Buenos Aires","2026-05-26",\N,"1"
"1350","1350","C2","Noche","D16","60","Mat1001","Análisis Matemático I","60","30","0","1","Tomás Agustín","Domínguez","Magíster En Electrónica","Adjunto","Semi-Exclusiva","Ingeniería Electrónica","Facultad Regional La Plata","La Plata","Buenos Aires","2026-05-26",\N,"1"
"1351","1351","C1","Noche","L15","50","Mat1002","Álgebra Y Geometría Analítica","60","30","0","1","Silvina Beatriz","Fernández","Ingeniera Electrónica","Adjunto","Semi-Exclusiva","Ingeniería Electrónica","Facultad Regional La Plata","La Plata","Buenos Aires","2026-05-26",\N,"1"
"1352","1352","C2","Noche","A19","60","Mat1002","Álgebra Y Geometría Analítica","60","30","0","1","Valeria Soledad","Herrera","Ingeniera Electrónica","Adjunto","Simple","Ingeniería Electrónica","Facultad Regional La Plata","La Plata","Buenos Aires","2026-05-26",\N,"1"
"1353","1353","C1","Noche","A14","45","Mat1002","Álgebra Y Geometría Analítica","60","30","0","1","Alejandra Cecilia","Romero","Doctora En Ingeniería Industrial","Asociado","Semi-Exclusiva","Ingeniería Industrial","Facultad Regional La Plata","La Plata","Buenos Aires","2026-05-26",\N,"1"
"1354","1354","C2","Noche","C09","80","Mat1002","Álgebra Y Geometría Analítica","60","30","0","1","Roberto Augusto","López","Ingeniero Civil","Asociado","Semi-Exclusiva","Ingeniería Civil","Facultad Regional La Plata","La Plata","Buenos Aires","2026-05-26",\N,"1"
"1355","1355","C1","Noche","A07","40","Fis1001","Física I","45","30","15","1","Verónica Adriana","Rojas","Doctora En Ciencias De La Computación","Titular","Exclusiva","Ingeniería En Sistemas De Información","Facultad Regional La Plata","La Plata","Buenos Aires","2026-05-26",\N,"1"
"1356","1356","C2","Noche","A17","30","Fis1001","Física I","45","30","15","1","Nicolás Emilio","Suárez","Magíster En Redes","Adjunto","Semi-Exclusiva","Ingeniería En Sistemas De Información","Facultad Regional La Plata","La Plata","Buenos Aires","2026-05-26",\N,"1"
"1357","1357","C1","Tarde","B14","35","Fis1001","Física I","45","30","15","1","Rodrigo Matías","Campos","Ingeniero En Sistemas","Adjunto","Simple","Ingeniería En Sistemas De Información","Facultad Regional La Plata","La Plata","Buenos Aires","2026-05-26",\N,"1"
"1358","1358","C2","Tarde","D18","40","Fis1001","Física I","45","30","15","1","Carolina Florencia","Díaz","Ingeniera Civil","Adjunto","Simple","Ingeniería Civil","Facultad Regional La Plata","La Plata","Buenos Aires","2026-05-26",\N,"1"
"1359","1359","C1","Tarde","L03","45","Qui1001","Química General","30","15","30","1","Carlos Alberto","García","Ingeniero En Sistemas","Titular","Exclusiva","Ingeniería En Sistemas De Información","Facultad Regional La Plata","La Plata","Buenos Aires","2026-05-26",\N,"1"
"1360","1360","C2","Mañana","A07","45","Qui1001","Química General","30","15","30","1","Leandro Damián","Acosta","Doctor En Ingeniería Civil","Titular","Exclusiva","Ingeniería Civil","Facultad Regional La Plata","La Plata","Buenos Aires","2026-05-26",\N,"1"
"1361","1361","C1","Noche","C19","80","Qui1001","Química General","30","15","30","1","Fernando Daniel","Reyes","Doctor En Física","Asociado","Semi-Exclusiva","Ciencias Básicas","Facultad Regional La Plata","La Plata","Buenos Aires","2026-05-26",\N,"1"
"1362","1362","C2","Noche","C18","80","Qui1001","Química General","30","15","30","1","Marcelo Adrián","Gutiérrez","Magíster En Inteligencia Artificial","Adjunto","Semi-Exclusiva","Ingeniería En Sistemas De Información","Facultad Regional La Plata","La Plata","Buenos Aires","2026-05-26",\N,"1"
"1363","1363","C1","Noche","C13","45","Mat2001","Análisis Matemático Ii","60","30","0","2","Nicolás Emilio","Suárez","Magíster En Redes","Adjunto","Semi-Exclusiva","Ingeniería En Sistemas De Información","Facultad Regional La Plata","La Plata","Buenos Aires","2026-05-26",\N,"1"
"1364","1364","C2","Noche","C19","30","Mat2001","Análisis Matemático Ii","60","30","0","2","Sebastián Nicolás","Álvarez","Magíster En Gestión De Proyectos","Adjunto","Semi-Exclusiva","Ingeniería Industrial","Facultad Regional La Plata","La Plata","Buenos Aires","2026-05-26",\N,"1"
"1365","1365","C1","Tarde","A09","40","Mat2001","Análisis Matemático Ii","60","30","0","2","Ignacio Ramón","Ibáñez","Magíster En Seguridad Informática","Adjunto","Semi-Exclusiva","Ingeniería En Sistemas De Información","Facultad Regional La Plata","La Plata","Buenos Aires","2026-05-26",\N,"1"
"1366","1366","C2","Noche","D05","35","Mat2001","Análisis Matemático Ii","60","30","0","2","Cristian Ariel","Ortega","Ingeniero Mecánico","Adjunto","Simple","Ingeniería Mecánica","Facultad Regional La Plata","La Plata","Buenos Aires","2026-05-26",\N,"1"
"1367","1367","C1","Tarde","L09","35","Mat3001","Análisis Matemático Iii","45","30","0","3","Florencia Daniela","Cabrera","Doctora En Ingeniería","Asociado","Semi-Exclusiva","Ingeniería Civil","Facultad Regional La Plata","La Plata","Buenos Aires","2026-05-26",\N,"1"
"1368","1368","C2","Tarde","L15","80","Mat3001","Análisis Matemático Iii","45","30","0","3","Sebastián Nicolás","Álvarez","Magíster En Gestión De Proyectos","Adjunto","Semi-Exclusiva","Ingeniería Industrial","Facultad Regional La Plata","La Plata","Buenos Aires","2026-05-26",\N,"1"
"1369","1369","C1","Tarde","L08","50","Inf3004","Paradigmas De Programación","45","15","15","3","Carolina Florencia","Díaz","Ingeniera Civil","Adjunto","Simple","Ingeniería Civil","Facultad Regional La Plata","La Plata","Buenos Aires","2026-05-26",\N,"1"
"1370","1370","C1","Noche","C16","35","Inf3004","Paradigmas De Programación","45","15","15","3","Sebastián Nicolás","Álvarez","Magíster En Gestión De Proyectos","Adjunto","Semi-Exclusiva","Ingeniería Industrial","Facultad Regional La Plata","La Plata","Buenos Aires","2026-05-26",\N,"1"
"1371","1371","C2","Noche","D14","40","Inf3004","Paradigmas De Programación","45","15","15","3","Ignacio Ramón","Ibáñez","Magíster En Seguridad Informática","Adjunto","Semi-Exclusiva","Ingeniería En Sistemas De Información","Facultad Regional La Plata","La Plata","Buenos Aires","2026-05-26",\N,"1"
"1372","1372","C1","Tarde","C18","40","Civ1001","Topografía","30","15","30","1","Sebastián Nicolás","Álvarez","Magíster En Gestión De Proyectos","Adjunto","Semi-Exclusiva","Ingeniería Industrial","Facultad Regional La Plata","La Plata","Buenos Aires","2026-05-26",\N,"1"
"1373","1373","C2","Noche","A20","45","Civ1001","Topografía","30","15","30","1","Carolina Florencia","Díaz","Ingeniera Civil","Adjunto","Simple","Ingeniería Civil","Facultad Regional La Plata","La Plata","Buenos Aires","2026-05-26",\N,"1"
"1374","1374","C1","Noche","D06","30","Civ1001","Topografía","30","15","30","1","Gabriela Inés","Flores","Magíster En Sistemas De Información","Asociado","Semi-Exclusiva","Ingeniería En Sistemas De Información","Facultad Regional La Plata","La Plata","Buenos Aires","2026-05-26",\N,"1"
"1375","1375","C2","Noche","B20","80","Civ1001","Topografía","30","15","30","1","Carolina Florencia","Díaz","Ingeniera Civil","Adjunto","Simple","Ingeniería Civil","Facultad Regional La Plata","La Plata","Buenos Aires","2026-05-26",\N,"1"
"1376","1376","C1","Noche","D20","45","Civ2001","Mecánica De Suelos","30","15","30","2","Facundo Ezequiel","Jiménez","Magíster En Ciencias De La Computación","Adjunto","Semi-Exclusiva","Ingeniería En Sistemas De Información","Facultad Regional La Plata","La Plata","Buenos Aires","2026-05-26",\N,"1"
"1377","1377","C2","Tarde","C12","35","Civ2001","Mecánica De Suelos","30","15","30","2","Ana Paula","Martínez","Magíster En Matemática Aplicada","Adjunto","Simple","Ciencias Básicas","Facultad Regional La Plata","La Plata","Buenos Aires","2026-05-26",\N,"1"
"1378","1378","C1","Mañana","C20","60","Civ2001","Mecánica De Suelos","30","15","30","2","Gabriela Inés","Flores","Magíster En Sistemas De Información","Asociado","Semi-Exclusiva","Ingeniería En Sistemas De Información","Facultad Regional La Plata","La Plata","Buenos Aires","2026-05-26",\N,"1"
"1379","1379","C2","Noche","B09","80","Civ2001","Mecánica De Suelos","30","15","30","2","Claudia Verónica","Morales","Ingeniera Industrial","Adjunto","Simple","Ingeniería Industrial","Facultad Regional La Plata","La Plata","Buenos Aires","2026-05-26",\N,"1"
"1380","1380","C1","Tarde","B16","45","Civ3001","Estructuras","45","30","15","3","Carolina Florencia","Díaz","Ingeniera Civil","Adjunto","Simple","Ingeniería Civil","Facultad Regional La Plata","La Plata","Buenos Aires","2026-05-26",\N,"1"
"1381","1381","C2","Noche","D02","35","Civ3001","Estructuras","45","30","15","3","Pablo Sebastián","Ruiz","Doctor En Ingeniería","Titular","Exclusiva","Ingeniería Civil","Facultad Regional La Plata","La Plata","Buenos Aires","2026-05-26",\N,"1"
"1382","1382","C1","Mañana","A10","50","Civ4001","Hidráulica","30","15","30","4","Mariana Soledad","Pereira","Magíster En Matemática","Adjunto","Semi-Exclusiva","Ciencias Básicas","Facultad Regional La Plata","La Plata","Buenos Aires","2026-05-26",\N,"1"
"1383","1383","C2","Tarde","B20","30","Civ4001","Hidráulica","30","15","30","4","Silvina Beatriz","Fernández","Ingeniera Electrónica","Adjunto","Semi-Exclusiva","Ingeniería Electrónica","Facultad Regional La Plata","La Plata","Buenos Aires","2026-05-26",\N,"1"
"1384","1384","C1","Noche","L19","60","Mat1001","Análisis Matemático I","60","30","0","1","Verónica Adriana","Rojas","Doctora En Ciencias De La Computación","Titular","Exclusiva","Ingeniería En Sistemas De Información","Facultad Regional La Plata","La Plata","Buenos Aires","2026-05-26",\N,"1"
"1385","1385","C2","Mañana","C18","60","Mat1001","Análisis Matemático I","60","30","0","1","Mariana Soledad","Pereira","Magíster En Matemática","Adjunto","Semi-Exclusiva","Ciencias Básicas","Facultad Regional La Plata","La Plata","Buenos Aires","2026-05-26",\N,"1"
"1386","1386","C1","Noche","C07","60","Mat1001","Análisis Matemático I","60","30","0","1","Diego Marcelo","Torres","Ingeniero Mecánico","Adjunto","Simple","Ingeniería Mecánica","Facultad Regional La Plata","La Plata","Buenos Aires","2026-05-26",\N,"1"
"1387","1387","C2","Tarde","A12","50","Mat1001","Análisis Matemático I","60","30","0","1","Susana Graciela","Ríos","Ingeniera Industrial","Adjunto","Simple","Ingeniería Industrial","Facultad Regional La Plata","La Plata","Buenos Aires","2026-05-26",\N,"1"
"1388","1388","C1","Tarde","A20","60","Mat1002","Álgebra Y Geometría Analítica","60","30","0","1","Pablo Sebastián","Ruiz","Doctor En Ingeniería","Titular","Exclusiva","Ingeniería Civil","Facultad Regional La Plata","La Plata","Buenos Aires","2026-05-26",\N,"1"
"1389","1389","C2","Noche","L14","80","Mat1002","Álgebra Y Geometría Analítica","60","30","0","1","Gustavo Raúl","Medina","Doctor En Matemática","Titular","Exclusiva","Ciencias Básicas","Facultad Regional La Plata","La Plata","Buenos Aires","2026-05-26",\N,"1"
"1390","1390","C1","Mañana","D01","40","Mat1002","Álgebra Y Geometría Analítica","60","30","0","1","María Elena","Rodríguez","Doctora En Ciencias De La Computación","Titular","Exclusiva","Ingeniería En Sistemas De Información","Facultad Regional La Plata","La Plata","Buenos Aires","2026-05-26",\N,"1"
"1391","1391","C2","Noche","A01","35","Mat1002","Álgebra Y Geometría Analítica","60","30","0","1","Tomás Agustín","Domínguez","Magíster En Electrónica","Adjunto","Semi-Exclusiva","Ingeniería Electrónica","Facultad Regional La Plata","La Plata","Buenos Aires","2026-05-26",\N,"1"
"1392","1392","C1","Tarde","C05","80","Fis1001","Física I","45","30","15","1","Luis Alberto","Vera","Ingeniero Industrial","Adjunto","Simple","Ingeniería Industrial","Facultad Regional La Plata","La Plata","Buenos Aires","2026-05-26",\N,"1"
"1393","1393","C2","Noche","L16","45","Fis1001","Física I","45","30","15","1","Facundo Ezequiel","Jiménez","Magíster En Ciencias De La Computación","Adjunto","Semi-Exclusiva","Ingeniería En Sistemas De Información","Facultad Regional La Plata","La Plata","Buenos Aires","2026-05-26",\N,"1"
"1394","1394","C1","Mañana","B01","30","Fis1001","Física I","45","30","15","1","Jorge Osvaldo","Sánchez","Magíster En Ingeniería Industrial","Titular","Semi-Exclusiva","Ingeniería Industrial","Facultad Regional La Plata","La Plata","Buenos Aires","2026-05-26",\N,"1"
"1395","1395","C2","Tarde","A18","35","Fis1001","Física I","45","30","15","1","Susana Graciela","Ríos","Ingeniera Industrial","Adjunto","Simple","Ingeniería Industrial","Facultad Regional La Plata","La Plata","Buenos Aires","2026-05-26",\N,"1"
"1396","1396","C1","Tarde","B19","80","Qui1001","Química General","30","15","30","1","Claudia Verónica","Morales","Ingeniera Industrial","Adjunto","Simple","Ingeniería Industrial","Facultad Regional La Plata","La Plata","Buenos Aires","2026-05-26",\N,"1"
"1397","1397","C2","Noche","L04","60","Qui1001","Química General","30","15","30","1","Gustavo Raúl","Medina","Doctor En Matemática","Titular","Exclusiva","Ciencias Básicas","Facultad Regional La Plata","La Plata","Buenos Aires","2026-05-26",\N,"1"
"1398","1398","C1","Noche","D10","40","Qui1001","Química General","30","15","30","1","Carlos Alberto","García","Ingeniero En Sistemas","Titular","Exclusiva","Ingeniería En Sistemas De Información","Facultad Regional La Plata","La Plata","Buenos Aires","2026-05-26",\N,"1"
"1399","1399","C2","Noche","A06","30","Qui1001","Química General","30","15","30","1","Alejandra Cecilia","Romero","Doctora En Ingeniería Industrial","Asociado","Semi-Exclusiva","Ingeniería Industrial","Facultad Regional La Plata","La Plata","Buenos Aires","2026-05-26",\N,"1"
"1400","1400","C1","Noche","B01","35","Mat2001","Análisis Matemático Ii","60","30","0","2","Florencia Daniela","Cabrera","Doctora En Ingeniería","Asociado","Semi-Exclusiva","Ingeniería Civil","Facultad Regional La Plata","La Plata","Buenos Aires","2026-05-26",\N,"1"
"1401","1401","C2","Noche","C03","60","Mat2001","Análisis Matemático Ii","60","30","0","2","Luciana Paola","Moreno","Ingeniera Química","Adjunto","Simple","Ingeniería Química","Facultad Regional La Plata","La Plata","Buenos Aires","2026-05-26",\N,"1"
"1402","1402","C1","Tarde","A03","60","Mat2001","Análisis Matemático Ii","60","30","0","2","Verónica Adriana","Rojas","Doctora En Ciencias De La Computación","Titular","Exclusiva","Ingeniería En Sistemas De Información","Facultad Regional La Plata","La Plata","Buenos Aires","2026-05-26",\N,"1"
"1403","1403","C2","Noche","A01","60","Mat2001","Análisis Matemático Ii","60","30","0","2","Diego Marcelo","Torres","Ingeniero Mecánico","Adjunto","Simple","Ingeniería Mecánica","Facultad Regional La Plata","La Plata","Buenos Aires","2026-05-26",\N,"1"
"1404","1404","C2","Mañana","D12","50","Mat3001","Análisis Matemático Iii","45","30","0","3","Fernando Daniel","Reyes","Doctor En Física","Asociado","Semi-Exclusiva","Ciencias Básicas","Facultad Regional La Plata","La Plata","Buenos Aires","2026-05-26",\N,"1"
"1405","1405","C2","Noche","C09","45","Mat3001","Análisis Matemático Iii","45","30","0","3","Ana Paula","Martínez","Magíster En Matemática Aplicada","Adjunto","Simple","Ciencias Básicas","Facultad Regional La Plata","La Plata","Buenos Aires","2026-05-26",\N,"1"
"1406","1406","C1","Noche","C17","60","Mec1001","Mecánica Aplicada","45","30","15","1","Mariana Soledad","Pereira","Magíster En Matemática","Adjunto","Semi-Exclusiva","Ciencias Básicas","Facultad Regional La Plata","La Plata","Buenos Aires","2026-05-26",\N,"1"
"1407","1407","C2","Noche","D13","50","Mec1001","Mecánica Aplicada","45","30","15","1","Patricia Andrea","Ramírez","Doctora En Química","Titular","Exclusiva","Ingeniería Química","Facultad Regional La Plata","La Plata","Buenos Aires","2026-05-26",\N,"1"
"1408","1408","C1","Mañana","C07","30","Mec1001","Mecánica Aplicada","45","30","15","1","Cristian Ariel","Ortega","Ingeniero Mecánico","Adjunto","Simple","Ingeniería Mecánica","Facultad Regional La Plata","La Plata","Buenos Aires","2026-05-26",\N,"1"
"1409","1409","C2","Noche","C05","60","Mec1001","Mecánica Aplicada","45","30","15","1","Tomás Agustín","Domínguez","Magíster En Electrónica","Adjunto","Semi-Exclusiva","Ingeniería Electrónica","Facultad Regional La Plata","La Plata","Buenos Aires","2026-05-26",\N,"1"
"1410","1410","C1","Noche","B13","35","Mec2001","Resistencia De Materiales","45","30","15","2","Marcelo Adrián","Gutiérrez","Magíster En Inteligencia Artificial","Adjunto","Semi-Exclusiva","Ingeniería En Sistemas De Información","Facultad Regional La Plata","La Plata","Buenos Aires","2026-05-26",\N,"1"
"1411","1411","C2","Noche","C18","45","Mec2001","Resistencia De Materiales","45","30","15","2","Sebastián Nicolás","Álvarez","Magíster En Gestión De Proyectos","Adjunto","Semi-Exclusiva","Ingeniería Industrial","Facultad Regional La Plata","La Plata","Buenos Aires","2026-05-26",\N,"1"
"1412","1412","C1","Noche","D09","30","Mec2001","Resistencia De Materiales","45","30","15","2","Diego Marcelo","Torres","Ingeniero Mecánico","Adjunto","Simple","Ingeniería Mecánica","Facultad Regional La Plata","La Plata","Buenos Aires","2026-05-26",\N,"1"
"1413","1413","C2","Noche","L08","40","Mec2001","Resistencia De Materiales","45","30","15","2","Rodrigo Matías","Campos","Ingeniero En Sistemas","Adjunto","Simple","Ingeniería En Sistemas De Información","Facultad Regional La Plata","La Plata","Buenos Aires","2026-05-26",\N,"1"
"1414","1414","C1","Noche","B15","30","Mec3001","Máquinas Y Herramientas","30","15","45","3","Ana Paula","Martínez","Magíster En Matemática Aplicada","Adjunto","Simple","Ciencias Básicas","Facultad Regional La Plata","La Plata","Buenos Aires","2026-05-26",\N,"1"
"1415","1415","C1","Tarde","D12","35","Mec3001","Máquinas Y Herramientas","30","15","45","3","María Elena","Rodríguez","Doctora En Ciencias De La Computación","Titular","Exclusiva","Ingeniería En Sistemas De Información","Facultad Regional La Plata","La Plata","Buenos Aires","2026-05-26",\N,"1"
"1416","1416","C1","Tarde","C03","80","Ele1001","Circuitos Eléctricos","45","30","15","1","María Elena","Rodríguez","Doctora En Ciencias De La Computación","Titular","Exclusiva","Ingeniería En Sistemas De Información","Facultad Regional La Plata","La Plata","Buenos Aires","2026-05-26",\N,"1"
"1417","1417","C2","Noche","A04","60","Ele1001","Circuitos Eléctricos","45","30","15","1","Luis Alberto","Vera","Ingeniero Industrial","Adjunto","Simple","Ingeniería Industrial","Facultad Regional La Plata","La Plata","Buenos Aires","2026-05-26",\N,"1"
"1418","1418","C1","Tarde","A04","80","Ele1001","Circuitos Eléctricos","45","30","15","1","Sofía Valentina","Vega","Magíster En Ciencias De La Computación","Adjunto","Semi-Exclusiva","Ingeniería En Sistemas De Información","Facultad Regional La Plata","La Plata","Buenos Aires","2026-05-26",\N,"1"
"1419","1419","C2","Noche","L13","35","Ele1001","Circuitos Eléctricos","45","30","15","1","Eduardo Martín","Vargas","Ingeniero En Sistemas","Adjunto","Simple","Ingeniería En Sistemas De Información","Facultad Regional La Plata","La Plata","Buenos Aires","2026-05-26",\N,"1"
"1420","1420","C1","Noche","B10","30","Ele2001","Electrónica Analógica","30","15","45","2","Valeria Soledad","Herrera","Ingeniera Electrónica","Adjunto","Simple","Ingeniería Electrónica","Facultad Regional La Plata","La Plata","Buenos Aires","2026-05-26",\N,"1"
"1421","1421","C2","Noche","L18","80","Ele2001","Electrónica Analógica","30","15","45","2","Nicolás Emilio","Suárez","Magíster En Redes","Adjunto","Semi-Exclusiva","Ingeniería En Sistemas De Información","Facultad Regional La Plata","La Plata","Buenos Aires","2026-05-26",\N,"1"
"1422","1422","C1","Tarde","C09","40","Ele2001","Electrónica Analógica","30","15","45","2","Claudia Verónica","Morales","Ingeniera Industrial","Adjunto","Simple","Ingeniería Industrial","Facultad Regional La Plata","La Plata","Buenos Aires","2026-05-26",\N,"1"
"1423","1423","C2","Noche","L04","80","Ele2001","Electrónica Analógica","30","15","45","2","Gustavo Raúl","Medina","Doctor En Matemática","Titular","Exclusiva","Ciencias Básicas","Facultad Regional La Plata","La Plata","Buenos Aires","2026-05-26",\N,"1"
"1424","1424","C1","Noche","A15","30","Ele3001","Sistemas De Control","45","15","30","3","Cristian Ariel","Ortega","Ingeniero Mecánico","Adjunto","Simple","Ingeniería Mecánica","Facultad Regional La Plata","La Plata","Buenos Aires","2026-05-26",\N,"1"
"1425","1425","C2","Noche","L08","45","Ele3001","Sistemas De Control","45","15","30","3","Mariana Soledad","Pereira","Magíster En Matemática","Adjunto","Semi-Exclusiva","Ciencias Básicas","Facultad Regional La Plata","La Plata","Buenos Aires","2026-05-26",\N,"1"
"1426","1426","C2","Tarde","A05","45","Ele3001","Sistemas De Control","45","15","30","3","Roberto Augusto","López","Ingeniero Civil","Asociado","Semi-Exclusiva","Ingeniería Civil","Facultad Regional La Plata","La Plata","Buenos Aires","2026-05-26",\N,"1"
"1427","1427","C1","Noche","A20","50","Ele3002","Comunicaciones","30","15","30","3","Pablo Sebastián","Ruiz","Doctor En Ingeniería","Titular","Exclusiva","Ingeniería Civil","Facultad Regional La Plata","La Plata","Buenos Aires","2026-05-26",\N,"1"
"1428","1428","C2","Tarde","L01","60","Ele3002","Comunicaciones","30","15","30","3","Pilar Estela","Molina","Ingeniera Civil","Adjunto","Simple","Ingeniería Civil","Facultad Regional La Plata","La Plata","Buenos Aires","2026-05-26",\N,"1"
"1429","1429","C1","Noche","D01","30","Mat1001","Análisis Matemático I","60","30","0","1","Pablo Sebastián","Ruiz","Doctor En Ingeniería","Titular","Exclusiva","Ingeniería Civil","Facultad Regional Santa Fe","Santa Fe","Santa Fe","2026-05-26",\N,"1"
"1430","1430","C2","Mañana","A18","45","Mat1001","Análisis Matemático I","60","30","0","1","Eduardo Martín","Vargas","Ingeniero En Sistemas","Adjunto","Simple","Ingeniería En Sistemas De Información","Facultad Regional Santa Fe","Santa Fe","Santa Fe","2026-05-26",\N,"1"
"1431","1431","C1","Noche","D16","40","Mat1001","Análisis Matemático I","60","30","0","1","Natalia Belén","Castro","Magíster En Telecomunicaciones","Adjunto","Semi-Exclusiva","Ingeniería Electrónica","Facultad Regional Santa Fe","Santa Fe","Santa Fe","2026-05-26",\N,"1"
"1432","1432","C2","Noche","C17","60","Mat1001","Análisis Matemático I","60","30","0","1","Ana Paula","Martínez","Magíster En Matemática Aplicada","Adjunto","Simple","Ciencias Básicas","Facultad Regional Santa Fe","Santa Fe","Santa Fe","2026-05-26",\N,"1"
"1433","1433","C1","Noche","A16","30","Mat1002","Álgebra Y Geometría Analítica","60","30","0","1","Natalia Belén","Castro","Magíster En Telecomunicaciones","Adjunto","Semi-Exclusiva","Ingeniería Electrónica","Facultad Regional Santa Fe","Santa Fe","Santa Fe","2026-05-26",\N,"1"
"1434","1434","C2","Noche","D07","30","Mat1002","Álgebra Y Geometría Analítica","60","30","0","1","Eduardo Martín","Vargas","Ingeniero En Sistemas","Adjunto","Simple","Ingeniería En Sistemas De Información","Facultad Regional Santa Fe","Santa Fe","Santa Fe","2026-05-26",\N,"1"
"1435","1435","C1","Noche","C13","50","Mat1002","Álgebra Y Geometría Analítica","60","30","0","1","Luciana Paola","Moreno","Ingeniera Química","Adjunto","Simple","Ingeniería Química","Facultad Regional Santa Fe","Santa Fe","Santa Fe","2026-05-26",\N,"1"
"1436","1436","C2","Tarde","D18","35","Mat1002","Álgebra Y Geometría Analítica","60","30","0","1","Pilar Estela","Molina","Ingeniera Civil","Adjunto","Simple","Ingeniería Civil","Facultad Regional Santa Fe","Santa Fe","Santa Fe","2026-05-26",\N,"1"
"1437","1437","C1","Noche","C08","45","Fis1001","Física I","45","30","15","1","Sebastián Nicolás","Álvarez","Magíster En Gestión De Proyectos","Adjunto","Semi-Exclusiva","Ingeniería Industrial","Facultad Regional Santa Fe","Santa Fe","Santa Fe","2026-05-26",\N,"1"
"1438","1438","C2","Mañana","A08","60","Fis1001","Física I","45","30","15","1","Cristian Ariel","Ortega","Ingeniero Mecánico","Adjunto","Simple","Ingeniería Mecánica","Facultad Regional Santa Fe","Santa Fe","Santa Fe","2026-05-26",\N,"1"
"1439","1439","C1","Mañana","A13","30","Fis1001","Física I","45","30","15","1","Sofía Valentina","Vega","Magíster En Ciencias De La Computación","Adjunto","Semi-Exclusiva","Ingeniería En Sistemas De Información","Facultad Regional Santa Fe","Santa Fe","Santa Fe","2026-05-26",\N,"1"
"1440","1440","C2","Noche","D11","35","Fis1001","Física I","45","30","15","1","Alejandro José","Núñez","Ingeniero Electrónico","Adjunto","Simple","Ingeniería Electrónica","Facultad Regional Santa Fe","Santa Fe","Santa Fe","2026-05-26",\N,"1"
"1441","1441","C1","Noche","L18","60","Qui1001","Química General","30","15","30","1","Carlos Alberto","García","Ingeniero En Sistemas","Titular","Exclusiva","Ingeniería En Sistemas De Información","Facultad Regional Santa Fe","Santa Fe","Santa Fe","2026-05-26",\N,"1"
"1442","1442","C2","Mañana","L12","50","Qui1001","Química General","30","15","30","1","Fernando Daniel","Reyes","Doctor En Física","Asociado","Semi-Exclusiva","Ciencias Básicas","Facultad Regional Santa Fe","Santa Fe","Santa Fe","2026-05-26",\N,"1"
"1443","1443","C1","Noche","L02","50","Qui1001","Química General","30","15","30","1","Mónica Patricia","Serrano","Doctora En Química Industrial","Asociado","Semi-Exclusiva","Ingeniería Química","Facultad Regional Santa Fe","Santa Fe","Santa Fe","2026-05-26",\N,"1"
"1444","1444","C2","Tarde","D12","35","Qui1001","Química General","30","15","30","1","Valeria Soledad","Herrera","Ingeniera Electrónica","Adjunto","Simple","Ingeniería Electrónica","Facultad Regional Santa Fe","Santa Fe","Santa Fe","2026-05-26",\N,"1"
"1445","1445","C1","Noche","C05","35","Inf1001","Algoritmos Y Estructuras De Datos","30","15","30","1","Héctor Luis","González","Doctor En Física","Titular","Exclusiva","Ciencias Básicas","Facultad Regional Santa Fe","Santa Fe","Santa Fe","2026-05-26",\N,"1"
"1446","1446","C2","Noche","B11","60","Inf1001","Algoritmos Y Estructuras De Datos","30","15","30","1","Florencia Daniela","Cabrera","Doctora En Ingeniería","Asociado","Semi-Exclusiva","Ingeniería Civil","Facultad Regional Santa Fe","Santa Fe","Santa Fe","2026-05-26",\N,"1"
"1447","1447","C1","Noche","D02","80","Inf1001","Algoritmos Y Estructuras De Datos","30","15","30","1","Silvina Beatriz","Fernández","Ingeniera Electrónica","Adjunto","Semi-Exclusiva","Ingeniería Electrónica","Facultad Regional Santa Fe","Santa Fe","Santa Fe","2026-05-26",\N,"1"
"1448","1448","C2","Noche","D01","30","Inf1001","Algoritmos Y Estructuras De Datos","30","15","30","1","Susana Graciela","Ríos","Ingeniera Industrial","Adjunto","Simple","Ingeniería Industrial","Facultad Regional Santa Fe","Santa Fe","Santa Fe","2026-05-26",\N,"1"
"1449","1449","C1","Noche","A13","45","Mat2001","Análisis Matemático Ii","60","30","0","2","Ignacio Ramón","Ibáñez","Magíster En Seguridad Informática","Adjunto","Semi-Exclusiva","Ingeniería En Sistemas De Información","Facultad Regional Santa Fe","Santa Fe","Santa Fe","2026-05-26",\N,"1"
"1450","1450","C2","Noche","L19","50","Mat2001","Análisis Matemático Ii","60","30","0","2","Sebastián Nicolás","Álvarez","Magíster En Gestión De Proyectos","Adjunto","Semi-Exclusiva","Ingeniería Industrial","Facultad Regional Santa Fe","Santa Fe","Santa Fe","2026-05-26",\N,"1"
"1451","1451","C1","Tarde","C08","60","Mat2001","Análisis Matemático Ii","60","30","0","2","Sofía Valentina","Vega","Magíster En Ciencias De La Computación","Adjunto","Semi-Exclusiva","Ingeniería En Sistemas De Información","Facultad Regional Santa Fe","Santa Fe","Santa Fe","2026-05-26",\N,"1"
"1452","1452","C2","Noche","C04","30","Mat2001","Análisis Matemático Ii","60","30","0","2","Natalia Belén","Castro","Magíster En Telecomunicaciones","Adjunto","Semi-Exclusiva","Ingeniería Electrónica","Facultad Regional Santa Fe","Santa Fe","Santa Fe","2026-05-26",\N,"1"
"1453","1453","C1","Noche","C16","50","Mat2002","Probabilidad Y Estadística","45","30","0","2","Florencia Daniela","Cabrera","Doctora En Ingeniería","Asociado","Semi-Exclusiva","Ingeniería Civil","Facultad Regional Santa Fe","Santa Fe","Santa Fe","2026-05-26",\N,"1"
"1454","1454","C2","Noche","D04","50","Mat2002","Probabilidad Y Estadística","45","30","0","2","Ignacio Ramón","Ibáñez","Magíster En Seguridad Informática","Adjunto","Semi-Exclusiva","Ingeniería En Sistemas De Información","Facultad Regional Santa Fe","Santa Fe","Santa Fe","2026-05-26",\N,"1"
"1455","1455","C1","Noche","C16","50","Mat2002","Probabilidad Y Estadística","45","30","0","2","Natalia Belén","Castro","Magíster En Telecomunicaciones","Adjunto","Semi-Exclusiva","Ingeniería Electrónica","Facultad Regional Santa Fe","Santa Fe","Santa Fe","2026-05-26",\N,"1"
"1456","1456","C2","Mañana","C16","30","Mat2002","Probabilidad Y Estadística","45","30","0","2","Valeria Soledad","Herrera","Ingeniera Electrónica","Adjunto","Simple","Ingeniería Electrónica","Facultad Regional Santa Fe","Santa Fe","Santa Fe","2026-05-26",\N,"1"
"1457","1457","C1","Tarde","L10","35","Fis2001","Física Ii","45","30","15","2","Luciana Paola","Moreno","Ingeniera Química","Adjunto","Simple","Ingeniería Química","Facultad Regional Santa Fe","Santa Fe","Santa Fe","2026-05-26",\N,"1"
"1458","1458","C2","Noche","L04","80","Fis2001","Física Ii","45","30","15","2","Sebastián Nicolás","Álvarez","Magíster En Gestión De Proyectos","Adjunto","Semi-Exclusiva","Ingeniería Industrial","Facultad Regional Santa Fe","Santa Fe","Santa Fe","2026-05-26",\N,"1"
"1459","1459","C1","Tarde","D08","60","Fis2001","Física Ii","45","30","15","2","Sandra Mabel","Fuentes","Magíster En Sistemas Embebidos","Adjunto","Semi-Exclusiva","Ingeniería Electrónica","Facultad Regional Santa Fe","Santa Fe","Santa Fe","2026-05-26",\N,"1"
"1460","1460","C2","Mañana","D01","45","Fis2001","Física Ii","45","30","15","2","Fernando Daniel","Reyes","Doctor En Física","Asociado","Semi-Exclusiva","Ciencias Básicas","Facultad Regional Santa Fe","Santa Fe","Santa Fe","2026-05-26",\N,"1"
"1461","1461","C1","Noche","C03","50","Inf2001","Programación Orientada A Objetos","30","15","30","2","Natalia Belén","Castro","Magíster En Telecomunicaciones","Adjunto","Semi-Exclusiva","Ingeniería Electrónica","Facultad Regional Santa Fe","Santa Fe","Santa Fe","2026-05-26",\N,"1"
"1462","1462","C2","Tarde","A13","60","Inf2001","Programación Orientada A Objetos","30","15","30","2","Patricia Andrea","Ramírez","Doctora En Química","Titular","Exclusiva","Ingeniería Química","Facultad Regional Santa Fe","Santa Fe","Santa Fe","2026-05-26",\N,"1"
"1463","1463","C1","Noche","C10","45","Inf2001","Programación Orientada A Objetos","30","15","30","2","Héctor Luis","González","Doctor En Física","Titular","Exclusiva","Ciencias Básicas","Facultad Regional Santa Fe","Santa Fe","Santa Fe","2026-05-26",\N,"1"
"1464","1464","C2","Noche","D16","40","Inf2001","Programación Orientada A Objetos","30","15","30","2","Gustavo Raúl","Medina","Doctor En Matemática","Titular","Exclusiva","Ciencias Básicas","Facultad Regional Santa Fe","Santa Fe","Santa Fe","2026-05-26",\N,"1"
"1465","1465","C1","Mañana","D10","45","Inf2002","Arquitectura De Computadoras","45","15","15","2","Luciana Paola","Moreno","Ingeniera Química","Adjunto","Simple","Ingeniería Química","Facultad Regional Santa Fe","Santa Fe","Santa Fe","2026-05-26",\N,"1"
"1466","1466","C2","Noche","B01","30","Inf2002","Arquitectura De Computadoras","45","15","15","2","Roberto Augusto","López","Ingeniero Civil","Asociado","Semi-Exclusiva","Ingeniería Civil","Facultad Regional Santa Fe","Santa Fe","Santa Fe","2026-05-26",\N,"1"
"1467","1467","C1","Noche","A06","40","Inf2002","Arquitectura De Computadoras","45","15","15","2","Héctor Luis","González","Doctor En Física","Titular","Exclusiva","Ciencias Básicas","Facultad Regional Santa Fe","Santa Fe","Santa Fe","2026-05-26",\N,"1"
"1468","1468","C2","Mañana","B02","60","Inf2002","Arquitectura De Computadoras","45","15","15","2","Rodrigo Matías","Campos","Ingeniero En Sistemas","Adjunto","Simple","Ingeniería En Sistemas De Información","Facultad Regional Santa Fe","Santa Fe","Santa Fe","2026-05-26",\N,"1"
"1469","1469","C2","Noche","B06","50","Mat3001","Análisis Matemático Iii","45","30","0","3","Alejandra Cecilia","Romero","Doctora En Ingeniería Industrial","Asociado","Semi-Exclusiva","Ingeniería Industrial","Facultad Regional Santa Fe","Santa Fe","Santa Fe","2026-05-26",\N,"1"
"1470","1470","C1","Noche","A18","80","Mat3001","Análisis Matemático Iii","45","30","0","3","Cristian Ariel","Ortega","Ingeniero Mecánico","Adjunto","Simple","Ingeniería Mecánica","Facultad Regional Santa Fe","Santa Fe","Santa Fe","2026-05-26",\N,"1"
"1471","1471","C2","Noche","B07","30","Mat3001","Análisis Matemático Iii","45","30","0","3","Facundo Ezequiel","Jiménez","Magíster En Ciencias De La Computación","Adjunto","Semi-Exclusiva","Ingeniería En Sistemas De Información","Facultad Regional Santa Fe","Santa Fe","Santa Fe","2026-05-26",\N,"1"
"1472","1472","C1","Noche","L15","60","Inf3001","Base De Datos","30","15","30","3","Sebastián Nicolás","Álvarez","Magíster En Gestión De Proyectos","Adjunto","Semi-Exclusiva","Ingeniería Industrial","Facultad Regional Santa Fe","Santa Fe","Santa Fe","2026-05-26",\N,"1"
"1473","1473","C2","Mañana","B08","30","Inf3001","Base De Datos","30","15","30","3","Verónica Adriana","Rojas","Doctora En Ciencias De La Computación","Titular","Exclusiva","Ingeniería En Sistemas De Información","Facultad Regional Santa Fe","Santa Fe","Santa Fe","2026-05-26",\N,"1"
"1474","1474","C2","Tarde","B02","60","Inf3001","Base De Datos","30","15","30","3","Rodrigo Matías","Campos","Ingeniero En Sistemas","Adjunto","Simple","Ingeniería En Sistemas De Información","Facultad Regional Santa Fe","Santa Fe","Santa Fe","2026-05-26",\N,"1"
"1475","1475","C2","Mañana","D13","45","Inf3002","Ingeniería De Software I","45","15","15","3","Sebastián Nicolás","Álvarez","Magíster En Gestión De Proyectos","Adjunto","Semi-Exclusiva","Ingeniería Industrial","Facultad Regional Santa Fe","Santa Fe","Santa Fe","2026-05-26",\N,"1"
"1476","1476","C1","Noche","D08","50","Inf3002","Ingeniería De Software I","45","15","15","3","Roberto Augusto","López","Ingeniero Civil","Asociado","Semi-Exclusiva","Ingeniería Civil","Facultad Regional Santa Fe","Santa Fe","Santa Fe","2026-05-26",\N,"1"
"1477","1477","C1","Noche","C11","50","Inf3003","Sistemas Operativos","30","15","30","3","Eduardo Martín","Vargas","Ingeniero En Sistemas","Adjunto","Simple","Ingeniería En Sistemas De Información","Facultad Regional Santa Fe","Santa Fe","Santa Fe","2026-05-26",\N,"1"
"1478","1478","C2","Tarde","D06","80","Inf3003","Sistemas Operativos","30","15","30","3","Diego Marcelo","Torres","Ingeniero Mecánico","Adjunto","Simple","Ingeniería Mecánica","Facultad Regional Santa Fe","Santa Fe","Santa Fe","2026-05-26",\N,"1"
"1479","1479","C1","Noche","L20","45","Inf3005","Redes De Computadoras","30","15","30","3","Tomás Agustín","Domínguez","Magíster En Electrónica","Adjunto","Semi-Exclusiva","Ingeniería Electrónica","Facultad Regional Santa Fe","Santa Fe","Santa Fe","2026-05-26",\N,"1"
"1480","1480","C2","Tarde","B10","40","Inf3005","Redes De Computadoras","30","15","30","3","Rodrigo Matías","Campos","Ingeniero En Sistemas","Adjunto","Simple","Ingeniería En Sistemas De Información","Facultad Regional Santa Fe","Santa Fe","Santa Fe","2026-05-26",\N,"1"
"1481","1481","C2","Tarde","C04","35","Inf4001","Ingeniería De Software Ii","45","15","15","4","Marcelo Adrián","Gutiérrez","Magíster En Inteligencia Artificial","Adjunto","Semi-Exclusiva","Ingeniería En Sistemas De Información","Facultad Regional Santa Fe","Santa Fe","Santa Fe","2026-05-26",\N,"1"
"1482","1482","C1","Noche","B07","45","Inf4001","Ingeniería De Software Ii","45","15","15","4","Valeria Soledad","Herrera","Ingeniera Electrónica","Adjunto","Simple","Ingeniería Electrónica","Facultad Regional Santa Fe","Santa Fe","Santa Fe","2026-05-26",\N,"1"
"1483","1483","C2","Tarde","C15","60","Inf4002","Inteligencia Artificial","30","15","30","4","Fernando Daniel","Reyes","Doctor En Física","Asociado","Semi-Exclusiva","Ciencias Básicas","Facultad Regional Santa Fe","Santa Fe","Santa Fe","2026-05-26",\N,"1"
"1484","1484","C2","Noche","B01","40","Inf4002","Inteligencia Artificial","30","15","30","4","Rodrigo Matías","Campos","Ingeniero En Sistemas","Adjunto","Simple","Ingeniería En Sistemas De Información","Facultad Regional Santa Fe","Santa Fe","Santa Fe","2026-05-26",\N,"1"
"1485","1485","C2","Tarde","C10","50","Inf4003","Gestión De Proyectos","45","15","0","4","Tomás Agustín","Domínguez","Magíster En Electrónica","Adjunto","Semi-Exclusiva","Ingeniería Electrónica","Facultad Regional Santa Fe","Santa Fe","Santa Fe","2026-05-26",\N,"1"
"1486","1486","C1","Noche","A09","35","Inf4003","Gestión De Proyectos","45","15","0","4","Verónica Adriana","Rojas","Doctora En Ciencias De La Computación","Titular","Exclusiva","Ingeniería En Sistemas De Información","Facultad Regional Santa Fe","Santa Fe","Santa Fe","2026-05-26",\N,"1"
"1487","1487","C1","Tarde","C19","30","Inf4004","Seguridad Informática","30","15","30","4","Florencia Daniela","Cabrera","Doctora En Ingeniería","Asociado","Semi-Exclusiva","Ingeniería Civil","Facultad Regional Santa Fe","Santa Fe","Santa Fe","2026-05-26",\N,"1"
"1488","1488","C2","Noche","A01","35","Inf4004","Seguridad Informática","30","15","30","4","Silvina Beatriz","Fernández","Ingeniera Electrónica","Adjunto","Semi-Exclusiva","Ingeniería Electrónica","Facultad Regional Santa Fe","Santa Fe","Santa Fe","2026-05-26",\N,"1"
"1489","1489","C1","Noche","D19","40","Inf4004","Seguridad Informática","30","15","30","4","Gabriela Inés","Flores","Magíster En Sistemas De Información","Asociado","Semi-Exclusiva","Ingeniería En Sistemas De Información","Facultad Regional Santa Fe","Santa Fe","Santa Fe","2026-05-26",\N,"1"
"1490","1490","C2","Noche","L10","60","Inf4004","Seguridad Informática","30","15","30","4","Ignacio Ramón","Ibáñez","Magíster En Seguridad Informática","Adjunto","Semi-Exclusiva","Ingeniería En Sistemas De Información","Facultad Regional Santa Fe","Santa Fe","Santa Fe","2026-05-26",\N,"1"
"1491","1491","C1","Noche","A01","40","Inf4005","Diseño De Sistemas","45","15","15","4","Gabriela Inés","Flores","Magíster En Sistemas De Información","Asociado","Semi-Exclusiva","Ingeniería En Sistemas De Información","Facultad Regional Santa Fe","Santa Fe","Santa Fe","2026-05-26",\N,"1"
"1492","1492","C1","Tarde","L10","60","Inf4005","Diseño De Sistemas","45","15","15","4","Sebastián Nicolás","Álvarez","Magíster En Gestión De Proyectos","Adjunto","Semi-Exclusiva","Ingeniería Industrial","Facultad Regional Santa Fe","Santa Fe","Santa Fe","2026-05-26",\N,"1"
"1493","1493","C2","Noche","D18","35","Inf5001","Proyecto Final","15","0","60","5","Héctor Luis","González","Doctor En Física","Titular","Exclusiva","Ciencias Básicas","Facultad Regional Santa Fe","Santa Fe","Santa Fe","2026-05-26",\N,"1"
"1494","1494","C1","Tarde","B12","30","Inf5001","Proyecto Final","15","0","60","5","Alejandra Cecilia","Romero","Doctora En Ingeniería Industrial","Asociado","Semi-Exclusiva","Ingeniería Industrial","Facultad Regional Santa Fe","Santa Fe","Santa Fe","2026-05-26",\N,"1"
"1495","1495","C1","Noche","A04","45","Adm1001","Administración General","60","15","0","1","Ignacio Ramón","Ibáñez","Magíster En Seguridad Informática","Adjunto","Semi-Exclusiva","Ingeniería En Sistemas De Información","Facultad Regional Santa Fe","Santa Fe","Santa Fe","2026-05-26",\N,"1"
"1496","1496","C2","Noche","L03","60","Adm1001","Administración General","60","15","0","1","Fernando Daniel","Reyes","Doctor En Física","Asociado","Semi-Exclusiva","Ciencias Básicas","Facultad Regional Santa Fe","Santa Fe","Santa Fe","2026-05-26",\N,"1"
"1497","1497","C1","Noche","L02","80","Adm1001","Administración General","60","15","0","1","Patricia Andrea","Ramírez","Doctora En Química","Titular","Exclusiva","Ingeniería Química","Facultad Regional Santa Fe","Santa Fe","Santa Fe","2026-05-26",\N,"1"
"1498","1498","C2","Tarde","A17","50","Adm1001","Administración General","60","15","0","1","Valeria Soledad","Herrera","Ingeniera Electrónica","Adjunto","Simple","Ingeniería Electrónica","Facultad Regional Santa Fe","Santa Fe","Santa Fe","2026-05-26",\N,"1"
"1499","1499","C1","Noche","B01","40","Adm2001","Economía General","60","15","0","2","Ana Paula","Martínez","Magíster En Matemática Aplicada","Adjunto","Simple","Ciencias Básicas","Facultad Regional Santa Fe","Santa Fe","Santa Fe","2026-05-26",\N,"1"
"1500","1500","C2","Tarde","C17","35","Adm2001","Economía General","60","15","0","2","Luciana Paola","Moreno","Ingeniera Química","Adjunto","Simple","Ingeniería Química","Facultad Regional Santa Fe","Santa Fe","Santa Fe","2026-05-26",\N,"1"
"1501","1501","C1","Noche","A07","35","Adm2001","Economía General","60","15","0","2","Alejandro José","Núñez","Ingeniero Electrónico","Adjunto","Simple","Ingeniería Electrónica","Facultad Regional Santa Fe","Santa Fe","Santa Fe","2026-05-26",\N,"1"
"1502","1502","C2","Tarde","C12","40","Adm2001","Economía General","60","15","0","2","Sandra Mabel","Fuentes","Magíster En Sistemas Embebidos","Adjunto","Semi-Exclusiva","Ingeniería Electrónica","Facultad Regional Santa Fe","Santa Fe","Santa Fe","2026-05-26",\N,"1"
"1503","1503","C1","Noche","D03","45","Adm3001","Contabilidad Y Costos","45","30","0","3","Sofía Valentina","Vega","Magíster En Ciencias De La Computación","Adjunto","Semi-Exclusiva","Ingeniería En Sistemas De Información","Facultad Regional Santa Fe","Santa Fe","Santa Fe","2026-05-26",\N,"1"
"1504","1504","C2","Tarde","A01","45","Adm3001","Contabilidad Y Costos","45","30","0","3","Diego Marcelo","Torres","Ingeniero Mecánico","Adjunto","Simple","Ingeniería Mecánica","Facultad Regional Santa Fe","Santa Fe","Santa Fe","2026-05-26",\N,"1"
"1505","1505","C1","Noche","B20","45","Adm3001","Contabilidad Y Costos","45","30","0","3","Sebastián Nicolás","Álvarez","Magíster En Gestión De Proyectos","Adjunto","Semi-Exclusiva","Ingeniería Industrial","Facultad Regional Santa Fe","Santa Fe","Santa Fe","2026-05-26",\N,"1"
"1506","1506","C2","Noche","B13","60","Ind3001","Investigación Operativa","45","30","0","3","Verónica Adriana","Rojas","Doctora En Ciencias De La Computación","Titular","Exclusiva","Ingeniería En Sistemas De Información","Facultad Regional Santa Fe","Santa Fe","Santa Fe","2026-05-26",\N,"1"
"1507","1507","C1","Noche","D08","30","Ind3001","Investigación Operativa","45","30","0","3","Roberto Augusto","López","Ingeniero Civil","Asociado","Semi-Exclusiva","Ingeniería Civil","Facultad Regional Santa Fe","Santa Fe","Santa Fe","2026-05-26",\N,"1"
"1508","1508","C2","Noche","C04","60","Ind4001","Logística Y Cadena De Suministro","45","15","0","4","Pablo Sebastián","Ruiz","Doctor En Ingeniería","Titular","Exclusiva","Ingeniería Civil","Facultad Regional Santa Fe","Santa Fe","Santa Fe","2026-05-26",\N,"1"
"1509","1509","C2","Noche","B07","35","Ind4001","Logística Y Cadena De Suministro","45","15","0","4","Florencia Daniela","Cabrera","Doctora En Ingeniería","Asociado","Semi-Exclusiva","Ingeniería Civil","Facultad Regional Santa Fe","Santa Fe","Santa Fe","2026-05-26",\N,"1"
"1510","1510","C2","Tarde","L08","40","Ind4002","Gestión De La Calidad","45","15","0","4","Héctor Luis","González","Doctor En Física","Titular","Exclusiva","Ciencias Básicas","Facultad Regional Santa Fe","Santa Fe","Santa Fe","2026-05-26",\N,"1"
"1511","1511","C2","Tarde","A09","80","Ind4002","Gestión De La Calidad","45","15","0","4","Rodrigo Matías","Campos","Ingeniero En Sistemas","Adjunto","Simple","Ingeniería En Sistemas De Información","Facultad Regional Santa Fe","Santa Fe","Santa Fe","2026-05-26",\N,"1"
"1512","1512","C2","Noche","L04","50","Inf4006","Aprendizaje Automático","30","15","30","4","Facundo Ezequiel","Jiménez","Magíster En Ciencias De La Computación","Adjunto","Semi-Exclusiva","Ingeniería En Sistemas De Información","Facultad Regional Santa Fe","Santa Fe","Santa Fe","2026-05-26",\N,"1"
"1513","1513","C1","Noche","C08","50","Inf4006","Aprendizaje Automático","30","15","30","4","Cristian Ariel","Ortega","Ingeniero Mecánico","Adjunto","Simple","Ingeniería Mecánica","Facultad Regional Santa Fe","Santa Fe","Santa Fe","2026-05-26",\N,"1"
"1514","1514","C1","Mañana","L09","45","Inf4007","Desarrollo De Aplicaciones Web","30","15","30","4","Pilar Estela","Molina","Ingeniera Civil","Adjunto","Simple","Ingeniería Civil","Facultad Regional Santa Fe","Santa Fe","Santa Fe","2026-05-26",\N,"1"
"1515","1515","C1","Noche","C05","45","Inf4007","Desarrollo De Aplicaciones Web","30","15","30","4","Ignacio Ramón","Ibáñez","Magíster En Seguridad Informática","Adjunto","Semi-Exclusiva","Ingeniería En Sistemas De Información","Facultad Regional Santa Fe","Santa Fe","Santa Fe","2026-05-26",\N,"1"
"1516","1516","C1","Noche","B18","60","Mat1001","Análisis Matemático I","60","30","0","1","Gabriela Inés","Flores","Magíster En Sistemas De Información","Asociado","Semi-Exclusiva","Ingeniería En Sistemas De Información","Facultad Regional Santa Fe","Santa Fe","Santa Fe","2026-05-26",\N,"1"
"1517","1517","C2","Noche","A05","80","Mat1001","Análisis Matemático I","60","30","0","1","Mariana Soledad","Pereira","Magíster En Matemática","Adjunto","Semi-Exclusiva","Ciencias Básicas","Facultad Regional Santa Fe","Santa Fe","Santa Fe","2026-05-26",\N,"1"
"1518","1518","C1","Noche","C06","80","Mat1001","Análisis Matemático I","60","30","0","1","Rodrigo Matías","Campos","Ingeniero En Sistemas","Adjunto","Simple","Ingeniería En Sistemas De Información","Facultad Regional Santa Fe","Santa Fe","Santa Fe","2026-05-26",\N,"1"
"1519","1519","C2","Noche","D16","35","Mat1001","Análisis Matemático I","60","30","0","1","Gustavo Raúl","Medina","Doctor En Matemática","Titular","Exclusiva","Ciencias Básicas","Facultad Regional Santa Fe","Santa Fe","Santa Fe","2026-05-26",\N,"1"
"1520","1520","C1","Noche","D03","30","Mat1002","Álgebra Y Geometría Analítica","60","30","0","1","Luciana Paola","Moreno","Ingeniera Química","Adjunto","Simple","Ingeniería Química","Facultad Regional Santa Fe","Santa Fe","Santa Fe","2026-05-26",\N,"1"
"1521","1521","C2","Noche","D09","80","Mat1002","Álgebra Y Geometría Analítica","60","30","0","1","Pablo Sebastián","Ruiz","Doctor En Ingeniería","Titular","Exclusiva","Ingeniería Civil","Facultad Regional Santa Fe","Santa Fe","Santa Fe","2026-05-26",\N,"1"
"1522","1522","C1","Tarde","L14","50","Mat1002","Álgebra Y Geometría Analítica","60","30","0","1","Eduardo Martín","Vargas","Ingeniero En Sistemas","Adjunto","Simple","Ingeniería En Sistemas De Información","Facultad Regional Santa Fe","Santa Fe","Santa Fe","2026-05-26",\N,"1"
"1523","1523","C2","Noche","B16","80","Mat1002","Álgebra Y Geometría Analítica","60","30","0","1","Verónica Adriana","Rojas","Doctora En Ciencias De La Computación","Titular","Exclusiva","Ingeniería En Sistemas De Información","Facultad Regional Santa Fe","Santa Fe","Santa Fe","2026-05-26",\N,"1"
"1524","1524","C1","Tarde","D13","30","Fis1001","Física I","45","30","15","1","Eduardo Martín","Vargas","Ingeniero En Sistemas","Adjunto","Simple","Ingeniería En Sistemas De Información","Facultad Regional Santa Fe","Santa Fe","Santa Fe","2026-05-26",\N,"1"
"1525","1525","C2","Noche","A18","30","Fis1001","Física I","45","30","15","1","Fernando Daniel","Reyes","Doctor En Física","Asociado","Semi-Exclusiva","Ciencias Básicas","Facultad Regional Santa Fe","Santa Fe","Santa Fe","2026-05-26",\N,"1"
"1526","1526","C1","Noche","D03","40","Fis1001","Física I","45","30","15","1","Leandro Damián","Acosta","Doctor En Ingeniería Civil","Titular","Exclusiva","Ingeniería Civil","Facultad Regional Santa Fe","Santa Fe","Santa Fe","2026-05-26",\N,"1"
"1527","1527","C2","Noche","L11","30","Fis1001","Física I","45","30","15","1","Cristian Ariel","Ortega","Ingeniero Mecánico","Adjunto","Simple","Ingeniería Mecánica","Facultad Regional Santa Fe","Santa Fe","Santa Fe","2026-05-26",\N,"1"
"1528","1528","C1","Tarde","B15","45","Qui1001","Química General","30","15","30","1","María Elena","Rodríguez","Doctora En Ciencias De La Computación","Titular","Exclusiva","Ingeniería En Sistemas De Información","Facultad Regional Santa Fe","Santa Fe","Santa Fe","2026-05-26",\N,"1"
"1529","1529","C2","Noche","A17","35","Qui1001","Química General","30","15","30","1","Alejandro José","Núñez","Ingeniero Electrónico","Adjunto","Simple","Ingeniería Electrónica","Facultad Regional Santa Fe","Santa Fe","Santa Fe","2026-05-26",\N,"1"
"1530","1530","C1","Noche","C08","40","Qui1001","Química General","30","15","30","1","Mariana Soledad","Pereira","Magíster En Matemática","Adjunto","Semi-Exclusiva","Ciencias Básicas","Facultad Regional Santa Fe","Santa Fe","Santa Fe","2026-05-26",\N,"1"
"1531","1531","C2","Mañana","L04","45","Qui1001","Química General","30","15","30","1","Sebastián Nicolás","Álvarez","Magíster En Gestión De Proyectos","Adjunto","Semi-Exclusiva","Ingeniería Industrial","Facultad Regional Santa Fe","Santa Fe","Santa Fe","2026-05-26",\N,"1"
"1532","1532","C1","Noche","C05","40","Mat2001","Análisis Matemático Ii","60","30","0","2","Diego Marcelo","Torres","Ingeniero Mecánico","Adjunto","Simple","Ingeniería Mecánica","Facultad Regional Santa Fe","Santa Fe","Santa Fe","2026-05-26",\N,"1"
"1533","1533","C2","Noche","B19","80","Mat2001","Análisis Matemático Ii","60","30","0","2","Leandro Damián","Acosta","Doctor En Ingeniería Civil","Titular","Exclusiva","Ingeniería Civil","Facultad Regional Santa Fe","Santa Fe","Santa Fe","2026-05-26",\N,"1"
"1534","1534","C1","Noche","D19","45","Mat2001","Análisis Matemático Ii","60","30","0","2","Patricia Andrea","Ramírez","Doctora En Química","Titular","Exclusiva","Ingeniería Química","Facultad Regional Santa Fe","Santa Fe","Santa Fe","2026-05-26",\N,"1"
"1535","1535","C2","Tarde","B13","40","Mat2001","Análisis Matemático Ii","60","30","0","2","Mariela Noelia","Ponce","Doctora En Ciencias Básicas","Titular","Exclusiva","Ciencias Básicas","Facultad Regional Santa Fe","Santa Fe","Santa Fe","2026-05-26",\N,"1"
"1536","1536","C1","Mañana","A07","40","Mat3001","Análisis Matemático Iii","45","30","0","3","Pablo Sebastián","Ruiz","Doctor En Ingeniería","Titular","Exclusiva","Ingeniería Civil","Facultad Regional Santa Fe","Santa Fe","Santa Fe","2026-05-26",\N,"1"
"1537","1537","C2","Noche","A10","80","Mat3001","Análisis Matemático Iii","45","30","0","3","Sandra Mabel","Fuentes","Magíster En Sistemas Embebidos","Adjunto","Semi-Exclusiva","Ingeniería Electrónica","Facultad Regional Santa Fe","Santa Fe","Santa Fe","2026-05-26",\N,"1"
"1538","1538","C1","Tarde","D19","45","Civ1001","Topografía","30","15","30","1","Ana Paula","Martínez","Magíster En Matemática Aplicada","Adjunto","Simple","Ciencias Básicas","Facultad Regional Santa Fe","Santa Fe","Santa Fe","2026-05-26",\N,"1"
"1539","1539","C2","Tarde","D06","50","Civ1001","Topografía","30","15","30","1","Nicolás Emilio","Suárez","Magíster En Redes","Adjunto","Semi-Exclusiva","Ingeniería En Sistemas De Información","Facultad Regional Santa Fe","Santa Fe","Santa Fe","2026-05-26",\N,"1"
"1540","1540","C1","Noche","B09","45","Civ1001","Topografía","30","15","30","1","Cristian Ariel","Ortega","Ingeniero Mecánico","Adjunto","Simple","Ingeniería Mecánica","Facultad Regional Santa Fe","Santa Fe","Santa Fe","2026-05-26",\N,"1"
"1541","1541","C2","Noche","A08","30","Civ1001","Topografía","30","15","30","1","Verónica Adriana","Rojas","Doctora En Ciencias De La Computación","Titular","Exclusiva","Ingeniería En Sistemas De Información","Facultad Regional Santa Fe","Santa Fe","Santa Fe","2026-05-26",\N,"1"
"1542","1542","C1","Tarde","A13","60","Civ2001","Mecánica De Suelos","30","15","30","2","Carolina Florencia","Díaz","Ingeniera Civil","Adjunto","Simple","Ingeniería Civil","Facultad Regional Santa Fe","Santa Fe","Santa Fe","2026-05-26",\N,"1"
"1543","1543","C2","Tarde","D07","30","Civ2001","Mecánica De Suelos","30","15","30","2","Leandro Damián","Acosta","Doctor En Ingeniería Civil","Titular","Exclusiva","Ingeniería Civil","Facultad Regional Santa Fe","Santa Fe","Santa Fe","2026-05-26",\N,"1"
"1544","1544","C1","Noche","D06","45","Civ2001","Mecánica De Suelos","30","15","30","2","Natalia Belén","Castro","Magíster En Telecomunicaciones","Adjunto","Semi-Exclusiva","Ingeniería Electrónica","Facultad Regional Santa Fe","Santa Fe","Santa Fe","2026-05-26",\N,"1"
"1545","1545","C2","Noche","C20","30","Civ2001","Mecánica De Suelos","30","15","30","2","Valeria Soledad","Herrera","Ingeniera Electrónica","Adjunto","Simple","Ingeniería Electrónica","Facultad Regional Santa Fe","Santa Fe","Santa Fe","2026-05-26",\N,"1"
"1546","1546","C1","Noche","C11","40","Civ3001","Estructuras","45","30","15","3","Eduardo Martín","Vargas","Ingeniero En Sistemas","Adjunto","Simple","Ingeniería En Sistemas De Información","Facultad Regional Santa Fe","Santa Fe","Santa Fe","2026-05-26",\N,"1"
"1547","1547","C1","Noche","D01","35","Civ3001","Estructuras","45","30","15","3","Jorge Osvaldo","Sánchez","Magíster En Ingeniería Industrial","Titular","Semi-Exclusiva","Ingeniería Industrial","Facultad Regional Santa Fe","Santa Fe","Santa Fe","2026-05-26",\N,"1"
"1548","1548","C2","Tarde","D18","40","Civ4001","Hidráulica","30","15","30","4","Luciana Paola","Moreno","Ingeniera Química","Adjunto","Simple","Ingeniería Química","Facultad Regional Santa Fe","Santa Fe","Santa Fe","2026-05-26",\N,"1"
"1549","1549","C1","Mañana","D04","80","Civ4001","Hidráulica","30","15","30","4","Carlos Alberto","García","Ingeniero En Sistemas","Titular","Exclusiva","Ingeniería En Sistemas De Información","Facultad Regional Santa Fe","Santa Fe","Santa Fe","2026-05-26",\N,"1"
"1550","1550","C1","Tarde","B02","50","Qui2001","Química Orgánica","30","15","30","2","Natalia Belén","Castro","Magíster En Telecomunicaciones","Adjunto","Semi-Exclusiva","Ingeniería Electrónica","Facultad Regional Santa Fe","Santa Fe","Santa Fe","2026-05-26",\N,"1"
"1551","1551","C2","Tarde","A05","35","Qui2001","Química Orgánica","30","15","30","2","Luis Alberto","Vera","Ingeniero Industrial","Adjunto","Simple","Ingeniería Industrial","Facultad Regional Santa Fe","Santa Fe","Santa Fe","2026-05-26",\N,"1"
"1552","1552","C1","Mañana","A17","80","Qui2001","Química Orgánica","30","15","30","2","Diego Marcelo","Torres","Ingeniero Mecánico","Adjunto","Simple","Ingeniería Mecánica","Facultad Regional Santa Fe","Santa Fe","Santa Fe","2026-05-26",\N,"1"
"1553","1553","C2","Noche","L14","80","Qui2001","Química Orgánica","30","15","30","2","Leandro Damián","Acosta","Doctor En Ingeniería Civil","Titular","Exclusiva","Ingeniería Civil","Facultad Regional Santa Fe","Santa Fe","Santa Fe","2026-05-26",\N,"1"
"1554","1554","C1","Noche","A04","30","Qui3001","Química Industrial","30","15","45","3","María Elena","Rodríguez","Doctora En Ciencias De La Computación","Titular","Exclusiva","Ingeniería En Sistemas De Información","Facultad Regional Santa Fe","Santa Fe","Santa Fe","2026-05-26",\N,"1"
"1555","1555","C2","Noche","A03","60","Qui3001","Química Industrial","30","15","45","3","Mariana Soledad","Pereira","Magíster En Matemática","Adjunto","Semi-Exclusiva","Ciencias Básicas","Facultad Regional Santa Fe","Santa Fe","Santa Fe","2026-05-26",\N,"1"
"1556","1556","C1","Noche","B09","60","Mat1003","Matemática Discreta","45","30","0","1","Nicolás Emilio","Suárez","Magíster En Redes","Adjunto","Semi-Exclusiva","Ingeniería En Sistemas De Información","Facultad Regional Santa Fe","Santa Fe","Santa Fe","2026-05-26",\N,"1"
"1557","1557","C2","Tarde","D05","60","Mat1003","Matemática Discreta","45","30","0","1","Mariana Soledad","Pereira","Magíster En Matemática","Adjunto","Semi-Exclusiva","Ciencias Básicas","Facultad Regional Santa Fe","Santa Fe","Santa Fe","2026-05-26",\N,"1"
"1558","1558","C1","Noche","A03","30","Mat1003","Matemática Discreta","45","30","0","1","Alejandro José","Núñez","Ingeniero Electrónico","Adjunto","Simple","Ingeniería Electrónica","Facultad Regional Santa Fe","Santa Fe","Santa Fe","2026-05-26",\N,"1"
"1559","1559","C2","Noche","C20","35","Mat1003","Matemática Discreta","45","30","0","1","Cristian Ariel","Ortega","Ingeniero Mecánico","Adjunto","Simple","Ingeniería Mecánica","Facultad Regional Santa Fe","Santa Fe","Santa Fe","2026-05-26",\N,"1"
"1560","1560","C1","Tarde","C01","60","Mat1001","Análisis Matemático I","60","30","0","1","Facundo Ezequiel","Jiménez","Magíster En Ciencias De La Computación","Adjunto","Semi-Exclusiva","Ingeniería En Sistemas De Información","Facultad Regional Santa Fe","Santa Fe","Santa Fe","2026-05-26",\N,"1"
"1561","1561","C2","Noche","A03","35","Mat1001","Análisis Matemático I","60","30","0","1","Tomás Agustín","Domínguez","Magíster En Electrónica","Adjunto","Semi-Exclusiva","Ingeniería Electrónica","Facultad Regional Santa Fe","Santa Fe","Santa Fe","2026-05-26",\N,"1"
"1562","1562","C1","Noche","D14","35","Mat1001","Análisis Matemático I","60","30","0","1","Jorge Osvaldo","Sánchez","Magíster En Ingeniería Industrial","Titular","Semi-Exclusiva","Ingeniería Industrial","Facultad Regional Santa Fe","Santa Fe","Santa Fe","2026-05-26",\N,"1"
"1563","1563","C2","Noche","B19","60","Mat1001","Análisis Matemático I","60","30","0","1","Tomás Agustín","Domínguez","Magíster En Electrónica","Adjunto","Semi-Exclusiva","Ingeniería Electrónica","Facultad Regional Santa Fe","Santa Fe","Santa Fe","2026-05-26",\N,"1"
"1564","1564","C1","Noche","D16","40","Mat1002","Álgebra Y Geometría Analítica","60","30","0","1","Pablo Sebastián","Ruiz","Doctor En Ingeniería","Titular","Exclusiva","Ingeniería Civil","Facultad Regional Santa Fe","Santa Fe","Santa Fe","2026-05-26",\N,"1"
"1565","1565","C2","Tarde","L06","30","Mat1002","Álgebra Y Geometría Analítica","60","30","0","1","Facundo Ezequiel","Jiménez","Magíster En Ciencias De La Computación","Adjunto","Semi-Exclusiva","Ingeniería En Sistemas De Información","Facultad Regional Santa Fe","Santa Fe","Santa Fe","2026-05-26",\N,"1"
"1566","1566","C1","Mañana","L11","40","Mat1002","Álgebra Y Geometría Analítica","60","30","0","1","Tomás Agustín","Domínguez","Magíster En Electrónica","Adjunto","Semi-Exclusiva","Ingeniería Electrónica","Facultad Regional Santa Fe","Santa Fe","Santa Fe","2026-05-26",\N,"1"
"1567","1567","C2","Tarde","B01","35","Mat1002","Álgebra Y Geometría Analítica","60","30","0","1","Carolina Florencia","Díaz","Ingeniera Civil","Adjunto","Simple","Ingeniería Civil","Facultad Regional Santa Fe","Santa Fe","Santa Fe","2026-05-26",\N,"1"
"1568","1568","C1","Noche","C01","45","Fis1001","Física I","45","30","15","1","Ana Paula","Martínez","Magíster En Matemática Aplicada","Adjunto","Simple","Ciencias Básicas","Facultad Regional Santa Fe","Santa Fe","Santa Fe","2026-05-26",\N,"1"
"1569","1569","C2","Noche","B10","60","Fis1001","Física I","45","30","15","1","Pilar Estela","Molina","Ingeniera Civil","Adjunto","Simple","Ingeniería Civil","Facultad Regional Santa Fe","Santa Fe","Santa Fe","2026-05-26",\N,"1"
"1570","1570","C1","Noche","A07","30","Fis1001","Física I","45","30","15","1","Carolina Florencia","Díaz","Ingeniera Civil","Adjunto","Simple","Ingeniería Civil","Facultad Regional Santa Fe","Santa Fe","Santa Fe","2026-05-26",\N,"1"
"1571","1571","C2","Noche","B18","60","Fis1001","Física I","45","30","15","1","Pilar Estela","Molina","Ingeniera Civil","Adjunto","Simple","Ingeniería Civil","Facultad Regional Santa Fe","Santa Fe","Santa Fe","2026-05-26",\N,"1"
"1572","1572","C1","Mañana","C02","30","Qui1001","Química General","30","15","30","1","Silvina Beatriz","Fernández","Ingeniera Electrónica","Adjunto","Semi-Exclusiva","Ingeniería Electrónica","Facultad Regional Santa Fe","Santa Fe","Santa Fe","2026-05-26",\N,"1"
"1573","1573","C2","Tarde","C01","40","Qui1001","Química General","30","15","30","1","María Elena","Rodríguez","Doctora En Ciencias De La Computación","Titular","Exclusiva","Ingeniería En Sistemas De Información","Facultad Regional Santa Fe","Santa Fe","Santa Fe","2026-05-26",\N,"1"
"1574","1574","C1","Noche","B18","40","Qui1001","Química General","30","15","30","1","Facundo Ezequiel","Jiménez","Magíster En Ciencias De La Computación","Adjunto","Semi-Exclusiva","Ingeniería En Sistemas De Información","Facultad Regional Santa Fe","Santa Fe","Santa Fe","2026-05-26",\N,"1"
"1575","1575","C2","Tarde","D05","80","Qui1001","Química General","30","15","30","1","Jorge Osvaldo","Sánchez","Magíster En Ingeniería Industrial","Titular","Semi-Exclusiva","Ingeniería Industrial","Facultad Regional Santa Fe","Santa Fe","Santa Fe","2026-05-26",\N,"1"
"1576","1576","C1","Noche","L17","80","Mat2001","Análisis Matemático Ii","60","30","0","2","Rodrigo Matías","Campos","Ingeniero En Sistemas","Adjunto","Simple","Ingeniería En Sistemas De Información","Facultad Regional Santa Fe","Santa Fe","Santa Fe","2026-05-26",\N,"1"
"1577","1577","C2","Tarde","B20","80","Mat2001","Análisis Matemático Ii","60","30","0","2","Luciana Paola","Moreno","Ingeniera Química","Adjunto","Simple","Ingeniería Química","Facultad Regional Santa Fe","Santa Fe","Santa Fe","2026-05-26",\N,"1"
"1578","1578","C1","Noche","C18","50","Mat2001","Análisis Matemático Ii","60","30","0","2","Sofía Valentina","Vega","Magíster En Ciencias De La Computación","Adjunto","Semi-Exclusiva","Ingeniería En Sistemas De Información","Facultad Regional Santa Fe","Santa Fe","Santa Fe","2026-05-26",\N,"1"
"1579","1579","C2","Mañana","D20","30","Mat2001","Análisis Matemático Ii","60","30","0","2","Ignacio Ramón","Ibáñez","Magíster En Seguridad Informática","Adjunto","Semi-Exclusiva","Ingeniería En Sistemas De Información","Facultad Regional Santa Fe","Santa Fe","Santa Fe","2026-05-26",\N,"1"
"1580","1580","C2","Noche","D02","80","Mat3001","Análisis Matemático Iii","45","30","0","3","Sofía Valentina","Vega","Magíster En Ciencias De La Computación","Adjunto","Semi-Exclusiva","Ingeniería En Sistemas De Información","Facultad Regional Santa Fe","Santa Fe","Santa Fe","2026-05-26",\N,"1"
"1581","1581","C1","Tarde","C09","60","Mat3001","Análisis Matemático Iii","45","30","0","3","Facundo Ezequiel","Jiménez","Magíster En Ciencias De La Computación","Adjunto","Semi-Exclusiva","Ingeniería En Sistemas De Información","Facultad Regional Santa Fe","Santa Fe","Santa Fe","2026-05-26",\N,"1"
"1582","1582","C1","Noche","C11","45","Inf3004","Paradigmas De Programación","45","15","15","3","María Elena","Rodríguez","Doctora En Ciencias De La Computación","Titular","Exclusiva","Ingeniería En Sistemas De Información","Facultad Regional Santa Fe","Santa Fe","Santa Fe","2026-05-26",\N,"1"
"1583","1583","C1","Mañana","B06","35","Inf3004","Paradigmas De Programación","45","15","15","3","Gustavo Raúl","Medina","Doctor En Matemática","Titular","Exclusiva","Ciencias Básicas","Facultad Regional Santa Fe","Santa Fe","Santa Fe","2026-05-26",\N,"1"
"1584","1584","C2","Mañana","L16","80","Inf3004","Paradigmas De Programación","45","15","15","3","Gustavo Raúl","Medina","Doctor En Matemática","Titular","Exclusiva","Ciencias Básicas","Facultad Regional Santa Fe","Santa Fe","Santa Fe","2026-05-26",\N,"1"
"1585","1585","C1","Tarde","C17","45","Ele2001","Electrónica Analógica","30","15","45","2","María Elena","Rodríguez","Doctora En Ciencias De La Computación","Titular","Exclusiva","Ingeniería En Sistemas De Información","Facultad Regional Santa Fe","Santa Fe","Santa Fe","2026-05-26",\N,"1"
"1586","1586","C2","Tarde","A04","30","Ele2001","Electrónica Analógica","30","15","45","2","Cristian Ariel","Ortega","Ingeniero Mecánico","Adjunto","Simple","Ingeniería Mecánica","Facultad Regional Santa Fe","Santa Fe","Santa Fe","2026-05-26",\N,"1"
"1587","1587","C1","Noche","C06","60","Ele2001","Electrónica Analógica","30","15","45","2","Valeria Soledad","Herrera","Ingeniera Electrónica","Adjunto","Simple","Ingeniería Electrónica","Facultad Regional Santa Fe","Santa Fe","Santa Fe","2026-05-26",\N,"1"
"1588","1588","C2","Noche","A05","50","Ele2001","Electrónica Analógica","30","15","45","2","Nicolás Emilio","Suárez","Magíster En Redes","Adjunto","Semi-Exclusiva","Ingeniería En Sistemas De Información","Facultad Regional Santa Fe","Santa Fe","Santa Fe","2026-05-26",\N,"1"
"1589","1589","C1","Tarde","L13","80","Ele3001","Sistemas De Control","45","15","30","3","Eduardo Martín","Vargas","Ingeniero En Sistemas","Adjunto","Simple","Ingeniería En Sistemas De Información","Facultad Regional Santa Fe","Santa Fe","Santa Fe","2026-05-26",\N,"1"
"1590","1590","C2","Tarde","L13","45","Ele3001","Sistemas De Control","45","15","30","3","Carolina Florencia","Díaz","Ingeniera Civil","Adjunto","Simple","Ingeniería Civil","Facultad Regional Santa Fe","Santa Fe","Santa Fe","2026-05-26",\N,"1"
"1591","1591","C2","Noche","L16","40","Ele3002","Comunicaciones","30","15","30","3","Luciana Paola","Moreno","Ingeniera Química","Adjunto","Simple","Ingeniería Química","Facultad Regional Santa Fe","Santa Fe","Santa Fe","2026-05-26",\N,"1"
"1592","1592","C2","Tarde","C01","60","Ele3002","Comunicaciones","30","15","30","3","Verónica Adriana","Rojas","Doctora En Ciencias De La Computación","Titular","Exclusiva","Ingeniería En Sistemas De Información","Facultad Regional Santa Fe","Santa Fe","Santa Fe","2026-05-26",\N,"1"
"1593","1593","C1","Mañana","C12","45","Civ1001","Topografía","30","15","30","1","Pilar Estela","Molina","Ingeniera Civil","Adjunto","Simple","Ingeniería Civil","Facultad Regional Santa Fe","Santa Fe","Santa Fe","2026-05-26",\N,"1"
"1594","1594","C2","Tarde","A13","50","Civ1001","Topografía","30","15","30","1","Rodrigo Matías","Campos","Ingeniero En Sistemas","Adjunto","Simple","Ingeniería En Sistemas De Información","Facultad Regional Santa Fe","Santa Fe","Santa Fe","2026-05-26",\N,"1"
"1595","1595","C1","Mañana","A11","60","Civ1001","Topografía","30","15","30","1","Natalia Belén","Castro","Magíster En Telecomunicaciones","Adjunto","Semi-Exclusiva","Ingeniería Electrónica","Facultad Regional Santa Fe","Santa Fe","Santa Fe","2026-05-26",\N,"1"
"1596","1596","C2","Tarde","D14","60","Civ1001","Topografía","30","15","30","1","Sofía Valentina","Vega","Magíster En Ciencias De La Computación","Adjunto","Semi-Exclusiva","Ingeniería En Sistemas De Información","Facultad Regional Santa Fe","Santa Fe","Santa Fe","2026-05-26",\N,"1"
"1597","1597","C1","Noche","D20","35","Civ2001","Mecánica De Suelos","30","15","30","2","Claudia Verónica","Morales","Ingeniera Industrial","Adjunto","Simple","Ingeniería Industrial","Facultad Regional Santa Fe","Santa Fe","Santa Fe","2026-05-26",\N,"1"
"1598","1598","C2","Noche","C08","30","Civ2001","Mecánica De Suelos","30","15","30","2","Sofía Valentina","Vega","Magíster En Ciencias De La Computación","Adjunto","Semi-Exclusiva","Ingeniería En Sistemas De Información","Facultad Regional Santa Fe","Santa Fe","Santa Fe","2026-05-26",\N,"1"
"1599","1599","C1","Noche","B20","50","Civ2001","Mecánica De Suelos","30","15","30","2","Facundo Ezequiel","Jiménez","Magíster En Ciencias De La Computación","Adjunto","Semi-Exclusiva","Ingeniería En Sistemas De Información","Facultad Regional Santa Fe","Santa Fe","Santa Fe","2026-05-26",\N,"1"
"1600","1600","C2","Tarde","A01","40","Civ2001","Mecánica De Suelos","30","15","30","2","Ignacio Ramón","Ibáñez","Magíster En Seguridad Informática","Adjunto","Semi-Exclusiva","Ingeniería En Sistemas De Información","Facultad Regional Santa Fe","Santa Fe","Santa Fe","2026-05-26",\N,"1"
"1601","1601","C2","Noche","L16","80","Civ3001","Estructuras","45","30","15","3","Pilar Estela","Molina","Ingeniera Civil","Adjunto","Simple","Ingeniería Civil","Facultad Regional Santa Fe","Santa Fe","Santa Fe","2026-05-26",\N,"1"
"1602","1602","C1","Mañana","L11","80","Civ3001","Estructuras","45","30","15","3","Luis Alberto","Vera","Ingeniero Industrial","Adjunto","Simple","Ingeniería Industrial","Facultad Regional Santa Fe","Santa Fe","Santa Fe","2026-05-26",\N,"1"
"1603","1603","C1","Tarde","D01","30","Civ4001","Hidráulica","30","15","30","4","Natalia Belén","Castro","Magíster En Telecomunicaciones","Adjunto","Semi-Exclusiva","Ingeniería Electrónica","Facultad Regional Santa Fe","Santa Fe","Santa Fe","2026-05-26",\N,"1"
"1604","1604","C2","Tarde","D06","50","Civ4001","Hidráulica","30","15","30","4","Alejandra Cecilia","Romero","Doctora En Ingeniería Industrial","Asociado","Semi-Exclusiva","Ingeniería Industrial","Facultad Regional Santa Fe","Santa Fe","Santa Fe","2026-05-26",\N,"1"
"1605","1605","C2","Tarde","C12","35","Civ4001","Hidráulica","30","15","30","4","Sofía Valentina","Vega","Magíster En Ciencias De La Computación","Adjunto","Semi-Exclusiva","Ingeniería En Sistemas De Información","Facultad Regional Santa Fe","Santa Fe","Santa Fe","2026-05-26",\N,"1"
"1606","1606","C1","Noche","C05","50","Mat1001","Análisis Matemático I","60","30","0","1","Ana Paula","Martínez","Magíster En Matemática Aplicada","Adjunto","Simple","Ciencias Básicas","Facultad Regional Resistencia","Resistencia","Chaco","2026-05-26",\N,"1"
"1607","1607","C2","Tarde","L16","45","Mat1001","Análisis Matemático I","60","30","0","1","Gabriela Inés","Flores","Magíster En Sistemas De Información","Asociado","Semi-Exclusiva","Ingeniería En Sistemas De Información","Facultad Regional Resistencia","Resistencia","Chaco","2026-05-26",\N,"1"
"1608","1608","C1","Noche","A05","30","Mat1001","Análisis Matemático I","60","30","0","1","Nicolás Emilio","Suárez","Magíster En Redes","Adjunto","Semi-Exclusiva","Ingeniería En Sistemas De Información","Facultad Regional Resistencia","Resistencia","Chaco","2026-05-26",\N,"1"
"1609","1609","C2","Noche","D02","35","Mat1001","Análisis Matemático I","60","30","0","1","Diego Marcelo","Torres","Ingeniero Mecánico","Adjunto","Simple","Ingeniería Mecánica","Facultad Regional Resistencia","Resistencia","Chaco","2026-05-26",\N,"1"
"1610","1610","C1","Tarde","A11","45","Mat1002","Álgebra Y Geometría Analítica","60","30","0","1","Facundo Ezequiel","Jiménez","Magíster En Ciencias De La Computación","Adjunto","Semi-Exclusiva","Ingeniería En Sistemas De Información","Facultad Regional Resistencia","Resistencia","Chaco","2026-05-26",\N,"1"
"1611","1611","C2","Tarde","A16","35","Mat1002","Álgebra Y Geometría Analítica","60","30","0","1","Susana Graciela","Ríos","Ingeniera Industrial","Adjunto","Simple","Ingeniería Industrial","Facultad Regional Resistencia","Resistencia","Chaco","2026-05-26",\N,"1"
"1612","1612","C1","Tarde","C08","45","Mat1002","Álgebra Y Geometría Analítica","60","30","0","1","Cristian Ariel","Ortega","Ingeniero Mecánico","Adjunto","Simple","Ingeniería Mecánica","Facultad Regional Resistencia","Resistencia","Chaco","2026-05-26",\N,"1"
"1613","1613","C2","Tarde","B11","60","Mat1002","Álgebra Y Geometría Analítica","60","30","0","1","Sofía Valentina","Vega","Magíster En Ciencias De La Computación","Adjunto","Semi-Exclusiva","Ingeniería En Sistemas De Información","Facultad Regional Resistencia","Resistencia","Chaco","2026-05-26",\N,"1"
"1614","1614","C1","Mañana","A20","80","Fis1001","Física I","45","30","15","1","Gustavo Raúl","Medina","Doctor En Matemática","Titular","Exclusiva","Ciencias Básicas","Facultad Regional Resistencia","Resistencia","Chaco","2026-05-26",\N,"1"
"1615","1615","C2","Noche","C18","80","Fis1001","Física I","45","30","15","1","Gabriela Inés","Flores","Magíster En Sistemas De Información","Asociado","Semi-Exclusiva","Ingeniería En Sistemas De Información","Facultad Regional Resistencia","Resistencia","Chaco","2026-05-26",\N,"1"
"1616","1616","C1","Noche","D16","35","Fis1001","Física I","45","30","15","1","Mariana Soledad","Pereira","Magíster En Matemática","Adjunto","Semi-Exclusiva","Ciencias Básicas","Facultad Regional Resistencia","Resistencia","Chaco","2026-05-26",\N,"1"
"1617","1617","C2","Noche","B19","80","Fis1001","Física I","45","30","15","1","Jorge Osvaldo","Sánchez","Magíster En Ingeniería Industrial","Titular","Semi-Exclusiva","Ingeniería Industrial","Facultad Regional Resistencia","Resistencia","Chaco","2026-05-26",\N,"1"
"1618","1618","C1","Noche","C13","35","Qui1001","Química General","30","15","30","1","Florencia Daniela","Cabrera","Doctora En Ingeniería","Asociado","Semi-Exclusiva","Ingeniería Civil","Facultad Regional Resistencia","Resistencia","Chaco","2026-05-26",\N,"1"
"1619","1619","C2","Noche","L01","60","Qui1001","Química General","30","15","30","1","Claudia Verónica","Morales","Ingeniera Industrial","Adjunto","Simple","Ingeniería Industrial","Facultad Regional Resistencia","Resistencia","Chaco","2026-05-26",\N,"1"
"1620","1620","C1","Tarde","B12","45","Qui1001","Química General","30","15","30","1","Ignacio Ramón","Ibáñez","Magíster En Seguridad Informática","Adjunto","Semi-Exclusiva","Ingeniería En Sistemas De Información","Facultad Regional Resistencia","Resistencia","Chaco","2026-05-26",\N,"1"
"1621","1621","C2","Noche","D03","80","Qui1001","Química General","30","15","30","1","Ignacio Ramón","Ibáñez","Magíster En Seguridad Informática","Adjunto","Semi-Exclusiva","Ingeniería En Sistemas De Información","Facultad Regional Resistencia","Resistencia","Chaco","2026-05-26",\N,"1"
"1622","1622","C1","Noche","B07","60","Mat2001","Análisis Matemático Ii","60","30","0","2","Susana Graciela","Ríos","Ingeniera Industrial","Adjunto","Simple","Ingeniería Industrial","Facultad Regional Resistencia","Resistencia","Chaco","2026-05-26",\N,"1"
"1623","1623","C2","Noche","A15","30","Mat2001","Análisis Matemático Ii","60","30","0","2","Diego Marcelo","Torres","Ingeniero Mecánico","Adjunto","Simple","Ingeniería Mecánica","Facultad Regional Resistencia","Resistencia","Chaco","2026-05-26",\N,"1"
"1624","1624","C1","Tarde","C18","80","Mat2001","Análisis Matemático Ii","60","30","0","2","Carlos Alberto","García","Ingeniero En Sistemas","Titular","Exclusiva","Ingeniería En Sistemas De Información","Facultad Regional Resistencia","Resistencia","Chaco","2026-05-26",\N,"1"
"1625","1625","C2","Noche","L06","80","Mat2001","Análisis Matemático Ii","60","30","0","2","Silvina Beatriz","Fernández","Ingeniera Electrónica","Adjunto","Semi-Exclusiva","Ingeniería Electrónica","Facultad Regional Resistencia","Resistencia","Chaco","2026-05-26",\N,"1"
"1626","1626","C1","Noche","D11","45","Mat2002","Probabilidad Y Estadística","45","30","0","2","Nicolás Emilio","Suárez","Magíster En Redes","Adjunto","Semi-Exclusiva","Ingeniería En Sistemas De Información","Facultad Regional Resistencia","Resistencia","Chaco","2026-05-26",\N,"1"
"1627","1627","C2","Mañana","A07","40","Mat2002","Probabilidad Y Estadística","45","30","0","2","Mónica Patricia","Serrano","Doctora En Química Industrial","Asociado","Semi-Exclusiva","Ingeniería Química","Facultad Regional Resistencia","Resistencia","Chaco","2026-05-26",\N,"1"
"1628","1628","C1","Noche","D12","50","Mat2002","Probabilidad Y Estadística","45","30","0","2","Luciana Paola","Moreno","Ingeniera Química","Adjunto","Simple","Ingeniería Química","Facultad Regional Resistencia","Resistencia","Chaco","2026-05-26",\N,"1"
"1629","1629","C2","Mañana","L13","35","Mat2002","Probabilidad Y Estadística","45","30","0","2","Carlos Alberto","García","Ingeniero En Sistemas","Titular","Exclusiva","Ingeniería En Sistemas De Información","Facultad Regional Resistencia","Resistencia","Chaco","2026-05-26",\N,"1"
"1630","1630","C1","Mañana","A20","50","Mat3001","Análisis Matemático Iii","45","30","0","3","Héctor Luis","González","Doctor En Física","Titular","Exclusiva","Ciencias Básicas","Facultad Regional Resistencia","Resistencia","Chaco","2026-05-26",\N,"1"
"1631","1631","C2","Tarde","D15","50","Mat3001","Análisis Matemático Iii","45","30","0","3","Jorge Osvaldo","Sánchez","Magíster En Ingeniería Industrial","Titular","Semi-Exclusiva","Ingeniería Industrial","Facultad Regional Resistencia","Resistencia","Chaco","2026-05-26",\N,"1"
"1632","1632","C2","Mañana","C16","35","Inf4003","Gestión De Proyectos","45","15","0","4","Marcelo Adrián","Gutiérrez","Magíster En Inteligencia Artificial","Adjunto","Semi-Exclusiva","Ingeniería En Sistemas De Información","Facultad Regional Resistencia","Resistencia","Chaco","2026-05-26",\N,"1"
"1633","1633","C1","Noche","D05","40","Inf4003","Gestión De Proyectos","45","15","0","4","María Elena","Rodríguez","Doctora En Ciencias De La Computación","Titular","Exclusiva","Ingeniería En Sistemas De Información","Facultad Regional Resistencia","Resistencia","Chaco","2026-05-26",\N,"1"
"1634","1634","C1","Tarde","L06","60","Adm1001","Administración General","60","15","0","1","Rodrigo Matías","Campos","Ingeniero En Sistemas","Adjunto","Simple","Ingeniería En Sistemas De Información","Facultad Regional Resistencia","Resistencia","Chaco","2026-05-26",\N,"1"
"1635","1635","C2","Noche","L04","30","Adm1001","Administración General","60","15","0","1","Jorge Osvaldo","Sánchez","Magíster En Ingeniería Industrial","Titular","Semi-Exclusiva","Ingeniería Industrial","Facultad Regional Resistencia","Resistencia","Chaco","2026-05-26",\N,"1"
"1636","1636","C1","Noche","L20","30","Adm1001","Administración General","60","15","0","1","Sebastián Nicolás","Álvarez","Magíster En Gestión De Proyectos","Adjunto","Semi-Exclusiva","Ingeniería Industrial","Facultad Regional Resistencia","Resistencia","Chaco","2026-05-26",\N,"1"
"1637","1637","C2","Noche","L04","60","Adm1001","Administración General","60","15","0","1","Florencia Daniela","Cabrera","Doctora En Ingeniería","Asociado","Semi-Exclusiva","Ingeniería Civil","Facultad Regional Resistencia","Resistencia","Chaco","2026-05-26",\N,"1"
"1638","1638","C1","Noche","L14","35","Adm2001","Economía General","60","15","0","2","Natalia Belén","Castro","Magíster En Telecomunicaciones","Adjunto","Semi-Exclusiva","Ingeniería Electrónica","Facultad Regional Resistencia","Resistencia","Chaco","2026-05-26",\N,"1"
"1639","1639","C2","Tarde","L20","30","Adm2001","Economía General","60","15","0","2","Carolina Florencia","Díaz","Ingeniera Civil","Adjunto","Simple","Ingeniería Civil","Facultad Regional Resistencia","Resistencia","Chaco","2026-05-26",\N,"1"
"1640","1640","C1","Noche","B01","40","Adm2001","Economía General","60","15","0","2","Mónica Patricia","Serrano","Doctora En Química Industrial","Asociado","Semi-Exclusiva","Ingeniería Química","Facultad Regional Resistencia","Resistencia","Chaco","2026-05-26",\N,"1"
"1641","1641","C2","Noche","L14","80","Adm2001","Economía General","60","15","0","2","Leandro Damián","Acosta","Doctor En Ingeniería Civil","Titular","Exclusiva","Ingeniería Civil","Facultad Regional Resistencia","Resistencia","Chaco","2026-05-26",\N,"1"
"1642","1642","C1","Noche","B20","80","Adm3001","Contabilidad Y Costos","45","30","0","3","Gabriela Inés","Flores","Magíster En Sistemas De Información","Asociado","Semi-Exclusiva","Ingeniería En Sistemas De Información","Facultad Regional Resistencia","Resistencia","Chaco","2026-05-26",\N,"1"
"1643","1643","C2","Tarde","C19","40","Adm3001","Contabilidad Y Costos","45","30","0","3","Mónica Patricia","Serrano","Doctora En Química Industrial","Asociado","Semi-Exclusiva","Ingeniería Química","Facultad Regional Resistencia","Resistencia","Chaco","2026-05-26",\N,"1"
"1644","1644","C1","Noche","L20","35","Ind3001","Investigación Operativa","45","30","0","3","Leandro Damián","Acosta","Doctor En Ingeniería Civil","Titular","Exclusiva","Ingeniería Civil","Facultad Regional Resistencia","Resistencia","Chaco","2026-05-26",\N,"1"
"1645","1645","C2","Noche","L12","50","Ind3001","Investigación Operativa","45","30","0","3","Pilar Estela","Molina","Ingeniera Civil","Adjunto","Simple","Ingeniería Civil","Facultad Regional Resistencia","Resistencia","Chaco","2026-05-26",\N,"1"
"1646","1646","C1","Noche","D06","50","Ind4001","Logística Y Cadena De Suministro","45","15","0","4","Silvina Beatriz","Fernández","Ingeniera Electrónica","Adjunto","Semi-Exclusiva","Ingeniería Electrónica","Facultad Regional Resistencia","Resistencia","Chaco","2026-05-26",\N,"1"
"1647","1647","C1","Noche","C07","45","Ind4001","Logística Y Cadena De Suministro","45","15","0","4","Eduardo Martín","Vargas","Ingeniero En Sistemas","Adjunto","Simple","Ingeniería En Sistemas De Información","Facultad Regional Resistencia","Resistencia","Chaco","2026-05-26",\N,"1"
"1648","1648","C2","Noche","D06","30","Ind4002","Gestión De La Calidad","45","15","0","4","Luis Alberto","Vera","Ingeniero Industrial","Adjunto","Simple","Ingeniería Industrial","Facultad Regional Resistencia","Resistencia","Chaco","2026-05-26",\N,"1"
"1649","1649","C1","Noche","A10","30","Ind4002","Gestión De La Calidad","45","15","0","4","Alejandro José","Núñez","Ingeniero Electrónico","Adjunto","Simple","Ingeniería Electrónica","Facultad Regional Resistencia","Resistencia","Chaco","2026-05-26",\N,"1"
"1650","1650","C1","Noche","B01","60","Mat1001","Análisis Matemático I","60","30","0","1","Mariela Noelia","Ponce","Doctora En Ciencias Básicas","Titular","Exclusiva","Ciencias Básicas","Facultad Regional Resistencia","Resistencia","Chaco","2026-05-26",\N,"1"
"1651","1651","C2","Noche","B18","40","Mat1001","Análisis Matemático I","60","30","0","1","Tomás Agustín","Domínguez","Magíster En Electrónica","Adjunto","Semi-Exclusiva","Ingeniería Electrónica","Facultad Regional Resistencia","Resistencia","Chaco","2026-05-26",\N,"1"
"1652","1652","C1","Tarde","A14","50","Mat1001","Análisis Matemático I","60","30","0","1","Susana Graciela","Ríos","Ingeniera Industrial","Adjunto","Simple","Ingeniería Industrial","Facultad Regional Resistencia","Resistencia","Chaco","2026-05-26",\N,"1"
"1653","1653","C2","Noche","A14","60","Mat1001","Análisis Matemático I","60","30","0","1","Tomás Agustín","Domínguez","Magíster En Electrónica","Adjunto","Semi-Exclusiva","Ingeniería Electrónica","Facultad Regional Resistencia","Resistencia","Chaco","2026-05-26",\N,"1"
"1654","1654","C1","Noche","A06","30","Mat1002","Álgebra Y Geometría Analítica","60","30","0","1","Ignacio Ramón","Ibáñez","Magíster En Seguridad Informática","Adjunto","Semi-Exclusiva","Ingeniería En Sistemas De Información","Facultad Regional Resistencia","Resistencia","Chaco","2026-05-26",\N,"1"
"1655","1655","C2","Tarde","A19","50","Mat1002","Álgebra Y Geometría Analítica","60","30","0","1","María Elena","Rodríguez","Doctora En Ciencias De La Computación","Titular","Exclusiva","Ingeniería En Sistemas De Información","Facultad Regional Resistencia","Resistencia","Chaco","2026-05-26",\N,"1"
"1656","1656","C1","Noche","B09","50","Mat1002","Álgebra Y Geometría Analítica","60","30","0","1","Facundo Ezequiel","Jiménez","Magíster En Ciencias De La Computación","Adjunto","Semi-Exclusiva","Ingeniería En Sistemas De Información","Facultad Regional Resistencia","Resistencia","Chaco","2026-05-26",\N,"1"
"1657","1657","C2","Mañana","A16","80","Mat1002","Álgebra Y Geometría Analítica","60","30","0","1","Gabriela Inés","Flores","Magíster En Sistemas De Información","Asociado","Semi-Exclusiva","Ingeniería En Sistemas De Información","Facultad Regional Resistencia","Resistencia","Chaco","2026-05-26",\N,"1"
"1658","1658","C1","Tarde","L10","80","Fis1001","Física I","45","30","15","1","Marcelo Adrián","Gutiérrez","Magíster En Inteligencia Artificial","Adjunto","Semi-Exclusiva","Ingeniería En Sistemas De Información","Facultad Regional Resistencia","Resistencia","Chaco","2026-05-26",\N,"1"
"1659","1659","C2","Noche","B18","40","Fis1001","Física I","45","30","15","1","Leandro Damián","Acosta","Doctor En Ingeniería Civil","Titular","Exclusiva","Ingeniería Civil","Facultad Regional Resistencia","Resistencia","Chaco","2026-05-26",\N,"1"
"1660","1660","C1","Noche","L04","45","Fis1001","Física I","45","30","15","1","Carolina Florencia","Díaz","Ingeniera Civil","Adjunto","Simple","Ingeniería Civil","Facultad Regional Resistencia","Resistencia","Chaco","2026-05-26",\N,"1"
"1661","1661","C2","Noche","L10","30","Fis1001","Física I","45","30","15","1","Claudia Verónica","Morales","Ingeniera Industrial","Adjunto","Simple","Ingeniería Industrial","Facultad Regional Resistencia","Resistencia","Chaco","2026-05-26",\N,"1"
"1662","1662","C1","Noche","B14","35","Qui1001","Química General","30","15","30","1","Pilar Estela","Molina","Ingeniera Civil","Adjunto","Simple","Ingeniería Civil","Facultad Regional Resistencia","Resistencia","Chaco","2026-05-26",\N,"1"
"1663","1663","C2","Tarde","L11","60","Qui1001","Química General","30","15","30","1","Valeria Soledad","Herrera","Ingeniera Electrónica","Adjunto","Simple","Ingeniería Electrónica","Facultad Regional Resistencia","Resistencia","Chaco","2026-05-26",\N,"1"
"1664","1664","C1","Noche","D06","50","Qui1001","Química General","30","15","30","1","Ignacio Ramón","Ibáñez","Magíster En Seguridad Informática","Adjunto","Semi-Exclusiva","Ingeniería En Sistemas De Información","Facultad Regional Resistencia","Resistencia","Chaco","2026-05-26",\N,"1"
"1665","1665","C2","Noche","L11","50","Qui1001","Química General","30","15","30","1","Ignacio Ramón","Ibáñez","Magíster En Seguridad Informática","Adjunto","Semi-Exclusiva","Ingeniería En Sistemas De Información","Facultad Regional Resistencia","Resistencia","Chaco","2026-05-26",\N,"1"
"1666","1666","C1","Tarde","L08","60","Inf1001","Algoritmos Y Estructuras De Datos","30","15","30","1","Ana Paula","Martínez","Magíster En Matemática Aplicada","Adjunto","Simple","Ciencias Básicas","Facultad Regional Resistencia","Resistencia","Chaco","2026-05-26",\N,"1"
"1667","1667","C2","Tarde","B03","50","Inf1001","Algoritmos Y Estructuras De Datos","30","15","30","1","Diego Marcelo","Torres","Ingeniero Mecánico","Adjunto","Simple","Ingeniería Mecánica","Facultad Regional Resistencia","Resistencia","Chaco","2026-05-26",\N,"1"
"1668","1668","C1","Tarde","D07","80","Inf1001","Algoritmos Y Estructuras De Datos","30","15","30","1","Florencia Daniela","Cabrera","Doctora En Ingeniería","Asociado","Semi-Exclusiva","Ingeniería Civil","Facultad Regional Resistencia","Resistencia","Chaco","2026-05-26",\N,"1"
"1669","1669","C2","Noche","C19","45","Inf1001","Algoritmos Y Estructuras De Datos","30","15","30","1","Rodrigo Matías","Campos","Ingeniero En Sistemas","Adjunto","Simple","Ingeniería En Sistemas De Información","Facultad Regional Resistencia","Resistencia","Chaco","2026-05-26",\N,"1"
"1670","1670","C1","Tarde","A05","35","Mat2001","Análisis Matemático Ii","60","30","0","2","Carlos Alberto","García","Ingeniero En Sistemas","Titular","Exclusiva","Ingeniería En Sistemas De Información","Facultad Regional Resistencia","Resistencia","Chaco","2026-05-26",\N,"1"
"1671","1671","C2","Noche","B17","45","Mat2001","Análisis Matemático Ii","60","30","0","2","Héctor Luis","González","Doctor En Física","Titular","Exclusiva","Ciencias Básicas","Facultad Regional Resistencia","Resistencia","Chaco","2026-05-26",\N,"1"
"1672","1672","C1","Noche","C10","35","Mat2001","Análisis Matemático Ii","60","30","0","2","Natalia Belén","Castro","Magíster En Telecomunicaciones","Adjunto","Semi-Exclusiva","Ingeniería Electrónica","Facultad Regional Resistencia","Resistencia","Chaco","2026-05-26",\N,"1"
"1673","1673","C2","Noche","B09","80","Mat2001","Análisis Matemático Ii","60","30","0","2","Silvina Beatriz","Fernández","Ingeniera Electrónica","Adjunto","Semi-Exclusiva","Ingeniería Electrónica","Facultad Regional Resistencia","Resistencia","Chaco","2026-05-26",\N,"1"
"1674","1674","C1","Noche","C10","30","Mat2002","Probabilidad Y Estadística","45","30","0","2","Facundo Ezequiel","Jiménez","Magíster En Ciencias De La Computación","Adjunto","Semi-Exclusiva","Ingeniería En Sistemas De Información","Facultad Regional Resistencia","Resistencia","Chaco","2026-05-26",\N,"1"
"1675","1675","C2","Noche","L02","50","Mat2002","Probabilidad Y Estadística","45","30","0","2","Rodrigo Matías","Campos","Ingeniero En Sistemas","Adjunto","Simple","Ingeniería En Sistemas De Información","Facultad Regional Resistencia","Resistencia","Chaco","2026-05-26",\N,"1"
"1676","1676","C1","Tarde","A10","45","Mat2002","Probabilidad Y Estadística","45","30","0","2","Patricia Andrea","Ramírez","Doctora En Química","Titular","Exclusiva","Ingeniería Química","Facultad Regional Resistencia","Resistencia","Chaco","2026-05-26",\N,"1"
"1677","1677","C2","Tarde","A18","60","Mat2002","Probabilidad Y Estadística","45","30","0","2","Héctor Luis","González","Doctor En Física","Titular","Exclusiva","Ciencias Básicas","Facultad Regional Resistencia","Resistencia","Chaco","2026-05-26",\N,"1"
"1678","1678","C1","Noche","D16","30","Fis2001","Física Ii","45","30","15","2","María Elena","Rodríguez","Doctora En Ciencias De La Computación","Titular","Exclusiva","Ingeniería En Sistemas De Información","Facultad Regional Resistencia","Resistencia","Chaco","2026-05-26",\N,"1"
"1679","1679","C2","Mañana","A10","45","Fis2001","Física Ii","45","30","15","2","Jorge Osvaldo","Sánchez","Magíster En Ingeniería Industrial","Titular","Semi-Exclusiva","Ingeniería Industrial","Facultad Regional Resistencia","Resistencia","Chaco","2026-05-26",\N,"1"
"1680","1680","C1","Noche","D03","50","Fis2001","Física Ii","45","30","15","2","Rodrigo Matías","Campos","Ingeniero En Sistemas","Adjunto","Simple","Ingeniería En Sistemas De Información","Facultad Regional Resistencia","Resistencia","Chaco","2026-05-26",\N,"1"
"1681","1681","C2","Noche","B08","45","Fis2001","Física Ii","45","30","15","2","Mariela Noelia","Ponce","Doctora En Ciencias Básicas","Titular","Exclusiva","Ciencias Básicas","Facultad Regional Resistencia","Resistencia","Chaco","2026-05-26",\N,"1"
"1682","1682","C1","Noche","C01","60","Inf2001","Programación Orientada A Objetos","30","15","30","2","Eduardo Martín","Vargas","Ingeniero En Sistemas","Adjunto","Simple","Ingeniería En Sistemas De Información","Facultad Regional Resistencia","Resistencia","Chaco","2026-05-26",\N,"1"
"1683","1683","C2","Noche","A14","30","Inf2001","Programación Orientada A Objetos","30","15","30","2","Luciana Paola","Moreno","Ingeniera Química","Adjunto","Simple","Ingeniería Química","Facultad Regional Resistencia","Resistencia","Chaco","2026-05-26",\N,"1"
"1684","1684","C1","Noche","B01","80","Inf2001","Programación Orientada A Objetos","30","15","30","2","Luis Alberto","Vera","Ingeniero Industrial","Adjunto","Simple","Ingeniería Industrial","Facultad Regional Resistencia","Resistencia","Chaco","2026-05-26",\N,"1"
"1685","1685","C2","Mañana","B15","45","Inf2001","Programación Orientada A Objetos","30","15","30","2","Diego Marcelo","Torres","Ingeniero Mecánico","Adjunto","Simple","Ingeniería Mecánica","Facultad Regional Resistencia","Resistencia","Chaco","2026-05-26",\N,"1"
"1686","1686","C1","Noche","D18","45","Inf2002","Arquitectura De Computadoras","45","15","15","2","Cristian Ariel","Ortega","Ingeniero Mecánico","Adjunto","Simple","Ingeniería Mecánica","Facultad Regional Resistencia","Resistencia","Chaco","2026-05-26",\N,"1"
"1687","1687","C2","Tarde","C10","80","Inf2002","Arquitectura De Computadoras","45","15","15","2","Patricia Andrea","Ramírez","Doctora En Química","Titular","Exclusiva","Ingeniería Química","Facultad Regional Resistencia","Resistencia","Chaco","2026-05-26",\N,"1"
"1688","1688","C1","Tarde","C13","30","Inf2002","Arquitectura De Computadoras","45","15","15","2","Fernando Daniel","Reyes","Doctor En Física","Asociado","Semi-Exclusiva","Ciencias Básicas","Facultad Regional Resistencia","Resistencia","Chaco","2026-05-26",\N,"1"
"1689","1689","C2","Noche","A04","60","Inf2002","Arquitectura De Computadoras","45","15","15","2","Luciana Paola","Moreno","Ingeniera Química","Adjunto","Simple","Ingeniería Química","Facultad Regional Resistencia","Resistencia","Chaco","2026-05-26",\N,"1"
"1690","1690","C2","Noche","A02","60","Mat3001","Análisis Matemático Iii","45","30","0","3","Mariela Noelia","Ponce","Doctora En Ciencias Básicas","Titular","Exclusiva","Ciencias Básicas","Facultad Regional Resistencia","Resistencia","Chaco","2026-05-26",\N,"1"
"1691","1691","C1","Mañana","B01","80","Mat3001","Análisis Matemático Iii","45","30","0","3","Leandro Damián","Acosta","Doctor En Ingeniería Civil","Titular","Exclusiva","Ingeniería Civil","Facultad Regional Resistencia","Resistencia","Chaco","2026-05-26",\N,"1"
"1692","1692","C2","Noche","C12","50","Mat3001","Análisis Matemático Iii","45","30","0","3","Facundo Ezequiel","Jiménez","Magíster En Ciencias De La Computación","Adjunto","Semi-Exclusiva","Ingeniería En Sistemas De Información","Facultad Regional Resistencia","Resistencia","Chaco","2026-05-26",\N,"1"
"1693","1693","C2","Mañana","D07","80","Inf3001","Base De Datos","30","15","30","3","Luciana Paola","Moreno","Ingeniera Química","Adjunto","Simple","Ingeniería Química","Facultad Regional Resistencia","Resistencia","Chaco","2026-05-26",\N,"1"
"1694","1694","C2","Mañana","L03","60","Inf3001","Base De Datos","30","15","30","3","Claudia Verónica","Morales","Ingeniera Industrial","Adjunto","Simple","Ingeniería Industrial","Facultad Regional Resistencia","Resistencia","Chaco","2026-05-26",\N,"1"
"1695","1695","C1","Noche","B20","50","Inf3002","Ingeniería De Software I","45","15","15","3","Claudia Verónica","Morales","Ingeniera Industrial","Adjunto","Simple","Ingeniería Industrial","Facultad Regional Resistencia","Resistencia","Chaco","2026-05-26",\N,"1"
"1696","1696","C2","Noche","B06","30","Inf3002","Ingeniería De Software I","45","15","15","3","Natalia Belén","Castro","Magíster En Telecomunicaciones","Adjunto","Semi-Exclusiva","Ingeniería Electrónica","Facultad Regional Resistencia","Resistencia","Chaco","2026-05-26",\N,"1"
"1697","1697","C2","Tarde","D13","30","Inf3002","Ingeniería De Software I","45","15","15","3","Alejandro José","Núñez","Ingeniero Electrónico","Adjunto","Simple","Ingeniería Electrónica","Facultad Regional Resistencia","Resistencia","Chaco","2026-05-26",\N,"1"
"1698","1698","C2","Mañana","C11","35","Inf3003","Sistemas Operativos","30","15","30","3","Gabriela Inés","Flores","Magíster En Sistemas De Información","Asociado","Semi-Exclusiva","Ingeniería En Sistemas De Información","Facultad Regional Resistencia","Resistencia","Chaco","2026-05-26",\N,"1"
"1699","1699","C1","Noche","B02","30","Inf3003","Sistemas Operativos","30","15","30","3","Alejandro José","Núñez","Ingeniero Electrónico","Adjunto","Simple","Ingeniería Electrónica","Facultad Regional Resistencia","Resistencia","Chaco","2026-05-26",\N,"1"
"1700","1700","C2","Tarde","A19","30","Inf3003","Sistemas Operativos","30","15","30","3","Sofía Valentina","Vega","Magíster En Ciencias De La Computación","Adjunto","Semi-Exclusiva","Ingeniería En Sistemas De Información","Facultad Regional Resistencia","Resistencia","Chaco","2026-05-26",\N,"1"
"1701","1701","C1","Tarde","D09","35","Inf3005","Redes De Computadoras","30","15","30","3","María Elena","Rodríguez","Doctora En Ciencias De La Computación","Titular","Exclusiva","Ingeniería En Sistemas De Información","Facultad Regional Resistencia","Resistencia","Chaco","2026-05-26",\N,"1"
"1702","1702","C2","Tarde","C05","30","Inf3005","Redes De Computadoras","30","15","30","3","Mariana Soledad","Pereira","Magíster En Matemática","Adjunto","Semi-Exclusiva","Ciencias Básicas","Facultad Regional Resistencia","Resistencia","Chaco","2026-05-26",\N,"1"
"1703","1703","C1","Mañana","A19","35","Inf3005","Redes De Computadoras","30","15","30","3","Facundo Ezequiel","Jiménez","Magíster En Ciencias De La Computación","Adjunto","Semi-Exclusiva","Ingeniería En Sistemas De Información","Facultad Regional Resistencia","Resistencia","Chaco","2026-05-26",\N,"1"
"1704","1704","C1","Tarde","D05","60","Inf4001","Ingeniería De Software Ii","45","15","15","4","Luciana Paola","Moreno","Ingeniera Química","Adjunto","Simple","Ingeniería Química","Facultad Regional Resistencia","Resistencia","Chaco","2026-05-26",\N,"1"
"1705","1705","C2","Mañana","D06","30","Inf4001","Ingeniería De Software Ii","45","15","15","4","Alejandro José","Núñez","Ingeniero Electrónico","Adjunto","Simple","Ingeniería Electrónica","Facultad Regional Resistencia","Resistencia","Chaco","2026-05-26",\N,"1"
"1706","1706","C2","Tarde","L14","35","Inf4002","Inteligencia Artificial","30","15","30","4","Nicolás Emilio","Suárez","Magíster En Redes","Adjunto","Semi-Exclusiva","Ingeniería En Sistemas De Información","Facultad Regional Resistencia","Resistencia","Chaco","2026-05-26",\N,"1"
"1707","1707","C1","Tarde","B20","60","Inf4002","Inteligencia Artificial","30","15","30","4","Silvina Beatriz","Fernández","Ingeniera Electrónica","Adjunto","Semi-Exclusiva","Ingeniería Electrónica","Facultad Regional Resistencia","Resistencia","Chaco","2026-05-26",\N,"1"
"1708","1708","C2","Mañana","A03","60","Inf4002","Inteligencia Artificial","30","15","30","4","Rodrigo Matías","Campos","Ingeniero En Sistemas","Adjunto","Simple","Ingeniería En Sistemas De Información","Facultad Regional Resistencia","Resistencia","Chaco","2026-05-26",\N,"1"
"1709","1709","C2","Noche","L03","50","Inf4003","Gestión De Proyectos","45","15","0","4","Nicolás Emilio","Suárez","Magíster En Redes","Adjunto","Semi-Exclusiva","Ingeniería En Sistemas De Información","Facultad Regional Resistencia","Resistencia","Chaco","2026-05-26",\N,"1"
"1710","1710","C2","Mañana","A18","80","Inf4003","Gestión De Proyectos","45","15","0","4","Ignacio Ramón","Ibáñez","Magíster En Seguridad Informática","Adjunto","Semi-Exclusiva","Ingeniería En Sistemas De Información","Facultad Regional Resistencia","Resistencia","Chaco","2026-05-26",\N,"1"
"1711","1711","C2","Noche","C18","80","Inf4004","Seguridad Informática","30","15","30","4","Rodrigo Matías","Campos","Ingeniero En Sistemas","Adjunto","Simple","Ingeniería En Sistemas De Información","Facultad Regional Resistencia","Resistencia","Chaco","2026-05-26",\N,"1"
"1712","1712","C2","Mañana","A18","80","Inf4004","Seguridad Informática","30","15","30","4","Eduardo Martín","Vargas","Ingeniero En Sistemas","Adjunto","Simple","Ingeniería En Sistemas De Información","Facultad Regional Resistencia","Resistencia","Chaco","2026-05-26",\N,"1"
"1713","1713","C1","Noche","D17","60","Inf4005","Diseño De Sistemas","45","15","15","4","Verónica Adriana","Rojas","Doctora En Ciencias De La Computación","Titular","Exclusiva","Ingeniería En Sistemas De Información","Facultad Regional Resistencia","Resistencia","Chaco","2026-05-26",\N,"1"
"1714","1714","C1","Noche","C09","30","Inf4005","Diseño De Sistemas","45","15","15","4","Luciana Paola","Moreno","Ingeniera Química","Adjunto","Simple","Ingeniería Química","Facultad Regional Resistencia","Resistencia","Chaco","2026-05-26",\N,"1"
"1715","1715","C2","Noche","D09","40","Inf5001","Proyecto Final","15","0","60","5","Claudia Verónica","Morales","Ingeniera Industrial","Adjunto","Simple","Ingeniería Industrial","Facultad Regional Resistencia","Resistencia","Chaco","2026-05-26",\N,"1"
"1716","1716","C1","Tarde","L04","35","Inf5001","Proyecto Final","15","0","60","5","Cristian Ariel","Ortega","Ingeniero Mecánico","Adjunto","Simple","Ingeniería Mecánica","Facultad Regional Resistencia","Resistencia","Chaco","2026-05-26",\N,"1"
"1717","1717","C1","Noche","B08","60","Adm1001","Administración General","60","15","0","1","Gustavo Raúl","Medina","Doctor En Matemática","Titular","Exclusiva","Ciencias Básicas","Facultad Regional Resistencia","Resistencia","Chaco","2026-05-26",\N,"1"
"1718","1718","C2","Noche","B04","35","Adm1001","Administración General","60","15","0","1","Carolina Florencia","Díaz","Ingeniera Civil","Adjunto","Simple","Ingeniería Civil","Facultad Regional Resistencia","Resistencia","Chaco","2026-05-26",\N,"1"
"1719","1719","C1","Noche","C09","40","Adm1001","Administración General","60","15","0","1","Verónica Adriana","Rojas","Doctora En Ciencias De La Computación","Titular","Exclusiva","Ingeniería En Sistemas De Información","Facultad Regional Resistencia","Resistencia","Chaco","2026-05-26",\N,"1"
"1720","1720","C2","Tarde","L01","30","Adm1001","Administración General","60","15","0","1","Facundo Ezequiel","Jiménez","Magíster En Ciencias De La Computación","Adjunto","Semi-Exclusiva","Ingeniería En Sistemas De Información","Facultad Regional Resistencia","Resistencia","Chaco","2026-05-26",\N,"1"
"1721","1721","C1","Noche","L14","35","Adm2001","Economía General","60","15","0","2","Héctor Luis","González","Doctor En Física","Titular","Exclusiva","Ciencias Básicas","Facultad Regional Resistencia","Resistencia","Chaco","2026-05-26",\N,"1"
"1722","1722","C2","Mañana","D05","60","Adm2001","Economía General","60","15","0","2","Alejandra Cecilia","Romero","Doctora En Ingeniería Industrial","Asociado","Semi-Exclusiva","Ingeniería Industrial","Facultad Regional Resistencia","Resistencia","Chaco","2026-05-26",\N,"1"
"1723","1723","C1","Noche","C04","30","Adm2001","Economía General","60","15","0","2","Facundo Ezequiel","Jiménez","Magíster En Ciencias De La Computación","Adjunto","Semi-Exclusiva","Ingeniería En Sistemas De Información","Facultad Regional Resistencia","Resistencia","Chaco","2026-05-26",\N,"1"
"1724","1724","C2","Noche","D07","30","Adm2001","Economía General","60","15","0","2","Luciana Paola","Moreno","Ingeniera Química","Adjunto","Simple","Ingeniería Química","Facultad Regional Resistencia","Resistencia","Chaco","2026-05-26",\N,"1"
"1725","1725","C2","Noche","C16","45","Adm3001","Contabilidad Y Costos","45","30","0","3","Leandro Damián","Acosta","Doctor En Ingeniería Civil","Titular","Exclusiva","Ingeniería Civil","Facultad Regional Resistencia","Resistencia","Chaco","2026-05-26",\N,"1"
"1726","1726","C1","Noche","C01","80","Adm3001","Contabilidad Y Costos","45","30","0","3","Alejandro José","Núñez","Ingeniero Electrónico","Adjunto","Simple","Ingeniería Electrónica","Facultad Regional Resistencia","Resistencia","Chaco","2026-05-26",\N,"1"
"1727","1727","C1","Tarde","C08","60","Ele1001","Circuitos Eléctricos","45","30","15","1","Eduardo Martín","Vargas","Ingeniero En Sistemas","Adjunto","Simple","Ingeniería En Sistemas De Información","Facultad Regional Resistencia","Resistencia","Chaco","2026-05-26",\N,"1"
"1728","1728","C2","Noche","D03","40","Ele1001","Circuitos Eléctricos","45","30","15","1","Natalia Belén","Castro","Magíster En Telecomunicaciones","Adjunto","Semi-Exclusiva","Ingeniería Electrónica","Facultad Regional Resistencia","Resistencia","Chaco","2026-05-26",\N,"1"
"1729","1729","C1","Noche","D10","50","Ele1001","Circuitos Eléctricos","45","30","15","1","Sebastián Nicolás","Álvarez","Magíster En Gestión De Proyectos","Adjunto","Semi-Exclusiva","Ingeniería Industrial","Facultad Regional Resistencia","Resistencia","Chaco","2026-05-26",\N,"1"
"1730","1730","C2","Noche","A04","40","Ele1001","Circuitos Eléctricos","45","30","15","1","Ignacio Ramón","Ibáñez","Magíster En Seguridad Informática","Adjunto","Semi-Exclusiva","Ingeniería En Sistemas De Información","Facultad Regional Resistencia","Resistencia","Chaco","2026-05-26",\N,"1"
"1731","1731","C1","Noche","L08","45","Ind3001","Investigación Operativa","45","30","0","3","Rodrigo Matías","Campos","Ingeniero En Sistemas","Adjunto","Simple","Ingeniería En Sistemas De Información","Facultad Regional Resistencia","Resistencia","Chaco","2026-05-26",\N,"1"
"1732","1732","C1","Mañana","D17","40","Ind3001","Investigación Operativa","45","30","0","3","Carlos Alberto","García","Ingeniero En Sistemas","Titular","Exclusiva","Ingeniería En Sistemas De Información","Facultad Regional Resistencia","Resistencia","Chaco","2026-05-26",\N,"1"
"1733","1733","C2","Tarde","B14","60","Ind3001","Investigación Operativa","45","30","0","3","Susana Graciela","Ríos","Ingeniera Industrial","Adjunto","Simple","Ingeniería Industrial","Facultad Regional Resistencia","Resistencia","Chaco","2026-05-26",\N,"1"
"1734","1734","C1","Mañana","B09","50","Ind4001","Logística Y Cadena De Suministro","45","15","0","4","Verónica Adriana","Rojas","Doctora En Ciencias De La Computación","Titular","Exclusiva","Ingeniería En Sistemas De Información","Facultad Regional Resistencia","Resistencia","Chaco","2026-05-26",\N,"1"
"1735","1735","C2","Noche","D12","30","Ind4001","Logística Y Cadena De Suministro","45","15","0","4","Ignacio Ramón","Ibáñez","Magíster En Seguridad Informática","Adjunto","Semi-Exclusiva","Ingeniería En Sistemas De Información","Facultad Regional Resistencia","Resistencia","Chaco","2026-05-26",\N,"1"
"1736","1736","C1","Noche","L18","60","Ind4001","Logística Y Cadena De Suministro","45","15","0","4","Nicolás Emilio","Suárez","Magíster En Redes","Adjunto","Semi-Exclusiva","Ingeniería En Sistemas De Información","Facultad Regional Resistencia","Resistencia","Chaco","2026-05-26",\N,"1"
"1737","1737","C2","Noche","B10","60","Ind4001","Logística Y Cadena De Suministro","45","15","0","4","Florencia Daniela","Cabrera","Doctora En Ingeniería","Asociado","Semi-Exclusiva","Ingeniería Civil","Facultad Regional Resistencia","Resistencia","Chaco","2026-05-26",\N,"1"
"1738","1738","C2","Tarde","C05","30","Ind4002","Gestión De La Calidad","45","15","0","4","Luciana Paola","Moreno","Ingeniera Química","Adjunto","Simple","Ingeniería Química","Facultad Regional Resistencia","Resistencia","Chaco","2026-05-26",\N,"1"
"1739","1739","C1","Noche","B06","60","Ind4002","Gestión De La Calidad","45","15","0","4","Luis Alberto","Vera","Ingeniero Industrial","Adjunto","Simple","Ingeniería Industrial","Facultad Regional Resistencia","Resistencia","Chaco","2026-05-26",\N,"1"
"1740","1740","C1","Noche","B01","30","Inf4006","Aprendizaje Automático","30","15","30","4","Luciana Paola","Moreno","Ingeniera Química","Adjunto","Simple","Ingeniería Química","Facultad Regional Resistencia","Resistencia","Chaco","2026-05-26",\N,"1"
"1741","1741","C1","Noche","L07","30","Inf4006","Aprendizaje Automático","30","15","30","4","Rodrigo Matías","Campos","Ingeniero En Sistemas","Adjunto","Simple","Ingeniería En Sistemas De Información","Facultad Regional Resistencia","Resistencia","Chaco","2026-05-26",\N,"1"
"1742","1742","C1","Noche","L15","80","Inf4007","Desarrollo De Aplicaciones Web","30","15","30","4","Luciana Paola","Moreno","Ingeniera Química","Adjunto","Simple","Ingeniería Química","Facultad Regional Resistencia","Resistencia","Chaco","2026-05-26",\N,"1"
"1743","1743","C2","Noche","D20","40","Inf4007","Desarrollo De Aplicaciones Web","30","15","30","4","Mónica Patricia","Serrano","Doctora En Química Industrial","Asociado","Semi-Exclusiva","Ingeniería Química","Facultad Regional Resistencia","Resistencia","Chaco","2026-05-26",\N,"1"
"1744","1744","C1","Tarde","A05","80","Mat1001","Análisis Matemático I","60","30","0","1","Susana Graciela","Ríos","Ingeniera Industrial","Adjunto","Simple","Ingeniería Industrial","Facultad Regional Resistencia","Resistencia","Chaco","2026-05-26",\N,"1"
"1745","1745","C2","Noche","A20","40","Mat1001","Análisis Matemático I","60","30","0","1","Luis Alberto","Vera","Ingeniero Industrial","Adjunto","Simple","Ingeniería Industrial","Facultad Regional Resistencia","Resistencia","Chaco","2026-05-26",\N,"1"
"1746","1746","C1","Tarde","L11","45","Mat1001","Análisis Matemático I","60","30","0","1","Silvina Beatriz","Fernández","Ingeniera Electrónica","Adjunto","Semi-Exclusiva","Ingeniería Electrónica","Facultad Regional Resistencia","Resistencia","Chaco","2026-05-26",\N,"1"
"1747","1747","C2","Mañana","B06","35","Mat1001","Análisis Matemático I","60","30","0","1","Silvina Beatriz","Fernández","Ingeniera Electrónica","Adjunto","Semi-Exclusiva","Ingeniería Electrónica","Facultad Regional Resistencia","Resistencia","Chaco","2026-05-26",\N,"1"
"1748","1748","C1","Noche","A06","30","Mat1002","Álgebra Y Geometría Analítica","60","30","0","1","Gustavo Raúl","Medina","Doctor En Matemática","Titular","Exclusiva","Ciencias Básicas","Facultad Regional Resistencia","Resistencia","Chaco","2026-05-26",\N,"1"
"1749","1749","C2","Noche","D16","50","Mat1002","Álgebra Y Geometría Analítica","60","30","0","1","Valeria Soledad","Herrera","Ingeniera Electrónica","Adjunto","Simple","Ingeniería Electrónica","Facultad Regional Resistencia","Resistencia","Chaco","2026-05-26",\N,"1"
"1750","1750","C1","Noche","C15","50","Mat1002","Álgebra Y Geometría Analítica","60","30","0","1","Tomás Agustín","Domínguez","Magíster En Electrónica","Adjunto","Semi-Exclusiva","Ingeniería Electrónica","Facultad Regional Resistencia","Resistencia","Chaco","2026-05-26",\N,"1"
"1751","1751","C2","Noche","L11","45","Mat1002","Álgebra Y Geometría Analítica","60","30","0","1","Tomás Agustín","Domínguez","Magíster En Electrónica","Adjunto","Semi-Exclusiva","Ingeniería Electrónica","Facultad Regional Resistencia","Resistencia","Chaco","2026-05-26",\N,"1"
"1752","1752","C1","Noche","B08","50","Fis1001","Física I","45","30","15","1","Luciana Paola","Moreno","Ingeniera Química","Adjunto","Simple","Ingeniería Química","Facultad Regional Resistencia","Resistencia","Chaco","2026-05-26",\N,"1"
"1753","1753","C2","Noche","A15","40","Fis1001","Física I","45","30","15","1","Florencia Daniela","Cabrera","Doctora En Ingeniería","Asociado","Semi-Exclusiva","Ingeniería Civil","Facultad Regional Resistencia","Resistencia","Chaco","2026-05-26",\N,"1"
"1754","1754","C1","Noche","L09","50","Fis1001","Física I","45","30","15","1","Alejandro José","Núñez","Ingeniero Electrónico","Adjunto","Simple","Ingeniería Electrónica","Facultad Regional Resistencia","Resistencia","Chaco","2026-05-26",\N,"1"
"1755","1755","C2","Mañana","A07","45","Fis1001","Física I","45","30","15","1","Claudia Verónica","Morales","Ingeniera Industrial","Adjunto","Simple","Ingeniería Industrial","Facultad Regional Resistencia","Resistencia","Chaco","2026-05-26",\N,"1"
"1756","1756","C1","Tarde","D19","80","Qui1001","Química General","30","15","30","1","Pilar Estela","Molina","Ingeniera Civil","Adjunto","Simple","Ingeniería Civil","Facultad Regional Resistencia","Resistencia","Chaco","2026-05-26",\N,"1"
"1757","1757","C2","Noche","D20","30","Qui1001","Química General","30","15","30","1","Roberto Augusto","López","Ingeniero Civil","Asociado","Semi-Exclusiva","Ingeniería Civil","Facultad Regional Resistencia","Resistencia","Chaco","2026-05-26",\N,"1"
"1758","1758","C1","Mañana","B16","40","Qui1001","Química General","30","15","30","1","Eduardo Martín","Vargas","Ingeniero En Sistemas","Adjunto","Simple","Ingeniería En Sistemas De Información","Facultad Regional Resistencia","Resistencia","Chaco","2026-05-26",\N,"1"
"1759","1759","C2","Noche","L11","45","Qui1001","Química General","30","15","30","1","Sandra Mabel","Fuentes","Magíster En Sistemas Embebidos","Adjunto","Semi-Exclusiva","Ingeniería Electrónica","Facultad Regional Resistencia","Resistencia","Chaco","2026-05-26",\N,"1"
"1760","1760","C1","Noche","C06","40","Mat2001","Análisis Matemático Ii","60","30","0","2","Ignacio Ramón","Ibáñez","Magíster En Seguridad Informática","Adjunto","Semi-Exclusiva","Ingeniería En Sistemas De Información","Facultad Regional Resistencia","Resistencia","Chaco","2026-05-26",\N,"1"
"1761","1761","C2","Noche","A03","45","Mat2001","Análisis Matemático Ii","60","30","0","2","Eduardo Martín","Vargas","Ingeniero En Sistemas","Adjunto","Simple","Ingeniería En Sistemas De Información","Facultad Regional Resistencia","Resistencia","Chaco","2026-05-26",\N,"1"
"1762","1762","C1","Noche","A12","80","Mat2001","Análisis Matemático Ii","60","30","0","2","Mónica Patricia","Serrano","Doctora En Química Industrial","Asociado","Semi-Exclusiva","Ingeniería Química","Facultad Regional Resistencia","Resistencia","Chaco","2026-05-26",\N,"1"
"1763","1763","C2","Noche","D01","50","Mat2001","Análisis Matemático Ii","60","30","0","2","Fernando Daniel","Reyes","Doctor En Física","Asociado","Semi-Exclusiva","Ciencias Básicas","Facultad Regional Resistencia","Resistencia","Chaco","2026-05-26",\N,"1"
"1764","1764","C1","Tarde","D19","45","Mat2002","Probabilidad Y Estadística","45","30","0","2","Carolina Florencia","Díaz","Ingeniera Civil","Adjunto","Simple","Ingeniería Civil","Facultad Regional Resistencia","Resistencia","Chaco","2026-05-26",\N,"1"
"1765","1765","C2","Noche","L06","40","Mat2002","Probabilidad Y Estadística","45","30","0","2","Rodrigo Matías","Campos","Ingeniero En Sistemas","Adjunto","Simple","Ingeniería En Sistemas De Información","Facultad Regional Resistencia","Resistencia","Chaco","2026-05-26",\N,"1"
"1766","1766","C1","Noche","D13","80","Mat2002","Probabilidad Y Estadística","45","30","0","2","Ignacio Ramón","Ibáñez","Magíster En Seguridad Informática","Adjunto","Semi-Exclusiva","Ingeniería En Sistemas De Información","Facultad Regional Resistencia","Resistencia","Chaco","2026-05-26",\N,"1"
"1767","1767","C2","Noche","C15","45","Mat2002","Probabilidad Y Estadística","45","30","0","2","Facundo Ezequiel","Jiménez","Magíster En Ciencias De La Computación","Adjunto","Semi-Exclusiva","Ingeniería En Sistemas De Información","Facultad Regional Resistencia","Resistencia","Chaco","2026-05-26",\N,"1"
"1768","1768","C1","Mañana","B15","35","Mat3001","Análisis Matemático Iii","45","30","0","3","Rodrigo Matías","Campos","Ingeniero En Sistemas","Adjunto","Simple","Ingeniería En Sistemas De Información","Facultad Regional Resistencia","Resistencia","Chaco","2026-05-26",\N,"1"
"1769","1769","C1","Noche","A20","35","Mat3001","Análisis Matemático Iii","45","30","0","3","Alejandra Cecilia","Romero","Doctora En Ingeniería Industrial","Asociado","Semi-Exclusiva","Ingeniería Industrial","Facultad Regional Resistencia","Resistencia","Chaco","2026-05-26",\N,"1"
"1770","1770","C1","Noche","D15","50","Inf3004","Paradigmas De Programación","45","15","15","3","Silvina Beatriz","Fernández","Ingeniera Electrónica","Adjunto","Semi-Exclusiva","Ingeniería Electrónica","Facultad Regional Resistencia","Resistencia","Chaco","2026-05-26",\N,"1"
"1771","1771","C1","Mañana","B09","45","Inf3004","Paradigmas De Programación","45","15","15","3","Diego Marcelo","Torres","Ingeniero Mecánico","Adjunto","Simple","Ingeniería Mecánica","Facultad Regional Resistencia","Resistencia","Chaco","2026-05-26",\N,"1"
"1772","1772","C2","Noche","L15","30","Inf3004","Paradigmas De Programación","45","15","15","3","Rodrigo Matías","Campos","Ingeniero En Sistemas","Adjunto","Simple","Ingeniería En Sistemas De Información","Facultad Regional Resistencia","Resistencia","Chaco","2026-05-26",\N,"1"
"1773","1773","C1","Tarde","A16","35","Inf4003","Gestión De Proyectos","45","15","0","4","Jorge Osvaldo","Sánchez","Magíster En Ingeniería Industrial","Titular","Semi-Exclusiva","Ingeniería Industrial","Facultad Regional Resistencia","Resistencia","Chaco","2026-05-26",\N,"1"
"1774","1774","C1","Mañana","L03","80","Inf4003","Gestión De Proyectos","45","15","0","4","Héctor Luis","González","Doctor En Física","Titular","Exclusiva","Ciencias Básicas","Facultad Regional Resistencia","Resistencia","Chaco","2026-05-26",\N,"1"
"1775","1775","C2","Noche","A01","80","Inf4003","Gestión De Proyectos","45","15","0","4","Natalia Belén","Castro","Magíster En Telecomunicaciones","Adjunto","Semi-Exclusiva","Ingeniería Electrónica","Facultad Regional Resistencia","Resistencia","Chaco","2026-05-26",\N,"1"
"1776","1776","C1","Noche","C11","60","Adm1001","Administración General","60","15","0","1","Marcelo Adrián","Gutiérrez","Magíster En Inteligencia Artificial","Adjunto","Semi-Exclusiva","Ingeniería En Sistemas De Información","Facultad Regional Resistencia","Resistencia","Chaco","2026-05-26",\N,"1"
"1777","1777","C2","Noche","D16","50","Adm1001","Administración General","60","15","0","1","Pilar Estela","Molina","Ingeniera Civil","Adjunto","Simple","Ingeniería Civil","Facultad Regional Resistencia","Resistencia","Chaco","2026-05-26",\N,"1"
"1778","1778","C1","Noche","B09","35","Adm1001","Administración General","60","15","0","1","Diego Marcelo","Torres","Ingeniero Mecánico","Adjunto","Simple","Ingeniería Mecánica","Facultad Regional Resistencia","Resistencia","Chaco","2026-05-26",\N,"1"
"1779","1779","C2","Noche","A02","50","Adm1001","Administración General","60","15","0","1","Gabriela Inés","Flores","Magíster En Sistemas De Información","Asociado","Semi-Exclusiva","Ingeniería En Sistemas De Información","Facultad Regional Resistencia","Resistencia","Chaco","2026-05-26",\N,"1"
"1780","1780","C1","Mañana","D07","80","Adm2001","Economía General","60","15","0","2","Carolina Florencia","Díaz","Ingeniera Civil","Adjunto","Simple","Ingeniería Civil","Facultad Regional Resistencia","Resistencia","Chaco","2026-05-26",\N,"1"
"1781","1781","C2","Noche","A10","30","Adm2001","Economía General","60","15","0","2","Carlos Alberto","García","Ingeniero En Sistemas","Titular","Exclusiva","Ingeniería En Sistemas De Información","Facultad Regional Resistencia","Resistencia","Chaco","2026-05-26",\N,"1"
"1782","1782","C1","Noche","L05","50","Adm2001","Economía General","60","15","0","2","Pilar Estela","Molina","Ingeniera Civil","Adjunto","Simple","Ingeniería Civil","Facultad Regional Resistencia","Resistencia","Chaco","2026-05-26",\N,"1"
"1783","1783","C2","Mañana","L08","45","Adm2001","Economía General","60","15","0","2","Leandro Damián","Acosta","Doctor En Ingeniería Civil","Titular","Exclusiva","Ingeniería Civil","Facultad Regional Resistencia","Resistencia","Chaco","2026-05-26",\N,"1"
"1784","1784","C2","Noche","L09","80","Adm3001","Contabilidad Y Costos","45","30","0","3","Roberto Augusto","López","Ingeniero Civil","Asociado","Semi-Exclusiva","Ingeniería Civil","Facultad Regional Resistencia","Resistencia","Chaco","2026-05-26",\N,"1"
"1785","1785","C1","Noche","B02","30","Adm3001","Contabilidad Y Costos","45","30","0","3","Carlos Alberto","García","Ingeniero En Sistemas","Titular","Exclusiva","Ingeniería En Sistemas De Información","Facultad Regional Resistencia","Resistencia","Chaco","2026-05-26",\N,"1"
"1786","1786","C2","Mañana","C16","60","Adm3001","Contabilidad Y Costos","45","30","0","3","Jorge Osvaldo","Sánchez","Magíster En Ingeniería Industrial","Titular","Semi-Exclusiva","Ingeniería Industrial","Facultad Regional Resistencia","Resistencia","Chaco","2026-05-26",\N,"1"
"1787","1787","C1","Tarde","D18","50","Ele1001","Circuitos Eléctricos","45","30","15","1","Claudia Verónica","Morales","Ingeniera Industrial","Adjunto","Simple","Ingeniería Industrial","Facultad Regional Resistencia","Resistencia","Chaco","2026-05-26",\N,"1"
"1788","1788","C2","Noche","D05","30","Ele1001","Circuitos Eléctricos","45","30","15","1","Rodrigo Matías","Campos","Ingeniero En Sistemas","Adjunto","Simple","Ingeniería En Sistemas De Información","Facultad Regional Resistencia","Resistencia","Chaco","2026-05-26",\N,"1"
"1789","1789","C1","Mañana","B07","30","Ele1001","Circuitos Eléctricos","45","30","15","1","Pablo Sebastián","Ruiz","Doctor En Ingeniería","Titular","Exclusiva","Ingeniería Civil","Facultad Regional Resistencia","Resistencia","Chaco","2026-05-26",\N,"1"
"1790","1790","C2","Tarde","L12","40","Ele1001","Circuitos Eléctricos","45","30","15","1","Valeria Soledad","Herrera","Ingeniera Electrónica","Adjunto","Simple","Ingeniería Electrónica","Facultad Regional Resistencia","Resistencia","Chaco","2026-05-26",\N,"1"
"1791","1791","C1","Tarde","A20","50","Ind3001","Investigación Operativa","45","30","0","3","Diego Marcelo","Torres","Ingeniero Mecánico","Adjunto","Simple","Ingeniería Mecánica","Facultad Regional Resistencia","Resistencia","Chaco","2026-05-26",\N,"1"
"1792","1792","C1","Tarde","A18","40","Ind3001","Investigación Operativa","45","30","0","3","Rodrigo Matías","Campos","Ingeniero En Sistemas","Adjunto","Simple","Ingeniería En Sistemas De Información","Facultad Regional Resistencia","Resistencia","Chaco","2026-05-26",\N,"1"
"1793","1793","C2","Noche","C16","35","Ind4001","Logística Y Cadena De Suministro","45","15","0","4","Carlos Alberto","García","Ingeniero En Sistemas","Titular","Exclusiva","Ingeniería En Sistemas De Información","Facultad Regional Resistencia","Resistencia","Chaco","2026-05-26",\N,"1"
"1794","1794","C1","Tarde","L08","35","Ind4001","Logística Y Cadena De Suministro","45","15","0","4","Luis Alberto","Vera","Ingeniero Industrial","Adjunto","Simple","Ingeniería Industrial","Facultad Regional Resistencia","Resistencia","Chaco","2026-05-26",\N,"1"
"1795","1795","C1","Noche","C11","35","Ind4002","Gestión De La Calidad","45","15","0","4","Mónica Patricia","Serrano","Doctora En Química Industrial","Asociado","Semi-Exclusiva","Ingeniería Química","Facultad Regional Resistencia","Resistencia","Chaco","2026-05-26",\N,"1"
"1796","1796","C1","Noche","L16","45","Ind4002","Gestión De La Calidad","45","15","0","4","Leandro Damián","Acosta","Doctor En Ingeniería Civil","Titular","Exclusiva","Ingeniería Civil","Facultad Regional Resistencia","Resistencia","Chaco","2026-05-26",\N,"1"
"1797","1797","C1","Noche","D11","40","Mat1001","Análisis Matemático I","60","30","0","1","María Elena","Rodríguez","Doctora En Ciencias De La Computación","Titular","Exclusiva","Ingeniería En Sistemas De Información","Facultad Regional Resistencia","Resistencia","Chaco","2026-05-26",\N,"1"
"1798","1798","C2","Noche","L04","35","Mat1001","Análisis Matemático I","60","30","0","1","Carolina Florencia","Díaz","Ingeniera Civil","Adjunto","Simple","Ingeniería Civil","Facultad Regional Resistencia","Resistencia","Chaco","2026-05-26",\N,"1"
"1799","1799","C1","Noche","B02","80","Mat1001","Análisis Matemático I","60","30","0","1","Valeria Soledad","Herrera","Ingeniera Electrónica","Adjunto","Simple","Ingeniería Electrónica","Facultad Regional Resistencia","Resistencia","Chaco","2026-05-26",\N,"1"
"1800","1800","C2","Noche","A02","35","Mat1001","Análisis Matemático I","60","30","0","1","Tomás Agustín","Domínguez","Magíster En Electrónica","Adjunto","Semi-Exclusiva","Ingeniería Electrónica","Facultad Regional Resistencia","Resistencia","Chaco","2026-05-26",\N,"1"
"1801","1801","C1","Noche","L05","30","Mat1002","Álgebra Y Geometría Analítica","60","30","0","1","Gustavo Raúl","Medina","Doctor En Matemática","Titular","Exclusiva","Ciencias Básicas","Facultad Regional Resistencia","Resistencia","Chaco","2026-05-26",\N,"1"
"1802","1802","C2","Tarde","A05","60","Mat1002","Álgebra Y Geometría Analítica","60","30","0","1","Héctor Luis","González","Doctor En Física","Titular","Exclusiva","Ciencias Básicas","Facultad Regional Resistencia","Resistencia","Chaco","2026-05-26",\N,"1"
"1803","1803","C1","Tarde","B17","40","Mat1002","Álgebra Y Geometría Analítica","60","30","0","1","Patricia Andrea","Ramírez","Doctora En Química","Titular","Exclusiva","Ingeniería Química","Facultad Regional Resistencia","Resistencia","Chaco","2026-05-26",\N,"1"
"1804","1804","C2","Mañana","L11","80","Mat1002","Álgebra Y Geometría Analítica","60","30","0","1","Ignacio Ramón","Ibáñez","Magíster En Seguridad Informática","Adjunto","Semi-Exclusiva","Ingeniería En Sistemas De Información","Facultad Regional Resistencia","Resistencia","Chaco","2026-05-26",\N,"1"
"1805","1805","C1","Noche","L15","40","Fis1001","Física I","45","30","15","1","Susana Graciela","Ríos","Ingeniera Industrial","Adjunto","Simple","Ingeniería Industrial","Facultad Regional Resistencia","Resistencia","Chaco","2026-05-26",\N,"1"
"1806","1806","C2","Noche","B10","80","Fis1001","Física I","45","30","15","1","Alejandra Cecilia","Romero","Doctora En Ingeniería Industrial","Asociado","Semi-Exclusiva","Ingeniería Industrial","Facultad Regional Resistencia","Resistencia","Chaco","2026-05-26",\N,"1"
"1807","1807","C1","Tarde","B06","50","Fis1001","Física I","45","30","15","1","Alejandro José","Núñez","Ingeniero Electrónico","Adjunto","Simple","Ingeniería Electrónica","Facultad Regional Resistencia","Resistencia","Chaco","2026-05-26",\N,"1"
"1808","1808","C2","Mañana","D04","45","Fis1001","Física I","45","30","15","1","Leandro Damián","Acosta","Doctor En Ingeniería Civil","Titular","Exclusiva","Ingeniería Civil","Facultad Regional Resistencia","Resistencia","Chaco","2026-05-26",\N,"1"
"1809","1809","C1","Mañana","D12","60","Qui1001","Química General","30","15","30","1","Héctor Luis","González","Doctor En Física","Titular","Exclusiva","Ciencias Básicas","Facultad Regional Resistencia","Resistencia","Chaco","2026-05-26",\N,"1"
"1810","1810","C2","Tarde","A02","35","Qui1001","Química General","30","15","30","1","Mariana Soledad","Pereira","Magíster En Matemática","Adjunto","Semi-Exclusiva","Ciencias Básicas","Facultad Regional Resistencia","Resistencia","Chaco","2026-05-26",\N,"1"
"1811","1811","C1","Noche","L16","50","Qui1001","Química General","30","15","30","1","Jorge Osvaldo","Sánchez","Magíster En Ingeniería Industrial","Titular","Semi-Exclusiva","Ingeniería Industrial","Facultad Regional Resistencia","Resistencia","Chaco","2026-05-26",\N,"1"
"1812","1812","C2","Mañana","B05","80","Qui1001","Química General","30","15","30","1","Alejandra Cecilia","Romero","Doctora En Ingeniería Industrial","Asociado","Semi-Exclusiva","Ingeniería Industrial","Facultad Regional Resistencia","Resistencia","Chaco","2026-05-26",\N,"1"
"1813","1813","C1","Mañana","B15","35","Mat2001","Análisis Matemático Ii","60","30","0","2","Gabriela Inés","Flores","Magíster En Sistemas De Información","Asociado","Semi-Exclusiva","Ingeniería En Sistemas De Información","Facultad Regional Resistencia","Resistencia","Chaco","2026-05-26",\N,"1"
"1814","1814","C2","Tarde","A01","50","Mat2001","Análisis Matemático Ii","60","30","0","2","Leandro Damián","Acosta","Doctor En Ingeniería Civil","Titular","Exclusiva","Ingeniería Civil","Facultad Regional Resistencia","Resistencia","Chaco","2026-05-26",\N,"1"
"1815","1815","C1","Noche","D09","80","Mat2001","Análisis Matemático Ii","60","30","0","2","Patricia Andrea","Ramírez","Doctora En Química","Titular","Exclusiva","Ingeniería Química","Facultad Regional Resistencia","Resistencia","Chaco","2026-05-26",\N,"1"
"1816","1816","C2","Mañana","D02","50","Mat2001","Análisis Matemático Ii","60","30","0","2","Carolina Florencia","Díaz","Ingeniera Civil","Adjunto","Simple","Ingeniería Civil","Facultad Regional Resistencia","Resistencia","Chaco","2026-05-26",\N,"1"
"1817","1817","C1","Tarde","A15","30","Mat2002","Probabilidad Y Estadística","45","30","0","2","María Elena","Rodríguez","Doctora En Ciencias De La Computación","Titular","Exclusiva","Ingeniería En Sistemas De Información","Facultad Regional Resistencia","Resistencia","Chaco","2026-05-26",\N,"1"
"1818","1818","C2","Noche","B18","40","Mat2002","Probabilidad Y Estadística","45","30","0","2","Sandra Mabel","Fuentes","Magíster En Sistemas Embebidos","Adjunto","Semi-Exclusiva","Ingeniería Electrónica","Facultad Regional Resistencia","Resistencia","Chaco","2026-05-26",\N,"1"
"1819","1819","C1","Noche","B05","35","Mat2002","Probabilidad Y Estadística","45","30","0","2","Fernando Daniel","Reyes","Doctor En Física","Asociado","Semi-Exclusiva","Ciencias Básicas","Facultad Regional Resistencia","Resistencia","Chaco","2026-05-26",\N,"1"
"1820","1820","C2","Tarde","A04","45","Mat2002","Probabilidad Y Estadística","45","30","0","2","Luis Alberto","Vera","Ingeniero Industrial","Adjunto","Simple","Ingeniería Industrial","Facultad Regional Resistencia","Resistencia","Chaco","2026-05-26",\N,"1"
"1821","1821","C1","Noche","A09","50","Mat3001","Análisis Matemático Iii","45","30","0","3","Nicolás Emilio","Suárez","Magíster En Redes","Adjunto","Semi-Exclusiva","Ingeniería En Sistemas De Información","Facultad Regional Resistencia","Resistencia","Chaco","2026-05-26",\N,"1"
"1822","1822","C2","Noche","C07","40","Mat3001","Análisis Matemático Iii","45","30","0","3","Mariela Noelia","Ponce","Doctora En Ciencias Básicas","Titular","Exclusiva","Ciencias Básicas","Facultad Regional Resistencia","Resistencia","Chaco","2026-05-26",\N,"1"
"1823","1823","C1","Noche","D15","35","Mat3001","Análisis Matemático Iii","45","30","0","3","Sofía Valentina","Vega","Magíster En Ciencias De La Computación","Adjunto","Semi-Exclusiva","Ingeniería En Sistemas De Información","Facultad Regional Resistencia","Resistencia","Chaco","2026-05-26",\N,"1"
"1824","1824","C1","Noche","B03","50","Adm1001","Administración General","60","15","0","1","Roberto Augusto","López","Ingeniero Civil","Asociado","Semi-Exclusiva","Ingeniería Civil","Facultad Regional Resistencia","Resistencia","Chaco","2026-05-26",\N,"1"
"1825","1825","C2","Mañana","D11","45","Adm1001","Administración General","60","15","0","1","Héctor Luis","González","Doctor En Física","Titular","Exclusiva","Ciencias Básicas","Facultad Regional Resistencia","Resistencia","Chaco","2026-05-26",\N,"1"
"1826","1826","C1","Tarde","B07","40","Adm1001","Administración General","60","15","0","1","María Elena","Rodríguez","Doctora En Ciencias De La Computación","Titular","Exclusiva","Ingeniería En Sistemas De Información","Facultad Regional Resistencia","Resistencia","Chaco","2026-05-26",\N,"1"
"1827","1827","C2","Tarde","D12","40","Adm1001","Administración General","60","15","0","1","Mónica Patricia","Serrano","Doctora En Química Industrial","Asociado","Semi-Exclusiva","Ingeniería Química","Facultad Regional Resistencia","Resistencia","Chaco","2026-05-26",\N,"1"
"1828","1828","C1","Tarde","D12","35","Adm2001","Economía General","60","15","0","2","Jorge Osvaldo","Sánchez","Magíster En Ingeniería Industrial","Titular","Semi-Exclusiva","Ingeniería Industrial","Facultad Regional Resistencia","Resistencia","Chaco","2026-05-26",\N,"1"
"1829","1829","C2","Mañana","A11","50","Adm2001","Economía General","60","15","0","2","Tomás Agustín","Domínguez","Magíster En Electrónica","Adjunto","Semi-Exclusiva","Ingeniería Electrónica","Facultad Regional Resistencia","Resistencia","Chaco","2026-05-26",\N,"1"
"1830","1830","C1","Noche","A12","80","Adm2001","Economía General","60","15","0","2","Alejandro José","Núñez","Ingeniero Electrónico","Adjunto","Simple","Ingeniería Electrónica","Facultad Regional Resistencia","Resistencia","Chaco","2026-05-26",\N,"1"
"1831","1831","C2","Noche","L10","80","Adm2001","Economía General","60","15","0","2","Diego Marcelo","Torres","Ingeniero Mecánico","Adjunto","Simple","Ingeniería Mecánica","Facultad Regional Resistencia","Resistencia","Chaco","2026-05-26",\N,"1"
"1832","1832","C1","Noche","D05","60","Adm3001","Contabilidad Y Costos","45","30","0","3","Gabriela Inés","Flores","Magíster En Sistemas De Información","Asociado","Semi-Exclusiva","Ingeniería En Sistemas De Información","Facultad Regional Resistencia","Resistencia","Chaco","2026-05-26",\N,"1"
"1833","1833","C1","Noche","C07","40","Adm3001","Contabilidad Y Costos","45","30","0","3","Claudia Verónica","Morales","Ingeniera Industrial","Adjunto","Simple","Ingeniería Industrial","Facultad Regional Resistencia","Resistencia","Chaco","2026-05-26",\N,"1"
"1834","1834","C1","Noche","C09","60","Mec1001","Mecánica Aplicada","45","30","15","1","Claudia Verónica","Morales","Ingeniera Industrial","Adjunto","Simple","Ingeniería Industrial","Facultad Regional Resistencia","Resistencia","Chaco","2026-05-26",\N,"1"
"1835","1835","C2","Noche","L03","35","Mec1001","Mecánica Aplicada","45","30","15","1","María Elena","Rodríguez","Doctora En Ciencias De La Computación","Titular","Exclusiva","Ingeniería En Sistemas De Información","Facultad Regional Resistencia","Resistencia","Chaco","2026-05-26",\N,"1"
"1836","1836","C1","Mañana","L12","40","Mec1001","Mecánica Aplicada","45","30","15","1","Mónica Patricia","Serrano","Doctora En Química Industrial","Asociado","Semi-Exclusiva","Ingeniería Química","Facultad Regional Resistencia","Resistencia","Chaco","2026-05-26",\N,"1"
"1837","1837","C2","Noche","B18","45","Mec1001","Mecánica Aplicada","45","30","15","1","Eduardo Martín","Vargas","Ingeniero En Sistemas","Adjunto","Simple","Ingeniería En Sistemas De Información","Facultad Regional Resistencia","Resistencia","Chaco","2026-05-26",\N,"1"
"1838","1838","C1","Noche","L04","45","Mec2001","Resistencia De Materiales","45","30","15","2","Silvina Beatriz","Fernández","Ingeniera Electrónica","Adjunto","Semi-Exclusiva","Ingeniería Electrónica","Facultad Regional Resistencia","Resistencia","Chaco","2026-05-26",\N,"1"
"1839","1839","C2","Noche","L17","35","Mec2001","Resistencia De Materiales","45","30","15","2","Fernando Daniel","Reyes","Doctor En Física","Asociado","Semi-Exclusiva","Ciencias Básicas","Facultad Regional Resistencia","Resistencia","Chaco","2026-05-26",\N,"1"
"1840","1840","C1","Mañana","C04","45","Mec2001","Resistencia De Materiales","45","30","15","2","Patricia Andrea","Ramírez","Doctora En Química","Titular","Exclusiva","Ingeniería Química","Facultad Regional Resistencia","Resistencia","Chaco","2026-05-26",\N,"1"
"1841","1841","C2","Mañana","L16","35","Mec2001","Resistencia De Materiales","45","30","15","2","Pilar Estela","Molina","Ingeniera Civil","Adjunto","Simple","Ingeniería Civil","Facultad Regional Resistencia","Resistencia","Chaco","2026-05-26",\N,"1"
"1842","1842","C1","Tarde","A18","45","Mec3001","Máquinas Y Herramientas","30","15","45","3","Ana Paula","Martínez","Magíster En Matemática Aplicada","Adjunto","Simple","Ciencias Básicas","Facultad Regional Resistencia","Resistencia","Chaco","2026-05-26",\N,"1"
"1843","1843","C1","Noche","A16","80","Mec3001","Máquinas Y Herramientas","30","15","45","3","Valeria Soledad","Herrera","Ingeniera Electrónica","Adjunto","Simple","Ingeniería Electrónica","Facultad Regional Resistencia","Resistencia","Chaco","2026-05-26",\N,"1"
"1844","1844","C2","Noche","A06","35","Ind3001","Investigación Operativa","45","30","0","3","Sandra Mabel","Fuentes","Magíster En Sistemas Embebidos","Adjunto","Semi-Exclusiva","Ingeniería Electrónica","Facultad Regional Resistencia","Resistencia","Chaco","2026-05-26",\N,"1"
"1845","1845","C1","Tarde","B11","45","Ind3001","Investigación Operativa","45","30","0","3","Ignacio Ramón","Ibáñez","Magíster En Seguridad Informática","Adjunto","Semi-Exclusiva","Ingeniería En Sistemas De Información","Facultad Regional Resistencia","Resistencia","Chaco","2026-05-26",\N,"1"
"1846","1846","C1","Tarde","B09","80","Ind4001","Logística Y Cadena De Suministro","45","15","0","4","Alejandro José","Núñez","Ingeniero Electrónico","Adjunto","Simple","Ingeniería Electrónica","Facultad Regional Resistencia","Resistencia","Chaco","2026-05-26",\N,"1"
"1847","1847","C2","Noche","C13","60","Ind4001","Logística Y Cadena De Suministro","45","15","0","4","Pilar Estela","Molina","Ingeniera Civil","Adjunto","Simple","Ingeniería Civil","Facultad Regional Resistencia","Resistencia","Chaco","2026-05-26",\N,"1"
"1848","1848","C1","Noche","A03","30","Ind4002","Gestión De La Calidad","45","15","0","4","Facundo Ezequiel","Jiménez","Magíster En Ciencias De La Computación","Adjunto","Semi-Exclusiva","Ingeniería En Sistemas De Información","Facultad Regional Resistencia","Resistencia","Chaco","2026-05-26",\N,"1"
"1849","1849","C2","Noche","A08","60","Ind4002","Gestión De La Calidad","45","15","0","4","Alejandro José","Núñez","Ingeniero Electrónico","Adjunto","Simple","Ingeniería Electrónica","Facultad Regional Resistencia","Resistencia","Chaco","2026-05-26",\N,"1"
"1850","1850","C1","Noche","C10","40","Ind4002","Gestión De La Calidad","45","15","0","4","Gabriela Inés","Flores","Magíster En Sistemas De Información","Asociado","Semi-Exclusiva","Ingeniería En Sistemas De Información","Facultad Regional Resistencia","Resistencia","Chaco","2026-05-26",\N,"1"
"1851","1851","C2","Tarde","D04","30","Ind4002","Gestión De La Calidad","45","15","0","4","Gustavo Raúl","Medina","Doctor En Matemática","Titular","Exclusiva","Ciencias Básicas","Facultad Regional Resistencia","Resistencia","Chaco","2026-05-26",\N,"1"
"1852","1852","C1","Noche","B09","35","Mat1001","Análisis Matemático I","60","30","0","1","Mónica Patricia","Serrano","Doctora En Química Industrial","Asociado","Semi-Exclusiva","Ingeniería Química","Facultad Regional Mar Del Plata","Mar Del Plata","Buenos Aires","2026-05-26",\N,"1"
"1853","1853","C2","Mañana","B06","45","Mat1001","Análisis Matemático I","60","30","0","1","Ana Paula","Martínez","Magíster En Matemática Aplicada","Adjunto","Simple","Ciencias Básicas","Facultad Regional Mar Del Plata","Mar Del Plata","Buenos Aires","2026-05-26",\N,"1"
"1854","1854","C1","Noche","B05","80","Mat1001","Análisis Matemático I","60","30","0","1","Mariana Soledad","Pereira","Magíster En Matemática","Adjunto","Semi-Exclusiva","Ciencias Básicas","Facultad Regional Mar Del Plata","Mar Del Plata","Buenos Aires","2026-05-26",\N,"1"
"1855","1855","C2","Tarde","L03","80","Mat1001","Análisis Matemático I","60","30","0","1","Eduardo Martín","Vargas","Ingeniero En Sistemas","Adjunto","Simple","Ingeniería En Sistemas De Información","Facultad Regional Mar Del Plata","Mar Del Plata","Buenos Aires","2026-05-26",\N,"1"
"1856","1856","C1","Noche","L10","35","Mat1002","Álgebra Y Geometría Analítica","60","30","0","1","Fernando Daniel","Reyes","Doctor En Física","Asociado","Semi-Exclusiva","Ciencias Básicas","Facultad Regional Mar Del Plata","Mar Del Plata","Buenos Aires","2026-05-26",\N,"1"
"1857","1857","C2","Tarde","D02","50","Mat1002","Álgebra Y Geometría Analítica","60","30","0","1","Carolina Florencia","Díaz","Ingeniera Civil","Adjunto","Simple","Ingeniería Civil","Facultad Regional Mar Del Plata","Mar Del Plata","Buenos Aires","2026-05-26",\N,"1"
"1858","1858","C1","Mañana","D10","80","Mat1002","Álgebra Y Geometría Analítica","60","30","0","1","Rodrigo Matías","Campos","Ingeniero En Sistemas","Adjunto","Simple","Ingeniería En Sistemas De Información","Facultad Regional Mar Del Plata","Mar Del Plata","Buenos Aires","2026-05-26",\N,"1"
"1859","1859","C2","Tarde","B12","45","Mat1002","Álgebra Y Geometría Analítica","60","30","0","1","Florencia Daniela","Cabrera","Doctora En Ingeniería","Asociado","Semi-Exclusiva","Ingeniería Civil","Facultad Regional Mar Del Plata","Mar Del Plata","Buenos Aires","2026-05-26",\N,"1"
"1860","1860","C1","Tarde","B16","60","Fis1001","Física I","45","30","15","1","Alejandra Cecilia","Romero","Doctora En Ingeniería Industrial","Asociado","Semi-Exclusiva","Ingeniería Industrial","Facultad Regional Mar Del Plata","Mar Del Plata","Buenos Aires","2026-05-26",\N,"1"
"1861","1861","C2","Mañana","A01","45","Fis1001","Física I","45","30","15","1","Gustavo Raúl","Medina","Doctor En Matemática","Titular","Exclusiva","Ciencias Básicas","Facultad Regional Mar Del Plata","Mar Del Plata","Buenos Aires","2026-05-26",\N,"1"
"1862","1862","C1","Noche","D05","35","Fis1001","Física I","45","30","15","1","Gustavo Raúl","Medina","Doctor En Matemática","Titular","Exclusiva","Ciencias Básicas","Facultad Regional Mar Del Plata","Mar Del Plata","Buenos Aires","2026-05-26",\N,"1"
"1863","1863","C2","Noche","D20","45","Fis1001","Física I","45","30","15","1","Roberto Augusto","López","Ingeniero Civil","Asociado","Semi-Exclusiva","Ingeniería Civil","Facultad Regional Mar Del Plata","Mar Del Plata","Buenos Aires","2026-05-26",\N,"1"
"1864","1864","C1","Noche","B12","35","Qui1001","Química General","30","15","30","1","Nicolás Emilio","Suárez","Magíster En Redes","Adjunto","Semi-Exclusiva","Ingeniería En Sistemas De Información","Facultad Regional Mar Del Plata","Mar Del Plata","Buenos Aires","2026-05-26",\N,"1"
"1865","1865","C2","Tarde","B17","60","Qui1001","Química General","30","15","30","1","Ana Paula","Martínez","Magíster En Matemática Aplicada","Adjunto","Simple","Ciencias Básicas","Facultad Regional Mar Del Plata","Mar Del Plata","Buenos Aires","2026-05-26",\N,"1"
"1866","1866","C1","Noche","A15","30","Qui1001","Química General","30","15","30","1","Tomás Agustín","Domínguez","Magíster En Electrónica","Adjunto","Semi-Exclusiva","Ingeniería Electrónica","Facultad Regional Mar Del Plata","Mar Del Plata","Buenos Aires","2026-05-26",\N,"1"
"1867","1867","C2","Tarde","A15","50","Qui1001","Química General","30","15","30","1","Mariela Noelia","Ponce","Doctora En Ciencias Básicas","Titular","Exclusiva","Ciencias Básicas","Facultad Regional Mar Del Plata","Mar Del Plata","Buenos Aires","2026-05-26",\N,"1"
"1868","1868","C1","Noche","L15","30","Inf1001","Algoritmos Y Estructuras De Datos","30","15","30","1","Alejandro José","Núñez","Ingeniero Electrónico","Adjunto","Simple","Ingeniería Electrónica","Facultad Regional Mar Del Plata","Mar Del Plata","Buenos Aires","2026-05-26",\N,"1"
"1869","1869","C2","Mañana","D02","35","Inf1001","Algoritmos Y Estructuras De Datos","30","15","30","1","Facundo Ezequiel","Jiménez","Magíster En Ciencias De La Computación","Adjunto","Semi-Exclusiva","Ingeniería En Sistemas De Información","Facultad Regional Mar Del Plata","Mar Del Plata","Buenos Aires","2026-05-26",\N,"1"
"1870","1870","C1","Noche","B15","30","Inf1001","Algoritmos Y Estructuras De Datos","30","15","30","1","Pablo Sebastián","Ruiz","Doctor En Ingeniería","Titular","Exclusiva","Ingeniería Civil","Facultad Regional Mar Del Plata","Mar Del Plata","Buenos Aires","2026-05-26",\N,"1"
"1871","1871","C2","Noche","C15","60","Inf1001","Algoritmos Y Estructuras De Datos","30","15","30","1","Nicolás Emilio","Suárez","Magíster En Redes","Adjunto","Semi-Exclusiva","Ingeniería En Sistemas De Información","Facultad Regional Mar Del Plata","Mar Del Plata","Buenos Aires","2026-05-26",\N,"1"
"1872","1872","C1","Noche","D08","30","Mat2001","Análisis Matemático Ii","60","30","0","2","Patricia Andrea","Ramírez","Doctora En Química","Titular","Exclusiva","Ingeniería Química","Facultad Regional Mar Del Plata","Mar Del Plata","Buenos Aires","2026-05-26",\N,"1"
"1873","1873","C2","Noche","A15","45","Mat2001","Análisis Matemático Ii","60","30","0","2","Verónica Adriana","Rojas","Doctora En Ciencias De La Computación","Titular","Exclusiva","Ingeniería En Sistemas De Información","Facultad Regional Mar Del Plata","Mar Del Plata","Buenos Aires","2026-05-26",\N,"1"
"1874","1874","C1","Tarde","A01","60","Mat2001","Análisis Matemático Ii","60","30","0","2","Héctor Luis","González","Doctor En Física","Titular","Exclusiva","Ciencias Básicas","Facultad Regional Mar Del Plata","Mar Del Plata","Buenos Aires","2026-05-26",\N,"1"
"1875","1875","C2","Noche","L20","80","Mat2001","Análisis Matemático Ii","60","30","0","2","Fernando Daniel","Reyes","Doctor En Física","Asociado","Semi-Exclusiva","Ciencias Básicas","Facultad Regional Mar Del Plata","Mar Del Plata","Buenos Aires","2026-05-26",\N,"1"
"1876","1876","C1","Noche","L18","50","Mat2002","Probabilidad Y Estadística","45","30","0","2","Marcelo Adrián","Gutiérrez","Magíster En Inteligencia Artificial","Adjunto","Semi-Exclusiva","Ingeniería En Sistemas De Información","Facultad Regional Mar Del Plata","Mar Del Plata","Buenos Aires","2026-05-26",\N,"1"
"1877","1877","C2","Noche","L07","30","Mat2002","Probabilidad Y Estadística","45","30","0","2","Pilar Estela","Molina","Ingeniera Civil","Adjunto","Simple","Ingeniería Civil","Facultad Regional Mar Del Plata","Mar Del Plata","Buenos Aires","2026-05-26",\N,"1"
"1878","1878","C1","Noche","A05","35","Mat2002","Probabilidad Y Estadística","45","30","0","2","Héctor Luis","González","Doctor En Física","Titular","Exclusiva","Ciencias Básicas","Facultad Regional Mar Del Plata","Mar Del Plata","Buenos Aires","2026-05-26",\N,"1"
"1879","1879","C2","Noche","A14","30","Mat2002","Probabilidad Y Estadística","45","30","0","2","Roberto Augusto","López","Ingeniero Civil","Asociado","Semi-Exclusiva","Ingeniería Civil","Facultad Regional Mar Del Plata","Mar Del Plata","Buenos Aires","2026-05-26",\N,"1"
"1880","1880","C1","Noche","C16","40","Fis2001","Física Ii","45","30","15","2","Sebastián Nicolás","Álvarez","Magíster En Gestión De Proyectos","Adjunto","Semi-Exclusiva","Ingeniería Industrial","Facultad Regional Mar Del Plata","Mar Del Plata","Buenos Aires","2026-05-26",\N,"1"
"1881","1881","C2","Noche","L10","30","Fis2001","Física Ii","45","30","15","2","Roberto Augusto","López","Ingeniero Civil","Asociado","Semi-Exclusiva","Ingeniería Civil","Facultad Regional Mar Del Plata","Mar Del Plata","Buenos Aires","2026-05-26",\N,"1"
"1882","1882","C1","Noche","D07","35","Fis2001","Física Ii","45","30","15","2","Marcelo Adrián","Gutiérrez","Magíster En Inteligencia Artificial","Adjunto","Semi-Exclusiva","Ingeniería En Sistemas De Información","Facultad Regional Mar Del Plata","Mar Del Plata","Buenos Aires","2026-05-26",\N,"1"
"1883","1883","C2","Mañana","B12","40","Fis2001","Física Ii","45","30","15","2","Luis Alberto","Vera","Ingeniero Industrial","Adjunto","Simple","Ingeniería Industrial","Facultad Regional Mar Del Plata","Mar Del Plata","Buenos Aires","2026-05-26",\N,"1"
"1884","1884","C1","Noche","C20","80","Inf2001","Programación Orientada A Objetos","30","15","30","2","Héctor Luis","González","Doctor En Física","Titular","Exclusiva","Ciencias Básicas","Facultad Regional Mar Del Plata","Mar Del Plata","Buenos Aires","2026-05-26",\N,"1"
"1885","1885","C2","Noche","C19","30","Inf2001","Programación Orientada A Objetos","30","15","30","2","Jorge Osvaldo","Sánchez","Magíster En Ingeniería Industrial","Titular","Semi-Exclusiva","Ingeniería Industrial","Facultad Regional Mar Del Plata","Mar Del Plata","Buenos Aires","2026-05-26",\N,"1"
"1886","1886","C1","Noche","B16","30","Inf2001","Programación Orientada A Objetos","30","15","30","2","Natalia Belén","Castro","Magíster En Telecomunicaciones","Adjunto","Semi-Exclusiva","Ingeniería Electrónica","Facultad Regional Mar Del Plata","Mar Del Plata","Buenos Aires","2026-05-26",\N,"1"
"1887","1887","C2","Tarde","L04","30","Inf2001","Programación Orientada A Objetos","30","15","30","2","Sebastián Nicolás","Álvarez","Magíster En Gestión De Proyectos","Adjunto","Semi-Exclusiva","Ingeniería Industrial","Facultad Regional Mar Del Plata","Mar Del Plata","Buenos Aires","2026-05-26",\N,"1"
"1888","1888","C1","Mañana","B20","80","Inf2002","Arquitectura De Computadoras","45","15","15","2","Mariela Noelia","Ponce","Doctora En Ciencias Básicas","Titular","Exclusiva","Ciencias Básicas","Facultad Regional Mar Del Plata","Mar Del Plata","Buenos Aires","2026-05-26",\N,"1"
"1889","1889","C2","Noche","L05","45","Inf2002","Arquitectura De Computadoras","45","15","15","2","Diego Marcelo","Torres","Ingeniero Mecánico","Adjunto","Simple","Ingeniería Mecánica","Facultad Regional Mar Del Plata","Mar Del Plata","Buenos Aires","2026-05-26",\N,"1"
"1890","1890","C1","Tarde","C20","80","Inf2002","Arquitectura De Computadoras","45","15","15","2","Silvina Beatriz","Fernández","Ingeniera Electrónica","Adjunto","Semi-Exclusiva","Ingeniería Electrónica","Facultad Regional Mar Del Plata","Mar Del Plata","Buenos Aires","2026-05-26",\N,"1"
"1891","1891","C2","Tarde","B17","80","Inf2002","Arquitectura De Computadoras","45","15","15","2","Cristian Ariel","Ortega","Ingeniero Mecánico","Adjunto","Simple","Ingeniería Mecánica","Facultad Regional Mar Del Plata","Mar Del Plata","Buenos Aires","2026-05-26",\N,"1"
"1892","1892","C1","Tarde","D01","40","Mat3001","Análisis Matemático Iii","45","30","0","3","Valeria Soledad","Herrera","Ingeniera Electrónica","Adjunto","Simple","Ingeniería Electrónica","Facultad Regional Mar Del Plata","Mar Del Plata","Buenos Aires","2026-05-26",\N,"1"
"1893","1893","C1","Noche","B01","50","Mat3001","Análisis Matemático Iii","45","30","0","3","Carlos Alberto","García","Ingeniero En Sistemas","Titular","Exclusiva","Ingeniería En Sistemas De Información","Facultad Regional Mar Del Plata","Mar Del Plata","Buenos Aires","2026-05-26",\N,"1"
"1894","1894","C2","Noche","C11","30","Mat3001","Análisis Matemático Iii","45","30","0","3","Rodrigo Matías","Campos","Ingeniero En Sistemas","Adjunto","Simple","Ingeniería En Sistemas De Información","Facultad Regional Mar Del Plata","Mar Del Plata","Buenos Aires","2026-05-26",\N,"1"
"1895","1895","C2","Tarde","A11","40","Inf3001","Base De Datos","30","15","30","3","Ignacio Ramón","Ibáñez","Magíster En Seguridad Informática","Adjunto","Semi-Exclusiva","Ingeniería En Sistemas De Información","Facultad Regional Mar Del Plata","Mar Del Plata","Buenos Aires","2026-05-26",\N,"1"
"1896","1896","C2","Noche","C19","35","Inf3001","Base De Datos","30","15","30","3","Sebastián Nicolás","Álvarez","Magíster En Gestión De Proyectos","Adjunto","Semi-Exclusiva","Ingeniería Industrial","Facultad Regional Mar Del Plata","Mar Del Plata","Buenos Aires","2026-05-26",\N,"1"
"1897","1897","C1","Noche","B17","30","Inf3002","Ingeniería De Software I","45","15","15","3","Patricia Andrea","Ramírez","Doctora En Química","Titular","Exclusiva","Ingeniería Química","Facultad Regional Mar Del Plata","Mar Del Plata","Buenos Aires","2026-05-26",\N,"1"
"1898","1898","C1","Noche","L11","60","Inf3002","Ingeniería De Software I","45","15","15","3","Valeria Soledad","Herrera","Ingeniera Electrónica","Adjunto","Simple","Ingeniería Electrónica","Facultad Regional Mar Del Plata","Mar Del Plata","Buenos Aires","2026-05-26",\N,"1"
"1899","1899","C1","Noche","D05","30","Inf3003","Sistemas Operativos","30","15","30","3","Tomás Agustín","Domínguez","Magíster En Electrónica","Adjunto","Semi-Exclusiva","Ingeniería Electrónica","Facultad Regional Mar Del Plata","Mar Del Plata","Buenos Aires","2026-05-26",\N,"1"
"1900","1900","C1","Tarde","D19","40","Inf3003","Sistemas Operativos","30","15","30","3","Alejandra Cecilia","Romero","Doctora En Ingeniería Industrial","Asociado","Semi-Exclusiva","Ingeniería Industrial","Facultad Regional Mar Del Plata","Mar Del Plata","Buenos Aires","2026-05-26",\N,"1"
"1901","1901","C1","Tarde","A14","50","Inf3005","Redes De Computadoras","30","15","30","3","Pablo Sebastián","Ruiz","Doctor En Ingeniería","Titular","Exclusiva","Ingeniería Civil","Facultad Regional Mar Del Plata","Mar Del Plata","Buenos Aires","2026-05-26",\N,"1"
"1902","1902","C2","Noche","L17","30","Inf3005","Redes De Computadoras","30","15","30","3","Gabriela Inés","Flores","Magíster En Sistemas De Información","Asociado","Semi-Exclusiva","Ingeniería En Sistemas De Información","Facultad Regional Mar Del Plata","Mar Del Plata","Buenos Aires","2026-05-26",\N,"1"
"1903","1903","C1","Noche","L19","40","Inf3005","Redes De Computadoras","30","15","30","3","Natalia Belén","Castro","Magíster En Telecomunicaciones","Adjunto","Semi-Exclusiva","Ingeniería Electrónica","Facultad Regional Mar Del Plata","Mar Del Plata","Buenos Aires","2026-05-26",\N,"1"
"1904","1904","C2","Tarde","C09","60","Inf3005","Redes De Computadoras","30","15","30","3","Pablo Sebastián","Ruiz","Doctor En Ingeniería","Titular","Exclusiva","Ingeniería Civil","Facultad Regional Mar Del Plata","Mar Del Plata","Buenos Aires","2026-05-26",\N,"1"
"1905","1905","C2","Tarde","L10","80","Inf4001","Ingeniería De Software Ii","45","15","15","4","Sofía Valentina","Vega","Magíster En Ciencias De La Computación","Adjunto","Semi-Exclusiva","Ingeniería En Sistemas De Información","Facultad Regional Mar Del Plata","Mar Del Plata","Buenos Aires","2026-05-26",\N,"1"
"1906","1906","C2","Noche","L07","30","Inf4001","Ingeniería De Software Ii","45","15","15","4","Cristian Ariel","Ortega","Ingeniero Mecánico","Adjunto","Simple","Ingeniería Mecánica","Facultad Regional Mar Del Plata","Mar Del Plata","Buenos Aires","2026-05-26",\N,"1"
"1907","1907","C1","Noche","L03","45","Inf4002","Inteligencia Artificial","30","15","30","4","Tomás Agustín","Domínguez","Magíster En Electrónica","Adjunto","Semi-Exclusiva","Ingeniería Electrónica","Facultad Regional Mar Del Plata","Mar Del Plata","Buenos Aires","2026-05-26",\N,"1"
"1908","1908","C2","Noche","D01","45","Inf4002","Inteligencia Artificial","30","15","30","4","Luis Alberto","Vera","Ingeniero Industrial","Adjunto","Simple","Ingeniería Industrial","Facultad Regional Mar Del Plata","Mar Del Plata","Buenos Aires","2026-05-26",\N,"1"
"1909","1909","C2","Mañana","D19","60","Inf4003","Gestión De Proyectos","45","15","0","4","Facundo Ezequiel","Jiménez","Magíster En Ciencias De La Computación","Adjunto","Semi-Exclusiva","Ingeniería En Sistemas De Información","Facultad Regional Mar Del Plata","Mar Del Plata","Buenos Aires","2026-05-26",\N,"1"
"1910","1910","C1","Noche","B09","50","Inf4003","Gestión De Proyectos","45","15","0","4","Sofía Valentina","Vega","Magíster En Ciencias De La Computación","Adjunto","Semi-Exclusiva","Ingeniería En Sistemas De Información","Facultad Regional Mar Del Plata","Mar Del Plata","Buenos Aires","2026-05-26",\N,"1"
"1911","1911","C2","Noche","L17","30","Inf4003","Gestión De Proyectos","45","15","0","4","Diego Marcelo","Torres","Ingeniero Mecánico","Adjunto","Simple","Ingeniería Mecánica","Facultad Regional Mar Del Plata","Mar Del Plata","Buenos Aires","2026-05-26",\N,"1"
"1912","1912","C2","Noche","L10","60","Inf4004","Seguridad Informática","30","15","30","4","Cristian Ariel","Ortega","Ingeniero Mecánico","Adjunto","Simple","Ingeniería Mecánica","Facultad Regional Mar Del Plata","Mar Del Plata","Buenos Aires","2026-05-26",\N,"1"
"1913","1913","C1","Tarde","D08","80","Inf4004","Seguridad Informática","30","15","30","4","Diego Marcelo","Torres","Ingeniero Mecánico","Adjunto","Simple","Ingeniería Mecánica","Facultad Regional Mar Del Plata","Mar Del Plata","Buenos Aires","2026-05-26",\N,"1"
"1914","1914","C2","Tarde","D09","40","Inf4005","Diseño De Sistemas","45","15","15","4","Carlos Alberto","García","Ingeniero En Sistemas","Titular","Exclusiva","Ingeniería En Sistemas De Información","Facultad Regional Mar Del Plata","Mar Del Plata","Buenos Aires","2026-05-26",\N,"1"
"1915","1915","C2","Noche","D07","35","Inf4005","Diseño De Sistemas","45","15","15","4","Alejandra Cecilia","Romero","Doctora En Ingeniería Industrial","Asociado","Semi-Exclusiva","Ingeniería Industrial","Facultad Regional Mar Del Plata","Mar Del Plata","Buenos Aires","2026-05-26",\N,"1"
"1916","1916","C1","Noche","C17","40","Inf5001","Proyecto Final","15","0","60","5","Florencia Daniela","Cabrera","Doctora En Ingeniería","Asociado","Semi-Exclusiva","Ingeniería Civil","Facultad Regional Mar Del Plata","Mar Del Plata","Buenos Aires","2026-05-26",\N,"1"
"1917","1917","C1","Noche","D05","60","Inf5001","Proyecto Final","15","0","60","5","Alejandra Cecilia","Romero","Doctora En Ingeniería Industrial","Asociado","Semi-Exclusiva","Ingeniería Industrial","Facultad Regional Mar Del Plata","Mar Del Plata","Buenos Aires","2026-05-26",\N,"1"
"1918","1918","C1","Tarde","A07","45","Adm1001","Administración General","60","15","0","1","Rodrigo Matías","Campos","Ingeniero En Sistemas","Adjunto","Simple","Ingeniería En Sistemas De Información","Facultad Regional Mar Del Plata","Mar Del Plata","Buenos Aires","2026-05-26",\N,"1"
"1919","1919","C2","Noche","B05","30","Adm1001","Administración General","60","15","0","1","Susana Graciela","Ríos","Ingeniera Industrial","Adjunto","Simple","Ingeniería Industrial","Facultad Regional Mar Del Plata","Mar Del Plata","Buenos Aires","2026-05-26",\N,"1"
"1920","1920","C1","Tarde","L08","80","Adm1001","Administración General","60","15","0","1","Héctor Luis","González","Doctor En Física","Titular","Exclusiva","Ciencias Básicas","Facultad Regional Mar Del Plata","Mar Del Plata","Buenos Aires","2026-05-26",\N,"1"
"1921","1921","C2","Tarde","D18","30","Adm1001","Administración General","60","15","0","1","Carolina Florencia","Díaz","Ingeniera Civil","Adjunto","Simple","Ingeniería Civil","Facultad Regional Mar Del Plata","Mar Del Plata","Buenos Aires","2026-05-26",\N,"1"
"1922","1922","C1","Noche","C04","40","Adm2001","Economía General","60","15","0","2","Jorge Osvaldo","Sánchez","Magíster En Ingeniería Industrial","Titular","Semi-Exclusiva","Ingeniería Industrial","Facultad Regional Mar Del Plata","Mar Del Plata","Buenos Aires","2026-05-26",\N,"1"
"1923","1923","C2","Tarde","A04","30","Adm2001","Economía General","60","15","0","2","Nicolás Emilio","Suárez","Magíster En Redes","Adjunto","Semi-Exclusiva","Ingeniería En Sistemas De Información","Facultad Regional Mar Del Plata","Mar Del Plata","Buenos Aires","2026-05-26",\N,"1"
"1924","1924","C1","Noche","A02","80","Adm2001","Economía General","60","15","0","2","Sofía Valentina","Vega","Magíster En Ciencias De La Computación","Adjunto","Semi-Exclusiva","Ingeniería En Sistemas De Información","Facultad Regional Mar Del Plata","Mar Del Plata","Buenos Aires","2026-05-26",\N,"1"
"1925","1925","C2","Noche","B18","50","Adm2001","Economía General","60","15","0","2","Roberto Augusto","López","Ingeniero Civil","Asociado","Semi-Exclusiva","Ingeniería Civil","Facultad Regional Mar Del Plata","Mar Del Plata","Buenos Aires","2026-05-26",\N,"1"
"1926","1926","C1","Noche","L08","40","Adm3001","Contabilidad Y Costos","45","30","0","3","Luis Alberto","Vera","Ingeniero Industrial","Adjunto","Simple","Ingeniería Industrial","Facultad Regional Mar Del Plata","Mar Del Plata","Buenos Aires","2026-05-26",\N,"1"
"1927","1927","C2","Noche","D14","45","Adm3001","Contabilidad Y Costos","45","30","0","3","Luis Alberto","Vera","Ingeniero Industrial","Adjunto","Simple","Ingeniería Industrial","Facultad Regional Mar Del Plata","Mar Del Plata","Buenos Aires","2026-05-26",\N,"1"
"1928","1928","C2","Tarde","B20","35","Ind3001","Investigación Operativa","45","30","0","3","Verónica Adriana","Rojas","Doctora En Ciencias De La Computación","Titular","Exclusiva","Ingeniería En Sistemas De Información","Facultad Regional Mar Del Plata","Mar Del Plata","Buenos Aires","2026-05-26",\N,"1"
"1929","1929","C2","Tarde","D10","50","Ind3001","Investigación Operativa","45","30","0","3","Mariana Soledad","Pereira","Magíster En Matemática","Adjunto","Semi-Exclusiva","Ciencias Básicas","Facultad Regional Mar Del Plata","Mar Del Plata","Buenos Aires","2026-05-26",\N,"1"
"1930","1930","C1","Tarde","L13","50","Ind4001","Logística Y Cadena De Suministro","45","15","0","4","Leandro Damián","Acosta","Doctor En Ingeniería Civil","Titular","Exclusiva","Ingeniería Civil","Facultad Regional Mar Del Plata","Mar Del Plata","Buenos Aires","2026-05-26",\N,"1"
"1931","1931","C2","Tarde","C15","40","Ind4001","Logística Y Cadena De Suministro","45","15","0","4","Marcelo Adrián","Gutiérrez","Magíster En Inteligencia Artificial","Adjunto","Semi-Exclusiva","Ingeniería En Sistemas De Información","Facultad Regional Mar Del Plata","Mar Del Plata","Buenos Aires","2026-05-26",\N,"1"
"1932","1932","C1","Noche","B02","45","Ind4001","Logística Y Cadena De Suministro","45","15","0","4","Fernando Daniel","Reyes","Doctor En Física","Asociado","Semi-Exclusiva","Ciencias Básicas","Facultad Regional Mar Del Plata","Mar Del Plata","Buenos Aires","2026-05-26",\N,"1"
"1933","1933","C2","Noche","D02","60","Ind4001","Logística Y Cadena De Suministro","45","15","0","4","Fernando Daniel","Reyes","Doctor En Física","Asociado","Semi-Exclusiva","Ciencias Básicas","Facultad Regional Mar Del Plata","Mar Del Plata","Buenos Aires","2026-05-26",\N,"1"
"1934","1934","C1","Mañana","D17","45","Ind4002","Gestión De La Calidad","45","15","0","4","Cristian Ariel","Ortega","Ingeniero Mecánico","Adjunto","Simple","Ingeniería Mecánica","Facultad Regional Mar Del Plata","Mar Del Plata","Buenos Aires","2026-05-26",\N,"1"
"1935","1935","C1","Mañana","D01","35","Ind4002","Gestión De La Calidad","45","15","0","4","Diego Marcelo","Torres","Ingeniero Mecánico","Adjunto","Simple","Ingeniería Mecánica","Facultad Regional Mar Del Plata","Mar Del Plata","Buenos Aires","2026-05-26",\N,"1"
"1936","1936","C2","Tarde","L10","50","Ind4002","Gestión De La Calidad","45","15","0","4","Gustavo Raúl","Medina","Doctor En Matemática","Titular","Exclusiva","Ciencias Básicas","Facultad Regional Mar Del Plata","Mar Del Plata","Buenos Aires","2026-05-26",\N,"1"
"1937","1937","C1","Noche","A16","35","Inf4006","Aprendizaje Automático","30","15","30","4","Pilar Estela","Molina","Ingeniera Civil","Adjunto","Simple","Ingeniería Civil","Facultad Regional Mar Del Plata","Mar Del Plata","Buenos Aires","2026-05-26",\N,"1"
"1938","1938","C2","Tarde","C14","30","Inf4006","Aprendizaje Automático","30","15","30","4","Roberto Augusto","López","Ingeniero Civil","Asociado","Semi-Exclusiva","Ingeniería Civil","Facultad Regional Mar Del Plata","Mar Del Plata","Buenos Aires","2026-05-26",\N,"1"
"1939","1939","C1","Noche","C13","80","Inf4007","Desarrollo De Aplicaciones Web","30","15","30","4","Ana Paula","Martínez","Magíster En Matemática Aplicada","Adjunto","Simple","Ciencias Básicas","Facultad Regional Mar Del Plata","Mar Del Plata","Buenos Aires","2026-05-26",\N,"1"
"1940","1940","C2","Tarde","B14","60","Inf4007","Desarrollo De Aplicaciones Web","30","15","30","4","Florencia Daniela","Cabrera","Doctora En Ingeniería","Asociado","Semi-Exclusiva","Ingeniería Civil","Facultad Regional Mar Del Plata","Mar Del Plata","Buenos Aires","2026-05-26",\N,"1"
"1941","1941","C1","Noche","D03","50","Mat1001","Análisis Matemático I","60","30","0","1","María Elena","Rodríguez","Doctora En Ciencias De La Computación","Titular","Exclusiva","Ingeniería En Sistemas De Información","Facultad Regional Mar Del Plata","Mar Del Plata","Buenos Aires","2026-05-26",\N,"1"
"1942","1942","C2","Noche","B04","45","Mat1001","Análisis Matemático I","60","30","0","1","Pilar Estela","Molina","Ingeniera Civil","Adjunto","Simple","Ingeniería Civil","Facultad Regional Mar Del Plata","Mar Del Plata","Buenos Aires","2026-05-26",\N,"1"
"1943","1943","C1","Noche","C20","40","Mat1001","Análisis Matemático I","60","30","0","1","Claudia Verónica","Morales","Ingeniera Industrial","Adjunto","Simple","Ingeniería Industrial","Facultad Regional Mar Del Plata","Mar Del Plata","Buenos Aires","2026-05-26",\N,"1"
"1944","1944","C2","Tarde","C06","80","Mat1001","Análisis Matemático I","60","30","0","1","Eduardo Martín","Vargas","Ingeniero En Sistemas","Adjunto","Simple","Ingeniería En Sistemas De Información","Facultad Regional Mar Del Plata","Mar Del Plata","Buenos Aires","2026-05-26",\N,"1"
"1945","1945","C1","Noche","D04","30","Mat1002","Álgebra Y Geometría Analítica","60","30","0","1","Claudia Verónica","Morales","Ingeniera Industrial","Adjunto","Simple","Ingeniería Industrial","Facultad Regional Mar Del Plata","Mar Del Plata","Buenos Aires","2026-05-26",\N,"1"
"1946","1946","C2","Noche","C10","30","Mat1002","Álgebra Y Geometría Analítica","60","30","0","1","Valeria Soledad","Herrera","Ingeniera Electrónica","Adjunto","Simple","Ingeniería Electrónica","Facultad Regional Mar Del Plata","Mar Del Plata","Buenos Aires","2026-05-26",\N,"1"
"1947","1947","C1","Noche","D18","80","Mat1002","Álgebra Y Geometría Analítica","60","30","0","1","Alejandra Cecilia","Romero","Doctora En Ingeniería Industrial","Asociado","Semi-Exclusiva","Ingeniería Industrial","Facultad Regional Mar Del Plata","Mar Del Plata","Buenos Aires","2026-05-26",\N,"1"
"1948","1948","C2","Tarde","D18","80","Mat1002","Álgebra Y Geometría Analítica","60","30","0","1","Natalia Belén","Castro","Magíster En Telecomunicaciones","Adjunto","Semi-Exclusiva","Ingeniería Electrónica","Facultad Regional Mar Del Plata","Mar Del Plata","Buenos Aires","2026-05-26",\N,"1"
"1949","1949","C1","Tarde","D03","80","Fis1001","Física I","45","30","15","1","Silvina Beatriz","Fernández","Ingeniera Electrónica","Adjunto","Semi-Exclusiva","Ingeniería Electrónica","Facultad Regional Mar Del Plata","Mar Del Plata","Buenos Aires","2026-05-26",\N,"1"
"1950","1950","C2","Tarde","C04","45","Fis1001","Física I","45","30","15","1","Verónica Adriana","Rojas","Doctora En Ciencias De La Computación","Titular","Exclusiva","Ingeniería En Sistemas De Información","Facultad Regional Mar Del Plata","Mar Del Plata","Buenos Aires","2026-05-26",\N,"1"
"1951","1951","C1","Noche","L09","60","Fis1001","Física I","45","30","15","1","Eduardo Martín","Vargas","Ingeniero En Sistemas","Adjunto","Simple","Ingeniería En Sistemas De Información","Facultad Regional Mar Del Plata","Mar Del Plata","Buenos Aires","2026-05-26",\N,"1"
"1952","1952","C2","Noche","L04","45","Fis1001","Física I","45","30","15","1","Leandro Damián","Acosta","Doctor En Ingeniería Civil","Titular","Exclusiva","Ingeniería Civil","Facultad Regional Mar Del Plata","Mar Del Plata","Buenos Aires","2026-05-26",\N,"1"
"1953","1953","C1","Tarde","B11","40","Qui1001","Química General","30","15","30","1","Susana Graciela","Ríos","Ingeniera Industrial","Adjunto","Simple","Ingeniería Industrial","Facultad Regional Mar Del Plata","Mar Del Plata","Buenos Aires","2026-05-26",\N,"1"
"1954","1954","C2","Noche","C20","35","Qui1001","Química General","30","15","30","1","Susana Graciela","Ríos","Ingeniera Industrial","Adjunto","Simple","Ingeniería Industrial","Facultad Regional Mar Del Plata","Mar Del Plata","Buenos Aires","2026-05-26",\N,"1"
"1955","1955","C1","Mañana","L07","30","Qui1001","Química General","30","15","30","1","Silvina Beatriz","Fernández","Ingeniera Electrónica","Adjunto","Semi-Exclusiva","Ingeniería Electrónica","Facultad Regional Mar Del Plata","Mar Del Plata","Buenos Aires","2026-05-26",\N,"1"
"1956","1956","C2","Noche","D04","50","Qui1001","Química General","30","15","30","1","Valeria Soledad","Herrera","Ingeniera Electrónica","Adjunto","Simple","Ingeniería Electrónica","Facultad Regional Mar Del Plata","Mar Del Plata","Buenos Aires","2026-05-26",\N,"1"
"1957","1957","C1","Mañana","L06","45","Mat2001","Análisis Matemático Ii","60","30","0","2","Mariana Soledad","Pereira","Magíster En Matemática","Adjunto","Semi-Exclusiva","Ciencias Básicas","Facultad Regional Mar Del Plata","Mar Del Plata","Buenos Aires","2026-05-26",\N,"1"
"1958","1958","C2","Tarde","C03","80","Mat2001","Análisis Matemático Ii","60","30","0","2","Roberto Augusto","López","Ingeniero Civil","Asociado","Semi-Exclusiva","Ingeniería Civil","Facultad Regional Mar Del Plata","Mar Del Plata","Buenos Aires","2026-05-26",\N,"1"
"1959","1959","C1","Noche","B05","60","Mat2001","Análisis Matemático Ii","60","30","0","2","Ignacio Ramón","Ibáñez","Magíster En Seguridad Informática","Adjunto","Semi-Exclusiva","Ingeniería En Sistemas De Información","Facultad Regional Mar Del Plata","Mar Del Plata","Buenos Aires","2026-05-26",\N,"1"
"1960","1960","C2","Tarde","A17","50","Mat2001","Análisis Matemático Ii","60","30","0","2","Héctor Luis","González","Doctor En Física","Titular","Exclusiva","Ciencias Básicas","Facultad Regional Mar Del Plata","Mar Del Plata","Buenos Aires","2026-05-26",\N,"1"
"1961","1961","C1","Noche","L07","80","Mat2002","Probabilidad Y Estadística","45","30","0","2","María Elena","Rodríguez","Doctora En Ciencias De La Computación","Titular","Exclusiva","Ingeniería En Sistemas De Información","Facultad Regional Mar Del Plata","Mar Del Plata","Buenos Aires","2026-05-26",\N,"1"
"1962","1962","C2","Mañana","A06","80","Mat2002","Probabilidad Y Estadística","45","30","0","2","Florencia Daniela","Cabrera","Doctora En Ingeniería","Asociado","Semi-Exclusiva","Ingeniería Civil","Facultad Regional Mar Del Plata","Mar Del Plata","Buenos Aires","2026-05-26",\N,"1"
"1963","1963","C1","Noche","D10","30","Mat2002","Probabilidad Y Estadística","45","30","0","2","Cristian Ariel","Ortega","Ingeniero Mecánico","Adjunto","Simple","Ingeniería Mecánica","Facultad Regional Mar Del Plata","Mar Del Plata","Buenos Aires","2026-05-26",\N,"1"
"1964","1964","C2","Noche","D17","35","Mat2002","Probabilidad Y Estadística","45","30","0","2","Tomás Agustín","Domínguez","Magíster En Electrónica","Adjunto","Semi-Exclusiva","Ingeniería Electrónica","Facultad Regional Mar Del Plata","Mar Del Plata","Buenos Aires","2026-05-26",\N,"1"
"1965","1965","C2","Noche","L17","60","Mat3001","Análisis Matemático Iii","45","30","0","3","Mariana Soledad","Pereira","Magíster En Matemática","Adjunto","Semi-Exclusiva","Ciencias Básicas","Facultad Regional Mar Del Plata","Mar Del Plata","Buenos Aires","2026-05-26",\N,"1"
"1966","1966","C1","Noche","A02","35","Mat3001","Análisis Matemático Iii","45","30","0","3","Tomás Agustín","Domínguez","Magíster En Electrónica","Adjunto","Semi-Exclusiva","Ingeniería Electrónica","Facultad Regional Mar Del Plata","Mar Del Plata","Buenos Aires","2026-05-26",\N,"1"
"1967","1967","C2","Mañana","L15","40","Mat3001","Análisis Matemático Iii","45","30","0","3","Eduardo Martín","Vargas","Ingeniero En Sistemas","Adjunto","Simple","Ingeniería En Sistemas De Información","Facultad Regional Mar Del Plata","Mar Del Plata","Buenos Aires","2026-05-26",\N,"1"
"1968","1968","C1","Noche","A13","80","Inf4003","Gestión De Proyectos","45","15","0","4","Leandro Damián","Acosta","Doctor En Ingeniería Civil","Titular","Exclusiva","Ingeniería Civil","Facultad Regional Mar Del Plata","Mar Del Plata","Buenos Aires","2026-05-26",\N,"1"
"1969","1969","C2","Noche","D04","60","Inf4003","Gestión De Proyectos","45","15","0","4","Claudia Verónica","Morales","Ingeniera Industrial","Adjunto","Simple","Ingeniería Industrial","Facultad Regional Mar Del Plata","Mar Del Plata","Buenos Aires","2026-05-26",\N,"1"
"1970","1970","C2","Noche","D09","35","Inf4003","Gestión De Proyectos","45","15","0","4","Valeria Soledad","Herrera","Ingeniera Electrónica","Adjunto","Simple","Ingeniería Electrónica","Facultad Regional Mar Del Plata","Mar Del Plata","Buenos Aires","2026-05-26",\N,"1"
"1971","1971","C1","Noche","C12","35","Adm1001","Administración General","60","15","0","1","Sebastián Nicolás","Álvarez","Magíster En Gestión De Proyectos","Adjunto","Semi-Exclusiva","Ingeniería Industrial","Facultad Regional Mar Del Plata","Mar Del Plata","Buenos Aires","2026-05-26",\N,"1"
"1972","1972","C2","Tarde","B10","45","Adm1001","Administración General","60","15","0","1","Tomás Agustín","Domínguez","Magíster En Electrónica","Adjunto","Semi-Exclusiva","Ingeniería Electrónica","Facultad Regional Mar Del Plata","Mar Del Plata","Buenos Aires","2026-05-26",\N,"1"
"1973","1973","C1","Noche","A19","60","Adm1001","Administración General","60","15","0","1","Pablo Sebastián","Ruiz","Doctor En Ingeniería","Titular","Exclusiva","Ingeniería Civil","Facultad Regional Mar Del Plata","Mar Del Plata","Buenos Aires","2026-05-26",\N,"1"
"1974","1974","C2","Tarde","D08","80","Adm1001","Administración General","60","15","0","1","Facundo Ezequiel","Jiménez","Magíster En Ciencias De La Computación","Adjunto","Semi-Exclusiva","Ingeniería En Sistemas De Información","Facultad Regional Mar Del Plata","Mar Del Plata","Buenos Aires","2026-05-26",\N,"1"
"1975","1975","C1","Tarde","D13","35","Adm2001","Economía General","60","15","0","2","Jorge Osvaldo","Sánchez","Magíster En Ingeniería Industrial","Titular","Semi-Exclusiva","Ingeniería Industrial","Facultad Regional Mar Del Plata","Mar Del Plata","Buenos Aires","2026-05-26",\N,"1"
"1976","1976","C2","Mañana","B17","80","Adm2001","Economía General","60","15","0","2","Tomás Agustín","Domínguez","Magíster En Electrónica","Adjunto","Semi-Exclusiva","Ingeniería Electrónica","Facultad Regional Mar Del Plata","Mar Del Plata","Buenos Aires","2026-05-26",\N,"1"
"1977","1977","C1","Noche","A19","40","Adm2001","Economía General","60","15","0","2","Nicolás Emilio","Suárez","Magíster En Redes","Adjunto","Semi-Exclusiva","Ingeniería En Sistemas De Información","Facultad Regional Mar Del Plata","Mar Del Plata","Buenos Aires","2026-05-26",\N,"1"
"1978","1978","C2","Noche","C13","40","Adm2001","Economía General","60","15","0","2","Susana Graciela","Ríos","Ingeniera Industrial","Adjunto","Simple","Ingeniería Industrial","Facultad Regional Mar Del Plata","Mar Del Plata","Buenos Aires","2026-05-26",\N,"1"
"1979","1979","C1","Mañana","C07","80","Adm3001","Contabilidad Y Costos","45","30","0","3","Carlos Alberto","García","Ingeniero En Sistemas","Titular","Exclusiva","Ingeniería En Sistemas De Información","Facultad Regional Mar Del Plata","Mar Del Plata","Buenos Aires","2026-05-26",\N,"1"
"1980","1980","C1","Noche","B16","35","Adm3001","Contabilidad Y Costos","45","30","0","3","Silvina Beatriz","Fernández","Ingeniera Electrónica","Adjunto","Semi-Exclusiva","Ingeniería Electrónica","Facultad Regional Mar Del Plata","Mar Del Plata","Buenos Aires","2026-05-26",\N,"1"
"1981","1981","C2","Noche","B19","45","Adm3001","Contabilidad Y Costos","45","30","0","3","Sandra Mabel","Fuentes","Magíster En Sistemas Embebidos","Adjunto","Semi-Exclusiva","Ingeniería Electrónica","Facultad Regional Mar Del Plata","Mar Del Plata","Buenos Aires","2026-05-26",\N,"1"
"1982","1982","C2","Noche","A16","50","Ind3001","Investigación Operativa","45","30","0","3","Rodrigo Matías","Campos","Ingeniero En Sistemas","Adjunto","Simple","Ingeniería En Sistemas De Información","Facultad Regional Mar Del Plata","Mar Del Plata","Buenos Aires","2026-05-26",\N,"1"
"1983","1983","C1","Tarde","D03","45","Ind3001","Investigación Operativa","45","30","0","3","María Elena","Rodríguez","Doctora En Ciencias De La Computación","Titular","Exclusiva","Ingeniería En Sistemas De Información","Facultad Regional Mar Del Plata","Mar Del Plata","Buenos Aires","2026-05-26",\N,"1"
"1984","1984","C2","Tarde","A08","30","Ind3001","Investigación Operativa","45","30","0","3","Valeria Soledad","Herrera","Ingeniera Electrónica","Adjunto","Simple","Ingeniería Electrónica","Facultad Regional Mar Del Plata","Mar Del Plata","Buenos Aires","2026-05-26",\N,"1"
"1985","1985","C1","Mañana","D06","60","Ind4001","Logística Y Cadena De Suministro","45","15","0","4","Luciana Paola","Moreno","Ingeniera Química","Adjunto","Simple","Ingeniería Química","Facultad Regional Mar Del Plata","Mar Del Plata","Buenos Aires","2026-05-26",\N,"1"
"1986","1986","C2","Noche","C16","60","Ind4001","Logística Y Cadena De Suministro","45","15","0","4","Carlos Alberto","García","Ingeniero En Sistemas","Titular","Exclusiva","Ingeniería En Sistemas De Información","Facultad Regional Mar Del Plata","Mar Del Plata","Buenos Aires","2026-05-26",\N,"1"
"1987","1987","C1","Noche","L20","30","Ind4001","Logística Y Cadena De Suministro","45","15","0","4","Verónica Adriana","Rojas","Doctora En Ciencias De La Computación","Titular","Exclusiva","Ingeniería En Sistemas De Información","Facultad Regional Mar Del Plata","Mar Del Plata","Buenos Aires","2026-05-26",\N,"1"
"1988","1988","C2","Noche","A10","35","Ind4001","Logística Y Cadena De Suministro","45","15","0","4","Rodrigo Matías","Campos","Ingeniero En Sistemas","Adjunto","Simple","Ingeniería En Sistemas De Información","Facultad Regional Mar Del Plata","Mar Del Plata","Buenos Aires","2026-05-26",\N,"1"
"1989","1989","C2","Tarde","C19","30","Ind4002","Gestión De La Calidad","45","15","0","4","Mariela Noelia","Ponce","Doctora En Ciencias Básicas","Titular","Exclusiva","Ciencias Básicas","Facultad Regional Mar Del Plata","Mar Del Plata","Buenos Aires","2026-05-26",\N,"1"
"1990","1990","C1","Tarde","L12","60","Ind4002","Gestión De La Calidad","45","15","0","4","Héctor Luis","González","Doctor En Física","Titular","Exclusiva","Ciencias Básicas","Facultad Regional Mar Del Plata","Mar Del Plata","Buenos Aires","2026-05-26",\N,"1"
"1991","1991","C1","Noche","L01","35","Mat1001","Análisis Matemático I","60","30","0","1","Gustavo Raúl","Medina","Doctor En Matemática","Titular","Exclusiva","Ciencias Básicas","Facultad Regional Mar Del Plata","Mar Del Plata","Buenos Aires","2026-05-26",\N,"1"
"1992","1992","C2","Noche","A12","50","Mat1001","Análisis Matemático I","60","30","0","1","Nicolás Emilio","Suárez","Magíster En Redes","Adjunto","Semi-Exclusiva","Ingeniería En Sistemas De Información","Facultad Regional Mar Del Plata","Mar Del Plata","Buenos Aires","2026-05-26",\N,"1"
"1993","1993","C1","Noche","D03","40","Mat1001","Análisis Matemático I","60","30","0","1","Claudia Verónica","Morales","Ingeniera Industrial","Adjunto","Simple","Ingeniería Industrial","Facultad Regional Mar Del Plata","Mar Del Plata","Buenos Aires","2026-05-26",\N,"1"
"1994","1994","C2","Tarde","B11","40","Mat1001","Análisis Matemático I","60","30","0","1","Alejandro José","Núñez","Ingeniero Electrónico","Adjunto","Simple","Ingeniería Electrónica","Facultad Regional Mar Del Plata","Mar Del Plata","Buenos Aires","2026-05-26",\N,"1"
"1995","1995","C1","Noche","C17","45","Mat1002","Álgebra Y Geometría Analítica","60","30","0","1","Mariela Noelia","Ponce","Doctora En Ciencias Básicas","Titular","Exclusiva","Ciencias Básicas","Facultad Regional Mar Del Plata","Mar Del Plata","Buenos Aires","2026-05-26",\N,"1"
"1996","1996","C2","Noche","A17","45","Mat1002","Álgebra Y Geometría Analítica","60","30","0","1","Alejandra Cecilia","Romero","Doctora En Ingeniería Industrial","Asociado","Semi-Exclusiva","Ingeniería Industrial","Facultad Regional Mar Del Plata","Mar Del Plata","Buenos Aires","2026-05-26",\N,"1"
"1997","1997","C1","Noche","A05","30","Mat1002","Álgebra Y Geometría Analítica","60","30","0","1","Alejandro José","Núñez","Ingeniero Electrónico","Adjunto","Simple","Ingeniería Electrónica","Facultad Regional Mar Del Plata","Mar Del Plata","Buenos Aires","2026-05-26",\N,"1"
"1998","1998","C2","Noche","C07","80","Mat1002","Álgebra Y Geometría Analítica","60","30","0","1","Verónica Adriana","Rojas","Doctora En Ciencias De La Computación","Titular","Exclusiva","Ingeniería En Sistemas De Información","Facultad Regional Mar Del Plata","Mar Del Plata","Buenos Aires","2026-05-26",\N,"1"
"1999","1999","C1","Noche","B05","45","Fis1001","Física I","45","30","15","1","Silvina Beatriz","Fernández","Ingeniera Electrónica","Adjunto","Semi-Exclusiva","Ingeniería Electrónica","Facultad Regional Mar Del Plata","Mar Del Plata","Buenos Aires","2026-05-26",\N,"1"
"2000","2000","C2","Noche","D09","30","Fis1001","Física I","45","30","15","1","Carolina Florencia","Díaz","Ingeniera Civil","Adjunto","Simple","Ingeniería Civil","Facultad Regional Mar Del Plata","Mar Del Plata","Buenos Aires","2026-05-26",\N,"1"
"2001","2001","C1","Mañana","C14","35","Fis1001","Física I","45","30","15","1","Roberto Augusto","López","Ingeniero Civil","Asociado","Semi-Exclusiva","Ingeniería Civil","Facultad Regional Mar Del Plata","Mar Del Plata","Buenos Aires","2026-05-26",\N,"1"
"2002","2002","C2","Noche","L08","30","Fis1001","Física I","45","30","15","1","Rodrigo Matías","Campos","Ingeniero En Sistemas","Adjunto","Simple","Ingeniería En Sistemas De Información","Facultad Regional Mar Del Plata","Mar Del Plata","Buenos Aires","2026-05-26",\N,"1"
"2003","2003","C1","Noche","D12","35","Qui1001","Química General","30","15","30","1","María Elena","Rodríguez","Doctora En Ciencias De La Computación","Titular","Exclusiva","Ingeniería En Sistemas De Información","Facultad Regional Mar Del Plata","Mar Del Plata","Buenos Aires","2026-05-26",\N,"1"
"2004","2004","C2","Noche","A05","45","Qui1001","Química General","30","15","30","1","Luis Alberto","Vera","Ingeniero Industrial","Adjunto","Simple","Ingeniería Industrial","Facultad Regional Mar Del Plata","Mar Del Plata","Buenos Aires","2026-05-26",\N,"1"
"2005","2005","C1","Tarde","A15","35","Qui1001","Química General","30","15","30","1","Carlos Alberto","García","Ingeniero En Sistemas","Titular","Exclusiva","Ingeniería En Sistemas De Información","Facultad Regional Mar Del Plata","Mar Del Plata","Buenos Aires","2026-05-26",\N,"1"
"2006","2006","C2","Noche","C13","35","Qui1001","Química General","30","15","30","1","Ignacio Ramón","Ibáñez","Magíster En Seguridad Informática","Adjunto","Semi-Exclusiva","Ingeniería En Sistemas De Información","Facultad Regional Mar Del Plata","Mar Del Plata","Buenos Aires","2026-05-26",\N,"1"
"2007","2007","C1","Tarde","B10","60","Mat2001","Análisis Matemático Ii","60","30","0","2","Claudia Verónica","Morales","Ingeniera Industrial","Adjunto","Simple","Ingeniería Industrial","Facultad Regional Mar Del Plata","Mar Del Plata","Buenos Aires","2026-05-26",\N,"1"
"2008","2008","C2","Noche","L14","40","Mat2001","Análisis Matemático Ii","60","30","0","2","Mónica Patricia","Serrano","Doctora En Química Industrial","Asociado","Semi-Exclusiva","Ingeniería Química","Facultad Regional Mar Del Plata","Mar Del Plata","Buenos Aires","2026-05-26",\N,"1"
"2009","2009","C1","Tarde","C01","60","Mat2001","Análisis Matemático Ii","60","30","0","2","Luciana Paola","Moreno","Ingeniera Química","Adjunto","Simple","Ingeniería Química","Facultad Regional Mar Del Plata","Mar Del Plata","Buenos Aires","2026-05-26",\N,"1"
"2010","2010","C2","Noche","L05","40","Mat2001","Análisis Matemático Ii","60","30","0","2","Diego Marcelo","Torres","Ingeniero Mecánico","Adjunto","Simple","Ingeniería Mecánica","Facultad Regional Mar Del Plata","Mar Del Plata","Buenos Aires","2026-05-26",\N,"1"
"2011","2011","C1","Tarde","A18","60","Mat2002","Probabilidad Y Estadística","45","30","0","2","Rodrigo Matías","Campos","Ingeniero En Sistemas","Adjunto","Simple","Ingeniería En Sistemas De Información","Facultad Regional Mar Del Plata","Mar Del Plata","Buenos Aires","2026-05-26",\N,"1"
"2012","2012","C2","Tarde","A13","80","Mat2002","Probabilidad Y Estadística","45","30","0","2","Eduardo Martín","Vargas","Ingeniero En Sistemas","Adjunto","Simple","Ingeniería En Sistemas De Información","Facultad Regional Mar Del Plata","Mar Del Plata","Buenos Aires","2026-05-26",\N,"1"
"2013","2013","C1","Tarde","D06","30","Mat2002","Probabilidad Y Estadística","45","30","0","2","Carlos Alberto","García","Ingeniero En Sistemas","Titular","Exclusiva","Ingeniería En Sistemas De Información","Facultad Regional Mar Del Plata","Mar Del Plata","Buenos Aires","2026-05-26",\N,"1"
"2014","2014","C2","Noche","A09","80","Mat2002","Probabilidad Y Estadística","45","30","0","2","Sofía Valentina","Vega","Magíster En Ciencias De La Computación","Adjunto","Semi-Exclusiva","Ingeniería En Sistemas De Información","Facultad Regional Mar Del Plata","Mar Del Plata","Buenos Aires","2026-05-26",\N,"1"
"2015","2015","C2","Noche","L11","60","Mat3001","Análisis Matemático Iii","45","30","0","3","Cristian Ariel","Ortega","Ingeniero Mecánico","Adjunto","Simple","Ingeniería Mecánica","Facultad Regional Mar Del Plata","Mar Del Plata","Buenos Aires","2026-05-26",\N,"1"
"2016","2016","C1","Noche","B08","45","Mat3001","Análisis Matemático Iii","45","30","0","3","Alejandro José","Núñez","Ingeniero Electrónico","Adjunto","Simple","Ingeniería Electrónica","Facultad Regional Mar Del Plata","Mar Del Plata","Buenos Aires","2026-05-26",\N,"1"
"2017","2017","C2","Tarde","L08","50","Inf3004","Paradigmas De Programación","45","15","15","3","Nicolás Emilio","Suárez","Magíster En Redes","Adjunto","Semi-Exclusiva","Ingeniería En Sistemas De Información","Facultad Regional Mar Del Plata","Mar Del Plata","Buenos Aires","2026-05-26",\N,"1"
"2018","2018","C2","Mañana","D18","35","Inf3004","Paradigmas De Programación","45","15","15","3","Luciana Paola","Moreno","Ingeniera Química","Adjunto","Simple","Ingeniería Química","Facultad Regional Mar Del Plata","Mar Del Plata","Buenos Aires","2026-05-26",\N,"1"
"2019","2019","C1","Tarde","B17","60","Civ1001","Topografía","30","15","30","1","Sandra Mabel","Fuentes","Magíster En Sistemas Embebidos","Adjunto","Semi-Exclusiva","Ingeniería Electrónica","Facultad Regional Mar Del Plata","Mar Del Plata","Buenos Aires","2026-05-26",\N,"1"
"2020","2020","C2","Tarde","B02","45","Civ1001","Topografía","30","15","30","1","Carlos Alberto","García","Ingeniero En Sistemas","Titular","Exclusiva","Ingeniería En Sistemas De Información","Facultad Regional Mar Del Plata","Mar Del Plata","Buenos Aires","2026-05-26",\N,"1"
"2021","2021","C1","Mañana","D15","30","Civ1001","Topografía","30","15","30","1","Facundo Ezequiel","Jiménez","Magíster En Ciencias De La Computación","Adjunto","Semi-Exclusiva","Ingeniería En Sistemas De Información","Facultad Regional Mar Del Plata","Mar Del Plata","Buenos Aires","2026-05-26",\N,"1"
"2022","2022","C2","Noche","B16","30","Civ1001","Topografía","30","15","30","1","Roberto Augusto","López","Ingeniero Civil","Asociado","Semi-Exclusiva","Ingeniería Civil","Facultad Regional Mar Del Plata","Mar Del Plata","Buenos Aires","2026-05-26",\N,"1"
"2023","2023","C1","Tarde","C01","35","Civ2001","Mecánica De Suelos","30","15","30","2","Pilar Estela","Molina","Ingeniera Civil","Adjunto","Simple","Ingeniería Civil","Facultad Regional Mar Del Plata","Mar Del Plata","Buenos Aires","2026-05-26",\N,"1"
"2024","2024","C2","Noche","D07","50","Civ2001","Mecánica De Suelos","30","15","30","2","Sebastián Nicolás","Álvarez","Magíster En Gestión De Proyectos","Adjunto","Semi-Exclusiva","Ingeniería Industrial","Facultad Regional Mar Del Plata","Mar Del Plata","Buenos Aires","2026-05-26",\N,"1"
"2025","2025","C1","Noche","B19","30","Civ2001","Mecánica De Suelos","30","15","30","2","Marcelo Adrián","Gutiérrez","Magíster En Inteligencia Artificial","Adjunto","Semi-Exclusiva","Ingeniería En Sistemas De Información","Facultad Regional Mar Del Plata","Mar Del Plata","Buenos Aires","2026-05-26",\N,"1"
"2026","2026","C2","Noche","B15","50","Civ2001","Mecánica De Suelos","30","15","30","2","Sandra Mabel","Fuentes","Magíster En Sistemas Embebidos","Adjunto","Semi-Exclusiva","Ingeniería Electrónica","Facultad Regional Mar Del Plata","Mar Del Plata","Buenos Aires","2026-05-26",\N,"1"
"2027","2027","C2","Mañana","C02","35","Civ3001","Estructuras","45","30","15","3","Marcelo Adrián","Gutiérrez","Magíster En Inteligencia Artificial","Adjunto","Semi-Exclusiva","Ingeniería En Sistemas De Información","Facultad Regional Mar Del Plata","Mar Del Plata","Buenos Aires","2026-05-26",\N,"1"
"2028","2028","C2","Noche","C15","45","Civ3001","Estructuras","45","30","15","3","Carlos Alberto","García","Ingeniero En Sistemas","Titular","Exclusiva","Ingeniería En Sistemas De Información","Facultad Regional Mar Del Plata","Mar Del Plata","Buenos Aires","2026-05-26",\N,"1"
"2029","2029","C1","Noche","L14","30","Civ4001","Hidráulica","30","15","30","4","Diego Marcelo","Torres","Ingeniero Mecánico","Adjunto","Simple","Ingeniería Mecánica","Facultad Regional Mar Del Plata","Mar Del Plata","Buenos Aires","2026-05-26",\N,"1"
"2030","2030","C2","Noche","B10","50","Civ4001","Hidráulica","30","15","30","4","Eduardo Martín","Vargas","Ingeniero En Sistemas","Adjunto","Simple","Ingeniería En Sistemas De Información","Facultad Regional Mar Del Plata","Mar Del Plata","Buenos Aires","2026-05-26",\N,"1"
"2031","2031","C1","Noche","C17","40","Civ4001","Hidráulica","30","15","30","4","Mariana Soledad","Pereira","Magíster En Matemática","Adjunto","Semi-Exclusiva","Ciencias Básicas","Facultad Regional Mar Del Plata","Mar Del Plata","Buenos Aires","2026-05-26",\N,"1"
"2032","2032","C1","Tarde","L11","50","Inf2003","Programación Concurrente","30","15","30","2","Luciana Paola","Moreno","Ingeniera Química","Adjunto","Simple","Ingeniería Química","Facultad Regional Buenos Aires","Buenos Aires","Buenos Aires","2026-05-26",\N,"1"
"2033","2033","C2","Noche","L19","80","Inf2003","Programación Concurrente","30","15","30","2","Sebastián Nicolás","Álvarez","Magíster En Gestión De Proyectos","Adjunto","Semi-Exclusiva","Ingeniería Industrial","Facultad Regional Buenos Aires","Buenos Aires","Buenos Aires","2026-05-26",\N,"1"
"2034","2034","C1","Noche","C11","40","Inf2003","Programación Concurrente","30","15","30","2","Claudia Verónica","Morales","Ingeniera Industrial","Adjunto","Simple","Ingeniería Industrial","Facultad Regional Buenos Aires","Buenos Aires","Buenos Aires","2026-05-26",\N,"1"
"2035","2035","C2","Noche","B07","80","Inf2003","Programación Concurrente","30","15","30","2","Pilar Estela","Molina","Ingeniera Civil","Adjunto","Simple","Ingeniería Civil","Facultad Regional Buenos Aires","Buenos Aires","Buenos Aires","2026-05-26",\N,"1"
"2036","2036","C1","Tarde","A17","35","Inf1001","Algoritmos Y Estructuras De Datos","30","15","30","1","Facundo Ezequiel","Jiménez","Magíster En Ciencias De La Computación","Adjunto","Semi-Exclusiva","Ingeniería En Sistemas De Información","Facultad Regional Córdoba","Córdoba","Córdoba","2026-05-26",\N,"1"
"2037","2037","C2","Noche","B08","30","Inf1001","Algoritmos Y Estructuras De Datos","30","15","30","1","Natalia Belén","Castro","Magíster En Telecomunicaciones","Adjunto","Semi-Exclusiva","Ingeniería Electrónica","Facultad Regional Córdoba","Córdoba","Córdoba","2026-05-26",\N,"1"
"2038","2038","C1","Noche","L05","45","Inf1001","Algoritmos Y Estructuras De Datos","30","15","30","1","Pablo Sebastián","Ruiz","Doctor En Ingeniería","Titular","Exclusiva","Ingeniería Civil","Facultad Regional Córdoba","Córdoba","Córdoba","2026-05-26",\N,"1"
"2039","2039","C2","Noche","C05","45","Inf1001","Algoritmos Y Estructuras De Datos","30","15","30","1","Nicolás Emilio","Suárez","Magíster En Redes","Adjunto","Semi-Exclusiva","Ingeniería En Sistemas De Información","Facultad Regional Córdoba","Córdoba","Córdoba","2026-05-26",\N,"1"
"2040","2040","C1","Noche","D11","50","Fis2001","Física Ii","45","30","15","2","Diego Marcelo","Torres","Ingeniero Mecánico","Adjunto","Simple","Ingeniería Mecánica","Facultad Regional Córdoba","Córdoba","Córdoba","2026-05-26",\N,"1"
"2041","2041","C2","Noche","C16","35","Fis2001","Física Ii","45","30","15","2","Claudia Verónica","Morales","Ingeniera Industrial","Adjunto","Simple","Ingeniería Industrial","Facultad Regional Córdoba","Córdoba","Córdoba","2026-05-26",\N,"1"
"2042","2042","C1","Tarde","L08","60","Fis2001","Física Ii","45","30","15","2","Pilar Estela","Molina","Ingeniera Civil","Adjunto","Simple","Ingeniería Civil","Facultad Regional Córdoba","Córdoba","Córdoba","2026-05-26",\N,"1"
"2043","2043","C2","Noche","B04","30","Fis2001","Física Ii","45","30","15","2","Florencia Daniela","Cabrera","Doctora En Ingeniería","Asociado","Semi-Exclusiva","Ingeniería Civil","Facultad Regional Córdoba","Córdoba","Córdoba","2026-05-26",\N,"1"
"2044","2044","C1","Noche","D19","45","Inf2001","Programación Orientada A Objetos","30","15","30","2","Carolina Florencia","Díaz","Ingeniera Civil","Adjunto","Simple","Ingeniería Civil","Facultad Regional Córdoba","Córdoba","Córdoba","2026-05-26",\N,"1"
"2045","2045","C2","Mañana","C07","80","Inf2001","Programación Orientada A Objetos","30","15","30","2","Mariana Soledad","Pereira","Magíster En Matemática","Adjunto","Semi-Exclusiva","Ciencias Básicas","Facultad Regional Córdoba","Córdoba","Córdoba","2026-05-26",\N,"1"
"2046","2046","C1","Noche","D14","40","Inf2001","Programación Orientada A Objetos","30","15","30","2","Verónica Adriana","Rojas","Doctora En Ciencias De La Computación","Titular","Exclusiva","Ingeniería En Sistemas De Información","Facultad Regional Córdoba","Córdoba","Córdoba","2026-05-26",\N,"1"
"2047","2047","C2","Tarde","A16","80","Inf2001","Programación Orientada A Objetos","30","15","30","2","Fernando Daniel","Reyes","Doctor En Física","Asociado","Semi-Exclusiva","Ciencias Básicas","Facultad Regional Córdoba","Córdoba","Córdoba","2026-05-26",\N,"1"
"2048","2048","C1","Tarde","L19","35","Inf2002","Arquitectura De Computadoras","45","15","15","2","Natalia Belén","Castro","Magíster En Telecomunicaciones","Adjunto","Semi-Exclusiva","Ingeniería Electrónica","Facultad Regional Córdoba","Córdoba","Córdoba","2026-05-26",\N,"1"
"2049","2049","C2","Noche","L10","50","Inf2002","Arquitectura De Computadoras","45","15","15","2","María Elena","Rodríguez","Doctora En Ciencias De La Computación","Titular","Exclusiva","Ingeniería En Sistemas De Información","Facultad Regional Córdoba","Córdoba","Córdoba","2026-05-26",\N,"1"
"2050","2050","C1","Noche","C11","40","Inf2002","Arquitectura De Computadoras","45","15","15","2","Natalia Belén","Castro","Magíster En Telecomunicaciones","Adjunto","Semi-Exclusiva","Ingeniería Electrónica","Facultad Regional Córdoba","Córdoba","Córdoba","2026-05-26",\N,"1"
"2051","2051","C2","Tarde","L11","80","Inf2002","Arquitectura De Computadoras","45","15","15","2","Susana Graciela","Ríos","Ingeniera Industrial","Adjunto","Simple","Ingeniería Industrial","Facultad Regional Córdoba","Córdoba","Córdoba","2026-05-26",\N,"1"
"2052","2052","C2","Noche","C19","60","Inf3001","Base De Datos","30","15","30","3","Florencia Daniela","Cabrera","Doctora En Ingeniería","Asociado","Semi-Exclusiva","Ingeniería Civil","Facultad Regional Córdoba","Córdoba","Córdoba","2026-05-26",\N,"1"
"2053","2053","C2","Tarde","A16","80","Inf3001","Base De Datos","30","15","30","3","Pilar Estela","Molina","Ingeniera Civil","Adjunto","Simple","Ingeniería Civil","Facultad Regional Córdoba","Córdoba","Córdoba","2026-05-26",\N,"1"
"2054","2054","C1","Tarde","D08","60","Inf3002","Ingeniería De Software I","45","15","15","3","María Elena","Rodríguez","Doctora En Ciencias De La Computación","Titular","Exclusiva","Ingeniería En Sistemas De Información","Facultad Regional Córdoba","Córdoba","Córdoba","2026-05-26",\N,"1"
"2055","2055","C2","Noche","D01","40","Inf3002","Ingeniería De Software I","45","15","15","3","Fernando Daniel","Reyes","Doctor En Física","Asociado","Semi-Exclusiva","Ciencias Básicas","Facultad Regional Córdoba","Córdoba","Córdoba","2026-05-26",\N,"1"
"2056","2056","C2","Tarde","D03","60","Inf3003","Sistemas Operativos","30","15","30","3","Alejandro José","Núñez","Ingeniero Electrónico","Adjunto","Simple","Ingeniería Electrónica","Facultad Regional Córdoba","Córdoba","Córdoba","2026-05-26",\N,"1"
"2057","2057","C1","Tarde","A11","45","Inf3003","Sistemas Operativos","30","15","30","3","Jorge Osvaldo","Sánchez","Magíster En Ingeniería Industrial","Titular","Semi-Exclusiva","Ingeniería Industrial","Facultad Regional Córdoba","Córdoba","Córdoba","2026-05-26",\N,"1"
"2058","2058","C1","Noche","B07","35","Inf3005","Redes De Computadoras","30","15","30","3","María Elena","Rodríguez","Doctora En Ciencias De La Computación","Titular","Exclusiva","Ingeniería En Sistemas De Información","Facultad Regional Córdoba","Córdoba","Córdoba","2026-05-26",\N,"1"
"2059","2059","C2","Tarde","L01","45","Inf3005","Redes De Computadoras","30","15","30","3","Florencia Daniela","Cabrera","Doctora En Ingeniería","Asociado","Semi-Exclusiva","Ingeniería Civil","Facultad Regional Córdoba","Córdoba","Córdoba","2026-05-26",\N,"1"
"2060","2060","C1","Noche","A05","35","Inf3005","Redes De Computadoras","30","15","30","3","Mónica Patricia","Serrano","Doctora En Química Industrial","Asociado","Semi-Exclusiva","Ingeniería Química","Facultad Regional Córdoba","Córdoba","Córdoba","2026-05-26",\N,"1"
"2061","2061","C1","Mañana","A10","50","Inf4001","Ingeniería De Software Ii","45","15","15","4","Alejandra Cecilia","Romero","Doctora En Ingeniería Industrial","Asociado","Semi-Exclusiva","Ingeniería Industrial","Facultad Regional Córdoba","Córdoba","Córdoba","2026-05-26",\N,"1"
"2062","2062","C2","Noche","C13","45","Inf4001","Ingeniería De Software Ii","45","15","15","4","Nicolás Emilio","Suárez","Magíster En Redes","Adjunto","Semi-Exclusiva","Ingeniería En Sistemas De Información","Facultad Regional Córdoba","Córdoba","Córdoba","2026-05-26",\N,"1"
"2063","2063","C1","Noche","C05","50","Inf4002","Inteligencia Artificial","30","15","30","4","María Elena","Rodríguez","Doctora En Ciencias De La Computación","Titular","Exclusiva","Ingeniería En Sistemas De Información","Facultad Regional Córdoba","Córdoba","Córdoba","2026-05-26",\N,"1"
"2064","2064","C1","Mañana","D04","40","Inf4002","Inteligencia Artificial","30","15","30","4","María Elena","Rodríguez","Doctora En Ciencias De La Computación","Titular","Exclusiva","Ingeniería En Sistemas De Información","Facultad Regional Córdoba","Córdoba","Córdoba","2026-05-26",\N,"1"
"2065","2065","C2","Mañana","L16","60","Inf4002","Inteligencia Artificial","30","15","30","4","Luciana Paola","Moreno","Ingeniera Química","Adjunto","Simple","Ingeniería Química","Facultad Regional Córdoba","Córdoba","Córdoba","2026-05-26",\N,"1"
"2066","2066","C1","Tarde","D15","40","Inf4003","Gestión De Proyectos","45","15","0","4","Silvina Beatriz","Fernández","Ingeniera Electrónica","Adjunto","Semi-Exclusiva","Ingeniería Electrónica","Facultad Regional Córdoba","Córdoba","Córdoba","2026-05-26",\N,"1"
"2067","2067","C1","Noche","L02","35","Inf4003","Gestión De Proyectos","45","15","0","4","Carolina Florencia","Díaz","Ingeniera Civil","Adjunto","Simple","Ingeniería Civil","Facultad Regional Córdoba","Córdoba","Córdoba","2026-05-26",\N,"1"
"2068","2068","C1","Mañana","A06","60","Inf4004","Seguridad Informática","30","15","30","4","Pilar Estela","Molina","Ingeniera Civil","Adjunto","Simple","Ingeniería Civil","Facultad Regional Córdoba","Córdoba","Córdoba","2026-05-26",\N,"1"
"2069","2069","C1","Noche","B15","80","Inf4004","Seguridad Informática","30","15","30","4","Ignacio Ramón","Ibáñez","Magíster En Seguridad Informática","Adjunto","Semi-Exclusiva","Ingeniería En Sistemas De Información","Facultad Regional Córdoba","Córdoba","Córdoba","2026-05-26",\N,"1"
"2070","2070","C2","Tarde","B18","35","Inf4005","Diseño De Sistemas","45","15","15","4","Susana Graciela","Ríos","Ingeniera Industrial","Adjunto","Simple","Ingeniería Industrial","Facultad Regional Córdoba","Córdoba","Córdoba","2026-05-26",\N,"1"
"2071","2071","C2","Noche","C18","60","Inf4005","Diseño De Sistemas","45","15","15","4","Sofía Valentina","Vega","Magíster En Ciencias De La Computación","Adjunto","Semi-Exclusiva","Ingeniería En Sistemas De Información","Facultad Regional Córdoba","Córdoba","Córdoba","2026-05-26",\N,"1"
"2072","2072","C2","Noche","C15","35","Inf5001","Proyecto Final","15","0","60","5","Verónica Adriana","Rojas","Doctora En Ciencias De La Computación","Titular","Exclusiva","Ingeniería En Sistemas De Información","Facultad Regional Córdoba","Córdoba","Córdoba","2026-05-26",\N,"1"
"2073","2073","C1","Noche","C11","35","Inf5001","Proyecto Final","15","0","60","5","Patricia Andrea","Ramírez","Doctora En Química","Titular","Exclusiva","Ingeniería Química","Facultad Regional Córdoba","Córdoba","Córdoba","2026-05-26",\N,"1"
"2074","2074","C1","Tarde","B20","35","Inf2003","Programación Concurrente","30","15","30","2","María Elena","Rodríguez","Doctora En Ciencias De La Computación","Titular","Exclusiva","Ingeniería En Sistemas De Información","Facultad Regional Córdoba","Córdoba","Córdoba","2026-05-26",\N,"1"
"2075","2075","C2","Noche","C03","50","Inf2003","Programación Concurrente","30","15","30","2","Patricia Andrea","Ramírez","Doctora En Química","Titular","Exclusiva","Ingeniería Química","Facultad Regional Córdoba","Córdoba","Córdoba","2026-05-26",\N,"1"
"2076","2076","C1","Tarde","L16","35","Inf2003","Programación Concurrente","30","15","30","2","Rodrigo Matías","Campos","Ingeniero En Sistemas","Adjunto","Simple","Ingeniería En Sistemas De Información","Facultad Regional Córdoba","Córdoba","Córdoba","2026-05-26",\N,"1"
"2077","2077","C2","Tarde","C10","40","Inf2003","Programación Concurrente","30","15","30","2","Sofía Valentina","Vega","Magíster En Ciencias De La Computación","Adjunto","Semi-Exclusiva","Ingeniería En Sistemas De Información","Facultad Regional Córdoba","Córdoba","Córdoba","2026-05-26",\N,"1"
"2078","2078","C1","Noche","C17","30","Inf4006","Aprendizaje Automático","30","15","30","4","Alejandro José","Núñez","Ingeniero Electrónico","Adjunto","Simple","Ingeniería Electrónica","Facultad Regional Córdoba","Córdoba","Córdoba","2026-05-26",\N,"1"
"2079","2079","C2","Noche","C03","30","Inf4006","Aprendizaje Automático","30","15","30","4","Natalia Belén","Castro","Magíster En Telecomunicaciones","Adjunto","Semi-Exclusiva","Ingeniería Electrónica","Facultad Regional Córdoba","Córdoba","Córdoba","2026-05-26",\N,"1"
"2080","2080","C1","Noche","C02","30","Inf4006","Aprendizaje Automático","30","15","30","4","Marcelo Adrián","Gutiérrez","Magíster En Inteligencia Artificial","Adjunto","Semi-Exclusiva","Ingeniería En Sistemas De Información","Facultad Regional Córdoba","Córdoba","Córdoba","2026-05-26",\N,"1"
"2081","2081","C1","Noche","L20","60","Inf4007","Desarrollo De Aplicaciones Web","30","15","30","4","Luciana Paola","Moreno","Ingeniera Química","Adjunto","Simple","Ingeniería Química","Facultad Regional Córdoba","Córdoba","Córdoba","2026-05-26",\N,"1"
"2082","2082","C1","Noche","D01","30","Inf4007","Desarrollo De Aplicaciones Web","30","15","30","4","Gabriela Inés","Flores","Magíster En Sistemas De Información","Asociado","Semi-Exclusiva","Ingeniería En Sistemas De Información","Facultad Regional Córdoba","Córdoba","Córdoba","2026-05-26",\N,"1"
"2083","2083","C1","Noche","D09","45","Inf1001","Algoritmos Y Estructuras De Datos","30","15","30","1","Eduardo Martín","Vargas","Ingeniero En Sistemas","Adjunto","Simple","Ingeniería En Sistemas De Información","Facultad Regional La Plata","La Plata","Buenos Aires","2026-05-26",\N,"1"
"2084","2084","C2","Noche","C13","35","Inf1001","Algoritmos Y Estructuras De Datos","30","15","30","1","Susana Graciela","Ríos","Ingeniera Industrial","Adjunto","Simple","Ingeniería Industrial","Facultad Regional La Plata","La Plata","Buenos Aires","2026-05-26",\N,"1"
"2085","2085","C1","Noche","A04","45","Inf1001","Algoritmos Y Estructuras De Datos","30","15","30","1","Sofía Valentina","Vega","Magíster En Ciencias De La Computación","Adjunto","Semi-Exclusiva","Ingeniería En Sistemas De Información","Facultad Regional La Plata","La Plata","Buenos Aires","2026-05-26",\N,"1"
"2086","2086","C2","Tarde","A17","30","Inf1001","Algoritmos Y Estructuras De Datos","30","15","30","1","Sebastián Nicolás","Álvarez","Magíster En Gestión De Proyectos","Adjunto","Semi-Exclusiva","Ingeniería Industrial","Facultad Regional La Plata","La Plata","Buenos Aires","2026-05-26",\N,"1"
"2087","2087","C1","Tarde","A02","60","Fis2001","Física Ii","45","30","15","2","Silvina Beatriz","Fernández","Ingeniera Electrónica","Adjunto","Semi-Exclusiva","Ingeniería Electrónica","Facultad Regional La Plata","La Plata","Buenos Aires","2026-05-26",\N,"1"
"2088","2088","C2","Noche","B17","60","Fis2001","Física Ii","45","30","15","2","Jorge Osvaldo","Sánchez","Magíster En Ingeniería Industrial","Titular","Semi-Exclusiva","Ingeniería Industrial","Facultad Regional La Plata","La Plata","Buenos Aires","2026-05-26",\N,"1"
"2089","2089","C1","Noche","D20","50","Fis2001","Física Ii","45","30","15","2","Leandro Damián","Acosta","Doctor En Ingeniería Civil","Titular","Exclusiva","Ingeniería Civil","Facultad Regional La Plata","La Plata","Buenos Aires","2026-05-26",\N,"1"
"2090","2090","C2","Mañana","D03","50","Fis2001","Física Ii","45","30","15","2","Ana Paula","Martínez","Magíster En Matemática Aplicada","Adjunto","Simple","Ciencias Básicas","Facultad Regional La Plata","La Plata","Buenos Aires","2026-05-26",\N,"1"
"2091","2091","C1","Tarde","L18","40","Inf2001","Programación Orientada A Objetos","30","15","30","2","Leandro Damián","Acosta","Doctor En Ingeniería Civil","Titular","Exclusiva","Ingeniería Civil","Facultad Regional La Plata","La Plata","Buenos Aires","2026-05-26",\N,"1"
"2092","2092","C2","Noche","C01","50","Inf2001","Programación Orientada A Objetos","30","15","30","2","Alejandro José","Núñez","Ingeniero Electrónico","Adjunto","Simple","Ingeniería Electrónica","Facultad Regional La Plata","La Plata","Buenos Aires","2026-05-26",\N,"1"
"2093","2093","C1","Noche","D01","40","Inf2001","Programación Orientada A Objetos","30","15","30","2","Claudia Verónica","Morales","Ingeniera Industrial","Adjunto","Simple","Ingeniería Industrial","Facultad Regional La Plata","La Plata","Buenos Aires","2026-05-26",\N,"1"
"2094","2094","C2","Noche","D11","80","Inf2001","Programación Orientada A Objetos","30","15","30","2","Ignacio Ramón","Ibáñez","Magíster En Seguridad Informática","Adjunto","Semi-Exclusiva","Ingeniería En Sistemas De Información","Facultad Regional La Plata","La Plata","Buenos Aires","2026-05-26",\N,"1"
"2095","2095","C1","Noche","D05","45","Inf2002","Arquitectura De Computadoras","45","15","15","2","Ignacio Ramón","Ibáñez","Magíster En Seguridad Informática","Adjunto","Semi-Exclusiva","Ingeniería En Sistemas De Información","Facultad Regional La Plata","La Plata","Buenos Aires","2026-05-26",\N,"1"
"2096","2096","C2","Mañana","D18","60","Inf2002","Arquitectura De Computadoras","45","15","15","2","Valeria Soledad","Herrera","Ingeniera Electrónica","Adjunto","Simple","Ingeniería Electrónica","Facultad Regional La Plata","La Plata","Buenos Aires","2026-05-26",\N,"1"
"2097","2097","C1","Noche","B06","45","Inf2002","Arquitectura De Computadoras","45","15","15","2","María Elena","Rodríguez","Doctora En Ciencias De La Computación","Titular","Exclusiva","Ingeniería En Sistemas De Información","Facultad Regional La Plata","La Plata","Buenos Aires","2026-05-26",\N,"1"
"2098","2098","C2","Noche","A09","35","Inf2002","Arquitectura De Computadoras","45","15","15","2","Carolina Florencia","Díaz","Ingeniera Civil","Adjunto","Simple","Ingeniería Civil","Facultad Regional La Plata","La Plata","Buenos Aires","2026-05-26",\N,"1"
"2099","2099","C1","Tarde","C20","30","Inf3001","Base De Datos","30","15","30","3","Sebastián Nicolás","Álvarez","Magíster En Gestión De Proyectos","Adjunto","Semi-Exclusiva","Ingeniería Industrial","Facultad Regional La Plata","La Plata","Buenos Aires","2026-05-26",\N,"1"
"2100","2100","C2","Noche","A14","30","Inf3001","Base De Datos","30","15","30","3","Carolina Florencia","Díaz","Ingeniera Civil","Adjunto","Simple","Ingeniería Civil","Facultad Regional La Plata","La Plata","Buenos Aires","2026-05-26",\N,"1"
"2101","2101","C2","Noche","B19","60","Inf3002","Ingeniería De Software I","45","15","15","3","Claudia Verónica","Morales","Ingeniera Industrial","Adjunto","Simple","Ingeniería Industrial","Facultad Regional La Plata","La Plata","Buenos Aires","2026-05-26",\N,"1"
"2102","2102","C1","Noche","L20","60","Inf3002","Ingeniería De Software I","45","15","15","3","Nicolás Emilio","Suárez","Magíster En Redes","Adjunto","Semi-Exclusiva","Ingeniería En Sistemas De Información","Facultad Regional La Plata","La Plata","Buenos Aires","2026-05-26",\N,"1"
"2103","2103","C2","Tarde","B12","50","Inf3003","Sistemas Operativos","30","15","30","3","Mariela Noelia","Ponce","Doctora En Ciencias Básicas","Titular","Exclusiva","Ciencias Básicas","Facultad Regional La Plata","La Plata","Buenos Aires","2026-05-26",\N,"1"
"2104","2104","C2","Noche","D02","80","Inf3003","Sistemas Operativos","30","15","30","3","Roberto Augusto","López","Ingeniero Civil","Asociado","Semi-Exclusiva","Ingeniería Civil","Facultad Regional La Plata","La Plata","Buenos Aires","2026-05-26",\N,"1"
"2105","2105","C1","Noche","C09","50","Inf3005","Redes De Computadoras","30","15","30","3","Marcelo Adrián","Gutiérrez","Magíster En Inteligencia Artificial","Adjunto","Semi-Exclusiva","Ingeniería En Sistemas De Información","Facultad Regional La Plata","La Plata","Buenos Aires","2026-05-26",\N,"1"
"2106","2106","C1","Noche","D02","45","Inf3005","Redes De Computadoras","30","15","30","3","Valeria Soledad","Herrera","Ingeniera Electrónica","Adjunto","Simple","Ingeniería Electrónica","Facultad Regional La Plata","La Plata","Buenos Aires","2026-05-26",\N,"1"
"2107","2107","C2","Tarde","D06","40","Inf3005","Redes De Computadoras","30","15","30","3","Luciana Paola","Moreno","Ingeniera Química","Adjunto","Simple","Ingeniería Química","Facultad Regional La Plata","La Plata","Buenos Aires","2026-05-26",\N,"1"
"2108","2108","C1","Noche","B15","50","Inf4001","Ingeniería De Software Ii","45","15","15","4","Mariana Soledad","Pereira","Magíster En Matemática","Adjunto","Semi-Exclusiva","Ciencias Básicas","Facultad Regional La Plata","La Plata","Buenos Aires","2026-05-26",\N,"1"
"2109","2109","C1","Tarde","L05","35","Inf4001","Ingeniería De Software Ii","45","15","15","4","Valeria Soledad","Herrera","Ingeniera Electrónica","Adjunto","Simple","Ingeniería Electrónica","Facultad Regional La Plata","La Plata","Buenos Aires","2026-05-26",\N,"1"
"2110","2110","C2","Mañana","B02","80","Inf4002","Inteligencia Artificial","30","15","30","4","Valeria Soledad","Herrera","Ingeniera Electrónica","Adjunto","Simple","Ingeniería Electrónica","Facultad Regional La Plata","La Plata","Buenos Aires","2026-05-26",\N,"1"
"2111","2111","C1","Tarde","D12","45","Inf4002","Inteligencia Artificial","30","15","30","4","Patricia Andrea","Ramírez","Doctora En Química","Titular","Exclusiva","Ingeniería Química","Facultad Regional La Plata","La Plata","Buenos Aires","2026-05-26",\N,"1"
"2112","2112","C2","Noche","A16","45","Inf4002","Inteligencia Artificial","30","15","30","4","Verónica Adriana","Rojas","Doctora En Ciencias De La Computación","Titular","Exclusiva","Ingeniería En Sistemas De Información","Facultad Regional La Plata","La Plata","Buenos Aires","2026-05-26",\N,"1"
"2113","2113","C2","Noche","L01","30","Inf4003","Gestión De Proyectos","45","15","0","4","Gustavo Raúl","Medina","Doctor En Matemática","Titular","Exclusiva","Ciencias Básicas","Facultad Regional La Plata","La Plata","Buenos Aires","2026-05-26",\N,"1"
"2114","2114","C2","Tarde","B13","40","Inf4003","Gestión De Proyectos","45","15","0","4","Sofía Valentina","Vega","Magíster En Ciencias De La Computación","Adjunto","Semi-Exclusiva","Ingeniería En Sistemas De Información","Facultad Regional La Plata","La Plata","Buenos Aires","2026-05-26",\N,"1"
"2115","2115","C2","Noche","A11","40","Inf4004","Seguridad Informática","30","15","30","4","Fernando Daniel","Reyes","Doctor En Física","Asociado","Semi-Exclusiva","Ciencias Básicas","Facultad Regional La Plata","La Plata","Buenos Aires","2026-05-26",\N,"1"
"2116","2116","C1","Noche","B04","35","Inf4004","Seguridad Informática","30","15","30","4","Carolina Florencia","Díaz","Ingeniera Civil","Adjunto","Simple","Ingeniería Civil","Facultad Regional La Plata","La Plata","Buenos Aires","2026-05-26",\N,"1"
"2117","2117","C1","Noche","C15","60","Inf4005","Diseño De Sistemas","45","15","15","4","Jorge Osvaldo","Sánchez","Magíster En Ingeniería Industrial","Titular","Semi-Exclusiva","Ingeniería Industrial","Facultad Regional La Plata","La Plata","Buenos Aires","2026-05-26",\N,"1"
"2118","2118","C2","Mañana","L15","45","Inf4005","Diseño De Sistemas","45","15","15","4","Florencia Daniela","Cabrera","Doctora En Ingeniería","Asociado","Semi-Exclusiva","Ingeniería Civil","Facultad Regional La Plata","La Plata","Buenos Aires","2026-05-26",\N,"1"
"2119","2119","C2","Tarde","D20","50","Inf5001","Proyecto Final","15","0","60","5","Eduardo Martín","Vargas","Ingeniero En Sistemas","Adjunto","Simple","Ingeniería En Sistemas De Información","Facultad Regional La Plata","La Plata","Buenos Aires","2026-05-26",\N,"1"
"2120","2120","C1","Noche","C19","50","Inf5001","Proyecto Final","15","0","60","5","Carolina Florencia","Díaz","Ingeniera Civil","Adjunto","Simple","Ingeniería Civil","Facultad Regional La Plata","La Plata","Buenos Aires","2026-05-26",\N,"1"
"2121","2121","C1","Noche","D16","40","Inf2003","Programación Concurrente","30","15","30","2","Luis Alberto","Vera","Ingeniero Industrial","Adjunto","Simple","Ingeniería Industrial","Facultad Regional La Plata","La Plata","Buenos Aires","2026-05-26",\N,"1"
"2122","2122","C2","Tarde","L12","50","Inf2003","Programación Concurrente","30","15","30","2","Ignacio Ramón","Ibáñez","Magíster En Seguridad Informática","Adjunto","Semi-Exclusiva","Ingeniería En Sistemas De Información","Facultad Regional La Plata","La Plata","Buenos Aires","2026-05-26",\N,"1"
"2123","2123","C1","Tarde","B06","30","Inf2003","Programación Concurrente","30","15","30","2","Silvina Beatriz","Fernández","Ingeniera Electrónica","Adjunto","Semi-Exclusiva","Ingeniería Electrónica","Facultad Regional La Plata","La Plata","Buenos Aires","2026-05-26",\N,"1"
"2124","2124","C2","Noche","A14","40","Inf2003","Programación Concurrente","30","15","30","2","Sebastián Nicolás","Álvarez","Magíster En Gestión De Proyectos","Adjunto","Semi-Exclusiva","Ingeniería Industrial","Facultad Regional La Plata","La Plata","Buenos Aires","2026-05-26",\N,"1"
"2125","2125","C1","Tarde","B19","40","Inf4006","Aprendizaje Automático","30","15","30","4","Diego Marcelo","Torres","Ingeniero Mecánico","Adjunto","Simple","Ingeniería Mecánica","Facultad Regional La Plata","La Plata","Buenos Aires","2026-05-26",\N,"1"
"2126","2126","C1","Mañana","A01","45","Inf4006","Aprendizaje Automático","30","15","30","4","Susana Graciela","Ríos","Ingeniera Industrial","Adjunto","Simple","Ingeniería Industrial","Facultad Regional La Plata","La Plata","Buenos Aires","2026-05-26",\N,"1"
"2127","2127","C1","Noche","L05","80","Inf4007","Desarrollo De Aplicaciones Web","30","15","30","4","Diego Marcelo","Torres","Ingeniero Mecánico","Adjunto","Simple","Ingeniería Mecánica","Facultad Regional La Plata","La Plata","Buenos Aires","2026-05-26",\N,"1"
"2128","2128","C2","Noche","B08","50","Inf4007","Desarrollo De Aplicaciones Web","30","15","30","4","Patricia Andrea","Ramírez","Doctora En Química","Titular","Exclusiva","Ingeniería Química","Facultad Regional La Plata","La Plata","Buenos Aires","2026-05-26",\N,"1"
"2129","2129","C1","Tarde","C07","80","Inf1001","Algoritmos Y Estructuras De Datos","30","15","30","1","Carlos Alberto","García","Ingeniero En Sistemas","Titular","Exclusiva","Ingeniería En Sistemas De Información","Facultad Regional Avellaneda","Avellaneda","Buenos Aires","2026-05-26",\N,"1"
"2130","2130","C2","Noche","C16","50","Inf1001","Algoritmos Y Estructuras De Datos","30","15","30","1","Natalia Belén","Castro","Magíster En Telecomunicaciones","Adjunto","Semi-Exclusiva","Ingeniería Electrónica","Facultad Regional Avellaneda","Avellaneda","Buenos Aires","2026-05-26",\N,"1"
"2131","2131","C1","Noche","A07","50","Inf1001","Algoritmos Y Estructuras De Datos","30","15","30","1","Sandra Mabel","Fuentes","Magíster En Sistemas Embebidos","Adjunto","Semi-Exclusiva","Ingeniería Electrónica","Facultad Regional Avellaneda","Avellaneda","Buenos Aires","2026-05-26",\N,"1"
"2132","2132","C2","Tarde","C05","60","Inf1001","Algoritmos Y Estructuras De Datos","30","15","30","1","Cristian Ariel","Ortega","Ingeniero Mecánico","Adjunto","Simple","Ingeniería Mecánica","Facultad Regional Avellaneda","Avellaneda","Buenos Aires","2026-05-26",\N,"1"
"2133","2133","C1","Tarde","C07","40","Fis2001","Física Ii","45","30","15","2","María Elena","Rodríguez","Doctora En Ciencias De La Computación","Titular","Exclusiva","Ingeniería En Sistemas De Información","Facultad Regional Avellaneda","Avellaneda","Buenos Aires","2026-05-26",\N,"1"
"2134","2134","C2","Mañana","A18","50","Fis2001","Física Ii","45","30","15","2","Valeria Soledad","Herrera","Ingeniera Electrónica","Adjunto","Simple","Ingeniería Electrónica","Facultad Regional Avellaneda","Avellaneda","Buenos Aires","2026-05-26",\N,"1"
"2135","2135","C1","Noche","L11","45","Fis2001","Física Ii","45","30","15","2","Carolina Florencia","Díaz","Ingeniera Civil","Adjunto","Simple","Ingeniería Civil","Facultad Regional Avellaneda","Avellaneda","Buenos Aires","2026-05-26",\N,"1"
"2136","2136","C2","Noche","D20","60","Fis2001","Física Ii","45","30","15","2","Eduardo Martín","Vargas","Ingeniero En Sistemas","Adjunto","Simple","Ingeniería En Sistemas De Información","Facultad Regional Avellaneda","Avellaneda","Buenos Aires","2026-05-26",\N,"1"
"2137","2137","C1","Noche","C18","45","Inf2001","Programación Orientada A Objetos","30","15","30","2","Roberto Augusto","López","Ingeniero Civil","Asociado","Semi-Exclusiva","Ingeniería Civil","Facultad Regional Avellaneda","Avellaneda","Buenos Aires","2026-05-26",\N,"1"
"2138","2138","C2","Tarde","D04","40","Inf2001","Programación Orientada A Objetos","30","15","30","2","Verónica Adriana","Rojas","Doctora En Ciencias De La Computación","Titular","Exclusiva","Ingeniería En Sistemas De Información","Facultad Regional Avellaneda","Avellaneda","Buenos Aires","2026-05-26",\N,"1"
"2139","2139","C1","Mañana","D07","50","Inf2001","Programación Orientada A Objetos","30","15","30","2","Facundo Ezequiel","Jiménez","Magíster En Ciencias De La Computación","Adjunto","Semi-Exclusiva","Ingeniería En Sistemas De Información","Facultad Regional Avellaneda","Avellaneda","Buenos Aires","2026-05-26",\N,"1"
"2140","2140","C2","Noche","D01","50","Inf2001","Programación Orientada A Objetos","30","15","30","2","Jorge Osvaldo","Sánchez","Magíster En Ingeniería Industrial","Titular","Semi-Exclusiva","Ingeniería Industrial","Facultad Regional Avellaneda","Avellaneda","Buenos Aires","2026-05-26",\N,"1"
"2141","2141","C1","Noche","A16","40","Inf2002","Arquitectura De Computadoras","45","15","15","2","Gabriela Inés","Flores","Magíster En Sistemas De Información","Asociado","Semi-Exclusiva","Ingeniería En Sistemas De Información","Facultad Regional Avellaneda","Avellaneda","Buenos Aires","2026-05-26",\N,"1"
"2142","2142","C2","Noche","A12","40","Inf2002","Arquitectura De Computadoras","45","15","15","2","Facundo Ezequiel","Jiménez","Magíster En Ciencias De La Computación","Adjunto","Semi-Exclusiva","Ingeniería En Sistemas De Información","Facultad Regional Avellaneda","Avellaneda","Buenos Aires","2026-05-26",\N,"1"
"2143","2143","C1","Noche","D07","60","Inf2002","Arquitectura De Computadoras","45","15","15","2","Mariela Noelia","Ponce","Doctora En Ciencias Básicas","Titular","Exclusiva","Ciencias Básicas","Facultad Regional Avellaneda","Avellaneda","Buenos Aires","2026-05-26",\N,"1"
"2144","2144","C2","Mañana","L01","35","Inf2002","Arquitectura De Computadoras","45","15","15","2","Mariela Noelia","Ponce","Doctora En Ciencias Básicas","Titular","Exclusiva","Ciencias Básicas","Facultad Regional Avellaneda","Avellaneda","Buenos Aires","2026-05-26",\N,"1"
"2145","2145","C1","Noche","L11","40","Inf3001","Base De Datos","30","15","30","3","Ignacio Ramón","Ibáñez","Magíster En Seguridad Informática","Adjunto","Semi-Exclusiva","Ingeniería En Sistemas De Información","Facultad Regional Avellaneda","Avellaneda","Buenos Aires","2026-05-26",\N,"1"
"2146","2146","C2","Mañana","C20","50","Inf3001","Base De Datos","30","15","30","3","Cristian Ariel","Ortega","Ingeniero Mecánico","Adjunto","Simple","Ingeniería Mecánica","Facultad Regional Avellaneda","Avellaneda","Buenos Aires","2026-05-26",\N,"1"
"2147","2147","C1","Noche","C01","60","Inf3001","Base De Datos","30","15","30","3","Susana Graciela","Ríos","Ingeniera Industrial","Adjunto","Simple","Ingeniería Industrial","Facultad Regional Avellaneda","Avellaneda","Buenos Aires","2026-05-26",\N,"1"
"2148","2148","C1","Noche","L10","50","Inf3002","Ingeniería De Software I","45","15","15","3","Marcelo Adrián","Gutiérrez","Magíster En Inteligencia Artificial","Adjunto","Semi-Exclusiva","Ingeniería En Sistemas De Información","Facultad Regional Avellaneda","Avellaneda","Buenos Aires","2026-05-26",\N,"1"
"2149","2149","C2","Noche","A10","80","Inf3002","Ingeniería De Software I","45","15","15","3","Mariela Noelia","Ponce","Doctora En Ciencias Básicas","Titular","Exclusiva","Ciencias Básicas","Facultad Regional Avellaneda","Avellaneda","Buenos Aires","2026-05-26",\N,"1"
"2150","2150","C2","Noche","C12","50","Inf3002","Ingeniería De Software I","45","15","15","3","Pablo Sebastián","Ruiz","Doctor En Ingeniería","Titular","Exclusiva","Ingeniería Civil","Facultad Regional Avellaneda","Avellaneda","Buenos Aires","2026-05-26",\N,"1"
"2151","2151","C2","Tarde","C11","60","Inf3003","Sistemas Operativos","30","15","30","3","Facundo Ezequiel","Jiménez","Magíster En Ciencias De La Computación","Adjunto","Semi-Exclusiva","Ingeniería En Sistemas De Información","Facultad Regional Avellaneda","Avellaneda","Buenos Aires","2026-05-26",\N,"1"
"2152","2152","C2","Noche","C02","60","Inf3003","Sistemas Operativos","30","15","30","3","Sofía Valentina","Vega","Magíster En Ciencias De La Computación","Adjunto","Semi-Exclusiva","Ingeniería En Sistemas De Información","Facultad Regional Avellaneda","Avellaneda","Buenos Aires","2026-05-26",\N,"1"
"2153","2153","C1","Noche","D03","60","Inf3005","Redes De Computadoras","30","15","30","3","Verónica Adriana","Rojas","Doctora En Ciencias De La Computación","Titular","Exclusiva","Ingeniería En Sistemas De Información","Facultad Regional Avellaneda","Avellaneda","Buenos Aires","2026-05-26",\N,"1"
"2154","2154","C2","Noche","L12","40","Inf3005","Redes De Computadoras","30","15","30","3","Claudia Verónica","Morales","Ingeniera Industrial","Adjunto","Simple","Ingeniería Industrial","Facultad Regional Avellaneda","Avellaneda","Buenos Aires","2026-05-26",\N,"1"
"2155","2155","C1","Noche","L20","80","Inf3005","Redes De Computadoras","30","15","30","3","Pablo Sebastián","Ruiz","Doctor En Ingeniería","Titular","Exclusiva","Ingeniería Civil","Facultad Regional Avellaneda","Avellaneda","Buenos Aires","2026-05-26",\N,"1"
"2156","2156","C2","Noche","B06","45","Inf3005","Redes De Computadoras","30","15","30","3","Ignacio Ramón","Ibáñez","Magíster En Seguridad Informática","Adjunto","Semi-Exclusiva","Ingeniería En Sistemas De Información","Facultad Regional Avellaneda","Avellaneda","Buenos Aires","2026-05-26",\N,"1"
"2157","2157","C2","Noche","D08","45","Inf4001","Ingeniería De Software Ii","45","15","15","4","Nicolás Emilio","Suárez","Magíster En Redes","Adjunto","Semi-Exclusiva","Ingeniería En Sistemas De Información","Facultad Regional Avellaneda","Avellaneda","Buenos Aires","2026-05-26",\N,"1"
"2158","2158","C2","Noche","D07","50","Inf4001","Ingeniería De Software Ii","45","15","15","4","Eduardo Martín","Vargas","Ingeniero En Sistemas","Adjunto","Simple","Ingeniería En Sistemas De Información","Facultad Regional Avellaneda","Avellaneda","Buenos Aires","2026-05-26",\N,"1"
"2159","2159","C1","Tarde","A16","80","Inf4002","Inteligencia Artificial","30","15","30","4","Luis Alberto","Vera","Ingeniero Industrial","Adjunto","Simple","Ingeniería Industrial","Facultad Regional Avellaneda","Avellaneda","Buenos Aires","2026-05-26",\N,"1"
"2160","2160","C1","Tarde","A06","50","Inf4002","Inteligencia Artificial","30","15","30","4","Alejandro José","Núñez","Ingeniero Electrónico","Adjunto","Simple","Ingeniería Electrónica","Facultad Regional Avellaneda","Avellaneda","Buenos Aires","2026-05-26",\N,"1"
"2161","2161","C2","Tarde","B15","80","Inf4003","Gestión De Proyectos","45","15","0","4","Patricia Andrea","Ramírez","Doctora En Química","Titular","Exclusiva","Ingeniería Química","Facultad Regional Avellaneda","Avellaneda","Buenos Aires","2026-05-26",\N,"1"
"2162","2162","C1","Noche","D20","80","Inf4003","Gestión De Proyectos","45","15","0","4","Valeria Soledad","Herrera","Ingeniera Electrónica","Adjunto","Simple","Ingeniería Electrónica","Facultad Regional Avellaneda","Avellaneda","Buenos Aires","2026-05-26",\N,"1"
"2163","2163","C2","Tarde","D07","60","Inf4003","Gestión De Proyectos","45","15","0","4","Sandra Mabel","Fuentes","Magíster En Sistemas Embebidos","Adjunto","Semi-Exclusiva","Ingeniería Electrónica","Facultad Regional Avellaneda","Avellaneda","Buenos Aires","2026-05-26",\N,"1"
"2164","2164","C1","Tarde","C04","45","Inf4004","Seguridad Informática","30","15","30","4","Tomás Agustín","Domínguez","Magíster En Electrónica","Adjunto","Semi-Exclusiva","Ingeniería Electrónica","Facultad Regional Avellaneda","Avellaneda","Buenos Aires","2026-05-26",\N,"1"
"2165","2165","C2","Mañana","C03","30","Inf4004","Seguridad Informática","30","15","30","4","Rodrigo Matías","Campos","Ingeniero En Sistemas","Adjunto","Simple","Ingeniería En Sistemas De Información","Facultad Regional Avellaneda","Avellaneda","Buenos Aires","2026-05-26",\N,"1"
"2166","2166","C2","Noche","C12","50","Inf4004","Seguridad Informática","30","15","30","4","Susana Graciela","Ríos","Ingeniera Industrial","Adjunto","Simple","Ingeniería Industrial","Facultad Regional Avellaneda","Avellaneda","Buenos Aires","2026-05-26",\N,"1"
"2167","2167","C1","Noche","A09","30","Inf4005","Diseño De Sistemas","45","15","15","4","Ana Paula","Martínez","Magíster En Matemática Aplicada","Adjunto","Simple","Ciencias Básicas","Facultad Regional Avellaneda","Avellaneda","Buenos Aires","2026-05-26",\N,"1"
"2168","2168","C2","Noche","B07","40","Inf4005","Diseño De Sistemas","45","15","15","4","Mariana Soledad","Pereira","Magíster En Matemática","Adjunto","Semi-Exclusiva","Ciencias Básicas","Facultad Regional Avellaneda","Avellaneda","Buenos Aires","2026-05-26",\N,"1"
"2169","2169","C1","Noche","D05","30","Inf4005","Diseño De Sistemas","45","15","15","4","Gustavo Raúl","Medina","Doctor En Matemática","Titular","Exclusiva","Ciencias Básicas","Facultad Regional Avellaneda","Avellaneda","Buenos Aires","2026-05-26",\N,"1"
"2170","2170","C1","Tarde","A04","40","Inf5001","Proyecto Final","15","0","60","5","Facundo Ezequiel","Jiménez","Magíster En Ciencias De La Computación","Adjunto","Semi-Exclusiva","Ingeniería En Sistemas De Información","Facultad Regional Avellaneda","Avellaneda","Buenos Aires","2026-05-26",\N,"1"
"2171","2171","C1","Noche","C17","45","Inf5001","Proyecto Final","15","0","60","5","Rodrigo Matías","Campos","Ingeniero En Sistemas","Adjunto","Simple","Ingeniería En Sistemas De Información","Facultad Regional Avellaneda","Avellaneda","Buenos Aires","2026-05-26",\N,"1"
"2172","2172","C1","Mañana","D16","60","Inf4006","Aprendizaje Automático","30","15","30","4","Florencia Daniela","Cabrera","Doctora En Ingeniería","Asociado","Semi-Exclusiva","Ingeniería Civil","Facultad Regional Avellaneda","Avellaneda","Buenos Aires","2026-05-26",\N,"1"
"2173","2173","C2","Noche","L12","80","Inf4006","Aprendizaje Automático","30","15","30","4","Fernando Daniel","Reyes","Doctor En Física","Asociado","Semi-Exclusiva","Ciencias Básicas","Facultad Regional Avellaneda","Avellaneda","Buenos Aires","2026-05-26",\N,"1"
"2174","2174","C2","Noche","D09","80","Inf4006","Aprendizaje Automático","30","15","30","4","Mónica Patricia","Serrano","Doctora En Química Industrial","Asociado","Semi-Exclusiva","Ingeniería Química","Facultad Regional Avellaneda","Avellaneda","Buenos Aires","2026-05-26",\N,"1"
"2175","2175","C1","Mañana","A16","80","Inf4007","Desarrollo De Aplicaciones Web","30","15","30","4","Luis Alberto","Vera","Ingeniero Industrial","Adjunto","Simple","Ingeniería Industrial","Facultad Regional Avellaneda","Avellaneda","Buenos Aires","2026-05-26",\N,"1"
"2176","2176","C2","Noche","D02","50","Inf4007","Desarrollo De Aplicaciones Web","30","15","30","4","Alejandro José","Núñez","Ingeniero Electrónico","Adjunto","Simple","Ingeniería Electrónica","Facultad Regional Avellaneda","Avellaneda","Buenos Aires","2026-05-26",\N,"1"
"2177","2177","C1","Noche","A12","45","Inf4007","Desarrollo De Aplicaciones Web","30","15","30","4","Verónica Adriana","Rojas","Doctora En Ciencias De La Computación","Titular","Exclusiva","Ingeniería En Sistemas De Información","Facultad Regional Avellaneda","Avellaneda","Buenos Aires","2026-05-26",\N,"1"
"2178","2178","C2","Noche","A15","35","Inf4007","Desarrollo De Aplicaciones Web","30","15","30","4","Leandro Damián","Acosta","Doctor En Ingeniería Civil","Titular","Exclusiva","Ingeniería Civil","Facultad Regional Avellaneda","Avellaneda","Buenos Aires","2026-05-26",\N,"1"
"2179","2179","C2","Tarde","A19","45","Inf4003","Gestión De Proyectos","45","15","0","4","María Elena","Rodríguez","Doctora En Ciencias De La Computación","Titular","Exclusiva","Ingeniería En Sistemas De Información","Facultad Regional Avellaneda","Avellaneda","Buenos Aires","2026-05-26",\N,"1"
"2180","2180","C1","Noche","L02","50","Inf4003","Gestión De Proyectos","45","15","0","4","Alejandro José","Núñez","Ingeniero Electrónico","Adjunto","Simple","Ingeniería Electrónica","Facultad Regional Avellaneda","Avellaneda","Buenos Aires","2026-05-26",\N,"1"
"2181","2181","C1","Tarde","D03","60","Adm1001","Administración General","60","15","0","1","Florencia Daniela","Cabrera","Doctora En Ingeniería","Asociado","Semi-Exclusiva","Ingeniería Civil","Facultad Regional Avellaneda","Avellaneda","Buenos Aires","2026-05-26",\N,"1"
"2182","2182","C2","Mañana","C04","60","Adm1001","Administración General","60","15","0","1","Sofía Valentina","Vega","Magíster En Ciencias De La Computación","Adjunto","Semi-Exclusiva","Ingeniería En Sistemas De Información","Facultad Regional Avellaneda","Avellaneda","Buenos Aires","2026-05-26",\N,"1"
"2183","2183","C1","Noche","A08","40","Adm1001","Administración General","60","15","0","1","Susana Graciela","Ríos","Ingeniera Industrial","Adjunto","Simple","Ingeniería Industrial","Facultad Regional Avellaneda","Avellaneda","Buenos Aires","2026-05-26",\N,"1"
"2184","2184","C2","Mañana","L08","50","Adm1001","Administración General","60","15","0","1","Alejandra Cecilia","Romero","Doctora En Ingeniería Industrial","Asociado","Semi-Exclusiva","Ingeniería Industrial","Facultad Regional Avellaneda","Avellaneda","Buenos Aires","2026-05-26",\N,"1"
"2185","2185","C1","Tarde","D17","45","Adm2001","Economía General","60","15","0","2","Sofía Valentina","Vega","Magíster En Ciencias De La Computación","Adjunto","Semi-Exclusiva","Ingeniería En Sistemas De Información","Facultad Regional Avellaneda","Avellaneda","Buenos Aires","2026-05-26",\N,"1"
"2186","2186","C2","Noche","B19","35","Adm2001","Economía General","60","15","0","2","Facundo Ezequiel","Jiménez","Magíster En Ciencias De La Computación","Adjunto","Semi-Exclusiva","Ingeniería En Sistemas De Información","Facultad Regional Avellaneda","Avellaneda","Buenos Aires","2026-05-26",\N,"1"
"2187","2187","C1","Tarde","A14","45","Adm2001","Economía General","60","15","0","2","Pilar Estela","Molina","Ingeniera Civil","Adjunto","Simple","Ingeniería Civil","Facultad Regional Avellaneda","Avellaneda","Buenos Aires","2026-05-26",\N,"1"
"2188","2188","C2","Noche","D13","80","Adm2001","Economía General","60","15","0","2","Verónica Adriana","Rojas","Doctora En Ciencias De La Computación","Titular","Exclusiva","Ingeniería En Sistemas De Información","Facultad Regional Avellaneda","Avellaneda","Buenos Aires","2026-05-26",\N,"1"
"2189","2189","C2","Noche","A03","40","Adm3001","Contabilidad Y Costos","45","30","0","3","Nicolás Emilio","Suárez","Magíster En Redes","Adjunto","Semi-Exclusiva","Ingeniería En Sistemas De Información","Facultad Regional Avellaneda","Avellaneda","Buenos Aires","2026-05-26",\N,"1"
"2190","2190","C1","Noche","D01","30","Adm3001","Contabilidad Y Costos","45","30","0","3","Rodrigo Matías","Campos","Ingeniero En Sistemas","Adjunto","Simple","Ingeniería En Sistemas De Información","Facultad Regional Avellaneda","Avellaneda","Buenos Aires","2026-05-26",\N,"1"
"2191","2191","C2","Tarde","D11","35","Adm3001","Contabilidad Y Costos","45","30","0","3","Natalia Belén","Castro","Magíster En Telecomunicaciones","Adjunto","Semi-Exclusiva","Ingeniería Electrónica","Facultad Regional Avellaneda","Avellaneda","Buenos Aires","2026-05-26",\N,"1"
"2192","2192","C2","Tarde","C12","40","Ind3001","Investigación Operativa","45","30","0","3","Marcelo Adrián","Gutiérrez","Magíster En Inteligencia Artificial","Adjunto","Semi-Exclusiva","Ingeniería En Sistemas De Información","Facultad Regional Avellaneda","Avellaneda","Buenos Aires","2026-05-26",\N,"1"
"2193","2193","C1","Noche","C16","35","Ind3001","Investigación Operativa","45","30","0","3","Facundo Ezequiel","Jiménez","Magíster En Ciencias De La Computación","Adjunto","Semi-Exclusiva","Ingeniería En Sistemas De Información","Facultad Regional Avellaneda","Avellaneda","Buenos Aires","2026-05-26",\N,"1"
"2194","2194","C2","Noche","A08","60","Ind4001","Logística Y Cadena De Suministro","45","15","0","4","Diego Marcelo","Torres","Ingeniero Mecánico","Adjunto","Simple","Ingeniería Mecánica","Facultad Regional Avellaneda","Avellaneda","Buenos Aires","2026-05-26",\N,"1"
"2195","2195","C2","Tarde","D01","80","Ind4001","Logística Y Cadena De Suministro","45","15","0","4","Mariana Soledad","Pereira","Magíster En Matemática","Adjunto","Semi-Exclusiva","Ciencias Básicas","Facultad Regional Avellaneda","Avellaneda","Buenos Aires","2026-05-26",\N,"1"
"2196","2196","C2","Mañana","L11","30","Ind4002","Gestión De La Calidad","45","15","0","4","Florencia Daniela","Cabrera","Doctora En Ingeniería","Asociado","Semi-Exclusiva","Ingeniería Civil","Facultad Regional Avellaneda","Avellaneda","Buenos Aires","2026-05-26",\N,"1"
"2197","2197","C2","Mañana","C12","35","Ind4002","Gestión De La Calidad","45","15","0","4","Sofía Valentina","Vega","Magíster En Ciencias De La Computación","Adjunto","Semi-Exclusiva","Ingeniería En Sistemas De Información","Facultad Regional Avellaneda","Avellaneda","Buenos Aires","2026-05-26",\N,"1"
"2198","2198","C1","Noche","D13","40","Inf1001","Algoritmos Y Estructuras De Datos","30","15","30","1","Gabriela Inés","Flores","Magíster En Sistemas De Información","Asociado","Semi-Exclusiva","Ingeniería En Sistemas De Información","Facultad Regional Haedo","Haedo","Buenos Aires","2026-05-26",\N,"1"
"2199","2199","C2","Noche","B20","50","Inf1001","Algoritmos Y Estructuras De Datos","30","15","30","1","Diego Marcelo","Torres","Ingeniero Mecánico","Adjunto","Simple","Ingeniería Mecánica","Facultad Regional Haedo","Haedo","Buenos Aires","2026-05-26",\N,"1"
"2200","2200","C1","Mañana","B04","80","Inf1001","Algoritmos Y Estructuras De Datos","30","15","30","1","Sebastián Nicolás","Álvarez","Magíster En Gestión De Proyectos","Adjunto","Semi-Exclusiva","Ingeniería Industrial","Facultad Regional Haedo","Haedo","Buenos Aires","2026-05-26",\N,"1"
"2201","2201","C2","Mañana","D05","45","Inf1001","Algoritmos Y Estructuras De Datos","30","15","30","1","Pilar Estela","Molina","Ingeniera Civil","Adjunto","Simple","Ingeniería Civil","Facultad Regional Haedo","Haedo","Buenos Aires","2026-05-26",\N,"1"
"2202","2202","C1","Noche","D04","60","Fis2001","Física Ii","45","30","15","2","Ana Paula","Martínez","Magíster En Matemática Aplicada","Adjunto","Simple","Ciencias Básicas","Facultad Regional Haedo","Haedo","Buenos Aires","2026-05-26",\N,"1"
"2203","2203","C2","Tarde","A19","40","Fis2001","Física Ii","45","30","15","2","Fernando Daniel","Reyes","Doctor En Física","Asociado","Semi-Exclusiva","Ciencias Básicas","Facultad Regional Haedo","Haedo","Buenos Aires","2026-05-26",\N,"1"
"2204","2204","C1","Tarde","B06","60","Fis2001","Física Ii","45","30","15","2","Jorge Osvaldo","Sánchez","Magíster En Ingeniería Industrial","Titular","Semi-Exclusiva","Ingeniería Industrial","Facultad Regional Haedo","Haedo","Buenos Aires","2026-05-26",\N,"1"
"2205","2205","C2","Noche","C04","45","Fis2001","Física Ii","45","30","15","2","Sandra Mabel","Fuentes","Magíster En Sistemas Embebidos","Adjunto","Semi-Exclusiva","Ingeniería Electrónica","Facultad Regional Haedo","Haedo","Buenos Aires","2026-05-26",\N,"1"
"2206","2206","C1","Noche","D07","35","Inf2001","Programación Orientada A Objetos","30","15","30","2","Eduardo Martín","Vargas","Ingeniero En Sistemas","Adjunto","Simple","Ingeniería En Sistemas De Información","Facultad Regional Haedo","Haedo","Buenos Aires","2026-05-26",\N,"1"
"2207","2207","C2","Noche","L18","30","Inf2001","Programación Orientada A Objetos","30","15","30","2","Alejandra Cecilia","Romero","Doctora En Ingeniería Industrial","Asociado","Semi-Exclusiva","Ingeniería Industrial","Facultad Regional Haedo","Haedo","Buenos Aires","2026-05-26",\N,"1"
"2208","2208","C1","Tarde","B10","35","Inf2001","Programación Orientada A Objetos","30","15","30","2","Leandro Damián","Acosta","Doctor En Ingeniería Civil","Titular","Exclusiva","Ingeniería Civil","Facultad Regional Haedo","Haedo","Buenos Aires","2026-05-26",\N,"1"
"2209","2209","C2","Noche","A09","60","Inf2001","Programación Orientada A Objetos","30","15","30","2","Diego Marcelo","Torres","Ingeniero Mecánico","Adjunto","Simple","Ingeniería Mecánica","Facultad Regional Haedo","Haedo","Buenos Aires","2026-05-26",\N,"1"
"2210","2210","C1","Mañana","C09","50","Inf2002","Arquitectura De Computadoras","45","15","15","2","Patricia Andrea","Ramírez","Doctora En Química","Titular","Exclusiva","Ingeniería Química","Facultad Regional Haedo","Haedo","Buenos Aires","2026-05-26",\N,"1"
"2211","2211","C2","Noche","L16","45","Inf2002","Arquitectura De Computadoras","45","15","15","2","Patricia Andrea","Ramírez","Doctora En Química","Titular","Exclusiva","Ingeniería Química","Facultad Regional Haedo","Haedo","Buenos Aires","2026-05-26",\N,"1"
"2212","2212","C1","Mañana","D12","45","Inf2002","Arquitectura De Computadoras","45","15","15","2","Mónica Patricia","Serrano","Doctora En Química Industrial","Asociado","Semi-Exclusiva","Ingeniería Química","Facultad Regional Haedo","Haedo","Buenos Aires","2026-05-26",\N,"1"
"2213","2213","C2","Noche","L18","60","Inf2002","Arquitectura De Computadoras","45","15","15","2","Cristian Ariel","Ortega","Ingeniero Mecánico","Adjunto","Simple","Ingeniería Mecánica","Facultad Regional Haedo","Haedo","Buenos Aires","2026-05-26",\N,"1"
"2214","2214","C2","Noche","C04","40","Inf3001","Base De Datos","30","15","30","3","Alejandra Cecilia","Romero","Doctora En Ingeniería Industrial","Asociado","Semi-Exclusiva","Ingeniería Industrial","Facultad Regional Haedo","Haedo","Buenos Aires","2026-05-26",\N,"1"
"2215","2215","C1","Noche","C11","50","Inf3001","Base De Datos","30","15","30","3","Silvina Beatriz","Fernández","Ingeniera Electrónica","Adjunto","Semi-Exclusiva","Ingeniería Electrónica","Facultad Regional Haedo","Haedo","Buenos Aires","2026-05-26",\N,"1"
"2216","2216","C1","Tarde","B01","40","Inf3002","Ingeniería De Software I","45","15","15","3","Pilar Estela","Molina","Ingeniera Civil","Adjunto","Simple","Ingeniería Civil","Facultad Regional Haedo","Haedo","Buenos Aires","2026-05-26",\N,"1"
"2217","2217","C2","Noche","A02","45","Inf3002","Ingeniería De Software I","45","15","15","3","Nicolás Emilio","Suárez","Magíster En Redes","Adjunto","Semi-Exclusiva","Ingeniería En Sistemas De Información","Facultad Regional Haedo","Haedo","Buenos Aires","2026-05-26",\N,"1"
"2218","2218","C1","Tarde","A04","50","Inf3002","Ingeniería De Software I","45","15","15","3","Ana Paula","Martínez","Magíster En Matemática Aplicada","Adjunto","Simple","Ciencias Básicas","Facultad Regional Haedo","Haedo","Buenos Aires","2026-05-26",\N,"1"
"2219","2219","C1","Noche","C12","40","Inf3003","Sistemas Operativos","30","15","30","3","Claudia Verónica","Morales","Ingeniera Industrial","Adjunto","Simple","Ingeniería Industrial","Facultad Regional Haedo","Haedo","Buenos Aires","2026-05-26",\N,"1"
"2220","2220","C2","Noche","L17","60","Inf3003","Sistemas Operativos","30","15","30","3","Eduardo Martín","Vargas","Ingeniero En Sistemas","Adjunto","Simple","Ingeniería En Sistemas De Información","Facultad Regional Haedo","Haedo","Buenos Aires","2026-05-26",\N,"1"
"2221","2221","C1","Noche","D11","80","Inf3005","Redes De Computadoras","30","15","30","3","Facundo Ezequiel","Jiménez","Magíster En Ciencias De La Computación","Adjunto","Semi-Exclusiva","Ingeniería En Sistemas De Información","Facultad Regional Haedo","Haedo","Buenos Aires","2026-05-26",\N,"1"
"2222","2222","C2","Noche","D15","45","Inf3005","Redes De Computadoras","30","15","30","3","María Elena","Rodríguez","Doctora En Ciencias De La Computación","Titular","Exclusiva","Ingeniería En Sistemas De Información","Facultad Regional Haedo","Haedo","Buenos Aires","2026-05-26",\N,"1"
"2223","2223","C1","Tarde","D16","35","Inf4001","Ingeniería De Software Ii","45","15","15","4","Roberto Augusto","López","Ingeniero Civil","Asociado","Semi-Exclusiva","Ingeniería Civil","Facultad Regional Haedo","Haedo","Buenos Aires","2026-05-26",\N,"1"
"2224","2224","C2","Noche","A10","80","Inf4001","Ingeniería De Software Ii","45","15","15","4","Verónica Adriana","Rojas","Doctora En Ciencias De La Computación","Titular","Exclusiva","Ingeniería En Sistemas De Información","Facultad Regional Haedo","Haedo","Buenos Aires","2026-05-26",\N,"1"
"2225","2225","C1","Noche","B15","50","Inf4002","Inteligencia Artificial","30","15","30","4","Patricia Andrea","Ramírez","Doctora En Química","Titular","Exclusiva","Ingeniería Química","Facultad Regional Haedo","Haedo","Buenos Aires","2026-05-26",\N,"1"
"2226","2226","C1","Noche","C18","40","Inf4002","Inteligencia Artificial","30","15","30","4","Mariana Soledad","Pereira","Magíster En Matemática","Adjunto","Semi-Exclusiva","Ciencias Básicas","Facultad Regional Haedo","Haedo","Buenos Aires","2026-05-26",\N,"1"
"2227","2227","C1","Noche","A16","80","Inf4003","Gestión De Proyectos","45","15","0","4","Eduardo Martín","Vargas","Ingeniero En Sistemas","Adjunto","Simple","Ingeniería En Sistemas De Información","Facultad Regional Haedo","Haedo","Buenos Aires","2026-05-26",\N,"1"
"2228","2228","C2","Tarde","C20","40","Inf4003","Gestión De Proyectos","45","15","0","4","Alejandra Cecilia","Romero","Doctora En Ingeniería Industrial","Asociado","Semi-Exclusiva","Ingeniería Industrial","Facultad Regional Haedo","Haedo","Buenos Aires","2026-05-26",\N,"1"
"2229","2229","C1","Tarde","L10","40","Inf4003","Gestión De Proyectos","45","15","0","4","Mariela Noelia","Ponce","Doctora En Ciencias Básicas","Titular","Exclusiva","Ciencias Básicas","Facultad Regional Haedo","Haedo","Buenos Aires","2026-05-26",\N,"1"
"2230","2230","C2","Noche","A14","40","Inf4003","Gestión De Proyectos","45","15","0","4","Diego Marcelo","Torres","Ingeniero Mecánico","Adjunto","Simple","Ingeniería Mecánica","Facultad Regional Haedo","Haedo","Buenos Aires","2026-05-26",\N,"1"
"2231","2231","C2","Noche","A14","60","Inf4004","Seguridad Informática","30","15","30","4","Luis Alberto","Vera","Ingeniero Industrial","Adjunto","Simple","Ingeniería Industrial","Facultad Regional Haedo","Haedo","Buenos Aires","2026-05-26",\N,"1"
"2232","2232","C1","Mañana","B10","40","Inf4004","Seguridad Informática","30","15","30","4","Verónica Adriana","Rojas","Doctora En Ciencias De La Computación","Titular","Exclusiva","Ingeniería En Sistemas De Información","Facultad Regional Haedo","Haedo","Buenos Aires","2026-05-26",\N,"1"
"2233","2233","C1","Tarde","D09","40","Inf4005","Diseño De Sistemas","45","15","15","4","Gustavo Raúl","Medina","Doctor En Matemática","Titular","Exclusiva","Ciencias Básicas","Facultad Regional Haedo","Haedo","Buenos Aires","2026-05-26",\N,"1"
"2234","2234","C1","Mañana","B05","45","Inf4005","Diseño De Sistemas","45","15","15","4","Alejandra Cecilia","Romero","Doctora En Ingeniería Industrial","Asociado","Semi-Exclusiva","Ingeniería Industrial","Facultad Regional Haedo","Haedo","Buenos Aires","2026-05-26",\N,"1"
"2235","2235","C2","Noche","A18","80","Inf4005","Diseño De Sistemas","45","15","15","4","Pablo Sebastián","Ruiz","Doctor En Ingeniería","Titular","Exclusiva","Ingeniería Civil","Facultad Regional Haedo","Haedo","Buenos Aires","2026-05-26",\N,"1"
"2236","2236","C2","Noche","B11","80","Inf5001","Proyecto Final","15","0","60","5","Natalia Belén","Castro","Magíster En Telecomunicaciones","Adjunto","Semi-Exclusiva","Ingeniería Electrónica","Facultad Regional Haedo","Haedo","Buenos Aires","2026-05-26",\N,"1"
"2237","2237","C1","Noche","A04","35","Inf5001","Proyecto Final","15","0","60","5","Carlos Alberto","García","Ingeniero En Sistemas","Titular","Exclusiva","Ingeniería En Sistemas De Información","Facultad Regional Haedo","Haedo","Buenos Aires","2026-05-26",\N,"1"
"2238","2238","C2","Mañana","D02","40","Inf4006","Aprendizaje Automático","30","15","30","4","Facundo Ezequiel","Jiménez","Magíster En Ciencias De La Computación","Adjunto","Semi-Exclusiva","Ingeniería En Sistemas De Información","Facultad Regional Haedo","Haedo","Buenos Aires","2026-05-26",\N,"1"
"2239","2239","C1","Noche","L10","50","Inf4006","Aprendizaje Automático","30","15","30","4","María Elena","Rodríguez","Doctora En Ciencias De La Computación","Titular","Exclusiva","Ingeniería En Sistemas De Información","Facultad Regional Haedo","Haedo","Buenos Aires","2026-05-26",\N,"1"
"2240","2240","C1","Tarde","C20","45","Inf4007","Desarrollo De Aplicaciones Web","30","15","30","4","Sandra Mabel","Fuentes","Magíster En Sistemas Embebidos","Adjunto","Semi-Exclusiva","Ingeniería Electrónica","Facultad Regional Haedo","Haedo","Buenos Aires","2026-05-26",\N,"1"
"2241","2241","C1","Noche","B03","45","Inf4007","Desarrollo De Aplicaciones Web","30","15","30","4","Tomás Agustín","Domínguez","Magíster En Electrónica","Adjunto","Semi-Exclusiva","Ingeniería Electrónica","Facultad Regional Haedo","Haedo","Buenos Aires","2026-05-26",\N,"1"
"2242","2242","C2","Noche","C12","40","Inf4003","Gestión De Proyectos","45","15","0","4","Ignacio Ramón","Ibáñez","Magíster En Seguridad Informática","Adjunto","Semi-Exclusiva","Ingeniería En Sistemas De Información","Facultad Regional Haedo","Haedo","Buenos Aires","2026-05-26",\N,"1"
"2243","2243","C1","Mañana","B10","45","Inf4003","Gestión De Proyectos","45","15","0","4","Marcelo Adrián","Gutiérrez","Magíster En Inteligencia Artificial","Adjunto","Semi-Exclusiva","Ingeniería En Sistemas De Información","Facultad Regional Haedo","Haedo","Buenos Aires","2026-05-26",\N,"1"
"2244","2244","C2","Noche","B03","80","Inf4003","Gestión De Proyectos","45","15","0","4","Gabriela Inés","Flores","Magíster En Sistemas De Información","Asociado","Semi-Exclusiva","Ingeniería En Sistemas De Información","Facultad Regional Haedo","Haedo","Buenos Aires","2026-05-26",\N,"1"
"2245","2245","C1","Tarde","C04","35","Adm1001","Administración General","60","15","0","1","Mariela Noelia","Ponce","Doctora En Ciencias Básicas","Titular","Exclusiva","Ciencias Básicas","Facultad Regional Haedo","Haedo","Buenos Aires","2026-05-26",\N,"1"
"2246","2246","C2","Noche","L10","60","Adm1001","Administración General","60","15","0","1","Eduardo Martín","Vargas","Ingeniero En Sistemas","Adjunto","Simple","Ingeniería En Sistemas De Información","Facultad Regional Haedo","Haedo","Buenos Aires","2026-05-26",\N,"1"
"2247","2247","C1","Mañana","L20","30","Adm1001","Administración General","60","15","0","1","Mónica Patricia","Serrano","Doctora En Química Industrial","Asociado","Semi-Exclusiva","Ingeniería Química","Facultad Regional Haedo","Haedo","Buenos Aires","2026-05-26",\N,"1"
"2248","2248","C2","Noche","C15","60","Adm1001","Administración General","60","15","0","1","Tomás Agustín","Domínguez","Magíster En Electrónica","Adjunto","Semi-Exclusiva","Ingeniería Electrónica","Facultad Regional Haedo","Haedo","Buenos Aires","2026-05-26",\N,"1"
"2249","2249","C1","Noche","A03","40","Adm2001","Economía General","60","15","0","2","Marcelo Adrián","Gutiérrez","Magíster En Inteligencia Artificial","Adjunto","Semi-Exclusiva","Ingeniería En Sistemas De Información","Facultad Regional Haedo","Haedo","Buenos Aires","2026-05-26",\N,"1"
"2250","2250","C2","Tarde","A16","80","Adm2001","Economía General","60","15","0","2","Marcelo Adrián","Gutiérrez","Magíster En Inteligencia Artificial","Adjunto","Semi-Exclusiva","Ingeniería En Sistemas De Información","Facultad Regional Haedo","Haedo","Buenos Aires","2026-05-26",\N,"1"
"2251","2251","C1","Tarde","L14","45","Adm2001","Economía General","60","15","0","2","Gustavo Raúl","Medina","Doctor En Matemática","Titular","Exclusiva","Ciencias Básicas","Facultad Regional Haedo","Haedo","Buenos Aires","2026-05-26",\N,"1"
"2252","2252","C2","Noche","B04","80","Adm2001","Economía General","60","15","0","2","Susana Graciela","Ríos","Ingeniera Industrial","Adjunto","Simple","Ingeniería Industrial","Facultad Regional Haedo","Haedo","Buenos Aires","2026-05-26",\N,"1"
"2253","2253","C1","Mañana","B15","40","Adm3001","Contabilidad Y Costos","45","30","0","3","Roberto Augusto","López","Ingeniero Civil","Asociado","Semi-Exclusiva","Ingeniería Civil","Facultad Regional Haedo","Haedo","Buenos Aires","2026-05-26",\N,"1"
"2254","2254","C1","Noche","B02","60","Adm3001","Contabilidad Y Costos","45","30","0","3","Cristian Ariel","Ortega","Ingeniero Mecánico","Adjunto","Simple","Ingeniería Mecánica","Facultad Regional Haedo","Haedo","Buenos Aires","2026-05-26",\N,"1"
"2255","2255","C2","Tarde","A03","35","Ind3001","Investigación Operativa","45","30","0","3","Eduardo Martín","Vargas","Ingeniero En Sistemas","Adjunto","Simple","Ingeniería En Sistemas De Información","Facultad Regional Haedo","Haedo","Buenos Aires","2026-05-26",\N,"1"
"2256","2256","C1","Tarde","B15","30","Ind3001","Investigación Operativa","45","30","0","3","Ignacio Ramón","Ibáñez","Magíster En Seguridad Informática","Adjunto","Semi-Exclusiva","Ingeniería En Sistemas De Información","Facultad Regional Haedo","Haedo","Buenos Aires","2026-05-26",\N,"1"
"2257","2257","C2","Tarde","D05","80","Ind4001","Logística Y Cadena De Suministro","45","15","0","4","Carolina Florencia","Díaz","Ingeniera Civil","Adjunto","Simple","Ingeniería Civil","Facultad Regional Haedo","Haedo","Buenos Aires","2026-05-26",\N,"1"
"2258","2258","C1","Mañana","C16","60","Ind4001","Logística Y Cadena De Suministro","45","15","0","4","Luis Alberto","Vera","Ingeniero Industrial","Adjunto","Simple","Ingeniería Industrial","Facultad Regional Haedo","Haedo","Buenos Aires","2026-05-26",\N,"1"
"2259","2259","C2","Noche","A11","80","Ind4001","Logística Y Cadena De Suministro","45","15","0","4","Silvina Beatriz","Fernández","Ingeniera Electrónica","Adjunto","Semi-Exclusiva","Ingeniería Electrónica","Facultad Regional Haedo","Haedo","Buenos Aires","2026-05-26",\N,"1"
"2260","2260","C2","Tarde","C04","60","Ind4002","Gestión De La Calidad","45","15","0","4","Cristian Ariel","Ortega","Ingeniero Mecánico","Adjunto","Simple","Ingeniería Mecánica","Facultad Regional Haedo","Haedo","Buenos Aires","2026-05-26",\N,"1"
"2261","2261","C1","Tarde","B12","30","Ind4002","Gestión De La Calidad","45","15","0","4","Silvina Beatriz","Fernández","Ingeniera Electrónica","Adjunto","Semi-Exclusiva","Ingeniería Electrónica","Facultad Regional Haedo","Haedo","Buenos Aires","2026-05-26",\N,"1"
