"1","1","20230715","2.00","3.00","2.00"
"2","1","20230715","3.00","2.00","2.00"
"3","1","20230715","3.00","3.00","2.00"
"4","5","20230715","4.00","2.00","4.00"
"5","5","20230715","3.00","4.00","3.00"
"6","5","20230715","4.00","2.00","3.00"
"7","5","20230715","4.00","2.00","2.00"
"8","5","20230715","3.00","4.00","3.00"
"9","5","20230715","3.00","2.00","3.00"
"10","5","20230715","4.00","3.00","4.00"
"11","5","20230715","3.00","3.00","3.00"
"12","5","20230715","4.00","2.00","3.00"
"13","5","20230715","3.00","5.00","3.00"
"14","5","20230715","2.00","4.00","4.00"
"15","9","20230715","3.00","3.00","4.00"
"16","9","20230715","4.00","3.00","4.00"
"17","9","20230715","4.00","4.00","3.00"
"18","9","20230715","3.00","3.00","4.00"
"19","9","20230715","3.00","4.00","3.00"
"20","9","20230715","4.00","3.00","3.00"
"21","9","20230715","4.00","3.00","3.00"
"22","9","20230715","4.00","3.00","3.00"
"23","9","20230715","4.00","4.00","3.00"
"24","9","20230715","4.00","4.00","3.00"
"25","9","20230715","4.00","3.00","3.00"
"26","9","20230715","3.00","4.00","3.00"
"27","9","20230715","4.00","5.00","4.00"
"28","9","20230715","4.00","2.00","4.00"
"29","9","20230715","4.00","4.00","3.00"
"30","17","20230715","5.00","4.00","4.00"
"31","17","20230715","4.00","4.00","4.00"
"32","17","20230715","4.00","4.00","4.00"
"33","17","20230715","5.00","3.00","4.00"
"34","17","20230715","4.00","4.00","3.00"
"35","25","20230715","5.00","4.00","4.00"
"36","25","20230715","3.00","4.00","3.00"
"37","25","20230715","4.00","4.00","3.00"
"38","25","20230715","2.00","5.00","3.00"
"39","25","20230715","4.00","4.00","3.00"
"40","25","20230715","3.00","4.00","4.00"
"41","25","20230715","4.00","4.00","4.00"
"42","25","20230715","4.00","4.00","4.00"
"43","25","20230715","3.00","4.00","3.00"
"44","42","20230715","3.00","3.00","4.00"
"45","42","20230715","4.00","3.00","3.00"
"46","42","20230715","4.00","3.00","3.00"
"47","42","20230715","5.00","3.00","4.00"
"48","42","20230715","4.00","4.00","4.00"
"49","42","20230715","3.00","3.00","3.00"
"50","42","20230715","2.00","4.00","3.00"
"51","42","20230715","4.00","3.00","3.00"
"52","42","20230715","2.00","4.00","4.00"
"53","42","20230715","4.00","4.00","3.00"
"54","42","20230715","2.00","3.00","3.00"
"55","42","20230715","4.00","4.00","4.00"
"56","42","20230715","2.00","3.00","4.00"
"57","44","20230715","4.00","3.00","4.00"
"58","44","20230715","3.00","3.00","3.00"
"59","44","20230715","3.00","1.00","3.00"
"60","44","20230715","3.00","4.00","3.00"
"61","44","20230715","3.00","3.00","3.00"
"62","44","20230715","3.00","3.00","3.00"
"63","44","20230715","2.00","2.00","3.00"
"64","44","20230715","3.00","2.00","3.00"
"65","44","20230715","3.00","3.00","4.00"
"66","48","20230715","4.00","4.00","4.00"
"67","48","20230715","3.00","4.00","2.00"
"68","48","20230715","3.00","3.00","3.00"
"69","60","20230715","3.00","3.00","2.00"
"70","60","20230715","3.00","3.00","3.00"
"71","60","20230715","2.00","2.00","3.00"
"72","60","20230715","2.00","2.00","3.00"
"73","60","20230715","3.00","4.00","2.00"
"74","60","20230715","3.00","2.00","2.00"
"75","60","20230715","4.00","3.00","2.00"
"76","60","20230715","3.00","3.00","3.00"
"77","60","20230715","4.00","3.00","3.00"
"78","60","20230715","2.00","3.00","2.00"
"79","60","20230715","3.00","3.00","3.00"
"80","60","20230715","3.00","4.00","3.00"
"81","81","20230715","3.00","4.00","4.00"
"82","81","20230715","4.00","4.00","5.00"
"83","81","20230715","4.00","4.00","2.00"
"84","85","20230715","5.00","4.00","5.00"
"85","85","20230715","5.00","5.00","4.00"
"86","85","20230715","5.00","5.00","5.00"
"87","99","20230715","3.00","3.00","3.00"
"88","99","20230715","4.00","3.00","3.00"
"89","99","20230715","3.00","4.00","2.00"
"90","99","20230715","3.00","4.00","3.00"
"91","99","20230715","3.00","3.00","4.00"
"92","99","20230715","3.00","4.00","2.00"
"93","99","20230715","3.00","2.00","4.00"
"94","99","20230715","4.00","3.00","4.00"
"95","99","20230715","2.00","3.00","3.00"
"96","99","20230715","3.00","3.00","3.00"
"97","99","20230715","3.00","3.00","4.00"
"98","106","20230715","3.00","4.00","4.00"
"99","106","20230715","4.00","3.00","4.00"
"100","106","20230715","4.00","4.00","4.00"
"101","106","20230715","3.00","4.00","4.00"
"102","106","20230715","4.00","4.00","3.00"
"103","106","20230715","4.00","4.00","4.00"
"104","106","20230715","4.00","4.00","4.00"
"105","106","20230715","3.00","4.00","3.00"
"106","106","20230715","3.00","4.00","5.00"
"107","106","20230715","5.00","4.00","4.00"
"108","106","20230715","4.00","5.00","3.00"
"109","106","20230715","4.00","4.00","4.00"
"110","106","20230715","5.00","3.00","5.00"
"111","109","20230715","3.00","4.00","2.00"
"112","109","20230715","2.00","3.00","3.00"
"113","109","20230715","3.00","3.00","4.00"
"114","109","20230715","4.00","3.00","4.00"
"115","109","20230715","2.00","4.00","4.00"
"116","109","20230715","3.00","4.00","3.00"
"117","113","20230715","2.00","2.00","3.00"
"118","113","20230715","3.00","3.00","3.00"
"119","113","20230715","1.00","3.00","3.00"
"120","113","20230715","2.00","2.00","2.00"
"121","113","20230715","3.00","2.00","2.00"
"122","113","20230715","2.00","2.00","3.00"
"123","113","20230715","2.00","3.00","2.00"
"124","113","20230715","2.00","2.00","2.00"
"125","113","20230715","2.00","3.00","2.00"
"126","113","20230715","3.00","2.00","3.00"
"127","113","20230715","2.00","1.00","2.00"
"128","113","20230715","1.00","3.00","2.00"
"129","113","20230715","3.00","2.00","2.00"
"130","113","20230715","2.00","2.00","2.00"
"131","129","20230715","3.00","3.00","4.00"
"132","129","20230715","3.00","4.00","4.00"
"133","129","20230715","4.00","5.00","3.00"
"134","129","20230715","4.00","4.00","4.00"
"135","129","20230715","3.00","3.00","4.00"
"136","129","20230715","5.00","4.00","4.00"
"137","129","20230715","4.00","4.00","4.00"
"138","129","20230715","5.00","4.00","4.00"
"139","129","20230715","4.00","5.00","4.00"
"140","129","20230715","4.00","5.00","4.00"
"141","129","20230715","4.00","5.00","4.00"
"142","129","20230715","5.00","3.00","4.00"
"143","129","20230715","4.00","3.00","3.00"
"144","129","20230715","2.00","4.00","3.00"
"145","129","20230715","4.00","4.00","3.00"
"146","135","20230715","5.00","5.00","5.00"
"147","135","20230715","5.00","4.00","5.00"
"148","135","20230715","3.00","4.00","4.00"
"149","135","20230715","4.00","5.00","5.00"
"150","135","20230715","5.00","5.00","5.00"
"151","135","20230715","5.00","5.00","5.00"
"152","135","20230715","5.00","4.00","5.00"
"153","135","20230715","5.00","4.00","4.00"
"154","135","20230715","3.00","5.00","5.00"
"155","135","20230715","5.00","5.00","5.00"
"156","135","20230715","4.00","5.00","5.00"
"157","135","20230715","5.00","5.00","5.00"
"158","135","20230715","4.00","5.00","5.00"
"159","135","20230715","5.00","5.00","5.00"
"160","135","20230715","4.00","5.00","5.00"
"161","149","20230715","2.00","2.00","3.00"
"162","149","20230715","3.00","3.00","3.00"
"163","149","20230715","3.00","3.00","3.00"
"164","149","20230715","4.00","3.00","2.00"
"165","149","20230715","2.00","3.00","4.00"
"166","149","20230715","2.00","3.00","4.00"
"167","149","20230715","3.00","3.00","3.00"
"168","149","20230715","3.00","4.00","3.00"
"169","149","20230715","3.00","3.00","3.00"
"170","165","20230715","2.00","2.00","3.00"
"171","165","20230715","3.00","3.00","2.00"
"172","165","20230715","2.00","2.00","3.00"
"173","173","20230715","2.00","3.00","3.00"
"174","173","20230715","3.00","3.00","3.00"
"175","173","20230715","3.00","3.00","3.00"
"176","173","20230715","4.00","2.00","3.00"
"177","173","20230715","3.00","4.00","3.00"
"178","173","20230715","3.00","3.00","3.00"
"179","173","20230715","2.00","2.00","3.00"
"180","173","20230715","3.00","3.00","2.00"
"181","173","20230715","3.00","2.00","3.00"
"182","173","20230715","2.00","3.00","2.00"
"183","173","20230715","2.00","4.00","3.00"
"184","173","20230715","3.00","3.00","3.00"
"185","173","20230715","2.00","3.00","2.00"
"186","173","20230715","3.00","3.00","2.00"
"187","177","20230715","3.00","4.00","3.00"
"188","177","20230715","4.00","3.00","4.00"
"189","177","20230715","4.00","5.00","4.00"
"190","177","20230715","4.00","4.00","4.00"
"191","177","20230715","5.00","4.00","5.00"
"192","185","20230715","2.00","4.00","3.00"
"193","185","20230715","3.00","4.00","4.00"
"194","185","20230715","3.00","4.00","4.00"
"195","185","20230715","3.00","4.00","4.00"
"196","189","20230715","4.00","4.00","3.00"
"197","189","20230715","4.00","4.00","4.00"
"198","189","20230715","4.00","3.00","3.00"
"199","189","20230715","4.00","5.00","3.00"
"200","189","20230715","5.00","4.00","4.00"
"201","189","20230715","3.00","4.00","5.00"
"202","189","20230715","4.00","3.00","5.00"
"203","197","20230715","3.00","3.00","3.00"
"204","197","20230715","3.00","3.00","2.00"
"205","197","20230715","3.00","3.00","4.00"
"206","197","20230715","4.00","4.00","3.00"
"207","197","20230715","3.00","5.00","2.00"
"208","201","20230715","2.00","3.00","4.00"
"209","201","20230715","3.00","4.00","3.00"
"210","201","20230715","4.00","2.00","4.00"
"211","201","20230715","3.00","3.00","4.00"
"212","201","20230715","4.00","3.00","3.00"
"213","201","20230715","2.00","3.00","3.00"
"214","201","20230715","3.00","3.00","3.00"
"215","201","20230715","5.00","3.00","2.00"
"216","205","20230715","3.00","5.00","3.00"
"217","205","20230715","3.00","5.00","4.00"
"218","205","20230715","4.00","3.00","3.00"
"219","205","20230715","3.00","4.00","4.00"
"220","205","20230715","4.00","4.00","4.00"
"221","205","20230715","4.00","3.00","4.00"
"222","205","20230715","4.00","4.00","4.00"
"223","205","20230715","4.00","4.00","4.00"
"224","205","20230715","4.00","4.00","4.00"
"225","205","20230715","4.00","3.00","4.00"
"226","205","20230715","4.00","3.00","5.00"
"227","205","20230715","4.00","4.00","4.00"
"228","205","20230715","4.00","4.00","4.00"
"229","205","20230715","4.00","4.00","5.00"
"230","213","20230715","3.00","4.00","3.00"
"231","213","20230715","2.00","4.00","4.00"
"232","213","20230715","3.00","3.00","4.00"
"233","213","20230715","4.00","4.00","3.00"
"234","213","20230715","3.00","4.00","3.00"
"235","213","20230715","3.00","4.00","4.00"
"236","213","20230715","3.00","4.00","3.00"
"237","213","20230715","1.00","3.00","4.00"
"238","213","20230715","3.00","4.00","3.00"
"239","213","20230715","4.00","2.00","3.00"
"240","213","20230715","3.00","5.00","3.00"
"241","213","20230715","4.00","3.00","4.00"
"242","213","20230715","3.00","4.00","3.00"
"243","213","20230715","2.00","5.00","3.00"
"244","213","20230715","3.00","4.00","3.00"
"245","217","20230715","3.00","4.00","2.00"
"246","217","20230715","3.00","4.00","3.00"
"247","217","20230715","3.00","4.00","4.00"
"248","217","20230715","4.00","3.00","3.00"
"249","217","20230715","3.00","3.00","3.00"
"250","217","20230715","3.00","3.00","3.00"
"251","217","20230715","4.00","3.00","3.00"
"252","217","20230715","4.00","3.00","3.00"
"253","217","20230715","3.00","4.00","3.00"
"254","217","20230715","4.00","3.00","3.00"
"255","217","20230715","4.00","3.00","3.00"
"256","225","20230715","3.00","3.00","4.00"
"257","225","20230715","3.00","3.00","2.00"
"258","225","20230715","4.00","4.00","3.00"
"259","225","20230715","3.00","4.00","3.00"
"260","225","20230715","2.00","4.00","3.00"
"261","225","20230715","4.00","3.00","3.00"
"262","225","20230715","3.00","4.00","3.00"
"263","225","20230715","4.00","4.00","3.00"
"264","229","20230715","4.00","3.00","2.00"
"265","229","20230715","4.00","5.00","3.00"
"266","229","20230715","2.00","3.00","3.00"
"267","229","20230715","5.00","3.00","3.00"
"268","229","20230715","4.00","3.00","4.00"
"269","229","20230715","3.00","3.00","3.00"
"270","229","20230715","4.00","3.00","3.00"
"271","229","20230715","2.00","4.00","3.00"
"272","229","20230715","5.00","3.00","3.00"
"273","229","20230715","2.00","4.00","4.00"
"274","231","20230715","3.00","4.00","4.00"
"275","231","20230715","4.00","3.00","4.00"
"276","231","20230715","3.00","3.00","3.00"
"277","231","20230715","4.00","3.00","4.00"
"278","231","20230715","4.00","3.00","3.00"
"279","231","20230715","3.00","5.00","3.00"
"280","231","20230715","3.00","3.00","3.00"
"281","236","20230715","5.00","5.00","5.00"
"282","236","20230715","5.00","5.00","5.00"
"283","236","20230715","5.00","5.00","5.00"
"284","236","20230715","5.00","5.00","5.00"
"285","236","20230715","5.00","5.00","5.00"
"286","236","20230715","5.00","5.00","5.00"
"287","236","20230715","5.00","5.00","5.00"
"288","258","20230715","1.00","2.00","2.00"
"289","258","20230715","3.00","2.00","2.00"
"290","258","20230715","2.00","2.00","2.00"
"291","258","20230715","2.00","2.00","2.00"
"292","258","20230715","1.00","2.00","2.00"
"293","258","20230715","4.00","2.00","3.00"
"294","258","20230715","2.00","2.00","2.00"
"295","258","20230715","5.00","3.00","3.00"
"296","258","20230715","3.00","3.00","3.00"
"297","258","20230715","3.00","3.00","3.00"
"298","262","20230715","3.00","4.00","3.00"
"299","262","20230715","4.00","3.00","3.00"
"300","262","20230715","3.00","5.00","4.00"
"301","262","20230715","3.00","3.00","4.00"
"302","262","20230715","4.00","3.00","4.00"
"303","262","20230715","2.00","4.00","4.00"
"304","262","20230715","4.00","4.00","2.00"
"305","262","20230715","2.00","4.00","3.00"
"306","262","20230715","3.00","3.00","4.00"
"307","270","20230715","4.00","5.00","4.00"
"308","270","20230715","4.00","4.00","5.00"
"309","270","20230715","5.00","3.00","3.00"
"310","270","20230715","4.00","4.00","3.00"
"311","275","20230715","3.00","2.00","3.00"
"312","275","20230715","3.00","3.00","4.00"
"313","275","20230715","2.00","4.00","4.00"
"314","275","20230715","3.00","2.00","4.00"
"315","275","20230715","4.00","4.00","3.00"
"316","275","20230715","3.00","4.00","4.00"
"317","275","20230715","5.00","5.00","4.00"
"318","275","20230715","4.00","4.00","4.00"
"319","275","20230715","4.00","3.00","4.00"
"320","275","20230715","3.00","3.00","3.00"
"321","275","20230715","3.00","4.00","3.00"
"322","275","20230715","2.00","3.00","3.00"
"323","275","20230715","3.00","4.00","4.00"
"324","275","20230715","3.00","4.00","3.00"
"325","279","20230715","5.00","3.00","3.00"
"326","279","20230715","4.00","4.00","4.00"
"327","279","20230715","4.00","4.00","3.00"
"328","279","20230715","4.00","4.00","3.00"
"329","279","20230715","5.00","4.00","4.00"
"330","279","20230715","4.00","5.00","4.00"
"331","279","20230715","2.00","3.00","4.00"
"332","279","20230715","4.00","4.00","4.00"
"333","287","20230715","3.00","3.00","2.00"
"334","287","20230715","2.00","3.00","2.00"
"335","287","20230715","2.00","3.00","3.00"
"336","287","20230715","2.00","3.00","3.00"
"337","287","20230715","2.00","3.00","3.00"
"338","287","20230715","3.00","3.00","3.00"
"339","287","20230715","3.00","3.00","3.00"
"340","287","20230715","1.00","3.00","3.00"
"341","287","20230715","3.00","3.00","2.00"
"342","287","20230715","3.00","2.00","3.00"
"343","295","20230715","3.00","4.00","3.00"
"344","295","20230715","4.00","5.00","4.00"
"345","295","20230715","4.00","3.00","3.00"
"346","295","20230715","4.00","2.00","3.00"
"347","295","20230715","3.00","4.00","3.00"
"348","295","20230715","2.00","4.00","4.00"
"349","295","20230715","4.00","3.00","4.00"
"350","295","20230715","3.00","3.00","5.00"
"351","295","20230715","2.00","2.00","4.00"
"352","295","20230715","3.00","4.00","3.00"
"353","299","20230715","5.00","4.00","4.00"
"354","299","20230715","4.00","5.00","2.00"
"355","299","20230715","4.00","4.00","3.00"
"356","299","20230715","4.00","4.00","4.00"
"357","299","20230715","4.00","4.00","4.00"
"358","299","20230715","4.00","4.00","4.00"
"359","299","20230715","5.00","5.00","3.00"
"360","299","20230715","5.00","4.00","3.00"
"361","299","20230715","4.00","4.00","3.00"
"362","311","20230715","2.00","3.00","2.00"
"363","311","20230715","3.00","3.00","3.00"
"364","311","20230715","4.00","3.00","4.00"
"365","311","20230715","3.00","3.00","2.00"
"366","315","20230715","1.00","3.00","3.00"
"367","315","20230715","4.00","3.00","2.00"
"368","315","20230715","1.00","4.00","2.00"
"369","315","20230715","3.00","3.00","3.00"
"370","315","20230715","3.00","3.00","3.00"
"371","315","20230715","3.00","4.00","3.00"
"372","315","20230715","2.00","2.00","2.00"
"373","315","20230715","3.00","3.00","3.00"
"374","315","20230715","3.00","3.00","3.00"
"375","315","20230715","2.00","3.00","2.00"
"376","329","20230715","2.00","4.00","2.00"
"377","329","20230715","3.00","4.00","4.00"
"378","329","20230715","3.00","5.00","4.00"
"379","329","20230715","4.00","3.00","4.00"
"380","329","20230715","4.00","3.00","3.00"
"381","329","20230715","5.00","3.00","4.00"
"382","329","20230715","4.00","5.00","3.00"
"383","329","20230715","3.00","3.00","4.00"
"384","329","20230715","4.00","3.00","3.00"
"385","329","20230715","2.00","4.00","4.00"
"386","329","20230715","4.00","4.00","4.00"
"387","329","20230715","3.00","4.00","3.00"
"388","329","20230715","4.00","4.00","4.00"
"389","333","20230715","3.00","5.00","5.00"
"390","333","20230715","4.00","5.00","4.00"
"391","333","20230715","4.00","4.00","4.00"
"392","333","20230715","3.00","5.00","3.00"
"393","333","20230715","4.00","4.00","5.00"
"394","333","20230715","3.00","4.00","4.00"
"395","333","20230715","3.00","3.00","4.00"
"396","333","20230715","4.00","4.00","5.00"
"397","333","20230715","3.00","4.00","3.00"
"398","333","20230715","3.00","4.00","4.00"
"399","333","20230715","4.00","4.00","5.00"
"400","333","20230715","5.00","5.00","4.00"
"401","333","20230715","5.00","5.00","5.00"
"402","333","20230715","4.00","4.00","4.00"
"403","345","20230715","5.00","3.00","4.00"
"404","345","20230715","3.00","4.00","4.00"
"405","345","20230715","4.00","3.00","4.00"
"406","345","20230715","5.00","4.00","4.00"
"407","345","20230715","4.00","5.00","3.00"
"408","345","20230715","4.00","4.00","3.00"
"409","345","20230715","4.00","5.00","4.00"
"410","345","20230715","4.00","5.00","4.00"
"411","359","20230715","3.00","5.00","4.00"
"412","359","20230715","5.00","4.00","4.00"
"413","359","20230715","5.00","4.00","4.00"
"414","359","20230715","4.00","4.00","4.00"
"415","371","20230715","5.00","3.00","4.00"
"416","371","20230715","4.00","4.00","4.00"
"417","371","20230715","4.00","5.00","4.00"
"418","371","20230715","3.00","4.00","4.00"
"419","371","20230715","4.00","4.00","4.00"
"420","371","20230715","5.00","4.00","5.00"
"421","377","20230715","3.00","3.00","4.00"
"422","377","20230715","2.00","3.00","3.00"
"423","377","20230715","3.00","3.00","3.00"
"424","377","20230715","2.00","2.00","3.00"
"425","377","20230715","2.00","3.00","2.00"
"426","377","20230715","4.00","2.00","3.00"
"427","377","20230715","3.00","3.00","3.00"
"428","377","20230715","3.00","3.00","3.00"
"429","377","20230715","1.00","3.00","2.00"
"430","377","20230715","1.00","3.00","4.00"
"431","377","20230715","3.00","3.00","3.00"
"432","381","20230715","4.00","3.00","5.00"
"433","381","20230715","3.00","4.00","4.00"
"434","381","20230715","4.00","3.00","3.00"
"435","381","20230715","4.00","4.00","4.00"
"436","381","20230715","4.00","4.00","4.00"
"437","381","20230715","3.00","3.00","3.00"
"438","385","20230715","4.00","4.00","4.00"
"439","385","20230715","4.00","4.00","4.00"
"440","385","20230715","4.00","5.00","4.00"
"441","385","20230715","3.00","4.00","4.00"
"442","385","20230715","3.00","4.00","4.00"
"443","385","20230715","4.00","5.00","4.00"
"444","385","20230715","3.00","3.00","4.00"
"445","417","20230715","4.00","5.00","3.00"
"446","417","20230715","2.00","3.00","3.00"
"447","417","20230715","2.00","3.00","3.00"
"448","417","20230715","3.00","3.00","2.00"
"449","417","20230715","2.00","3.00","2.00"
"450","417","20230715","4.00","3.00","3.00"
"451","417","20230715","2.00","3.00","3.00"
"452","417","20230715","3.00","4.00","2.00"
"453","417","20230715","3.00","3.00","4.00"
"454","417","20230715","2.00","4.00","4.00"
"455","417","20230715","4.00","4.00","3.00"
"456","417","20230715","2.00","3.00","3.00"
"457","417","20230715","4.00","2.00","3.00"
"458","417","20230715","3.00","3.00","3.00"
"459","421","20230715","3.00","2.00","3.00"
"460","421","20230715","3.00","3.00","3.00"
"461","421","20230715","2.00","3.00","2.00"
"462","421","20230715","2.00","2.00","3.00"
"463","421","20230715","2.00","2.00","3.00"
"464","421","20230715","2.00","2.00","3.00"
"465","421","20230715","3.00","3.00","2.00"
"466","421","20230715","3.00","3.00","3.00"
"467","421","20230715","3.00","2.00","2.00"
"468","421","20230715","3.00","3.00","3.00"
"469","421","20230715","2.00","3.00","3.00"
"470","421","20230715","2.00","2.00","3.00"
"471","421","20230715","3.00","4.00","4.00"
"472","421","20230715","2.00","3.00","3.00"
"473","421","20230715","3.00","2.00","3.00"
"474","425","20230715","4.00","4.00","3.00"
"475","425","20230715","4.00","4.00","4.00"
"476","425","20230715","5.00","4.00","4.00"
"477","425","20230715","5.00","4.00","3.00"
"478","425","20230715","4.00","4.00","5.00"
"479","425","20230715","4.00","4.00","4.00"
"480","425","20230715","5.00","4.00","5.00"
"481","425","20230715","4.00","4.00","4.00"
"482","425","20230715","4.00","5.00","5.00"
"483","425","20230715","5.00","5.00","4.00"
"484","425","20230715","4.00","4.00","5.00"
"485","425","20230715","5.00","5.00","3.00"
"486","425","20230715","3.00","4.00","4.00"
"487","444","20230715","4.00","5.00","4.00"
"488","444","20230715","5.00","5.00","4.00"
"489","444","20230715","4.00","5.00","5.00"
"490","444","20230715","4.00","4.00","4.00"
"491","444","20230715","5.00","5.00","5.00"
"492","444","20230715","3.00","3.00","3.00"
"493","444","20230715","4.00","5.00","3.00"
"494","444","20230715","4.00","5.00","4.00"
"495","444","20230715","5.00","5.00","4.00"
"496","444","20230715","4.00","4.00","4.00"
"497","444","20230715","5.00","5.00","5.00"
"498","444","20230715","4.00","5.00","5.00"
"499","444","20230715","4.00","5.00","5.00"
"500","457","20230715","5.00","5.00","4.00"
"501","457","20230715","5.00","5.00","5.00"
"502","457","20230715","5.00","5.00","5.00"
"503","461","20230715","4.00","4.00","3.00"
"504","461","20230715","5.00","5.00","3.00"
"505","461","20230715","4.00","4.00","4.00"
"506","461","20230715","4.00","3.00","4.00"
"507","461","20230715","3.00","4.00","4.00"
"508","461","20230715","3.00","3.00","4.00"
"509","461","20230715","2.00","4.00","3.00"
"510","461","20230715","3.00","4.00","4.00"
"511","461","20230715","4.00","4.00","4.00"
"512","461","20230715","4.00","5.00","3.00"
"513","461","20230715","4.00","3.00","3.00"
"514","461","20230715","3.00","3.00","4.00"
"515","461","20230715","3.00","4.00","5.00"
"516","461","20230715","3.00","4.00","3.00"
"517","493","20230715","1.00","3.00","3.00"
"518","493","20230715","3.00","3.00","4.00"
"519","493","20230715","3.00","4.00","2.00"
"520","493","20230715","5.00","3.00","4.00"
"521","493","20230715","1.00","3.00","4.00"
"522","493","20230715","3.00","4.00","3.00"
"523","493","20230715","2.00","4.00","3.00"
"524","493","20230715","4.00","3.00","4.00"
"525","493","20230715","3.00","3.00","3.00"
"526","493","20230715","2.00","4.00","3.00"
"527","493","20230715","4.00","4.00","3.00"
"528","493","20230715","4.00","4.00","3.00"
"529","493","20230715","2.00","3.00","3.00"
"530","493","20230715","4.00","5.00","4.00"
"531","493","20230715","3.00","4.00","3.00"
"532","497","20230715","2.00","2.00","3.00"
"533","497","20230715","3.00","3.00","3.00"
"534","497","20230715","3.00","3.00","3.00"
"535","497","20230715","2.00","3.00","2.00"
"536","497","20230715","3.00","2.00","3.00"
"537","497","20230715","3.00","3.00","3.00"
"538","497","20230715","2.00","4.00","2.00"
"539","497","20230715","3.00","3.00","3.00"
"540","497","20230715","2.00","2.00","4.00"
"541","497","20230715","4.00","3.00","1.00"
"542","497","20230715","2.00","1.00","3.00"
"543","497","20230715","4.00","4.00","3.00"
"544","517","20230715","3.00","2.00","3.00"
"545","517","20230715","4.00","3.00","3.00"
"546","517","20230715","3.00","3.00","2.00"
"547","517","20230715","4.00","3.00","3.00"
"548","517","20230715","3.00","3.00","3.00"
"549","517","20230715","1.00","2.00","3.00"
"550","517","20230715","4.00","3.00","3.00"
"551","517","20230715","4.00","3.00","3.00"
"552","517","20230715","3.00","3.00","3.00"
"553","517","20230715","3.00","3.00","2.00"
"554","517","20230715","3.00","3.00","2.00"
"555","521","20230715","3.00","3.00","5.00"
"556","521","20230715","4.00","4.00","5.00"
"557","521","20230715","5.00","4.00","4.00"
"558","521","20230715","3.00","4.00","4.00"
"559","521","20230715","3.00","4.00","4.00"
"560","521","20230715","4.00","4.00","4.00"
"561","521","20230715","3.00","3.00","3.00"
"562","521","20230715","4.00","5.00","5.00"
"563","521","20230715","4.00","4.00","4.00"
"564","521","20230715","5.00","4.00","4.00"
"565","521","20230715","4.00","4.00","4.00"
"566","532","20230715","3.00","3.00","2.00"
"567","532","20230715","2.00","5.00","3.00"
"568","532","20230715","2.00","2.00","4.00"
"569","532","20230715","3.00","2.00","3.00"
"570","532","20230715","2.00","3.00","3.00"
"571","532","20230715","3.00","3.00","3.00"
"572","532","20230715","3.00","3.00","3.00"
"573","532","20230715","5.00","2.00","3.00"
"574","532","20230715","2.00","2.00","4.00"
"575","532","20230715","3.00","4.00","3.00"
"576","532","20230715","3.00","3.00","2.00"
"577","532","20230715","2.00","3.00","3.00"
"578","554","20230715","4.00","4.00","4.00"
"579","554","20230715","2.00","5.00","4.00"
"580","554","20230715","5.00","2.00","4.00"
"581","554","20230715","3.00","4.00","4.00"
"582","554","20230715","4.00","3.00","4.00"
"583","554","20230715","4.00","4.00","4.00"
"584","574","20230715","3.00","4.00","5.00"
"585","574","20230715","5.00","4.00","5.00"
"586","574","20230715","4.00","5.00","4.00"
"587","574","20230715","4.00","4.00","5.00"
"588","574","20230715","5.00","4.00","5.00"
"589","574","20230715","4.00","5.00","4.00"
"590","578","20230715","3.00","4.00","2.00"
"591","578","20230715","4.00","3.00","3.00"
"592","578","20230715","3.00","5.00","4.00"
"593","578","20230715","3.00","5.00","4.00"
"594","578","20230715","3.00","3.00","4.00"
"595","612","20230715","3.00","2.00","3.00"
"596","612","20230715","3.00","4.00","3.00"
"597","612","20230715","3.00","4.00","3.00"
"598","612","20230715","3.00","2.00","4.00"
"599","612","20230715","2.00","4.00","2.00"
"600","612","20230715","2.00","3.00","2.00"
"601","612","20230715","3.00","3.00","4.00"
"602","612","20230715","2.00","4.00","3.00"
"603","627","20230715","5.00","3.00","3.00"
"604","627","20230715","3.00","3.00","4.00"
"605","627","20230715","2.00","3.00","3.00"
"606","627","20230715","3.00","4.00","3.00"
"607","627","20230715","3.00","3.00","3.00"
"608","627","20230715","3.00","3.00","3.00"
"609","627","20230715","4.00","3.00","3.00"
"610","665","20230715","2.00","2.00","2.00"
"611","665","20230715","3.00","3.00","2.00"
"612","665","20230715","2.00","3.00","3.00"
"613","665","20230715","3.00","2.00","1.00"
"614","665","20230715","1.00","2.00","1.00"
"615","665","20230715","2.00","2.00","2.00"
"616","665","20230715","3.00","3.00","1.00"
"617","677","20230715","2.00","2.00","2.00"
"618","677","20230715","2.00","2.00","3.00"
"619","677","20230715","3.00","3.00","2.00"
"620","677","20230715","2.00","2.00","3.00"
"621","677","20230715","3.00","3.00","3.00"
"622","677","20230715","2.00","3.00","3.00"
"623","677","20230715","2.00","3.00","2.00"
"624","681","20230715","5.00","4.00","5.00"
"625","681","20230715","4.00","4.00","5.00"
"626","681","20230715","5.00","4.00","4.00"
"627","681","20230715","5.00","4.00","4.00"
"628","681","20230715","4.00","4.00","5.00"
"629","685","20230715","5.00","5.00","4.00"
"630","685","20230715","5.00","5.00","4.00"
"631","685","20230715","5.00","5.00","5.00"
"632","685","20230715","5.00","5.00","5.00"
"633","685","20230715","3.00","5.00","4.00"
"634","685","20230715","5.00","5.00","4.00"
"635","685","20230715","4.00","5.00","5.00"
"636","685","20230715","5.00","5.00","5.00"
"637","689","20230715","4.00","3.00","3.00"
"638","689","20230715","4.00","4.00","4.00"
"639","689","20230715","4.00","3.00","4.00"
"640","689","20230715","3.00","3.00","3.00"
"641","689","20230715","5.00","4.00","4.00"
"642","689","20230715","2.00","4.00","4.00"
"643","689","20230715","3.00","2.00","4.00"
"644","689","20230715","4.00","4.00","3.00"
"645","689","20230715","5.00","3.00","3.00"
"646","689","20230715","3.00","4.00","3.00"
"647","689","20230715","4.00","4.00","4.00"
"648","689","20230715","3.00","4.00","4.00"
"649","689","20230715","4.00","4.00","4.00"
"650","703","20230715","4.00","4.00","4.00"
"651","703","20230715","4.00","4.00","4.00"
"652","703","20230715","4.00","4.00","4.00"
"653","703","20230715","4.00","4.00","5.00"
"654","703","20230715","4.00","3.00","4.00"
"655","703","20230715","4.00","5.00","4.00"
"656","703","20230715","4.00","4.00","5.00"
"657","703","20230715","5.00","4.00","4.00"
"658","703","20230715","3.00","3.00","5.00"
"659","703","20230715","5.00","4.00","4.00"
"660","703","20230715","4.00","4.00","3.00"
"661","703","20230715","5.00","4.00","4.00"
"662","703","20230715","3.00","5.00","4.00"
"663","711","20230715","4.00","4.00","3.00"
"664","711","20230715","5.00","4.00","4.00"
"665","711","20230715","5.00","4.00","3.00"
"666","711","20230715","4.00","4.00","4.00"
"667","711","20230715","5.00","5.00","5.00"
"668","711","20230715","5.00","3.00","3.00"
"669","711","20230715","4.00","4.00","4.00"
"670","711","20230715","4.00","4.00","5.00"
"671","711","20230715","3.00","4.00","4.00"
"672","711","20230715","4.00","4.00","4.00"
"673","711","20230715","2.00","5.00","4.00"
"674","711","20230715","3.00","5.00","4.00"
"675","711","20230715","4.00","4.00","4.00"
"676","711","20230715","4.00","4.00","4.00"
"677","721","20230715","3.00","4.00","4.00"
"678","721","20230715","3.00","3.00","4.00"
"679","721","20230715","3.00","4.00","3.00"
"680","721","20230715","3.00","3.00","3.00"
"681","721","20230715","4.00","4.00","2.00"
"682","721","20230715","3.00","3.00","4.00"
"683","721","20230715","3.00","4.00","4.00"
"684","721","20230715","3.00","4.00","4.00"
"685","721","20230715","3.00","3.00","5.00"
"686","721","20230715","3.00","4.00","4.00"
"687","721","20230715","4.00","4.00","4.00"
"688","721","20230715","5.00","4.00","3.00"
"689","725","20230715","3.00","4.00","4.00"
"690","725","20230715","2.00","3.00","4.00"
"691","725","20230715","3.00","4.00","4.00"
"692","725","20230715","4.00","3.00","2.00"
"693","725","20230715","3.00","5.00","3.00"
"694","725","20230715","3.00","3.00","3.00"
"695","725","20230715","3.00","3.00","3.00"
"696","725","20230715","4.00","4.00","4.00"
"697","725","20230715","3.00","3.00","3.00"
"698","754","20230715","4.00","5.00","5.00"
"699","754","20230715","5.00","4.00","5.00"
"700","754","20230715","5.00","5.00","4.00"
"701","754","20230715","5.00","5.00","5.00"
"702","754","20230715","5.00","4.00","4.00"
"703","754","20230715","5.00","5.00","5.00"
"704","754","20230715","5.00","5.00","4.00"
"705","754","20230715","5.00","5.00","4.00"
"706","760","20230715","2.00","4.00","3.00"
"707","760","20230715","2.00","4.00","3.00"
"708","760","20230715","3.00","2.00","4.00"
"709","760","20230715","3.00","4.00","3.00"
"710","760","20230715","4.00","2.00","2.00"
"711","760","20230715","3.00","3.00","3.00"
"712","760","20230715","4.00","3.00","3.00"
"713","760","20230715","4.00","3.00","3.00"
"714","760","20230715","3.00","3.00","3.00"
"715","760","20230715","4.00","3.00","3.00"
"716","760","20230715","3.00","3.00","4.00"
"717","760","20230715","2.00","3.00","3.00"
"718","764","20230715","4.00","5.00","4.00"
"719","764","20230715","4.00","4.00","4.00"
"720","764","20230715","5.00","4.00","3.00"
"721","764","20230715","4.00","5.00","4.00"
"722","764","20230715","4.00","5.00","5.00"
"723","764","20230715","3.00","5.00","4.00"
"724","764","20230715","3.00","4.00","4.00"
"725","764","20230715","3.00","4.00","4.00"
"726","764","20230715","4.00","4.00","5.00"
"727","764","20230715","4.00","3.00","4.00"
"728","764","20230715","4.00","5.00","4.00"
"729","764","20230715","4.00","4.00","3.00"
"730","775","20230715","2.00","3.00","3.00"
"731","775","20230715","2.00","3.00","3.00"
"732","775","20230715","3.00","4.00","3.00"
"733","775","20230715","3.00","3.00","3.00"
"734","775","20230715","2.00","4.00","3.00"
"735","775","20230715","4.00","4.00","3.00"
"736","779","20230715","3.00","1.00","3.00"
"737","779","20230715","2.00","3.00","3.00"
"738","779","20230715","2.00","3.00","3.00"
"739","779","20230715","3.00","4.00","3.00"
"740","779","20230715","2.00","3.00","4.00"
"741","779","20230715","2.00","2.00","3.00"
"742","779","20230715","1.00","3.00","3.00"
"743","779","20230715","3.00","3.00","2.00"
"744","779","20230715","2.00","3.00","2.00"
"745","779","20230715","3.00","3.00","2.00"
"746","779","20230715","3.00","2.00","2.00"
"747","779","20230715","2.00","2.00","3.00"
"748","779","20230715","3.00","2.00","3.00"
"749","795","20230715","2.00","4.00","3.00"
"750","795","20230715","3.00","4.00","2.00"
"751","795","20230715","4.00","4.00","3.00"
"752","795","20230715","4.00","4.00","4.00"
"753","795","20230715","3.00","4.00","3.00"
"754","795","20230715","3.00","4.00","3.00"
"755","795","20230715","3.00","4.00","3.00"
"756","795","20230715","3.00","3.00","4.00"
"757","795","20230715","4.00","5.00","3.00"
"758","795","20230715","3.00","4.00","4.00"
"759","795","20230715","3.00","3.00","3.00"
"760","795","20230715","4.00","5.00","3.00"
"761","795","20230715","4.00","4.00","4.00"
"762","795","20230715","4.00","5.00","3.00"
"763","807","20230715","5.00","4.00","4.00"
"764","807","20230715","4.00","5.00","3.00"
"765","807","20230715","3.00","4.00","5.00"
"766","807","20230715","5.00","3.00","4.00"
"767","807","20230715","2.00","4.00","4.00"
"768","807","20230715","3.00","4.00","4.00"
"769","807","20230715","3.00","5.00","4.00"
"770","807","20230715","4.00","4.00","4.00"
"771","807","20230715","4.00","3.00","3.00"
"772","807","20230715","4.00","4.00","4.00"
"773","807","20230715","4.00","3.00","4.00"
"774","807","20230715","4.00","4.00","3.00"
"775","812","20230715","4.00","3.00","3.00"
"776","812","20230715","5.00","2.00","3.00"
"777","812","20230715","4.00","3.00","3.00"
"778","820","20230715","4.00","4.00","3.00"
"779","820","20230715","5.00","4.00","5.00"
"780","820","20230715","3.00","4.00","3.00"
"781","820","20230715","4.00","4.00","4.00"
"782","820","20230715","4.00","4.00","4.00"
"783","820","20230715","3.00","4.00","4.00"
"784","820","20230715","3.00","4.00","4.00"
"785","820","20230715","5.00","5.00","4.00"
"786","820","20230715","4.00","3.00","5.00"
"787","820","20230715","5.00","4.00","4.00"
"788","820","20230715","5.00","5.00","4.00"
"789","820","20230715","3.00","4.00","4.00"
"790","820","20230715","4.00","4.00","5.00"
"791","824","20230715","3.00","2.00","3.00"
"792","824","20230715","5.00","3.00","3.00"
"793","824","20230715","4.00","4.00","4.00"
"794","824","20230715","3.00","4.00","4.00"
"795","824","20230715","4.00","4.00","4.00"
"796","824","20230715","3.00","4.00","3.00"
"797","824","20230715","4.00","3.00","3.00"
"798","824","20230715","3.00","3.00","3.00"
"799","824","20230715","2.00","4.00","3.00"
"800","824","20230715","3.00","3.00","4.00"
"801","824","20230715","3.00","4.00","4.00"
"802","824","20230715","4.00","3.00","3.00"
"803","828","20230715","4.00","5.00","4.00"
"804","828","20230715","5.00","5.00","4.00"
"805","828","20230715","5.00","4.00","5.00"
"806","828","20230715","4.00","4.00","4.00"
"807","828","20230715","3.00","3.00","5.00"
"808","828","20230715","5.00","5.00","4.00"
"809","828","20230715","3.00","5.00","3.00"
"810","828","20230715","4.00","4.00","3.00"
"811","828","20230715","4.00","4.00","5.00"
"812","839","20230715","3.00","3.00","3.00"
"813","839","20230715","3.00","3.00","4.00"
"814","839","20230715","4.00","4.00","3.00"
"815","839","20230715","3.00","5.00","3.00"
"816","839","20230715","3.00","3.00","2.00"
"817","839","20230715","2.00","4.00","3.00"
"818","839","20230715","4.00","4.00","4.00"
"819","839","20230715","4.00","4.00","3.00"
"820","839","20230715","3.00","4.00","3.00"
"821","839","20230715","3.00","3.00","4.00"
"822","839","20230715","4.00","4.00","3.00"
"823","839","20230715","3.00","4.00","4.00"
"824","839","20230715","3.00","3.00","4.00"
"825","845","20230715","3.00","4.00","3.00"
"826","845","20230715","4.00","4.00","4.00"
"827","845","20230715","5.00","5.00","4.00"
"828","845","20230715","4.00","5.00","5.00"
"829","845","20230715","4.00","4.00","4.00"
"830","845","20230715","3.00","4.00","5.00"
"831","845","20230715","4.00","4.00","5.00"
"832","845","20230715","4.00","3.00","4.00"
"833","845","20230715","4.00","5.00","4.00"
"834","845","20230715","5.00","4.00","4.00"
"835","845","20230715","5.00","4.00","4.00"
"836","845","20230715","3.00","4.00","5.00"
"837","847","20230715","4.00","4.00","3.00"
"838","847","20230715","4.00","4.00","4.00"
"839","847","20230715","4.00","5.00","4.00"
"840","847","20230715","4.00","5.00","4.00"
"841","847","20230715","4.00","5.00","5.00"
"842","847","20230715","5.00","5.00","4.00"
"843","851","20230715","4.00","4.00","3.00"
"844","851","20230715","3.00","4.00","4.00"
"845","851","20230715","3.00","4.00","3.00"
"846","851","20230715","3.00","4.00","4.00"
"847","851","20230715","4.00","4.00","4.00"
"848","851","20230715","3.00","3.00","3.00"
"849","851","20230715","3.00","4.00","3.00"
"850","851","20230715","4.00","4.00","3.00"
"851","851","20230715","4.00","3.00","3.00"
"852","851","20230715","2.00","4.00","3.00"
"853","851","20230715","4.00","3.00","3.00"
"854","851","20230715","4.00","4.00","4.00"
"855","851","20230715","3.00","4.00","4.00"
"856","851","20230715","2.00","4.00","4.00"
"857","859","20230715","5.00","5.00","5.00"
"858","859","20230715","5.00","5.00","5.00"
"859","859","20230715","5.00","5.00","5.00"
"860","859","20230715","5.00","5.00","5.00"
"861","859","20230715","5.00","5.00","5.00"
"862","859","20230715","5.00","5.00","5.00"
"863","859","20230715","5.00","5.00","5.00"
"864","867","20230715","2.00","2.00","2.00"
"865","867","20230715","2.00","3.00","2.00"
"866","867","20230715","3.00","4.00","3.00"
"867","867","20230715","3.00","2.00","2.00"
"868","867","20230715","3.00","2.00","2.00"
"869","871","20230715","2.00","3.00","3.00"
"870","871","20230715","3.00","3.00","3.00"
"871","871","20230715","2.00","3.00","4.00"
"872","871","20230715","3.00","4.00","4.00"
"873","871","20230715","5.00","4.00","3.00"
"874","871","20230715","5.00","4.00","3.00"
"875","871","20230715","3.00","5.00","3.00"
"876","871","20230715","4.00","4.00","3.00"
"877","879","20230715","5.00","5.00","4.00"
"878","879","20230715","5.00","4.00","4.00"
"879","879","20230715","4.00","5.00","4.00"
"880","879","20230715","5.00","5.00","4.00"
"881","879","20230715","4.00","5.00","4.00"
"882","879","20230715","3.00","3.00","4.00"
"883","879","20230715","4.00","4.00","4.00"
"884","879","20230715","3.00","3.00","3.00"
"885","879","20230715","5.00","4.00","4.00"
"886","879","20230715","5.00","4.00","4.00"
"887","894","20230715","4.00","5.00","5.00"
"888","894","20230715","5.00","5.00","5.00"
"889","894","20230715","4.00","5.00","4.00"
"890","894","20230715","5.00","4.00","5.00"
"891","894","20230715","4.00","5.00","5.00"
"892","894","20230715","5.00","5.00","4.00"
"893","894","20230715","5.00","5.00","5.00"
"894","909","20230715","5.00","5.00","4.00"
"895","909","20230715","4.00","5.00","5.00"
"896","909","20230715","5.00","5.00","5.00"
"897","909","20230715","5.00","5.00","5.00"
"898","909","20230715","5.00","5.00","5.00"
"899","909","20230715","5.00","4.00","5.00"
"900","909","20230715","5.00","5.00","5.00"
"901","909","20230715","5.00","5.00","4.00"
"902","909","20230715","5.00","4.00","5.00"
"903","909","20230715","5.00","5.00","5.00"
"904","909","20230715","5.00","5.00","5.00"
"905","909","20230715","4.00","4.00","4.00"
"906","909","20230715","4.00","5.00","5.00"
"907","915","20230715","5.00","5.00","5.00"
"908","915","20230715","4.00","4.00","5.00"
"909","915","20230715","5.00","4.00","5.00"
"910","915","20230715","4.00","4.00","5.00"
"911","915","20230715","4.00","4.00","4.00"
"912","915","20230715","5.00","5.00","5.00"
"913","915","20230715","4.00","5.00","4.00"
"914","915","20230715","5.00","5.00","5.00"
"915","915","20230715","5.00","5.00","4.00"
"916","915","20230715","5.00","5.00","5.00"
"917","915","20230715","5.00","5.00","5.00"
"918","915","20230715","5.00","5.00","5.00"
"919","915","20230715","5.00","5.00","4.00"
"920","915","20230715","5.00","5.00","4.00"
"921","915","20230715","5.00","5.00","5.00"
"922","917","20230715","2.00","3.00","4.00"
"923","917","20230715","3.00","4.00","3.00"
"924","917","20230715","5.00","3.00","3.00"
"925","917","20230715","3.00","3.00","3.00"
"926","917","20230715","2.00","5.00","4.00"
"927","917","20230715","3.00","3.00","3.00"
"928","917","20230715","4.00","3.00","3.00"
"929","917","20230715","4.00","3.00","4.00"
"930","917","20230715","2.00","3.00","4.00"
"931","917","20230715","4.00","4.00","3.00"
"932","917","20230715","5.00","2.00","4.00"
"933","929","20230715","4.00","5.00","4.00"
"934","929","20230715","5.00","5.00","4.00"
"935","929","20230715","4.00","3.00","5.00"
"936","929","20230715","5.00","5.00","5.00"
"937","929","20230715","4.00","5.00","4.00"
"938","941","20230715","2.00","2.00","2.00"
"939","941","20230715","3.00","2.00","2.00"
"940","941","20230715","3.00","2.00","2.00"
"941","941","20230715","2.00","4.00","2.00"
"942","941","20230715","2.00","3.00","2.00"
"943","941","20230715","3.00","3.00","3.00"
"944","941","20230715","4.00","3.00","2.00"
"945","941","20230715","3.00","2.00","2.00"
"946","941","20230715","2.00","3.00","3.00"
"947","941","20230715","3.00","3.00","1.00"
"948","941","20230715","2.00","2.00","3.00"
"949","949","20230715","2.00","2.00","2.00"
"950","949","20230715","1.00","1.00","1.00"
"951","949","20230715","1.00","2.00","1.00"
"952","949","20230715","1.00","2.00","1.00"
"953","952","20230715","3.00","3.00","2.00"
"954","952","20230715","2.00","3.00","2.00"
"955","952","20230715","2.00","3.00","3.00"
"956","952","20230715","1.00","3.00","2.00"
"957","952","20230715","2.00","2.00","2.00"
"958","952","20230715","3.00","2.00","2.00"
"959","952","20230715","4.00","2.00","2.00"
"960","952","20230715","3.00","3.00","3.00"
"961","952","20230715","4.00","2.00","3.00"
"962","952","20230715","1.00","3.00","2.00"
"963","952","20230715","2.00","3.00","2.00"
"964","952","20230715","2.00","2.00","2.00"
"965","952","20230715","2.00","3.00","2.00"
"966","952","20230715","2.00","3.00","2.00"
"967","966","20230715","2.00","3.00","3.00"
"968","966","20230715","3.00","3.00","2.00"
"969","966","20230715","3.00","2.00","2.00"
"970","966","20230715","2.00","3.00","3.00"
"971","966","20230715","2.00","3.00","3.00"
"972","966","20230715","2.00","2.00","3.00"
"973","966","20230715","4.00","2.00","3.00"
"974","966","20230715","2.00","3.00","4.00"
"975","966","20230715","2.00","3.00","2.00"
"976","966","20230715","3.00","2.00","2.00"
"977","966","20230715","4.00","4.00","3.00"
"978","966","20230715","2.00","3.00","3.00"
"979","966","20230715","3.00","3.00","2.00"
"980","966","20230715","1.00","2.00","3.00"
"981","966","20230715","2.00","2.00","2.00"
"982","970","20230715","3.00","3.00","2.00"
"983","970","20230715","2.00","1.00","2.00"
"984","970","20230715","2.00","2.00","2.00"
"985","970","20230715","2.00","2.00","1.00"
"986","977","20230715","2.00","3.00","3.00"
"987","977","20230715","4.00","2.00","3.00"
"988","977","20230715","2.00","3.00","4.00"
"989","977","20230715","5.00","4.00","3.00"
"990","977","20230715","4.00","2.00","3.00"
"991","977","20230715","2.00","3.00","3.00"
"992","977","20230715","4.00","3.00","2.00"
"993","977","20230715","4.00","4.00","4.00"
"994","977","20230715","3.00","3.00","3.00"
"995","981","20230715","3.00","3.00","3.00"
"996","981","20230715","3.00","4.00","3.00"
"997","981","20230715","3.00","3.00","4.00"
"998","981","20230715","3.00","3.00","2.00"
"999","981","20230715","2.00","3.00","3.00"
"1000","981","20230715","3.00","4.00","4.00"
"1001","981","20230715","4.00","2.00","3.00"
"1002","981","20230715","4.00","4.00","4.00"
"1003","989","20230715","2.00","1.00","2.00"
"1004","989","20230715","1.00","3.00","2.00"
"1005","989","20230715","1.00","3.00","2.00"
"1006","989","20230715","1.00","1.00","3.00"
"1007","989","20230715","2.00","3.00","3.00"
"1008","989","20230715","1.00","2.00","2.00"
"1009","989","20230715","2.00","3.00","1.00"
"1010","989","20230715","2.00","2.00","2.00"
"1011","989","20230715","1.00","2.00","2.00"
"1012","989","20230715","1.00","3.00","1.00"
"1013","1003","20230715","4.00","3.00","3.00"
"1014","1003","20230715","5.00","5.00","3.00"
"1015","1003","20230715","4.00","4.00","4.00"
"1016","1007","20230715","4.00","4.00","4.00"
"1017","1007","20230715","3.00","4.00","4.00"
"1018","1007","20230715","4.00","4.00","5.00"
"1019","1007","20230715","4.00","4.00","4.00"
"1020","1007","20230715","4.00","3.00","3.00"
"1021","1007","20230715","3.00","4.00","4.00"
"1022","1019","20230715","3.00","2.00","3.00"
"1023","1019","20230715","2.00","2.00","3.00"
"1024","1019","20230715","2.00","2.00","2.00"
"1025","1019","20230715","3.00","2.00","2.00"
"1026","1019","20230715","3.00","2.00","3.00"
"1027","1019","20230715","2.00","3.00","2.00"
"1028","1019","20230715","2.00","3.00","3.00"
"1029","1019","20230715","4.00","3.00","2.00"
"1030","1043","20230715","3.00","4.00","3.00"
"1031","1043","20230715","2.00","2.00","2.00"
"1032","1043","20230715","2.00","3.00","3.00"
"1033","1043","20230715","3.00","3.00","2.00"
"1034","1043","20230715","3.00","4.00","3.00"
"1035","1043","20230715","2.00","3.00","4.00"
"1036","1043","20230715","2.00","4.00","4.00"
"1037","1043","20230715","3.00","4.00","3.00"
"1038","1043","20230715","4.00","4.00","2.00"
"1039","1043","20230715","2.00","3.00","3.00"
"1040","1043","20230715","3.00","3.00","3.00"
"1041","1043","20230715","2.00","4.00","3.00"
"1042","1043","20230715","2.00","2.00","3.00"
"1043","1043","20230715","3.00","3.00","3.00"
"1044","1043","20230715","3.00","4.00","3.00"
"1045","1051","20230715","5.00","5.00","5.00"
"1046","1051","20230715","5.00","5.00","5.00"
"1047","1051","20230715","5.00","5.00","5.00"
"1048","1051","20230715","5.00","5.00","5.00"
"1049","1051","20230715","4.00","5.00","5.00"
"1050","1051","20230715","5.00","5.00","4.00"
"1051","1051","20230715","4.00","5.00","5.00"
"1052","1051","20230715","5.00","5.00","5.00"
"1053","1051","20230715","5.00","4.00","4.00"
"1054","1051","20230715","5.00","5.00","5.00"
"1055","1051","20230715","5.00","5.00","5.00"
"1056","1051","20230715","5.00","5.00","5.00"
"1057","1051","20230715","5.00","5.00","5.00"
"1058","1057","20230715","2.00","5.00","3.00"
"1059","1057","20230715","4.00","3.00","3.00"
"1060","1057","20230715","4.00","3.00","3.00"
"1061","1057","20230715","3.00","4.00","3.00"
"1062","1062","20230715","2.00","3.00","2.00"
"1063","1062","20230715","3.00","2.00","3.00"
"1064","1062","20230715","3.00","3.00","2.00"
"1065","1074","20230715","1.00","5.00","2.00"
"1066","1074","20230715","2.00","3.00","3.00"
"1067","1074","20230715","3.00","3.00","3.00"
"1068","1074","20230715","4.00","3.00","3.00"
"1069","1074","20230715","4.00","3.00","3.00"
"1070","1074","20230715","3.00","4.00","3.00"
"1071","1074","20230715","3.00","3.00","3.00"
"1072","1074","20230715","3.00","3.00","3.00"
"1073","1074","20230715","2.00","2.00","4.00"
"1074","1074","20230715","3.00","4.00","3.00"
"1075","1074","20230715","3.00","3.00","3.00"
"1076","1093","20230715","1.00","2.00","1.00"
"1077","1093","20230715","1.00","1.00","1.00"
"1078","1093","20230715","1.00","1.00","1.00"
"1079","1093","20230715","2.00","1.00","1.00"
"1080","1093","20230715","1.00","1.00","1.00"
"1081","1093","20230715","1.00","2.00","1.00"
"1082","1093","20230715","1.00","1.00","1.00"
"1083","1093","20230715","1.00","1.00","2.00"
"1084","1093","20230715","1.00","1.00","1.00"
"1085","1093","20230715","1.00","2.00","2.00"
"1086","1093","20230715","1.00","1.00","1.00"
"1087","1093","20230715","1.00","1.00","2.00"
"1088","1093","20230715","1.00","1.00","1.00"
"1089","1093","20230715","2.00","1.00","1.00"
"1090","1111","20230715","2.00","4.00","3.00"
"1091","1111","20230715","3.00","2.00","3.00"
"1092","1111","20230715","3.00","2.00","4.00"
"1093","1111","20230715","4.00","3.00","3.00"
"1094","1111","20230715","3.00","4.00","3.00"
"1095","1111","20230715","2.00","3.00","3.00"
"1096","1111","20230715","3.00","3.00","2.00"
"1097","1111","20230715","3.00","3.00","3.00"
"1098","1117","20230715","5.00","4.00","4.00"
"1099","1117","20230715","4.00","4.00","4.00"
"1100","1117","20230715","3.00","4.00","4.00"
"1101","1117","20230715","4.00","4.00","3.00"
"1102","1117","20230715","4.00","5.00","4.00"
"1103","1117","20230715","5.00","5.00","4.00"
"1104","1117","20230715","4.00","5.00","4.00"
"1105","1117","20230715","4.00","5.00","4.00"
"1106","1117","20230715","5.00","4.00","4.00"
"1107","1124","20230715","4.00","4.00","5.00"
"1108","1124","20230715","5.00","4.00","4.00"
"1109","1124","20230715","5.00","5.00","4.00"
"1110","1124","20230715","4.00","4.00","3.00"
"1111","1124","20230715","4.00","4.00","3.00"
"1112","1124","20230715","5.00","5.00","4.00"
"1113","1124","20230715","5.00","4.00","5.00"
"1114","1124","20230715","3.00","4.00","4.00"
"1115","1124","20230715","5.00","4.00","5.00"
"1116","1124","20230715","4.00","5.00","4.00"
"1117","1124","20230715","4.00","5.00","4.00"
"1118","1124","20230715","4.00","5.00","4.00"
"1119","1124","20230715","4.00","5.00","4.00"
"1120","1139","20230715","5.00","5.00","3.00"
"1121","1139","20230715","4.00","4.00","4.00"
"1122","1139","20230715","4.00","4.00","4.00"
"1123","1139","20230715","4.00","5.00","4.00"
"1124","1139","20230715","4.00","4.00","3.00"
"1125","1139","20230715","4.00","4.00","3.00"
"1126","1139","20230715","4.00","4.00","4.00"
"1127","1139","20230715","4.00","4.00","3.00"
"1128","1168","20230715","5.00","3.00","3.00"
"1129","1168","20230715","3.00","4.00","4.00"
"1130","1168","20230715","4.00","3.00","4.00"
"1131","1168","20230715","4.00","3.00","3.00"
"1132","1168","20230715","4.00","3.00","2.00"
"1133","1168","20230715","5.00","3.00","5.00"
"1134","1168","20230715","3.00","3.00","3.00"
"1135","1172","20230715","3.00","2.00","2.00"
"1136","1172","20230715","2.00","3.00","2.00"
"1137","1172","20230715","4.00","2.00","2.00"
"1138","1172","20230715","1.00","3.00","3.00"
"1139","1172","20230715","3.00","3.00","2.00"
"1140","1172","20230715","3.00","2.00","3.00"
"1141","1172","20230715","2.00","3.00","2.00"
"1142","1172","20230715","3.00","2.00","2.00"
"1143","1172","20230715","3.00","2.00","3.00"
"1144","1172","20230715","2.00","2.00","2.00"
"1145","1172","20230715","2.00","3.00","2.00"
"1146","1172","20230715","2.00","3.00","2.00"
"1147","1172","20230715","3.00","3.00","2.00"
"1148","1172","20230715","3.00","3.00","3.00"
"1149","1194","20230715","3.00","4.00","3.00"
"1150","1194","20230715","3.00","4.00","3.00"
"1151","1194","20230715","3.00","3.00","2.00"
"1152","1194","20230715","4.00","4.00","4.00"
"1153","1194","20230715","4.00","3.00","3.00"
"1154","1194","20230715","4.00","4.00","3.00"
"1155","1194","20230715","2.00","3.00","3.00"
"1156","1194","20230715","4.00","3.00","3.00"
"1157","1194","20230715","3.00","3.00","3.00"
"1158","1204","20230715","1.00","2.00","1.00"
"1159","1204","20230715","2.00","1.00","2.00"
"1160","1204","20230715","2.00","3.00","2.00"
"1161","1204","20230715","3.00","3.00","1.00"
"1162","1204","20230715","1.00","2.00","1.00"
"1163","1204","20230715","2.00","2.00","2.00"
"1164","1204","20230715","1.00","3.00","2.00"
"1165","1204","20230715","2.00","2.00","1.00"
"1166","1204","20230715","2.00","2.00","3.00"
"1167","1208","20230715","5.00","5.00","5.00"
"1168","1208","20230715","5.00","5.00","5.00"
"1169","1208","20230715","5.00","5.00","5.00"
"1170","1208","20230715","4.00","5.00","5.00"
"1171","1208","20230715","5.00","5.00","5.00"
"1172","1208","20230715","4.00","5.00","5.00"
"1173","1208","20230715","5.00","5.00","5.00"
"1174","1208","20230715","5.00","5.00","5.00"
"1175","1208","20230715","5.00","5.00","5.00"
"1176","1208","20230715","4.00","5.00","5.00"
"1177","1208","20230715","5.00","5.00","5.00"
"1178","1212","20230715","5.00","4.00","4.00"
"1179","1212","20230715","2.00","4.00","5.00"
"1180","1212","20230715","4.00","4.00","4.00"
"1181","1212","20230715","3.00","4.00","4.00"
"1182","1212","20230715","3.00","4.00","5.00"
"1183","1212","20230715","3.00","4.00","4.00"
"1184","1212","20230715","3.00","4.00","5.00"
"1185","1212","20230715","4.00","5.00","4.00"
"1186","1212","20230715","5.00","5.00","4.00"
"1187","1214","20230715","4.00","4.00","4.00"
"1188","1214","20230715","5.00","3.00","3.00"
"1189","1214","20230715","4.00","4.00","4.00"
"1190","1214","20230715","4.00","3.00","4.00"
"1191","1214","20230715","2.00","3.00","5.00"
"1192","1214","20230715","4.00","4.00","3.00"
"1193","1214","20230715","4.00","4.00","5.00"
"1194","1214","20230715","4.00","3.00","5.00"
"1195","1214","20230715","4.00","4.00","4.00"
"1196","1214","20230715","5.00","3.00","4.00"
"1197","1214","20230715","3.00","3.00","4.00"
"1198","1214","20230715","4.00","4.00","4.00"
"1199","1214","20230715","3.00","4.00","3.00"
"1200","1214","20230715","4.00","5.00","4.00"
"1201","1214","20230715","4.00","4.00","3.00"
"1202","1218","20230715","3.00","3.00","3.00"
"1203","1218","20230715","2.00","2.00","3.00"
"1204","1218","20230715","2.00","2.00","2.00"
"1205","1218","20230715","3.00","2.00","2.00"
"1206","1218","20230715","3.00","2.00","3.00"
"1207","1218","20230715","2.00","2.00","2.00"
"1208","1218","20230715","2.00","2.00","3.00"
"1209","1229","20230715","5.00","5.00","5.00"
"1210","1229","20230715","4.00","5.00","5.00"
"1211","1229","20230715","4.00","5.00","5.00"
"1212","1229","20230715","5.00","5.00","5.00"
"1213","1229","20230715","5.00","5.00","5.00"
"1214","1229","20230715","5.00","5.00","5.00"
"1215","1229","20230715","5.00","5.00","5.00"
"1216","1229","20230715","5.00","5.00","5.00"
"1217","1229","20230715","4.00","5.00","5.00"
"1218","1237","20230715","3.00","3.00","3.00"
"1219","1237","20230715","3.00","2.00","3.00"
"1220","1237","20230715","3.00","2.00","3.00"
"1221","1237","20230715","4.00","3.00","2.00"
"1222","1237","20230715","4.00","3.00","2.00"
"1223","1237","20230715","3.00","3.00","3.00"
"1224","1245","20230715","4.00","3.00","3.00"
"1225","1245","20230715","3.00","3.00","3.00"
"1226","1245","20230715","3.00","4.00","3.00"
"1227","1245","20230715","3.00","2.00","3.00"
"1228","1245","20230715","1.00","3.00","2.00"
"1229","1245","20230715","2.00","3.00","3.00"
"1230","1245","20230715","3.00","3.00","3.00"
"1231","1245","20230715","2.00","3.00","3.00"
"1232","1245","20230715","1.00","3.00","3.00"
"1233","1245","20230715","2.00","4.00","3.00"
"1234","1257","20230715","3.00","3.00","3.00"
"1235","1257","20230715","4.00","3.00","2.00"
"1236","1257","20230715","3.00","2.00","2.00"
"1237","1257","20230715","4.00","4.00","2.00"
"1238","1257","20230715","3.00","3.00","3.00"
"1239","1257","20230715","2.00","3.00","3.00"
"1240","1257","20230715","3.00","3.00","3.00"
"1241","1261","20230715","3.00","3.00","2.00"
"1242","1261","20230715","3.00","3.00","3.00"
"1243","1261","20230715","2.00","3.00","2.00"
"1244","1261","20230715","3.00","3.00","3.00"
"1245","1261","20230715","3.00","2.00","2.00"
"1246","1283","20230715","2.00","2.00","4.00"
"1247","1283","20230715","3.00","3.00","2.00"
"1248","1283","20230715","5.00","3.00","3.00"
"1249","1283","20230715","3.00","3.00","2.00"
"1250","1283","20230715","3.00","4.00","3.00"
"1251","1283","20230715","3.00","2.00","3.00"
"1252","1283","20230715","3.00","4.00","3.00"
"1253","1283","20230715","3.00","3.00","3.00"
"1254","1283","20230715","4.00","2.00","3.00"
"1255","1283","20230715","2.00","2.00","3.00"
"1256","1283","20230715","3.00","3.00","2.00"
"1257","1283","20230715","3.00","4.00","3.00"
"1258","1286","20230715","3.00","4.00","3.00"
"1259","1286","20230715","2.00","3.00","3.00"
"1260","1286","20230715","4.00","4.00","3.00"
"1261","1286","20230715","3.00","3.00","3.00"
"1262","1286","20230715","3.00","3.00","3.00"
"1263","1286","20230715","3.00","3.00","3.00"
"1264","1286","20230715","3.00","3.00","3.00"
"1265","1292","20230715","3.00","3.00","3.00"
"1266","1292","20230715","4.00","2.00","3.00"
"1267","1292","20230715","1.00","3.00","3.00"
"1268","1292","20230715","3.00","3.00","3.00"
"1269","1292","20230715","3.00","5.00","2.00"
"1270","1292","20230715","4.00","4.00","3.00"
"1271","1313","20230715","2.00","1.00","2.00"
"1272","1313","20230715","3.00","2.00","2.00"
"1273","1313","20230715","1.00","2.00","2.00"
"1274","1313","20230715","2.00","2.00","2.00"
"1275","1313","20230715","2.00","2.00","2.00"
"1276","1313","20230715","3.00","1.00","1.00"
"1277","1313","20230715","2.00","1.00","3.00"
"1278","1313","20230715","4.00","1.00","2.00"
"1279","1313","20230715","1.00","2.00","1.00"
"1280","1313","20230715","2.00","2.00","3.00"
"1281","1313","20230715","2.00","2.00","2.00"
"1282","1317","20230715","3.00","3.00","3.00"
"1283","1317","20230715","3.00","2.00","4.00"
"1284","1317","20230715","3.00","3.00","3.00"
"1285","1317","20230715","3.00","4.00","3.00"
"1286","1317","20230715","3.00","3.00","3.00"
"1287","1317","20230715","4.00","4.00","3.00"
"1288","1317","20230715","3.00","3.00","3.00"
"1289","1317","20230715","3.00","3.00","4.00"
"1290","1335","20230715","5.00","4.00","4.00"
"1291","1335","20230715","3.00","4.00","4.00"
"1292","1335","20230715","3.00","4.00","4.00"
"1293","1335","20230715","4.00","5.00","4.00"
"1294","1335","20230715","3.00","3.00","5.00"
"1295","1335","20230715","4.00","4.00","4.00"
"1296","1335","20230715","3.00","5.00","4.00"
"1297","1335","20230715","4.00","4.00","4.00"
"1298","1335","20230715","4.00","4.00","3.00"
"1299","1335","20230715","3.00","4.00","4.00"
"1300","1335","20230715","5.00","3.00","3.00"
"1301","1335","20230715","5.00","5.00","4.00"
"1302","1335","20230715","4.00","4.00","4.00"
"1303","1335","20230715","4.00","4.00","3.00"
"1304","1345","20230715","4.00","3.00","3.00"
"1305","1345","20230715","2.00","3.00","4.00"
"1306","1345","20230715","3.00","4.00","3.00"
"1307","1345","20230715","4.00","4.00","3.00"
"1308","1345","20230715","3.00","4.00","4.00"
"1309","1363","20230715","3.00","3.00","2.00"
"1310","1363","20230715","3.00","4.00","3.00"
"1311","1363","20230715","4.00","3.00","3.00"
"1312","1363","20230715","4.00","3.00","3.00"
"1313","1363","20230715","4.00","4.00","2.00"
"1314","1363","20230715","3.00","3.00","2.00"
"1315","1363","20230715","2.00","2.00","2.00"
"1316","1363","20230715","3.00","2.00","2.00"
"1317","1363","20230715","2.00","4.00","3.00"
"1318","1363","20230715","4.00","4.00","3.00"
"1319","1363","20230715","3.00","2.00","3.00"
"1320","1363","20230715","3.00","3.00","3.00"
"1321","1363","20230715","4.00","3.00","3.00"
"1322","1363","20230715","4.00","3.00","3.00"
"1323","1367","20230715","3.00","3.00","3.00"
"1324","1367","20230715","4.00","3.00","3.00"
"1325","1367","20230715","3.00","4.00","3.00"
"1326","1367","20230715","4.00","4.00","4.00"
"1327","1367","20230715","4.00","4.00","4.00"
"1328","1367","20230715","3.00","4.00","4.00"
"1329","1367","20230715","4.00","3.00","4.00"
"1330","1367","20230715","3.00","3.00","4.00"
"1331","1367","20230715","3.00","3.00","4.00"
"1332","1367","20230715","3.00","4.00","4.00"
"1333","1369","20230715","2.00","2.00","2.00"
"1334","1369","20230715","2.00","3.00","2.00"
"1335","1369","20230715","3.00","3.00","3.00"
"1336","1369","20230715","3.00","3.00","3.00"
"1337","1369","20230715","3.00","4.00","2.00"
"1338","1369","20230715","3.00","3.00","2.00"
"1339","1369","20230715","1.00","3.00","3.00"
"1340","1376","20230715","2.00","2.00","3.00"
"1341","1376","20230715","4.00","2.00","3.00"
"1342","1376","20230715","2.00","2.00","2.00"
"1343","1376","20230715","3.00","4.00","3.00"
"1344","1376","20230715","3.00","4.00","3.00"
"1345","1376","20230715","2.00","3.00","2.00"
"1346","1376","20230715","4.00","4.00","3.00"
"1347","1376","20230715","2.00","3.00","3.00"
"1348","1376","20230715","2.00","2.00","3.00"
"1349","1376","20230715","3.00","3.00","2.00"
"1350","1376","20230715","3.00","3.00","3.00"
"1351","1376","20230715","2.00","4.00","3.00"
"1352","1376","20230715","2.00","2.00","3.00"
"1353","1376","20230715","2.00","3.00","3.00"
"1354","1396","20230715","5.00","5.00","5.00"
"1355","1396","20230715","5.00","4.00","4.00"
"1356","1396","20230715","3.00","4.00","4.00"
"1357","1396","20230715","5.00","5.00","5.00"
"1358","1396","20230715","5.00","5.00","4.00"
"1359","1396","20230715","5.00","5.00","4.00"
"1360","1396","20230715","4.00","5.00","5.00"
"1361","1396","20230715","5.00","4.00","4.00"
"1362","1396","20230715","5.00","5.00","5.00"
"1363","1396","20230715","5.00","5.00","5.00"
"1364","1396","20230715","4.00","5.00","5.00"
"1365","1396","20230715","4.00","3.00","4.00"
"1366","1396","20230715","5.00","5.00","5.00"
"1367","1416","20230715","3.00","4.00","4.00"
"1368","1416","20230715","3.00","4.00","4.00"
"1369","1416","20230715","4.00","4.00","3.00"
"1370","1416","20230715","4.00","4.00","4.00"
"1371","1416","20230715","4.00","3.00","4.00"
"1372","1416","20230715","3.00","4.00","3.00"
"1373","1416","20230715","4.00","5.00","5.00"
"1374","1416","20230715","5.00","4.00","4.00"
"1375","1416","20230715","5.00","3.00","5.00"
"1376","1416","20230715","4.00","3.00","4.00"
"1377","1416","20230715","2.00","4.00","4.00"
"1378","1416","20230715","3.00","3.00","3.00"
"1379","1416","20230715","4.00","5.00","4.00"
"1380","1416","20230715","4.00","4.00","4.00"
"1381","1416","20230715","5.00","4.00","5.00"
"1382","1424","20230715","3.00","4.00","4.00"
"1383","1424","20230715","3.00","3.00","3.00"
"1384","1424","20230715","2.00","3.00","4.00"
"1385","1424","20230715","3.00","3.00","3.00"
"1386","1424","20230715","3.00","4.00","4.00"
"1387","1424","20230715","3.00","4.00","3.00"
"1388","1424","20230715","4.00","4.00","4.00"
"1389","1424","20230715","3.00","4.00","2.00"
"1390","1429","20230715","2.00","2.00","2.00"
"1391","1429","20230715","2.00","3.00","2.00"
"1392","1429","20230715","2.00","2.00","3.00"
"1393","1429","20230715","2.00","2.00","2.00"
"1394","1429","20230715","2.00","2.00","2.00"
"1395","1429","20230715","3.00","3.00","2.00"
"1396","1429","20230715","2.00","3.00","1.00"
"1397","1429","20230715","1.00","1.00","1.00"
"1398","1429","20230715","2.00","2.00","1.00"
"1399","1433","20230715","4.00","5.00","5.00"
"1400","1433","20230715","5.00","4.00","5.00"
"1401","1433","20230715","5.00","5.00","4.00"
"1402","1433","20230715","4.00","5.00","4.00"
"1403","1433","20230715","5.00","5.00","5.00"
"1404","1433","20230715","5.00","4.00","4.00"
"1405","1433","20230715","5.00","4.00","5.00"
"1406","1437","20230715","5.00","5.00","4.00"
"1407","1437","20230715","4.00","4.00","5.00"
"1408","1437","20230715","4.00","4.00","5.00"
"1409","1437","20230715","4.00","5.00","4.00"
"1410","1491","20230715","4.00","3.00","4.00"
"1411","1491","20230715","4.00","4.00","3.00"
"1412","1491","20230715","4.00","4.00","4.00"
"1413","1514","20230715","1.00","3.00","4.00"
"1414","1514","20230715","3.00","3.00","4.00"
"1415","1514","20230715","2.00","3.00","2.00"
"1416","1514","20230715","3.00","3.00","3.00"
"1417","1514","20230715","3.00","3.00","3.00"
"1418","1514","20230715","2.00","3.00","2.00"
"1419","1514","20230715","3.00","3.00","3.00"
"1420","1514","20230715","2.00","3.00","2.00"
"1421","1514","20230715","3.00","3.00","2.00"
"1422","1514","20230715","4.00","3.00","2.00"
"1423","1514","20230715","2.00","3.00","3.00"
"1424","1514","20230715","3.00","3.00","3.00"
"1425","1514","20230715","2.00","3.00","4.00"
"1426","1520","20230715","3.00","5.00","4.00"
"1427","1520","20230715","4.00","3.00","4.00"
"1428","1520","20230715","3.00","4.00","2.00"
"1429","1532","20230715","3.00","3.00","4.00"
"1430","1532","20230715","3.00","3.00","4.00"
"1431","1532","20230715","4.00","3.00","4.00"
"1432","1532","20230715","3.00","4.00","3.00"
"1433","1532","20230715","3.00","3.00","3.00"
"1434","1532","20230715","3.00","4.00","4.00"
"1435","1532","20230715","4.00","4.00","3.00"
"1436","1532","20230715","4.00","4.00","4.00"
"1437","1532","20230715","4.00","3.00","4.00"
"1438","1532","20230715","3.00","4.00","3.00"
"1439","1532","20230715","5.00","5.00","3.00"
"1440","1536","20230715","3.00","2.00","2.00"
"1441","1536","20230715","1.00","3.00","3.00"
"1442","1536","20230715","3.00","3.00","3.00"
"1443","1536","20230715","2.00","2.00","3.00"
"1444","1536","20230715","3.00","3.00","2.00"
"1445","1536","20230715","2.00","3.00","2.00"
"1446","1536","20230715","2.00","2.00","3.00"
"1447","1536","20230715","2.00","3.00","3.00"
"1448","1536","20230715","2.00","3.00","3.00"
"1449","1536","20230715","2.00","3.00","3.00"
"1450","1536","20230715","4.00","3.00","2.00"
"1451","1538","20230715","3.00","2.00","3.00"
"1452","1538","20230715","2.00","3.00","2.00"
"1453","1538","20230715","3.00","3.00","3.00"
"1454","1538","20230715","2.00","3.00","2.00"
"1455","1538","20230715","2.00","3.00","3.00"
"1456","1538","20230715","3.00","4.00","2.00"
"1457","1538","20230715","2.00","2.00","2.00"
"1458","1538","20230715","4.00","2.00","3.00"
"1459","1538","20230715","3.00","2.00","3.00"
"1460","1542","20230715","3.00","4.00","3.00"
"1461","1542","20230715","5.00","4.00","4.00"
"1462","1542","20230715","3.00","3.00","3.00"
"1463","1542","20230715","5.00","5.00","4.00"
"1464","1542","20230715","4.00","4.00","3.00"
"1465","1542","20230715","3.00","4.00","4.00"
"1466","1542","20230715","4.00","4.00","3.00"
"1467","1542","20230715","4.00","4.00","4.00"
"1468","1542","20230715","4.00","4.00","3.00"
"1469","1542","20230715","3.00","3.00","3.00"
"1470","1542","20230715","2.00","3.00","4.00"
"1471","1546","20230715","4.00","3.00","3.00"
"1472","1546","20230715","4.00","3.00","4.00"
"1473","1546","20230715","5.00","3.00","3.00"
"1474","1546","20230715","4.00","4.00","3.00"
"1475","1556","20230715","4.00","4.00","4.00"
"1476","1556","20230715","4.00","3.00","4.00"
"1477","1556","20230715","4.00","4.00","4.00"
"1478","1556","20230715","3.00","3.00","4.00"
"1479","1556","20230715","4.00","4.00","3.00"
"1480","1556","20230715","2.00","4.00","3.00"
"1481","1556","20230715","2.00","3.00","4.00"
"1482","1556","20230715","3.00","4.00","4.00"
"1483","1556","20230715","4.00","4.00","4.00"
"1484","1556","20230715","4.00","4.00","3.00"
"1485","1556","20230715","4.00","4.00","4.00"
"1486","1556","20230715","3.00","4.00","3.00"
"1487","1556","20230715","3.00","3.00","4.00"
"1488","1556","20230715","3.00","3.00","3.00"
"1489","1556","20230715","3.00","3.00","4.00"
"1490","1560","20230715","2.00","2.00","3.00"
"1491","1560","20230715","3.00","3.00","3.00"
"1492","1560","20230715","2.00","4.00","4.00"
"1493","1560","20230715","3.00","2.00","3.00"
"1494","1560","20230715","3.00","3.00","3.00"
"1495","1560","20230715","4.00","4.00","2.00"
"1496","1560","20230715","3.00","2.00","3.00"
"1497","1560","20230715","3.00","3.00","3.00"
"1498","1560","20230715","3.00","4.00","2.00"
"1499","1560","20230715","2.00","4.00","3.00"
"1500","1560","20230715","3.00","2.00","3.00"
"1501","1560","20230715","3.00","3.00","3.00"
"1502","1560","20230715","3.00","3.00","3.00"
"1503","1560","20230715","3.00","3.00","3.00"
"1504","1560","20230715","4.00","2.00","3.00"
"1505","1564","20230715","5.00","4.00","4.00"
"1506","1564","20230715","5.00","5.00","4.00"
"1507","1564","20230715","5.00","4.00","4.00"
"1508","1564","20230715","5.00","4.00","4.00"
"1509","1564","20230715","4.00","4.00","5.00"
"1510","1564","20230715","5.00","5.00","5.00"
"1511","1564","20230715","3.00","4.00","4.00"
"1512","1564","20230715","5.00","4.00","4.00"
"1513","1564","20230715","4.00","5.00","5.00"
"1514","1603","20230715","3.00","3.00","3.00"
"1515","1603","20230715","3.00","3.00","3.00"
"1516","1603","20230715","4.00","3.00","4.00"
"1517","1603","20230715","2.00","3.00","4.00"
"1518","1603","20230715","3.00","3.00","3.00"
"1519","1603","20230715","3.00","2.00","3.00"
"1520","1603","20230715","4.00","4.00","2.00"
"1521","1603","20230715","4.00","3.00","3.00"
"1522","1603","20230715","3.00","3.00","3.00"
"1523","1603","20230715","3.00","3.00","3.00"
"1524","1622","20230715","3.00","4.00","2.00"
"1525","1622","20230715","2.00","3.00","4.00"
"1526","1622","20230715","2.00","3.00","2.00"
"1527","1630","20230715","4.00","5.00","4.00"
"1528","1630","20230715","4.00","4.00","4.00"
"1529","1630","20230715","5.00","4.00","5.00"
"1530","1630","20230715","4.00","5.00","4.00"
"1531","1630","20230715","4.00","4.00","5.00"
"1532","1630","20230715","5.00","4.00","4.00"
"1533","1630","20230715","4.00","4.00","4.00"
"1534","1630","20230715","5.00","4.00","5.00"
"1535","1630","20230715","5.00","4.00","4.00"
"1536","1630","20230715","5.00","4.00","5.00"
"1537","1630","20230715","5.00","4.00","3.00"
"1538","1630","20230715","4.00","5.00","3.00"
"1539","1630","20230715","3.00","5.00","4.00"
"1540","1630","20230715","4.00","4.00","5.00"
"1541","1638","20230715","3.00","4.00","5.00"
"1542","1638","20230715","5.00","4.00","4.00"
"1543","1638","20230715","4.00","5.00","4.00"
"1544","1642","20230715","3.00","3.00","2.00"
"1545","1642","20230715","2.00","1.00","3.00"
"1546","1642","20230715","2.00","3.00","3.00"
"1547","1642","20230715","2.00","2.00","3.00"
"1548","1642","20230715","3.00","1.00","2.00"
"1549","1644","20230715","3.00","3.00","3.00"
"1550","1644","20230715","4.00","4.00","3.00"
"1551","1644","20230715","3.00","3.00","4.00"
"1552","1644","20230715","4.00","4.00","3.00"
"1553","1644","20230715","4.00","3.00","4.00"
"1554","1644","20230715","3.00","3.00","4.00"
"1555","1644","20230715","4.00","3.00","4.00"
"1556","1644","20230715","4.00","4.00","3.00"
"1557","1644","20230715","4.00","4.00","4.00"
"1558","1644","20230715","3.00","4.00","4.00"
"1559","1644","20230715","3.00","5.00","4.00"
"1560","1644","20230715","3.00","4.00","4.00"
"1561","1644","20230715","3.00","3.00","3.00"
"1562","1644","20230715","5.00","4.00","4.00"
"1563","1644","20230715","3.00","3.00","3.00"
"1564","1658","20230715","2.00","2.00","3.00"
"1565","1658","20230715","3.00","2.00","2.00"
"1566","1658","20230715","2.00","3.00","3.00"
"1567","1658","20230715","3.00","3.00","2.00"
"1568","1658","20230715","3.00","4.00","3.00"
"1569","1658","20230715","4.00","3.00","3.00"
"1570","1658","20230715","3.00","3.00","3.00"
"1571","1658","20230715","4.00","3.00","3.00"
"1572","1658","20230715","4.00","2.00","4.00"
"1573","1658","20230715","3.00","3.00","3.00"
"1574","1658","20230715","2.00","3.00","2.00"
"1575","1686","20230715","5.00","5.00","4.00"
"1576","1686","20230715","5.00","4.00","5.00"
"1577","1686","20230715","4.00","5.00","4.00"
"1578","1686","20230715","4.00","4.00","5.00"
"1579","1686","20230715","5.00","5.00","4.00"
"1580","1686","20230715","4.00","5.00","3.00"
"1581","1686","20230715","4.00","4.00","4.00"
"1582","1686","20230715","5.00","5.00","4.00"
"1583","1686","20230715","4.00","5.00","4.00"
"1584","1686","20230715","4.00","4.00","3.00"
"1585","1686","20230715","5.00","5.00","4.00"
"1586","1686","20230715","5.00","4.00","4.00"
"1587","1686","20230715","5.00","5.00","4.00"
"1588","1717","20230715","2.00","2.00","2.00"
"1589","1717","20230715","3.00","3.00","2.00"
"1590","1717","20230715","3.00","3.00","3.00"
"1591","1717","20230715","4.00","3.00","3.00"
"1592","1717","20230715","2.00","2.00","2.00"
"1593","1717","20230715","3.00","3.00","2.00"
"1594","1717","20230715","2.00","3.00","3.00"
"1595","1721","20230715","4.00","4.00","4.00"
"1596","1721","20230715","3.00","3.00","3.00"
"1597","1721","20230715","5.00","3.00","4.00"
"1598","1721","20230715","3.00","4.00","3.00"
"1599","1721","20230715","3.00","2.00","3.00"
"1600","1721","20230715","2.00","3.00","4.00"
"1601","1721","20230715","4.00","5.00","4.00"
"1602","1721","20230715","2.00","2.00","3.00"
"1603","1721","20230715","4.00","4.00","4.00"
"1604","1721","20230715","4.00","4.00","3.00"
"1605","1721","20230715","3.00","5.00","4.00"
"1606","1721","20230715","4.00","2.00","3.00"
"1607","1721","20230715","4.00","3.00","3.00"
"1608","1721","20230715","3.00","3.00","3.00"
"1609","1744","20230715","4.00","5.00","5.00"
"1610","1744","20230715","5.00","4.00","5.00"
"1611","1744","20230715","5.00","5.00","4.00"
"1612","1744","20230715","5.00","4.00","5.00"
"1613","1744","20230715","4.00","4.00","5.00"
"1614","1744","20230715","4.00","5.00","5.00"
"1615","1744","20230715","5.00","4.00","4.00"
"1616","1744","20230715","4.00","5.00","5.00"
"1617","1744","20230715","5.00","4.00","5.00"
"1618","1744","20230715","5.00","5.00","5.00"
"1619","1744","20230715","5.00","5.00","5.00"
"1620","1744","20230715","5.00","5.00","4.00"
"1621","1748","20230715","3.00","3.00","3.00"
"1622","1748","20230715","3.00","2.00","3.00"
"1623","1748","20230715","2.00","2.00","3.00"
"1624","1748","20230715","3.00","3.00","3.00"
"1625","1748","20230715","2.00","3.00","3.00"
"1626","1748","20230715","4.00","4.00","4.00"
"1627","1748","20230715","3.00","3.00","3.00"
"1628","1748","20230715","3.00","3.00","4.00"
"1629","1752","20230715","3.00","3.00","4.00"
"1630","1752","20230715","3.00","3.00","4.00"
"1631","1752","20230715","4.00","4.00","4.00"
"1632","1752","20230715","4.00","4.00","3.00"
"1633","1752","20230715","2.00","3.00","3.00"
"1634","1760","20230715","5.00","4.00","5.00"
"1635","1760","20230715","4.00","5.00","4.00"
"1636","1760","20230715","3.00","4.00","5.00"
"1637","1760","20230715","4.00","4.00","5.00"
"1638","1760","20230715","4.00","5.00","4.00"
"1639","1760","20230715","5.00","4.00","5.00"
"1640","1760","20230715","4.00","3.00","5.00"
"1641","1760","20230715","5.00","4.00","4.00"
"1642","1768","20230715","3.00","2.00","3.00"
"1643","1768","20230715","3.00","2.00","3.00"
"1644","1768","20230715","2.00","3.00","2.00"
"1645","1768","20230715","2.00","3.00","2.00"
"1646","1768","20230715","3.00","4.00","3.00"
"1647","1768","20230715","3.00","2.00","2.00"
"1648","1768","20230715","4.00","3.00","2.00"
"1649","1768","20230715","2.00","3.00","2.00"
"1650","1768","20230715","3.00","2.00","4.00"
"1651","1768","20230715","3.00","3.00","3.00"
"1652","1768","20230715","2.00","3.00","3.00"
"1653","1768","20230715","3.00","2.00","4.00"
"1654","1768","20230715","2.00","3.00","3.00"
"1655","1770","20230715","3.00","3.00","3.00"
"1656","1770","20230715","3.00","4.00","4.00"
"1657","1770","20230715","3.00","5.00","4.00"
"1658","1770","20230715","4.00","4.00","3.00"
"1659","1770","20230715","3.00","4.00","3.00"
"1660","1770","20230715","3.00","3.00","3.00"
"1661","1770","20230715","2.00","4.00","4.00"
"1662","1776","20230715","5.00","5.00","5.00"
"1663","1776","20230715","5.00","5.00","5.00"
"1664","1776","20230715","5.00","5.00","4.00"
"1665","1776","20230715","3.00","4.00","4.00"
"1666","1776","20230715","4.00","5.00","5.00"
"1667","1776","20230715","4.00","5.00","4.00"
"1668","1776","20230715","5.00","5.00","4.00"
"1669","1776","20230715","5.00","5.00","4.00"
"1670","1776","20230715","5.00","5.00","4.00"
"1671","1780","20230715","3.00","3.00","3.00"
"1672","1780","20230715","4.00","3.00","3.00"
"1673","1780","20230715","3.00","2.00","3.00"
"1674","1780","20230715","2.00","5.00","4.00"
"1675","1780","20230715","3.00","3.00","3.00"
"1676","1780","20230715","5.00","4.00","4.00"
"1677","1780","20230715","3.00","3.00","3.00"
"1678","1780","20230715","3.00","3.00","3.00"
"1679","1780","20230715","2.00","3.00","3.00"
"1680","1780","20230715","3.00","3.00","3.00"
"1681","1780","20230715","4.00","3.00","4.00"
"1682","1780","20230715","4.00","3.00","3.00"
"1683","1791","20230715","4.00","4.00","5.00"
"1684","1791","20230715","4.00","5.00","4.00"
"1685","1791","20230715","4.00","4.00","5.00"
"1686","1791","20230715","2.00","5.00","5.00"
"1687","1801","20230715","2.00","3.00","2.00"
"1688","1801","20230715","3.00","3.00","3.00"
"1689","1801","20230715","2.00","4.00","2.00"
"1690","1801","20230715","4.00","3.00","2.00"
"1691","1801","20230715","2.00","4.00","2.00"
"1692","1824","20230715","1.00","3.00","2.00"
"1693","1824","20230715","2.00","2.00","2.00"
"1694","1824","20230715","3.00","2.00","2.00"
"1695","1824","20230715","1.00","1.00","3.00"
"1696","1832","20230715","3.00","4.00","4.00"
"1697","1832","20230715","4.00","5.00","4.00"
"1698","1832","20230715","3.00","4.00","4.00"
"1699","1832","20230715","4.00","4.00","5.00"
"1700","1860","20230715","5.00","4.00","3.00"
"1701","1860","20230715","4.00","4.00","4.00"
"1702","1860","20230715","4.00","4.00","3.00"
"1703","1860","20230715","4.00","5.00","3.00"
"1704","1860","20230715","4.00","3.00","4.00"
"1705","1860","20230715","4.00","4.00","4.00"
"1706","1892","20230715","5.00","5.00","4.00"
"1707","1892","20230715","4.00","3.00","5.00"
"1708","1892","20230715","4.00","5.00","4.00"
"1709","1892","20230715","4.00","4.00","4.00"
"1710","1892","20230715","3.00","4.00","4.00"
"1711","1892","20230715","4.00","4.00","5.00"
"1712","1892","20230715","5.00","5.00","4.00"
"1713","1892","20230715","4.00","4.00","5.00"
"1714","1892","20230715","5.00","4.00","4.00"
"1715","1892","20230715","4.00","5.00","4.00"
"1716","1907","20230715","3.00","4.00","3.00"
"1717","1907","20230715","4.00","5.00","3.00"
"1718","1907","20230715","3.00","3.00","3.00"
"1719","1907","20230715","3.00","4.00","3.00"
"1720","1926","20230715","4.00","4.00","3.00"
"1721","1926","20230715","3.00","4.00","4.00"
"1722","1926","20230715","3.00","4.00","4.00"
"1723","1926","20230715","3.00","4.00","4.00"
"1724","1926","20230715","4.00","4.00","3.00"
"1725","1926","20230715","5.00","4.00","3.00"
"1726","1926","20230715","4.00","4.00","4.00"
"1727","1926","20230715","4.00","4.00","4.00"
"1728","1926","20230715","4.00","5.00","4.00"
"1729","1926","20230715","3.00","5.00","4.00"
"1730","1926","20230715","3.00","4.00","4.00"
"1731","1945","20230715","5.00","4.00","3.00"
"1732","1945","20230715","5.00","4.00","2.00"
"1733","1945","20230715","5.00","4.00","3.00"
"1734","1945","20230715","4.00","3.00","3.00"
"1735","1945","20230715","4.00","4.00","3.00"
"1736","1945","20230715","5.00","4.00","4.00"
"1737","1945","20230715","3.00","2.00","3.00"
"1738","1945","20230715","3.00","3.00","3.00"
"1739","1945","20230715","5.00","5.00","3.00"
"1740","1945","20230715","3.00","3.00","3.00"
"1741","1971","20230715","5.00","3.00","4.00"
"1742","1971","20230715","3.00","4.00","4.00"
"1743","1971","20230715","3.00","4.00","4.00"
"1744","1971","20230715","4.00","4.00","4.00"
"1745","1971","20230715","4.00","4.00","4.00"
"1746","1971","20230715","3.00","4.00","4.00"
"1747","1971","20230715","4.00","3.00","5.00"
"1748","1971","20230715","4.00","3.00","4.00"
"1749","1971","20230715","3.00","4.00","4.00"
"1750","1971","20230715","4.00","5.00","4.00"
"1751","1971","20230715","4.00","3.00","4.00"
"1752","1971","20230715","4.00","4.00","4.00"
"1753","1975","20230715","4.00","2.00","2.00"
"1754","1975","20230715","2.00","3.00","3.00"
"1755","1975","20230715","2.00","4.00","4.00"
"1756","1975","20230715","2.00","3.00","3.00"
"1757","1975","20230715","4.00","4.00","3.00"
"1758","1975","20230715","3.00","3.00","3.00"
"1759","1975","20230715","3.00","3.00","4.00"
"1760","1975","20230715","3.00","3.00","2.00"
"1761","1975","20230715","2.00","4.00","4.00"
"1762","1975","20230715","2.00","3.00","3.00"
"1763","2003","20230715","5.00","5.00","5.00"
"1764","2003","20230715","4.00","5.00","5.00"
"1765","2003","20230715","5.00","5.00","3.00"
"1766","2003","20230715","4.00","4.00","4.00"
"1767","2003","20230715","4.00","5.00","5.00"
"1768","2003","20230715","4.00","5.00","4.00"
"1769","2003","20230715","4.00","5.00","5.00"
"1770","2011","20230715","3.00","4.00","3.00"
"1771","2011","20230715","4.00","4.00","3.00"
"1772","2011","20230715","3.00","4.00","4.00"
"1773","2011","20230715","4.00","4.00","4.00"
"1774","2011","20230715","4.00","4.00","4.00"
"1775","2044","20230715","2.00","4.00","3.00"
"1776","2044","20230715","4.00","3.00","4.00"
"1777","2044","20230715","3.00","3.00","3.00"
"1778","2044","20230715","4.00","3.00","4.00"
"1779","2044","20230715","3.00","3.00","4.00"
"1780","2044","20230715","3.00","4.00","4.00"
"1781","2044","20230715","5.00","3.00","4.00"
"1782","2044","20230715","2.00","5.00","3.00"
"1783","2044","20230715","2.00","4.00","3.00"
"1784","2048","20230715","2.00","2.00","2.00"
"1785","2048","20230715","1.00","1.00","2.00"
"1786","2048","20230715","2.00","1.00","2.00"
"1787","2048","20230715","1.00","1.00","1.00"
"1788","2048","20230715","2.00","2.00","2.00"
"1789","2048","20230715","3.00","1.00","2.00"
"1790","2048","20230715","1.00","2.00","1.00"
"1791","2048","20230715","1.00","2.00","2.00"
"1792","2048","20230715","1.00","1.00","2.00"
"1793","2048","20230715","1.00","3.00","2.00"
"1794","2061","20230715","5.00","5.00","5.00"
"1795","2061","20230715","3.00","3.00","4.00"
"1796","2061","20230715","3.00","4.00","4.00"
"1797","2061","20230715","4.00","5.00","4.00"
"1798","2061","20230715","4.00","4.00","4.00"
"1799","2061","20230715","4.00","5.00","4.00"
"1800","2061","20230715","3.00","5.00","4.00"
"1801","2061","20230715","5.00","5.00","3.00"
"1802","2078","20230715","5.00","4.00","5.00"
"1803","2078","20230715","5.00","5.00","5.00"
"1804","2078","20230715","5.00","4.00","4.00"
"1805","2078","20230715","4.00","4.00","3.00"
"1806","2078","20230715","4.00","4.00","4.00"
"1807","2078","20230715","4.00","3.00","4.00"
"1808","2078","20230715","3.00","5.00","4.00"
"1809","2083","20230715","2.00","3.00","2.00"
"1810","2083","20230715","3.00","4.00","3.00"
"1811","2083","20230715","2.00","3.00","2.00"
"1812","2083","20230715","2.00","3.00","2.00"
"1813","2083","20230715","3.00","3.00","1.00"
"1814","2083","20230715","2.00","2.00","3.00"
"1815","2083","20230715","3.00","2.00","2.00"
"1816","2083","20230715","2.00","2.00","2.00"
"1817","2083","20230715","2.00","3.00","2.00"
"1818","2083","20230715","2.00","2.00","2.00"
"1819","2127","20230715","5.00","5.00","4.00"
"1820","2127","20230715","5.00","5.00","5.00"
"1821","2127","20230715","5.00","5.00","4.00"
"1822","2127","20230715","5.00","4.00","5.00"
"1823","2127","20230715","5.00","5.00","4.00"
"1824","2127","20230715","4.00","5.00","5.00"
"1825","2129","20230715","4.00","5.00","4.00"
"1826","2129","20230715","4.00","5.00","4.00"
"1827","2129","20230715","4.00","4.00","4.00"
"1828","2129","20230715","3.00","5.00","4.00"
"1829","2129","20230715","3.00","4.00","3.00"
"1830","2129","20230715","4.00","4.00","4.00"
"1831","2133","20230715","4.00","3.00","4.00"
"1832","2133","20230715","3.00","3.00","4.00"
"1833","2133","20230715","3.00","4.00","3.00"
"1834","2133","20230715","4.00","4.00","4.00"
"1835","2133","20230715","2.00","3.00","3.00"
"1836","2133","20230715","4.00","4.00","4.00"
"1837","2133","20230715","2.00","2.00","4.00"
"1838","2133","20230715","3.00","5.00","3.00"
"1839","2133","20230715","4.00","4.00","3.00"
"1840","2133","20230715","3.00","4.00","4.00"
"1841","2145","20230715","4.00","5.00","5.00"
"1842","2145","20230715","5.00","3.00","4.00"
"1843","2145","20230715","3.00","4.00","5.00"
"1844","2145","20230715","4.00","5.00","4.00"
"1845","2145","20230715","4.00","5.00","5.00"
"1846","2145","20230715","4.00","4.00","4.00"
"1847","2145","20230715","5.00","4.00","3.00"
"1848","2145","20230715","5.00","4.00","3.00"
"1849","2145","20230715","3.00","4.00","5.00"
"1850","2145","20230715","5.00","4.00","4.00"
"1851","2145","20230715","4.00","5.00","4.00"
"1852","2167","20230715","5.00","3.00","4.00"
"1853","2167","20230715","5.00","5.00","4.00"
"1854","2167","20230715","5.00","3.00","4.00"
"1855","2167","20230715","5.00","5.00","4.00"
"1856","2167","20230715","4.00","4.00","4.00"
"1857","2167","20230715","4.00","5.00","5.00"
"1858","2167","20230715","4.00","3.00","4.00"
"1859","2167","20230715","3.00","5.00","4.00"
"1860","2167","20230715","3.00","5.00","4.00"
"1861","2167","20230715","3.00","4.00","4.00"
"1862","2167","20230715","4.00","5.00","4.00"
"1863","2175","20230715","4.00","4.00","4.00"
"1864","2175","20230715","4.00","4.00","4.00"
"1865","2175","20230715","4.00","2.00","3.00"
"1866","2175","20230715","3.00","4.00","4.00"
"1867","2175","20230715","3.00","4.00","3.00"
"1868","2175","20230715","2.00","4.00","3.00"
"1869","2175","20230715","4.00","4.00","4.00"
"1870","2175","20230715","3.00","4.00","3.00"
"1871","2181","20230715","4.00","5.00","4.00"
"1872","2181","20230715","4.00","3.00","4.00"
"1873","2181","20230715","3.00","4.00","4.00"
"1874","2181","20230715","4.00","4.00","5.00"
"1875","2181","20230715","3.00","3.00","4.00"
"1876","2181","20230715","5.00","5.00","4.00"
"1877","2181","20230715","3.00","4.00","3.00"
"1878","2181","20230715","4.00","5.00","4.00"
"1879","2181","20230715","4.00","4.00","4.00"
"1880","2181","20230715","4.00","4.00","5.00"
"1881","2181","20230715","3.00","4.00","5.00"
"1882","2181","20230715","5.00","3.00","5.00"
"1883","2185","20230715","4.00","3.00","4.00"
"1884","2185","20230715","3.00","4.00","4.00"
"1885","2185","20230715","2.00","4.00","4.00"
"1886","2198","20230715","2.00","2.00","3.00"
"1887","2198","20230715","3.00","4.00","2.00"
"1888","2198","20230715","2.00","2.00","2.00"
"1889","2198","20230715","3.00","3.00","3.00"
"1890","2198","20230715","2.00","3.00","3.00"
"1891","2198","20230715","1.00","3.00","3.00"
"1892","2198","20230715","2.00","2.00","3.00"
"1893","2198","20230715","2.00","3.00","3.00"
"1894","2198","20230715","2.00","3.00","2.00"
"1895","2198","20230715","3.00","2.00","2.00"
"1896","2198","20230715","2.00","2.00","2.00"
"1897","2198","20230715","3.00","3.00","4.00"
"1898","2198","20230715","4.00","2.00","3.00"
"1899","2198","20230715","1.00","2.00","3.00"
"1900","2206","20230715","4.00","4.00","4.00"
"1901","2206","20230715","4.00","5.00","4.00"
"1902","2206","20230715","3.00","4.00","4.00"
"1903","2206","20230715","4.00","4.00","4.00"
"1904","2206","20230715","5.00","5.00","4.00"
"1905","2216","20230715","2.00","2.00","2.00"
"1906","2216","20230715","1.00","3.00","3.00"
"1907","2216","20230715","2.00","3.00","3.00"
"1908","2216","20230715","1.00","2.00","2.00"
"1909","2216","20230715","1.00","2.00","1.00"
"1910","2216","20230715","1.00","3.00","2.00"
"1911","2216","20230715","2.00","2.00","3.00"
"1912","2216","20230715","2.00","2.00","1.00"
"1913","2216","20230715","2.00","2.00","2.00"
"1914","2216","20230715","1.00","2.00","2.00"
"1915","2225","20230715","2.00","2.00","2.00"
"1916","2225","20230715","2.00","2.00","3.00"
"1917","2225","20230715","2.00","3.00","2.00"
"1918","2225","20230715","3.00","2.00","2.00"
"1919","2225","20230715","3.00","3.00","2.00"
"1920","2225","20230715","2.00","2.00","2.00"
"1921","2225","20230715","1.00","2.00","2.00"
"1922","2225","20230715","1.00","2.00","2.00"
"1923","2225","20230715","1.00","1.00","2.00"
"1924","2225","20230715","1.00","2.00","2.00"
"1925","2225","20230715","3.00","2.00","2.00"
"1926","2225","20230715","2.00","2.00","3.00"
"1927","2225","20230715","1.00","2.00","2.00"
"1928","2225","20230715","3.00","3.00","3.00"
"1929","2233","20230715","1.00","3.00","2.00"
"1930","2233","20230715","3.00","2.00","2.00"
"1931","2233","20230715","2.00","3.00","3.00"
"1932","2233","20230715","3.00","2.00","2.00"
"1933","2233","20230715","1.00","3.00","1.00"
"1934","2233","20230715","2.00","2.00","3.00"
"1935","2245","20230715","2.00","2.00","2.00"
"1936","2245","20230715","3.00","3.00","2.00"
"1937","2245","20230715","3.00","4.00","4.00"
"1938","2245","20230715","3.00","2.00","3.00"
"1939","2245","20230715","2.00","2.00","2.00"
"1940","2245","20230715","4.00","3.00","2.00"
"1941","2245","20230715","3.00","3.00","3.00"
"1942","6","20231215","5.00","5.00","5.00"
"1943","6","20231215","5.00","5.00","5.00"
"1944","6","20231215","5.00","5.00","5.00"
"1945","6","20231215","5.00","5.00","5.00"
"1946","10","20231215","3.00","4.00","4.00"
"1947","10","20231215","2.00","4.00","3.00"
"1948","10","20231215","4.00","4.00","3.00"
"1949","10","20231215","5.00","3.00","4.00"
"1950","10","20231215","3.00","3.00","3.00"
"1951","10","20231215","4.00","4.00","3.00"
"1952","10","20231215","4.00","4.00","3.00"
"1953","22","20231215","4.00","5.00","4.00"
"1954","22","20231215","3.00","4.00","4.00"
"1955","22","20231215","4.00","4.00","4.00"
"1956","22","20231215","4.00","4.00","5.00"
"1957","22","20231215","4.00","3.00","4.00"
"1958","22","20231215","4.00","5.00","3.00"
"1959","22","20231215","3.00","4.00","4.00"
"1960","22","20231215","5.00","4.00","4.00"
"1961","26","20231215","2.00","4.00","3.00"
"1962","26","20231215","2.00","3.00","3.00"
"1963","26","20231215","2.00","3.00","3.00"
"1964","26","20231215","3.00","4.00","3.00"
"1965","26","20231215","4.00","4.00","3.00"
"1966","39","20231215","4.00","5.00","4.00"
"1967","39","20231215","5.00","4.00","3.00"
"1968","39","20231215","3.00","4.00","5.00"
"1969","39","20231215","4.00","3.00","4.00"
"1970","39","20231215","4.00","4.00","3.00"
"1971","39","20231215","4.00","4.00","5.00"
"1972","39","20231215","5.00","5.00","4.00"
"1973","39","20231215","4.00","5.00","4.00"
"1974","39","20231215","5.00","4.00","4.00"
"1975","39","20231215","4.00","4.00","3.00"
"1976","39","20231215","4.00","3.00","3.00"
"1977","39","20231215","4.00","4.00","4.00"
"1978","39","20231215","2.00","3.00","3.00"
"1979","45","20231215","4.00","4.00","4.00"
"1980","45","20231215","5.00","5.00","5.00"
"1981","45","20231215","5.00","4.00","5.00"
"1982","49","20231215","4.00","3.00","4.00"
"1983","49","20231215","4.00","3.00","3.00"
"1984","49","20231215","4.00","4.00","3.00"
"1985","49","20231215","4.00","4.00","4.00"
"1986","49","20231215","4.00","3.00","4.00"
"1987","49","20231215","4.00","3.00","4.00"
"1988","53","20231215","4.00","4.00","3.00"
"1989","53","20231215","3.00","3.00","3.00"
"1990","53","20231215","4.00","3.00","3.00"
"1991","53","20231215","3.00","4.00","3.00"
"1992","53","20231215","2.00","4.00","4.00"
"1993","53","20231215","2.00","4.00","3.00"
"1994","53","20231215","2.00","4.00","3.00"
"1995","53","20231215","3.00","3.00","4.00"
"1996","53","20231215","3.00","3.00","3.00"
"1997","53","20231215","5.00","5.00","3.00"
"1998","53","20231215","3.00","2.00","4.00"
"1999","53","20231215","3.00","3.00","3.00"
"2000","53","20231215","3.00","4.00","3.00"
"2001","53","20231215","4.00","3.00","3.00"
"2002","53","20231215","3.00","4.00","4.00"
"2003","70","20231215","4.00","5.00","3.00"
"2004","70","20231215","4.00","3.00","3.00"
"2005","70","20231215","4.00","3.00","3.00"
"2006","70","20231215","3.00","3.00","3.00"
"2007","70","20231215","4.00","3.00","4.00"
"2008","74","20231215","4.00","4.00","4.00"
"2009","74","20231215","4.00","3.00","4.00"
"2010","74","20231215","4.00","5.00","4.00"
"2011","74","20231215","4.00","5.00","4.00"
"2012","74","20231215","3.00","4.00","4.00"
"2013","74","20231215","5.00","3.00","4.00"
"2014","74","20231215","4.00","3.00","4.00"
"2015","78","20231215","3.00","5.00","3.00"
"2016","78","20231215","4.00","3.00","3.00"
"2017","78","20231215","3.00","3.00","4.00"
"2018","78","20231215","4.00","4.00","3.00"
"2019","78","20231215","3.00","4.00","4.00"
"2020","78","20231215","3.00","4.00","4.00"
"2021","78","20231215","4.00","3.00","4.00"
"2022","78","20231215","3.00","2.00","3.00"
"2023","78","20231215","5.00","5.00","3.00"
"2024","90","20231215","1.00","4.00","4.00"
"2025","90","20231215","3.00","3.00","1.00"
"2026","90","20231215","4.00","3.00","3.00"
"2027","90","20231215","1.00","3.00","4.00"
"2028","90","20231215","4.00","3.00","3.00"
"2029","93","20231215","3.00","5.00","4.00"
"2030","93","20231215","4.00","5.00","4.00"
"2031","93","20231215","3.00","5.00","5.00"
"2032","93","20231215","3.00","3.00","4.00"
"2033","93","20231215","3.00","5.00","4.00"
"2034","93","20231215","4.00","5.00","3.00"
"2035","93","20231215","4.00","4.00","4.00"
"2036","93","20231215","4.00","4.00","4.00"
"2037","93","20231215","3.00","4.00","4.00"
"2038","93","20231215","5.00","5.00","4.00"
"2039","107","20231215","3.00","4.00","3.00"
"2040","107","20231215","3.00","5.00","3.00"
"2041","107","20231215","3.00","3.00","5.00"
"2042","107","20231215","4.00","5.00","3.00"
"2043","107","20231215","4.00","4.00","3.00"
"2044","107","20231215","4.00","4.00","3.00"
"2045","107","20231215","3.00","5.00","4.00"
"2046","107","20231215","4.00","4.00","4.00"
"2047","132","20231215","3.00","4.00","3.00"
"2048","132","20231215","4.00","3.00","4.00"
"2049","132","20231215","4.00","3.00","3.00"
"2050","132","20231215","2.00","4.00","3.00"
"2051","132","20231215","3.00","2.00","3.00"
"2052","132","20231215","3.00","4.00","3.00"
"2053","136","20231215","3.00","4.00","3.00"
"2054","136","20231215","3.00","4.00","3.00"
"2055","136","20231215","2.00","4.00","3.00"
"2056","136","20231215","3.00","4.00","3.00"
"2057","136","20231215","4.00","4.00","3.00"
"2058","136","20231215","3.00","4.00","3.00"
"2059","136","20231215","3.00","3.00","4.00"
"2060","136","20231215","4.00","3.00","4.00"
"2061","136","20231215","2.00","4.00","3.00"
"2062","136","20231215","3.00","4.00","2.00"
"2063","136","20231215","4.00","2.00","3.00"
"2064","142","20231215","3.00","3.00","3.00"
"2065","142","20231215","2.00","3.00","3.00"
"2066","142","20231215","2.00","3.00","1.00"
"2067","142","20231215","2.00","2.00","2.00"
"2068","142","20231215","2.00","3.00","1.00"
"2069","142","20231215","3.00","2.00","2.00"
"2070","142","20231215","2.00","2.00","3.00"
"2071","142","20231215","3.00","2.00","3.00"
"2072","142","20231215","2.00","3.00","3.00"
"2073","150","20231215","3.00","5.00","4.00"
"2074","150","20231215","5.00","5.00","5.00"
"2075","150","20231215","4.00","5.00","5.00"
"2076","150","20231215","5.00","4.00","5.00"
"2077","150","20231215","4.00","4.00","4.00"
"2078","150","20231215","4.00","5.00","4.00"
"2079","150","20231215","4.00","4.00","4.00"
"2080","150","20231215","4.00","4.00","4.00"
"2081","150","20231215","4.00","5.00","4.00"
"2082","150","20231215","4.00","5.00","5.00"
"2083","150","20231215","4.00","3.00","5.00"
"2084","150","20231215","4.00","3.00","5.00"
"2085","150","20231215","3.00","5.00","5.00"
"2086","150","20231215","5.00","4.00","5.00"
"2087","150","20231215","4.00","5.00","5.00"
"2088","168","20231215","4.00","3.00","3.00"
"2089","168","20231215","4.00","4.00","2.00"
"2090","168","20231215","4.00","3.00","4.00"
"2091","168","20231215","2.00","3.00","3.00"
"2092","168","20231215","3.00","4.00","3.00"
"2093","168","20231215","3.00","4.00","4.00"
"2094","168","20231215","3.00","4.00","3.00"
"2095","168","20231215","3.00","2.00","3.00"
"2096","168","20231215","3.00","4.00","4.00"
"2097","168","20231215","3.00","2.00","3.00"
"2098","168","20231215","3.00","4.00","3.00"
"2099","174","20231215","5.00","5.00","4.00"
"2100","174","20231215","5.00","5.00","5.00"
"2101","174","20231215","5.00","5.00","4.00"
"2102","178","20231215","3.00","3.00","3.00"
"2103","178","20231215","3.00","3.00","3.00"
"2104","178","20231215","3.00","3.00","3.00"
"2105","178","20231215","4.00","3.00","3.00"
"2106","178","20231215","3.00","4.00","3.00"
"2107","178","20231215","3.00","3.00","2.00"
"2108","178","20231215","4.00","3.00","4.00"
"2109","178","20231215","4.00","2.00","3.00"
"2110","178","20231215","2.00","4.00","3.00"
"2111","178","20231215","3.00","3.00","3.00"
"2112","178","20231215","3.00","3.00","3.00"
"2113","178","20231215","5.00","4.00","3.00"
"2114","206","20231215","3.00","3.00","3.00"
"2115","206","20231215","2.00","4.00","3.00"
"2116","206","20231215","3.00","3.00","4.00"
"2117","206","20231215","1.00","3.00","3.00"
"2118","206","20231215","2.00","4.00","3.00"
"2119","206","20231215","2.00","3.00","3.00"
"2120","206","20231215","3.00","3.00","4.00"
"2121","206","20231215","3.00","3.00","3.00"
"2122","210","20231215","3.00","3.00","2.00"
"2123","210","20231215","3.00","2.00","3.00"
"2124","210","20231215","4.00","3.00","3.00"
"2125","210","20231215","3.00","4.00","3.00"
"2126","210","20231215","3.00","3.00","3.00"
"2127","210","20231215","3.00","3.00","3.00"
"2128","219","20231215","4.00","5.00","4.00"
"2129","219","20231215","3.00","4.00","4.00"
"2130","219","20231215","5.00","4.00","3.00"
"2131","219","20231215","5.00","4.00","4.00"
"2132","219","20231215","4.00","5.00","4.00"
"2133","219","20231215","4.00","4.00","4.00"
"2134","219","20231215","3.00","4.00","5.00"
"2135","219","20231215","4.00","4.00","5.00"
"2136","219","20231215","5.00","5.00","5.00"
"2137","226","20231215","3.00","3.00","4.00"
"2138","226","20231215","3.00","3.00","3.00"
"2139","226","20231215","3.00","3.00","2.00"
"2140","226","20231215","3.00","4.00","4.00"
"2141","226","20231215","3.00","4.00","3.00"
"2142","226","20231215","4.00","4.00","3.00"
"2143","240","20231215","4.00","3.00","4.00"
"2144","240","20231215","3.00","4.00","3.00"
"2145","240","20231215","3.00","3.00","4.00"
"2146","240","20231215","2.00","4.00","4.00"
"2147","240","20231215","4.00","4.00","2.00"
"2148","240","20231215","3.00","3.00","3.00"
"2149","240","20231215","2.00","4.00","3.00"
"2150","240","20231215","3.00","3.00","4.00"
"2151","240","20231215","3.00","4.00","3.00"
"2152","242","20231215","3.00","4.00","4.00"
"2153","242","20231215","3.00","4.00","5.00"
"2154","242","20231215","4.00","4.00","3.00"
"2155","242","20231215","2.00","4.00","3.00"
"2156","242","20231215","4.00","3.00","4.00"
"2157","242","20231215","4.00","5.00","4.00"
"2158","242","20231215","4.00","5.00","3.00"
"2159","242","20231215","4.00","3.00","4.00"
"2160","242","20231215","4.00","4.00","4.00"
"2161","242","20231215","4.00","4.00","4.00"
"2162","251","20231215","4.00","4.00","5.00"
"2163","251","20231215","4.00","5.00","3.00"
"2164","251","20231215","4.00","5.00","4.00"
"2165","251","20231215","5.00","5.00","5.00"
"2166","251","20231215","4.00","5.00","4.00"
"2167","251","20231215","4.00","4.00","4.00"
"2168","251","20231215","5.00","4.00","4.00"
"2169","251","20231215","5.00","4.00","4.00"
"2170","251","20231215","3.00","3.00","4.00"
"2171","251","20231215","4.00","4.00","5.00"
"2172","251","20231215","4.00","3.00","5.00"
"2173","251","20231215","4.00","4.00","4.00"
"2174","251","20231215","5.00","5.00","4.00"
"2175","263","20231215","5.00","5.00","5.00"
"2176","263","20231215","5.00","5.00","4.00"
"2177","263","20231215","5.00","4.00","5.00"
"2178","263","20231215","5.00","4.00","4.00"
"2179","263","20231215","4.00","5.00","4.00"
"2180","273","20231215","4.00","5.00","4.00"
"2181","273","20231215","2.00","3.00","3.00"
"2182","273","20231215","4.00","4.00","3.00"
"2183","284","20231215","4.00","4.00","4.00"
"2184","284","20231215","3.00","4.00","3.00"
"2185","284","20231215","3.00","3.00","3.00"
"2186","284","20231215","3.00","3.00","2.00"
"2187","284","20231215","4.00","4.00","3.00"
"2188","284","20231215","3.00","3.00","3.00"
"2189","284","20231215","3.00","3.00","3.00"
"2190","284","20231215","4.00","4.00","3.00"
"2191","290","20231215","3.00","4.00","4.00"
"2192","290","20231215","2.00","3.00","4.00"
"2193","290","20231215","3.00","4.00","4.00"
"2194","290","20231215","4.00","3.00","3.00"
"2195","290","20231215","2.00","3.00","3.00"
"2196","290","20231215","4.00","3.00","3.00"
"2197","290","20231215","3.00","4.00","4.00"
"2198","290","20231215","3.00","3.00","3.00"
"2199","290","20231215","2.00","4.00","4.00"
"2200","290","20231215","3.00","4.00","4.00"
"2201","290","20231215","3.00","3.00","3.00"
"2202","290","20231215","5.00","3.00","3.00"
"2203","290","20231215","4.00","4.00","3.00"
"2204","290","20231215","3.00","4.00","4.00"
"2205","296","20231215","5.00","5.00","5.00"
"2206","296","20231215","4.00","5.00","5.00"
"2207","296","20231215","5.00","5.00","5.00"
"2208","296","20231215","5.00","5.00","5.00"
"2209","296","20231215","5.00","5.00","5.00"
"2210","296","20231215","5.00","5.00","5.00"
"2211","300","20231215","2.00","4.00","3.00"
"2212","300","20231215","4.00","4.00","3.00"
"2213","300","20231215","4.00","3.00","2.00"
"2214","326","20231215","5.00","5.00","4.00"
"2215","326","20231215","5.00","5.00","5.00"
"2216","326","20231215","5.00","5.00","4.00"
"2217","326","20231215","4.00","5.00","5.00"
"2218","326","20231215","5.00","5.00","5.00"
"2219","342","20231215","5.00","5.00","5.00"
"2220","342","20231215","4.00","5.00","5.00"
"2221","342","20231215","5.00","5.00","5.00"
"2222","342","20231215","5.00","5.00","5.00"
"2223","342","20231215","5.00","5.00","5.00"
"2224","342","20231215","5.00","5.00","5.00"
"2225","342","20231215","5.00","5.00","5.00"
"2226","342","20231215","4.00","5.00","5.00"
"2227","342","20231215","5.00","5.00","4.00"
"2228","342","20231215","5.00","5.00","5.00"
"2229","342","20231215","5.00","5.00","5.00"
"2230","342","20231215","5.00","4.00","5.00"
"2231","342","20231215","5.00","5.00","5.00"
"2232","346","20231215","2.00","3.00","4.00"
"2233","346","20231215","3.00","3.00","2.00"
"2234","346","20231215","3.00","3.00","4.00"
"2235","346","20231215","4.00","4.00","4.00"
"2236","346","20231215","4.00","4.00","4.00"
"2237","346","20231215","4.00","3.00","4.00"
"2238","346","20231215","2.00","3.00","4.00"
"2239","346","20231215","3.00","4.00","2.00"
"2240","346","20231215","4.00","3.00","2.00"
"2241","346","20231215","3.00","3.00","3.00"
"2242","346","20231215","3.00","4.00","4.00"
"2243","346","20231215","3.00","3.00","2.00"
"2244","346","20231215","3.00","4.00","3.00"
"2245","360","20231215","3.00","4.00","3.00"
"2246","360","20231215","4.00","2.00","4.00"
"2247","360","20231215","3.00","4.00","3.00"
"2248","360","20231215","3.00","3.00","3.00"
"2249","360","20231215","3.00","4.00","3.00"
"2250","360","20231215","3.00","4.00","3.00"
"2251","360","20231215","3.00","5.00","3.00"
"2252","360","20231215","3.00","4.00","3.00"
"2253","360","20231215","3.00","3.00","4.00"
"2254","360","20231215","3.00","4.00","2.00"
"2255","378","20231215","3.00","3.00","4.00"
"2256","378","20231215","3.00","4.00","3.00"
"2257","378","20231215","4.00","4.00","3.00"
"2258","378","20231215","2.00","3.00","3.00"
"2259","378","20231215","2.00","4.00","4.00"
"2260","378","20231215","4.00","3.00","3.00"
"2261","378","20231215","4.00","4.00","5.00"
"2262","378","20231215","4.00","3.00","3.00"
"2263","378","20231215","3.00","4.00","3.00"
"2264","378","20231215","4.00","5.00","4.00"
"2265","378","20231215","4.00","2.00","3.00"
"2266","378","20231215","4.00","3.00","3.00"
"2267","390","20231215","3.00","4.00","4.00"
"2268","390","20231215","5.00","3.00","3.00"
"2269","390","20231215","3.00","3.00","3.00"
"2270","390","20231215","3.00","4.00","3.00"
"2271","390","20231215","3.00","2.00","3.00"
"2272","390","20231215","4.00","4.00","3.00"
"2273","390","20231215","4.00","4.00","4.00"
"2274","390","20231215","3.00","3.00","3.00"
"2275","393","20231215","3.00","3.00","4.00"
"2276","393","20231215","4.00","3.00","3.00"
"2277","393","20231215","2.00","4.00","4.00"
"2278","393","20231215","4.00","4.00","4.00"
"2279","402","20231215","4.00","3.00","5.00"
"2280","402","20231215","3.00","3.00","3.00"
"2281","402","20231215","2.00","5.00","3.00"
"2282","402","20231215","4.00","3.00","4.00"
"2283","402","20231215","4.00","4.00","2.00"
"2284","402","20231215","4.00","4.00","4.00"
"2285","402","20231215","4.00","3.00","5.00"
"2286","402","20231215","4.00","3.00","4.00"
"2287","402","20231215","3.00","4.00","3.00"
"2288","410","20231215","4.00","4.00","4.00"
"2289","410","20231215","4.00","3.00","4.00"
"2290","410","20231215","2.00","3.00","3.00"
"2291","410","20231215","3.00","4.00","4.00"
"2292","410","20231215","4.00","3.00","3.00"
"2293","422","20231215","2.00","3.00","3.00"
"2294","422","20231215","3.00","2.00","3.00"
"2295","422","20231215","3.00","3.00","3.00"
"2296","422","20231215","4.00","4.00","3.00"
"2297","422","20231215","3.00","4.00","3.00"
"2298","422","20231215","2.00","4.00","3.00"
"2299","422","20231215","2.00","3.00","3.00"
"2300","422","20231215","2.00","3.00","3.00"
"2301","422","20231215","2.00","3.00","4.00"
"2302","422","20231215","3.00","3.00","3.00"
"2303","422","20231215","3.00","3.00","3.00"
"2304","422","20231215","3.00","3.00","2.00"
"2305","430","20231215","5.00","4.00","2.00"
"2306","430","20231215","3.00","4.00","5.00"
"2307","430","20231215","3.00","3.00","4.00"
"2308","430","20231215","4.00","4.00","4.00"
"2309","441","20231215","3.00","4.00","4.00"
"2310","441","20231215","5.00","3.00","3.00"
"2311","441","20231215","3.00","5.00","4.00"
"2312","447","20231215","1.00","2.00","1.00"
"2313","447","20231215","3.00","2.00","2.00"
"2314","447","20231215","3.00","2.00","1.00"
"2315","452","20231215","2.00","2.00","1.00"
"2316","452","20231215","2.00","2.00","2.00"
"2317","452","20231215","1.00","2.00","1.00"
"2318","452","20231215","2.00","1.00","1.00"
"2319","452","20231215","1.00","2.00","1.00"
"2320","452","20231215","3.00","2.00","2.00"
"2321","452","20231215","2.00","1.00","2.00"
"2322","452","20231215","1.00","2.00","2.00"
"2323","452","20231215","2.00","2.00","1.00"
"2324","459","20231215","2.00","2.00","2.00"
"2325","459","20231215","3.00","3.00","4.00"
"2326","459","20231215","3.00","3.00","2.00"
"2327","459","20231215","4.00","4.00","3.00"
"2328","459","20231215","2.00","4.00","3.00"
"2329","459","20231215","3.00","2.00","4.00"
"2330","459","20231215","4.00","3.00","2.00"
"2331","459","20231215","3.00","3.00","2.00"
"2332","459","20231215","3.00","2.00","2.00"
"2333","468","20231215","2.00","4.00","3.00"
"2334","468","20231215","3.00","5.00","3.00"
"2335","468","20231215","3.00","2.00","4.00"
"2336","468","20231215","3.00","4.00","4.00"
"2337","468","20231215","3.00","5.00","3.00"
"2338","468","20231215","3.00","4.00","4.00"
"2339","468","20231215","3.00","2.00","3.00"
"2340","468","20231215","3.00","4.00","4.00"
"2341","468","20231215","4.00","3.00","3.00"
"2342","468","20231215","3.00","4.00","4.00"
"2343","472","20231215","2.00","2.00","2.00"
"2344","472","20231215","2.00","1.00","3.00"
"2345","472","20231215","3.00","2.00","2.00"
"2346","472","20231215","2.00","3.00","3.00"
"2347","472","20231215","3.00","2.00","2.00"
"2348","472","20231215","2.00","3.00","2.00"
"2349","472","20231215","2.00","3.00","1.00"
"2350","472","20231215","2.00","2.00","3.00"
"2351","472","20231215","2.00","2.00","2.00"
"2352","498","20231215","3.00","3.00","4.00"
"2353","498","20231215","3.00","3.00","3.00"
"2354","498","20231215","3.00","4.00","4.00"
"2355","498","20231215","3.00","4.00","3.00"
"2356","498","20231215","3.00","3.00","4.00"
"2357","498","20231215","3.00","5.00","4.00"
"2358","498","20231215","5.00","3.00","3.00"
"2359","498","20231215","3.00","3.00","3.00"
"2360","498","20231215","4.00","4.00","3.00"
"2361","498","20231215","3.00","3.00","3.00"
"2362","498","20231215","4.00","4.00","4.00"
"2363","498","20231215","3.00","4.00","4.00"
"2364","498","20231215","4.00","4.00","3.00"
"2365","498","20231215","4.00","4.00","3.00"
"2366","498","20231215","4.00","5.00","4.00"
"2367","501","20231215","3.00","4.00","4.00"
"2368","501","20231215","3.00","3.00","4.00"
"2369","501","20231215","4.00","4.00","3.00"
"2370","501","20231215","4.00","5.00","3.00"
"2371","501","20231215","4.00","3.00","4.00"
"2372","501","20231215","4.00","4.00","3.00"
"2373","501","20231215","4.00","3.00","3.00"
"2374","501","20231215","3.00","3.00","4.00"
"2375","501","20231215","3.00","4.00","4.00"
"2376","501","20231215","5.00","4.00","3.00"
"2377","501","20231215","4.00","4.00","3.00"
"2378","501","20231215","1.00","3.00","3.00"
"2379","505","20231215","2.00","2.00","2.00"
"2380","505","20231215","3.00","3.00","2.00"
"2381","505","20231215","3.00","2.00","2.00"
"2382","505","20231215","2.00","3.00","2.00"
"2383","505","20231215","2.00","3.00","2.00"
"2384","505","20231215","2.00","3.00","2.00"
"2385","505","20231215","3.00","4.00","3.00"
"2386","505","20231215","2.00","3.00","2.00"
"2387","505","20231215","2.00","3.00","3.00"
"2388","505","20231215","2.00","3.00","2.00"
"2389","505","20231215","2.00","2.00","3.00"
"2390","505","20231215","2.00","2.00","3.00"
"2391","505","20231215","3.00","3.00","3.00"
"2392","505","20231215","2.00","3.00","3.00"
"2393","530","20231215","5.00","3.00","3.00"
"2394","530","20231215","3.00","4.00","4.00"
"2395","530","20231215","3.00","4.00","4.00"
"2396","530","20231215","4.00","4.00","3.00"
"2397","530","20231215","2.00","3.00","3.00"
"2398","530","20231215","3.00","3.00","3.00"
"2399","530","20231215","5.00","5.00","4.00"
"2400","530","20231215","4.00","3.00","3.00"
"2401","530","20231215","3.00","4.00","4.00"
"2402","530","20231215","3.00","3.00","4.00"
"2403","530","20231215","4.00","3.00","4.00"
"2404","530","20231215","5.00","4.00","3.00"
"2405","530","20231215","3.00","4.00","4.00"
"2406","540","20231215","4.00","4.00","4.00"
"2407","540","20231215","4.00","4.00","3.00"
"2408","540","20231215","4.00","3.00","4.00"
"2409","540","20231215","3.00","4.00","4.00"
"2410","540","20231215","5.00","5.00","4.00"
"2411","540","20231215","3.00","4.00","4.00"
"2412","540","20231215","3.00","5.00","4.00"
"2413","540","20231215","3.00","4.00","3.00"
"2414","540","20231215","3.00","4.00","4.00"
"2415","540","20231215","4.00","4.00","3.00"
"2416","540","20231215","3.00","3.00","5.00"
"2417","540","20231215","3.00","3.00","4.00"
"2418","540","20231215","4.00","5.00","4.00"
"2419","540","20231215","5.00","4.00","3.00"
"2420","543","20231215","4.00","3.00","2.00"
"2421","543","20231215","2.00","3.00","3.00"
"2422","543","20231215","2.00","3.00","3.00"
"2423","547","20231215","4.00","4.00","3.00"
"2424","547","20231215","4.00","2.00","3.00"
"2425","547","20231215","4.00","3.00","3.00"
"2426","547","20231215","4.00","3.00","3.00"
"2427","547","20231215","3.00","3.00","3.00"
"2428","547","20231215","5.00","4.00","4.00"
"2429","547","20231215","3.00","4.00","4.00"
"2430","547","20231215","3.00","3.00","3.00"
"2431","547","20231215","3.00","3.00","3.00"
"2432","547","20231215","4.00","3.00","3.00"
"2433","547","20231215","3.00","3.00","3.00"
"2434","555","20231215","3.00","3.00","4.00"
"2435","555","20231215","5.00","4.00","4.00"
"2436","555","20231215","4.00","4.00","3.00"
"2437","555","20231215","4.00","5.00","4.00"
"2438","555","20231215","5.00","5.00","3.00"
"2439","563","20231215","4.00","5.00","4.00"
"2440","563","20231215","3.00","4.00","5.00"
"2441","563","20231215","4.00","4.00","5.00"
"2442","563","20231215","5.00","5.00","4.00"
"2443","563","20231215","5.00","5.00","5.00"
"2444","568","20231215","3.00","4.00","4.00"
"2445","568","20231215","3.00","3.00","3.00"
"2446","568","20231215","3.00","4.00","3.00"
"2447","568","20231215","4.00","3.00","2.00"
"2448","568","20231215","3.00","3.00","3.00"
"2449","568","20231215","4.00","4.00","3.00"
"2450","568","20231215","4.00","4.00","3.00"
"2451","568","20231215","3.00","4.00","3.00"
"2452","568","20231215","4.00","3.00","4.00"
"2453","568","20231215","3.00","4.00","4.00"
"2454","568","20231215","3.00","4.00","4.00"
"2455","568","20231215","4.00","3.00","3.00"
"2456","568","20231215","3.00","4.00","3.00"
"2457","587","20231215","3.00","3.00","3.00"
"2458","587","20231215","2.00","3.00","3.00"
"2459","587","20231215","2.00","3.00","3.00"
"2460","587","20231215","4.00","4.00","2.00"
"2461","587","20231215","4.00","2.00","3.00"
"2462","587","20231215","4.00","3.00","2.00"
"2463","587","20231215","4.00","3.00","3.00"
"2464","587","20231215","4.00","2.00","3.00"
"2465","587","20231215","3.00","4.00","4.00"
"2466","587","20231215","3.00","3.00","3.00"
"2467","587","20231215","2.00","3.00","2.00"
"2468","587","20231215","4.00","3.00","3.00"
"2469","587","20231215","3.00","4.00","3.00"
"2470","587","20231215","3.00","4.00","2.00"
"2471","587","20231215","2.00","3.00","3.00"
"2472","591","20231215","1.00","2.00","1.00"
"2473","591","20231215","3.00","4.00","2.00"
"2474","591","20231215","1.00","1.00","2.00"
"2475","591","20231215","2.00","2.00","3.00"
"2476","591","20231215","2.00","3.00","3.00"
"2477","591","20231215","2.00","1.00","2.00"
"2478","591","20231215","1.00","3.00","2.00"
"2479","591","20231215","3.00","3.00","2.00"
"2480","591","20231215","1.00","1.00","2.00"
"2481","591","20231215","1.00","2.00","2.00"
"2482","591","20231215","2.00","2.00","2.00"
"2483","591","20231215","3.00","2.00","2.00"
"2484","603","20231215","2.00","3.00","2.00"
"2485","603","20231215","3.00","2.00","1.00"
"2486","603","20231215","1.00","2.00","1.00"
"2487","603","20231215","1.00","2.00","1.00"
"2488","603","20231215","4.00","2.00","2.00"
"2489","603","20231215","1.00","2.00","2.00"
"2490","603","20231215","2.00","3.00","2.00"
"2491","603","20231215","2.00","2.00","2.00"
"2492","603","20231215","2.00","3.00","2.00"
"2493","603","20231215","1.00","3.00","2.00"
"2494","603","20231215","2.00","3.00","3.00"
"2495","603","20231215","1.00","3.00","2.00"
"2496","613","20231215","2.00","4.00","3.00"
"2497","613","20231215","3.00","4.00","3.00"
"2498","613","20231215","4.00","2.00","3.00"
"2499","613","20231215","3.00","4.00","3.00"
"2500","613","20231215","3.00","3.00","3.00"
"2501","613","20231215","3.00","4.00","3.00"
"2502","613","20231215","3.00","3.00","3.00"
"2503","613","20231215","2.00","3.00","2.00"
"2504","613","20231215","4.00","2.00","4.00"
"2505","613","20231215","3.00","3.00","4.00"
"2506","613","20231215","3.00","4.00","3.00"
"2507","613","20231215","3.00","3.00","3.00"
"2508","618","20231215","3.00","4.00","3.00"
"2509","618","20231215","2.00","3.00","3.00"
"2510","618","20231215","3.00","3.00","3.00"
"2511","618","20231215","3.00","2.00","3.00"
"2512","618","20231215","3.00","3.00","2.00"
"2513","618","20231215","2.00","2.00","3.00"
"2514","618","20231215","3.00","3.00","2.00"
"2515","618","20231215","2.00","3.00","4.00"
"2516","618","20231215","3.00","2.00","3.00"
"2517","618","20231215","3.00","3.00","3.00"
"2518","618","20231215","2.00","4.00","2.00"
"2519","620","20231215","2.00","2.00","1.00"
"2520","620","20231215","1.00","2.00","2.00"
"2521","620","20231215","2.00","3.00","1.00"
"2522","620","20231215","1.00","2.00","2.00"
"2523","620","20231215","1.00","2.00","2.00"
"2524","620","20231215","3.00","1.00","2.00"
"2525","620","20231215","3.00","2.00","2.00"
"2526","624","20231215","4.00","5.00","5.00"
"2527","624","20231215","4.00","4.00","4.00"
"2528","624","20231215","4.00","5.00","4.00"
"2529","628","20231215","2.00","3.00","3.00"
"2530","628","20231215","3.00","2.00","3.00"
"2531","628","20231215","2.00","3.00","2.00"
"2532","628","20231215","2.00","1.00","3.00"
"2533","628","20231215","3.00","2.00","3.00"
"2534","628","20231215","3.00","3.00","4.00"
"2535","628","20231215","3.00","4.00","2.00"
"2536","628","20231215","2.00","3.00","3.00"
"2537","628","20231215","2.00","2.00","3.00"
"2538","628","20231215","3.00","3.00","3.00"
"2539","637","20231215","3.00","4.00","3.00"
"2540","637","20231215","4.00","3.00","4.00"
"2541","637","20231215","3.00","3.00","4.00"
"2542","637","20231215","2.00","3.00","3.00"
"2543","637","20231215","5.00","4.00","4.00"
"2544","637","20231215","3.00","3.00","3.00"
"2545","637","20231215","5.00","4.00","4.00"
"2546","637","20231215","4.00","4.00","3.00"
"2547","637","20231215","3.00","3.00","3.00"
"2548","637","20231215","3.00","4.00","5.00"
"2549","637","20231215","3.00","3.00","4.00"
"2550","637","20231215","4.00","3.00","4.00"
"2551","637","20231215","4.00","4.00","3.00"
"2552","641","20231215","4.00","5.00","3.00"
"2553","641","20231215","4.00","4.00","4.00"
"2554","641","20231215","5.00","4.00","4.00"
"2555","641","20231215","4.00","5.00","4.00"
"2556","641","20231215","4.00","5.00","5.00"
"2557","641","20231215","3.00","5.00","5.00"
"2558","641","20231215","3.00","5.00","5.00"
"2559","647","20231215","3.00","4.00","3.00"
"2560","647","20231215","3.00","5.00","3.00"
"2561","647","20231215","3.00","3.00","3.00"
"2562","647","20231215","2.00","2.00","3.00"
"2563","647","20231215","3.00","4.00","3.00"
"2564","647","20231215","4.00","2.00","3.00"
"2565","647","20231215","3.00","3.00","3.00"
"2566","647","20231215","2.00","3.00","2.00"
"2567","647","20231215","3.00","3.00","2.00"
"2568","647","20231215","3.00","2.00","2.00"
"2569","647","20231215","3.00","3.00","3.00"
"2570","647","20231215","2.00","2.00","3.00"
"2571","647","20231215","2.00","4.00","4.00"
"2572","647","20231215","4.00","3.00","3.00"
"2573","654","20231215","4.00","4.00","3.00"
"2574","654","20231215","3.00","5.00","4.00"
"2575","654","20231215","3.00","4.00","4.00"
"2576","654","20231215","3.00","4.00","4.00"
"2577","654","20231215","4.00","3.00","4.00"
"2578","662","20231215","4.00","5.00","4.00"
"2579","662","20231215","3.00","4.00","4.00"
"2580","662","20231215","4.00","5.00","3.00"
"2581","662","20231215","4.00","4.00","4.00"
"2582","662","20231215","4.00","4.00","4.00"
"2583","662","20231215","3.00","4.00","3.00"
"2584","662","20231215","3.00","4.00","4.00"
"2585","662","20231215","4.00","4.00","4.00"
"2586","662","20231215","4.00","4.00","4.00"
"2587","662","20231215","4.00","5.00","4.00"
"2588","662","20231215","5.00","4.00","4.00"
"2589","662","20231215","4.00","3.00","4.00"
"2590","662","20231215","5.00","5.00","5.00"
"2591","666","20231215","4.00","4.00","5.00"
"2592","666","20231215","4.00","5.00","4.00"
"2593","666","20231215","4.00","4.00","5.00"
"2594","670","20231215","3.00","3.00","3.00"
"2595","670","20231215","3.00","4.00","4.00"
"2596","670","20231215","3.00","2.00","4.00"
"2597","673","20231215","2.00","4.00","2.00"
"2598","673","20231215","2.00","3.00","3.00"
"2599","673","20231215","3.00","2.00","4.00"
"2600","673","20231215","3.00","3.00","4.00"
"2601","673","20231215","2.00","3.00","4.00"
"2602","673","20231215","4.00","3.00","4.00"
"2603","673","20231215","4.00","3.00","4.00"
"2604","673","20231215","4.00","3.00","3.00"
"2605","673","20231215","3.00","4.00","3.00"
"2606","673","20231215","2.00","3.00","3.00"
"2607","673","20231215","3.00","3.00","3.00"
"2608","673","20231215","4.00","3.00","3.00"
"2609","673","20231215","3.00","3.00","3.00"
"2610","678","20231215","5.00","5.00","4.00"
"2611","678","20231215","3.00","5.00","4.00"
"2612","678","20231215","5.00","4.00","4.00"
"2613","686","20231215","4.00","4.00","5.00"
"2614","686","20231215","3.00","5.00","4.00"
"2615","686","20231215","5.00","4.00","5.00"
"2616","686","20231215","4.00","4.00","5.00"
"2617","686","20231215","4.00","3.00","5.00"
"2618","686","20231215","3.00","5.00","4.00"
"2619","686","20231215","4.00","4.00","3.00"
"2620","686","20231215","5.00","5.00","4.00"
"2621","693","20231215","3.00","4.00","2.00"
"2622","693","20231215","1.00","2.00","2.00"
"2623","693","20231215","2.00","3.00","3.00"
"2624","693","20231215","2.00","2.00","3.00"
"2625","693","20231215","3.00","3.00","3.00"
"2626","693","20231215","3.00","2.00","3.00"
"2627","693","20231215","3.00","4.00","4.00"
"2628","693","20231215","3.00","4.00","3.00"
"2629","693","20231215","1.00","1.00","3.00"
"2630","693","20231215","2.00","4.00","2.00"
"2631","693","20231215","3.00","3.00","4.00"
"2632","696","20231215","4.00","4.00","4.00"
"2633","696","20231215","4.00","5.00","4.00"
"2634","696","20231215","4.00","5.00","4.00"
"2635","696","20231215","5.00","5.00","4.00"
"2636","696","20231215","4.00","5.00","5.00"
"2637","696","20231215","5.00","5.00","5.00"
"2638","696","20231215","4.00","5.00","4.00"
"2639","696","20231215","3.00","4.00","5.00"
"2640","696","20231215","4.00","5.00","5.00"
"2641","696","20231215","4.00","5.00","5.00"
"2642","696","20231215","4.00","5.00","5.00"
"2643","704","20231215","4.00","4.00","4.00"
"2644","704","20231215","3.00","4.00","4.00"
"2645","704","20231215","4.00","5.00","4.00"
"2646","704","20231215","4.00","4.00","4.00"
"2647","704","20231215","4.00","5.00","3.00"
"2648","704","20231215","4.00","4.00","4.00"
"2649","712","20231215","4.00","4.00","3.00"
"2650","712","20231215","3.00","3.00","3.00"
"2651","712","20231215","4.00","4.00","3.00"
"2652","712","20231215","4.00","4.00","4.00"
"2653","726","20231215","5.00","5.00","4.00"
"2654","726","20231215","5.00","5.00","5.00"
"2655","726","20231215","5.00","5.00","4.00"
"2656","726","20231215","4.00","5.00","4.00"
"2657","726","20231215","4.00","4.00","4.00"
"2658","730","20231215","2.00","3.00","2.00"
"2659","730","20231215","2.00","1.00","2.00"
"2660","730","20231215","3.00","3.00","2.00"
"2661","730","20231215","2.00","3.00","3.00"
"2662","730","20231215","1.00","3.00","2.00"
"2663","736","20231215","3.00","3.00","4.00"
"2664","736","20231215","5.00","5.00","5.00"
"2665","736","20231215","5.00","3.00","4.00"
"2666","736","20231215","4.00","4.00","3.00"
"2667","736","20231215","4.00","3.00","4.00"
"2668","736","20231215","4.00","4.00","4.00"
"2669","736","20231215","3.00","4.00","4.00"
"2670","736","20231215","4.00","5.00","3.00"
"2671","736","20231215","3.00","4.00","4.00"
"2672","736","20231215","5.00","4.00","4.00"
"2673","736","20231215","4.00","2.00","3.00"
"2674","736","20231215","5.00","3.00","3.00"
"2675","736","20231215","3.00","4.00","4.00"
"2676","736","20231215","4.00","4.00","4.00"
"2677","739","20231215","2.00","3.00","3.00"
"2678","739","20231215","2.00","2.00","4.00"
"2679","739","20231215","3.00","3.00","4.00"
"2680","739","20231215","3.00","4.00","3.00"
"2681","739","20231215","4.00","5.00","3.00"
"2682","739","20231215","2.00","3.00","3.00"
"2683","739","20231215","4.00","4.00","3.00"
"2684","739","20231215","3.00","4.00","3.00"
"2685","739","20231215","3.00","4.00","2.00"
"2686","739","20231215","4.00","4.00","3.00"
"2687","739","20231215","4.00","3.00","4.00"
"2688","739","20231215","3.00","4.00","2.00"
"2689","739","20231215","3.00","3.00","3.00"
"2690","739","20231215","4.00","3.00","3.00"
"2691","747","20231215","3.00","3.00","3.00"
"2692","747","20231215","2.00","3.00","4.00"
"2693","747","20231215","2.00","3.00","3.00"
"2694","747","20231215","4.00","2.00","3.00"
"2695","747","20231215","2.00","4.00","4.00"
"2696","747","20231215","2.00","3.00","3.00"
"2697","751","20231215","3.00","4.00","3.00"
"2698","751","20231215","4.00","3.00","3.00"
"2699","751","20231215","3.00","3.00","4.00"
"2700","751","20231215","3.00","3.00","4.00"
"2701","751","20231215","4.00","3.00","3.00"
"2702","751","20231215","3.00","3.00","3.00"
"2703","751","20231215","3.00","4.00","2.00"
"2704","751","20231215","2.00","4.00","4.00"
"2705","755","20231215","3.00","4.00","4.00"
"2706","755","20231215","4.00","5.00","4.00"
"2707","755","20231215","4.00","4.00","4.00"
"2708","755","20231215","5.00","5.00","5.00"
"2709","755","20231215","4.00","3.00","5.00"
"2710","755","20231215","4.00","4.00","4.00"
"2711","755","20231215","3.00","5.00","4.00"
"2712","755","20231215","4.00","5.00","4.00"
"2713","755","20231215","4.00","4.00","4.00"
"2714","755","20231215","3.00","5.00","4.00"
"2715","755","20231215","4.00","4.00","5.00"
"2716","755","20231215","5.00","4.00","4.00"
"2717","761","20231215","1.00","3.00","2.00"
"2718","761","20231215","2.00","3.00","2.00"
"2719","761","20231215","3.00","3.00","3.00"
"2720","765","20231215","4.00","4.00","3.00"
"2721","765","20231215","5.00","4.00","3.00"
"2722","765","20231215","4.00","4.00","3.00"
"2723","765","20231215","4.00","3.00","3.00"
"2724","765","20231215","3.00","3.00","3.00"
"2725","765","20231215","3.00","3.00","3.00"
"2726","765","20231215","2.00","3.00","4.00"
"2727","765","20231215","4.00","3.00","4.00"
"2728","765","20231215","2.00","3.00","4.00"
"2729","765","20231215","4.00","3.00","3.00"
"2730","765","20231215","3.00","3.00","3.00"
"2731","765","20231215","3.00","3.00","4.00"
"2732","765","20231215","4.00","4.00","4.00"
"2733","768","20231215","3.00","5.00","5.00"
"2734","768","20231215","5.00","5.00","5.00"
"2735","768","20231215","5.00","5.00","5.00"
"2736","768","20231215","4.00","5.00","5.00"
"2737","768","20231215","4.00","5.00","5.00"
"2738","768","20231215","5.00","5.00","5.00"
"2739","768","20231215","5.00","5.00","5.00"
"2740","768","20231215","5.00","5.00","5.00"
"2741","768","20231215","5.00","4.00","5.00"
"2742","768","20231215","5.00","5.00","5.00"
"2743","768","20231215","5.00","5.00","5.00"
"2744","768","20231215","5.00","5.00","5.00"
"2745","768","20231215","5.00","5.00","5.00"
"2746","772","20231215","4.00","4.00","4.00"
"2747","772","20231215","4.00","5.00","5.00"
"2748","772","20231215","5.00","5.00","5.00"
"2749","772","20231215","5.00","5.00","5.00"
"2750","772","20231215","5.00","4.00","5.00"
"2751","776","20231215","4.00","4.00","4.00"
"2752","776","20231215","4.00","4.00","4.00"
"2753","776","20231215","4.00","4.00","4.00"
"2754","776","20231215","5.00","4.00","5.00"
"2755","776","20231215","5.00","4.00","4.00"
"2756","784","20231215","4.00","5.00","4.00"
"2757","784","20231215","5.00","4.00","4.00"
"2758","784","20231215","4.00","5.00","4.00"
"2759","784","20231215","4.00","5.00","4.00"
"2760","784","20231215","5.00","4.00","4.00"
"2761","784","20231215","4.00","5.00","5.00"
"2762","784","20231215","4.00","5.00","4.00"
"2763","784","20231215","4.00","4.00","4.00"
"2764","784","20231215","5.00","4.00","4.00"
"2765","784","20231215","5.00","4.00","4.00"
"2766","784","20231215","4.00","5.00","5.00"
"2767","784","20231215","5.00","4.00","4.00"
"2768","784","20231215","3.00","4.00","5.00"
"2769","784","20231215","5.00","4.00","3.00"
"2770","800","20231215","2.00","3.00","3.00"
"2771","800","20231215","3.00","2.00","3.00"
"2772","800","20231215","4.00","4.00","3.00"
"2773","800","20231215","3.00","3.00","4.00"
"2774","800","20231215","3.00","4.00","2.00"
"2775","800","20231215","3.00","3.00","3.00"
"2776","800","20231215","2.00","3.00","3.00"
"2777","800","20231215","2.00","3.00","3.00"
"2778","800","20231215","3.00","3.00","3.00"
"2779","800","20231215","2.00","4.00","4.00"
"2780","800","20231215","3.00","4.00","3.00"
"2781","800","20231215","2.00","3.00","2.00"
"2782","800","20231215","3.00","3.00","2.00"
"2783","800","20231215","3.00","3.00","4.00"
"2784","817","20231215","4.00","4.00","3.00"
"2785","817","20231215","4.00","3.00","3.00"
"2786","817","20231215","4.00","3.00","2.00"
"2787","817","20231215","3.00","4.00","2.00"
"2788","817","20231215","3.00","3.00","2.00"
"2789","817","20231215","3.00","3.00","4.00"
"2790","817","20231215","3.00","3.00","3.00"
"2791","817","20231215","3.00","3.00","3.00"
"2792","821","20231215","4.00","4.00","3.00"
"2793","821","20231215","4.00","5.00","4.00"
"2794","821","20231215","4.00","4.00","4.00"
"2795","821","20231215","3.00","5.00","4.00"
"2796","821","20231215","3.00","3.00","4.00"
"2797","821","20231215","4.00","4.00","4.00"
"2798","821","20231215","3.00","4.00","4.00"
"2799","821","20231215","3.00","4.00","3.00"
"2800","821","20231215","4.00","5.00","4.00"
"2801","821","20231215","5.00","3.00","5.00"
"2802","821","20231215","5.00","5.00","5.00"
"2803","821","20231215","3.00","4.00","4.00"
"2804","821","20231215","3.00","4.00","4.00"
"2805","821","20231215","5.00","4.00","4.00"
"2806","821","20231215","4.00","4.00","4.00"
"2807","825","20231215","4.00","5.00","4.00"
"2808","825","20231215","3.00","3.00","4.00"
"2809","825","20231215","3.00","4.00","4.00"
"2810","825","20231215","3.00","4.00","4.00"
"2811","825","20231215","4.00","4.00","3.00"
"2812","825","20231215","3.00","4.00","4.00"
"2813","825","20231215","2.00","4.00","4.00"
"2814","825","20231215","4.00","4.00","4.00"
"2815","825","20231215","4.00","3.00","4.00"
"2816","825","20231215","3.00","4.00","4.00"
"2817","848","20231215","4.00","4.00","4.00"
"2818","848","20231215","3.00","4.00","4.00"
"2819","848","20231215","4.00","4.00","3.00"
"2820","848","20231215","4.00","3.00","4.00"
"2821","848","20231215","4.00","4.00","5.00"
"2822","848","20231215","4.00","4.00","3.00"
"2823","848","20231215","4.00","5.00","3.00"
"2824","848","20231215","3.00","4.00","4.00"
"2825","848","20231215","4.00","5.00","3.00"
"2826","848","20231215","3.00","4.00","4.00"
"2827","852","20231215","3.00","2.00","2.00"
"2828","852","20231215","3.00","3.00","2.00"
"2829","852","20231215","3.00","3.00","1.00"
"2830","852","20231215","3.00","2.00","2.00"
"2831","852","20231215","4.00","3.00","2.00"
"2832","852","20231215","2.00","3.00","3.00"
"2833","852","20231215","2.00","3.00","2.00"
"2834","852","20231215","3.00","3.00","2.00"
"2835","852","20231215","2.00","2.00","1.00"
"2836","852","20231215","2.00","2.00","3.00"
"2837","852","20231215","1.00","2.00","2.00"
"2838","856","20231215","4.00","4.00","4.00"
"2839","856","20231215","3.00","4.00","3.00"
"2840","856","20231215","4.00","4.00","4.00"
"2841","856","20231215","5.00","3.00","3.00"
"2842","856","20231215","3.00","4.00","5.00"
"2843","856","20231215","4.00","4.00","3.00"
"2844","856","20231215","4.00","4.00","3.00"
"2845","856","20231215","3.00","4.00","4.00"
"2846","856","20231215","3.00","5.00","3.00"
"2847","856","20231215","3.00","5.00","3.00"
"2848","856","20231215","3.00","3.00","4.00"
"2849","868","20231215","5.00","5.00","5.00"
"2850","868","20231215","5.00","5.00","5.00"
"2851","868","20231215","4.00","5.00","5.00"
"2852","868","20231215","5.00","5.00","5.00"
"2853","884","20231215","3.00","3.00","3.00"
"2854","884","20231215","5.00","3.00","4.00"
"2855","884","20231215","3.00","3.00","4.00"
"2856","884","20231215","2.00","4.00","4.00"
"2857","884","20231215","3.00","2.00","4.00"
"2858","884","20231215","3.00","3.00","3.00"
"2859","892","20231215","4.00","4.00","4.00"
"2860","892","20231215","3.00","3.00","3.00"
"2861","892","20231215","4.00","2.00","3.00"
"2862","892","20231215","2.00","3.00","3.00"
"2863","892","20231215","2.00","3.00","3.00"
"2864","892","20231215","2.00","3.00","2.00"
"2865","892","20231215","3.00","2.00","4.00"
"2866","892","20231215","3.00","3.00","4.00"
"2867","892","20231215","3.00","3.00","2.00"
"2868","892","20231215","3.00","2.00","2.00"
"2869","892","20231215","4.00","3.00","2.00"
"2870","892","20231215","2.00","3.00","2.00"
"2871","892","20231215","3.00","3.00","3.00"
"2872","892","20231215","4.00","3.00","3.00"
"2873","907","20231215","3.00","3.00","2.00"
"2874","907","20231215","2.00","3.00","3.00"
"2875","907","20231215","3.00","4.00","3.00"
"2876","907","20231215","2.00","3.00","2.00"
"2877","907","20231215","4.00","2.00","2.00"
"2878","938","20231215","3.00","3.00","2.00"
"2879","938","20231215","3.00","2.00","2.00"
"2880","938","20231215","1.00","3.00","2.00"
"2881","938","20231215","4.00","4.00","3.00"
"2882","942","20231215","2.00","3.00","3.00"
"2883","942","20231215","3.00","4.00","4.00"
"2884","942","20231215","3.00","4.00","3.00"
"2885","942","20231215","1.00","4.00","3.00"
"2886","942","20231215","4.00","3.00","3.00"
"2887","962","20231215","3.00","3.00","2.00"
"2888","962","20231215","1.00","2.00","1.00"
"2889","962","20231215","2.00","3.00","2.00"
"2890","962","20231215","3.00","2.00","3.00"
"2891","962","20231215","3.00","3.00","2.00"
"2892","962","20231215","2.00","2.00","3.00"
"2893","962","20231215","2.00","3.00","2.00"
"2894","962","20231215","1.00","2.00","3.00"
"2895","962","20231215","1.00","3.00","2.00"
"2896","962","20231215","3.00","3.00","3.00"
"2897","962","20231215","3.00","3.00","3.00"
"2898","962","20231215","3.00","3.00","3.00"
"2899","964","20231215","5.00","5.00","5.00"
"2900","964","20231215","5.00","5.00","5.00"
"2901","964","20231215","5.00","5.00","5.00"
"2902","964","20231215","5.00","5.00","5.00"
"2903","964","20231215","5.00","5.00","5.00"
"2904","964","20231215","5.00","5.00","5.00"
"2905","964","20231215","5.00","5.00","5.00"
"2906","964","20231215","5.00","5.00","5.00"
"2907","967","20231215","2.00","3.00","2.00"
"2908","967","20231215","3.00","3.00","2.00"
"2909","967","20231215","2.00","4.00","3.00"
"2910","967","20231215","3.00","2.00","3.00"
"2911","967","20231215","3.00","3.00","3.00"
"2912","967","20231215","2.00","3.00","2.00"
"2913","971","20231215","5.00","4.00","4.00"
"2914","971","20231215","4.00","5.00","4.00"
"2915","971","20231215","4.00","4.00","4.00"
"2916","971","20231215","4.00","4.00","4.00"
"2917","971","20231215","3.00","5.00","4.00"
"2918","971","20231215","5.00","4.00","4.00"
"2919","971","20231215","5.00","4.00","4.00"
"2920","971","20231215","3.00","4.00","4.00"
"2921","971","20231215","3.00","5.00","4.00"
"2922","971","20231215","4.00","4.00","4.00"
"2923","974","20231215","2.00","3.00","2.00"
"2924","974","20231215","2.00","4.00","4.00"
"2925","974","20231215","2.00","2.00","3.00"
"2926","974","20231215","3.00","4.00","2.00"
"2927","974","20231215","2.00","3.00","3.00"
"2928","974","20231215","3.00","3.00","3.00"
"2929","982","20231215","4.00","4.00","4.00"
"2930","982","20231215","3.00","4.00","4.00"
"2931","982","20231215","3.00","5.00","3.00"
"2932","982","20231215","4.00","5.00","2.00"
"2933","982","20231215","4.00","5.00","4.00"
"2934","982","20231215","5.00","4.00","3.00"
"2935","982","20231215","4.00","4.00","4.00"
"2936","982","20231215","3.00","3.00","5.00"
"2937","982","20231215","4.00","4.00","4.00"
"2938","982","20231215","4.00","5.00","4.00"
"2939","996","20231215","3.00","4.00","4.00"
"2940","996","20231215","4.00","2.00","3.00"
"2941","996","20231215","4.00","4.00","2.00"
"2942","996","20231215","4.00","4.00","4.00"
"2943","996","20231215","4.00","4.00","2.00"
"2944","996","20231215","4.00","4.00","2.00"
"2945","996","20231215","3.00","3.00","2.00"
"2946","996","20231215","2.00","2.00","4.00"
"2947","996","20231215","3.00","3.00","3.00"
"2948","996","20231215","3.00","3.00","3.00"
"2949","996","20231215","4.00","3.00","4.00"
"2950","996","20231215","4.00","4.00","3.00"
"2951","996","20231215","3.00","2.00","3.00"
"2952","1008","20231215","3.00","5.00","4.00"
"2953","1008","20231215","4.00","4.00","4.00"
"2954","1008","20231215","4.00","4.00","3.00"
"2955","1008","20231215","4.00","4.00","4.00"
"2956","1008","20231215","5.00","4.00","4.00"
"2957","1008","20231215","3.00","5.00","5.00"
"2958","1008","20231215","4.00","4.00","4.00"
"2959","1008","20231215","5.00","5.00","4.00"
"2960","1008","20231215","5.00","5.00","4.00"
"2961","1008","20231215","3.00","4.00","4.00"
"2962","1008","20231215","4.00","3.00","5.00"
"2963","1008","20231215","4.00","4.00","4.00"
"2964","1008","20231215","4.00","4.00","4.00"
"2965","1008","20231215","4.00","3.00","4.00"
"2966","1020","20231215","4.00","4.00","4.00"
"2967","1020","20231215","4.00","4.00","5.00"
"2968","1020","20231215","4.00","4.00","4.00"
"2969","1020","20231215","4.00","4.00","3.00"
"2970","1020","20231215","4.00","4.00","4.00"
"2971","1020","20231215","5.00","4.00","4.00"
"2972","1020","20231215","4.00","5.00","5.00"
"2973","1020","20231215","2.00","3.00","4.00"
"2974","1020","20231215","4.00","4.00","4.00"
"2975","1024","20231215","5.00","4.00","4.00"
"2976","1024","20231215","4.00","4.00","5.00"
"2977","1024","20231215","5.00","5.00","4.00"
"2978","1024","20231215","5.00","5.00","5.00"
"2979","1024","20231215","4.00","4.00","5.00"
"2980","1028","20231215","4.00","4.00","3.00"
"2981","1028","20231215","3.00","4.00","2.00"
"2982","1028","20231215","4.00","4.00","3.00"
"2983","1028","20231215","4.00","3.00","4.00"
"2984","1028","20231215","3.00","2.00","3.00"
"2985","1028","20231215","3.00","4.00","4.00"
"2986","1028","20231215","4.00","5.00","4.00"
"2987","1028","20231215","4.00","3.00","4.00"
"2988","1028","20231215","3.00","4.00","4.00"
"2989","1028","20231215","3.00","5.00","4.00"
"2990","1028","20231215","3.00","4.00","3.00"
"2991","1028","20231215","5.00","4.00","3.00"
"2992","1028","20231215","3.00","4.00","3.00"
"2993","1028","20231215","3.00","3.00","4.00"
"2994","1028","20231215","4.00","4.00","3.00"
"2995","1036","20231215","2.00","2.00","3.00"
"2996","1036","20231215","2.00","3.00","3.00"
"2997","1036","20231215","3.00","2.00","3.00"
"2998","1036","20231215","2.00","2.00","3.00"
"2999","1036","20231215","4.00","3.00","3.00"
"3000","1036","20231215","1.00","3.00","2.00"
"3001","1036","20231215","3.00","3.00","2.00"
"3002","1036","20231215","2.00","3.00","3.00"
"3003","1036","20231215","3.00","3.00","2.00"
"3004","1036","20231215","3.00","3.00","2.00"
"3005","1036","20231215","2.00","3.00","3.00"
"3006","1048","20231215","1.00","3.00","3.00"
"3007","1048","20231215","3.00","4.00","4.00"
"3008","1048","20231215","4.00","4.00","2.00"
"3009","1048","20231215","3.00","3.00","3.00"
"3010","1048","20231215","4.00","3.00","4.00"
"3011","1048","20231215","2.00","4.00","4.00"
"3012","1077","20231215","2.00","4.00","3.00"
"3013","1077","20231215","3.00","3.00","3.00"
"3014","1077","20231215","3.00","4.00","3.00"
"3015","1090","20231215","3.00","3.00","3.00"
"3016","1090","20231215","2.00","4.00","4.00"
"3017","1090","20231215","4.00","4.00","2.00"
"3018","1090","20231215","3.00","2.00","3.00"
"3019","1090","20231215","3.00","2.00","4.00"
"3020","1094","20231215","5.00","5.00","4.00"
"3021","1094","20231215","5.00","4.00","3.00"
"3022","1094","20231215","5.00","5.00","4.00"
"3023","1094","20231215","3.00","4.00","4.00"
"3024","1094","20231215","4.00","5.00","3.00"
"3025","1094","20231215","5.00","4.00","4.00"
"3026","1094","20231215","5.00","3.00","4.00"
"3027","1094","20231215","4.00","5.00","4.00"
"3028","1094","20231215","3.00","4.00","4.00"
"3029","1106","20231215","4.00","4.00","3.00"
"3030","1106","20231215","4.00","4.00","4.00"
"3031","1106","20231215","4.00","4.00","4.00"
"3032","1106","20231215","3.00","4.00","4.00"
"3033","1106","20231215","5.00","5.00","4.00"
"3034","1106","20231215","4.00","3.00","4.00"
"3035","1106","20231215","5.00","4.00","4.00"
"3036","1106","20231215","5.00","5.00","4.00"
"3037","1118","20231215","2.00","3.00","1.00"
"3038","1118","20231215","2.00","3.00","2.00"
"3039","1118","20231215","3.00","2.00","2.00"
"3040","1118","20231215","2.00","4.00","2.00"
"3041","1118","20231215","1.00","3.00","3.00"
"3042","1118","20231215","3.00","3.00","2.00"
"3043","1118","20231215","2.00","2.00","2.00"
"3044","1122","20231215","3.00","5.00","4.00"
"3045","1122","20231215","3.00","3.00","2.00"
"3046","1122","20231215","3.00","4.00","3.00"
"3047","1122","20231215","4.00","2.00","3.00"
"3048","1122","20231215","3.00","3.00","4.00"
"3049","1122","20231215","4.00","5.00","3.00"
"3050","1122","20231215","4.00","2.00","4.00"
"3051","1144","20231215","3.00","4.00","2.00"
"3052","1144","20231215","1.00","3.00","3.00"
"3053","1144","20231215","2.00","2.00","2.00"
"3054","1144","20231215","3.00","2.00","2.00"
"3055","1144","20231215","1.00","2.00","2.00"
"3056","1144","20231215","3.00","1.00","2.00"
"3057","1144","20231215","3.00","2.00","2.00"
"3058","1144","20231215","2.00","2.00","2.00"
"3059","1144","20231215","1.00","2.00","3.00"
"3060","1144","20231215","3.00","2.00","3.00"
"3061","1148","20231215","5.00","5.00","5.00"
"3062","1148","20231215","4.00","5.00","4.00"
"3063","1148","20231215","5.00","4.00","4.00"
"3064","1148","20231215","5.00","5.00","5.00"
"3065","1148","20231215","5.00","4.00","4.00"
"3066","1148","20231215","4.00","5.00","5.00"
"3067","1148","20231215","4.00","4.00","5.00"
"3068","1148","20231215","5.00","5.00","4.00"
"3069","1148","20231215","5.00","5.00","5.00"
"3070","1148","20231215","5.00","5.00","4.00"
"3071","1148","20231215","5.00","5.00","4.00"
"3072","1148","20231215","5.00","4.00","5.00"
"3073","1148","20231215","4.00","5.00","5.00"
"3074","1148","20231215","5.00","4.00","5.00"
"3075","1148","20231215","5.00","4.00","5.00"
"3076","1156","20231215","4.00","4.00","4.00"
"3077","1156","20231215","3.00","4.00","3.00"
"3078","1156","20231215","4.00","4.00","4.00"
"3079","1156","20231215","4.00","4.00","4.00"
"3080","1156","20231215","4.00","4.00","3.00"
"3081","1156","20231215","4.00","4.00","3.00"
"3082","1156","20231215","4.00","4.00","4.00"
"3083","1156","20231215","3.00","5.00","4.00"
"3084","1156","20231215","4.00","4.00","3.00"
"3085","1156","20231215","5.00","3.00","2.00"
"3086","1156","20231215","4.00","4.00","3.00"
"3087","1160","20231215","3.00","3.00","4.00"
"3088","1160","20231215","5.00","3.00","4.00"
"3089","1160","20231215","4.00","3.00","5.00"
"3090","1160","20231215","4.00","5.00","4.00"
"3091","1160","20231215","3.00","3.00","4.00"
"3092","1160","20231215","4.00","4.00","3.00"
"3093","1160","20231215","4.00","4.00","4.00"
"3094","1160","20231215","4.00","4.00","4.00"
"3095","1160","20231215","3.00","4.00","3.00"
"3096","1160","20231215","5.00","3.00","3.00"
"3097","1191","20231215","4.00","3.00","4.00"
"3098","1191","20231215","3.00","3.00","3.00"
"3099","1191","20231215","3.00","4.00","3.00"
"3100","1191","20231215","4.00","4.00","3.00"
"3101","1191","20231215","4.00","3.00","3.00"
"3102","1191","20231215","3.00","3.00","3.00"
"3103","1191","20231215","3.00","3.00","4.00"
"3104","1195","20231215","5.00","4.00","4.00"
"3105","1195","20231215","4.00","5.00","5.00"
"3106","1195","20231215","5.00","3.00","5.00"
"3107","1195","20231215","5.00","4.00","4.00"
"3108","1195","20231215","5.00","5.00","5.00"
"3109","1195","20231215","5.00","4.00","5.00"
"3110","1195","20231215","5.00","5.00","5.00"
"3111","1195","20231215","4.00","4.00","4.00"
"3112","1195","20231215","5.00","4.00","4.00"
"3113","1195","20231215","4.00","5.00","5.00"
"3114","1195","20231215","4.00","5.00","4.00"
"3115","1195","20231215","5.00","4.00","4.00"
"3116","1195","20231215","4.00","5.00","5.00"
"3117","1195","20231215","4.00","5.00","5.00"
"3118","1199","20231215","4.00","3.00","2.00"
"3119","1199","20231215","4.00","3.00","4.00"
"3120","1199","20231215","4.00","4.00","4.00"
"3121","1199","20231215","3.00","3.00","4.00"
"3122","1199","20231215","4.00","3.00","4.00"
"3123","1202","20231215","5.00","5.00","4.00"
"3124","1202","20231215","4.00","4.00","4.00"
"3125","1202","20231215","4.00","5.00","4.00"
"3126","1202","20231215","5.00","4.00","4.00"
"3127","1202","20231215","4.00","5.00","4.00"
"3128","1202","20231215","5.00","5.00","4.00"
"3129","1202","20231215","3.00","4.00","4.00"
"3130","1202","20231215","4.00","4.00","5.00"
"3131","1202","20231215","3.00","4.00","4.00"
"3132","1205","20231215","2.00","2.00","3.00"
"3133","1205","20231215","3.00","3.00","3.00"
"3134","1205","20231215","2.00","3.00","2.00"
"3135","1205","20231215","2.00","3.00","2.00"
"3136","1205","20231215","2.00","2.00","3.00"
"3137","1205","20231215","3.00","3.00","2.00"
"3138","1205","20231215","2.00","3.00","3.00"
"3139","1219","20231215","4.00","4.00","3.00"
"3140","1219","20231215","4.00","4.00","4.00"
"3141","1219","20231215","4.00","4.00","3.00"
"3142","1219","20231215","4.00","5.00","4.00"
"3143","1219","20231215","3.00","4.00","3.00"
"3144","1219","20231215","3.00","4.00","5.00"
"3145","1219","20231215","5.00","4.00","3.00"
"3146","1219","20231215","4.00","5.00","4.00"
"3147","1222","20231215","3.00","3.00","4.00"
"3148","1222","20231215","3.00","4.00","4.00"
"3149","1222","20231215","4.00","3.00","3.00"
"3150","1222","20231215","3.00","4.00","4.00"
"3151","1246","20231215","4.00","4.00","4.00"
"3152","1246","20231215","4.00","5.00","4.00"
"3153","1246","20231215","4.00","5.00","3.00"
"3154","1246","20231215","5.00","4.00","4.00"
"3155","1246","20231215","4.00","4.00","4.00"
"3156","1246","20231215","2.00","4.00","4.00"
"3157","1246","20231215","4.00","4.00","4.00"
"3158","1246","20231215","5.00","4.00","4.00"
"3159","1246","20231215","4.00","3.00","4.00"
"3160","1254","20231215","4.00","5.00","3.00"
"3161","1254","20231215","2.00","4.00","4.00"
"3162","1254","20231215","3.00","3.00","5.00"
"3163","1254","20231215","4.00","3.00","3.00"
"3164","1254","20231215","3.00","3.00","3.00"
"3165","1254","20231215","3.00","4.00","3.00"
"3166","1262","20231215","5.00","5.00","4.00"
"3167","1262","20231215","3.00","4.00","4.00"
"3168","1262","20231215","4.00","3.00","4.00"
"3169","1262","20231215","4.00","4.00","5.00"
"3170","1265","20231215","4.00","4.00","4.00"
"3171","1265","20231215","5.00","4.00","4.00"
"3172","1265","20231215","3.00","4.00","3.00"
"3173","1265","20231215","4.00","5.00","4.00"
"3174","1265","20231215","4.00","4.00","4.00"
"3175","1265","20231215","4.00","3.00","3.00"
"3176","1265","20231215","4.00","3.00","5.00"
"3177","1265","20231215","3.00","4.00","4.00"
"3178","1265","20231215","3.00","4.00","4.00"
"3179","1271","20231215","3.00","3.00","2.00"
"3180","1271","20231215","3.00","3.00","3.00"
"3181","1271","20231215","4.00","3.00","2.00"
"3182","1271","20231215","3.00","3.00","3.00"
"3183","1271","20231215","2.00","3.00","3.00"
"3184","1271","20231215","3.00","2.00","2.00"
"3185","1271","20231215","4.00","3.00","3.00"
"3186","1271","20231215","3.00","3.00","4.00"
"3187","1271","20231215","3.00","3.00","3.00"
"3188","1271","20231215","4.00","4.00","4.00"
"3189","1271","20231215","2.00","3.00","2.00"
"3190","1271","20231215","3.00","3.00","3.00"
"3191","1271","20231215","3.00","3.00","4.00"
"3192","1271","20231215","3.00","1.00","4.00"
"3193","1271","20231215","3.00","3.00","4.00"
"3194","1284","20231215","4.00","4.00","3.00"
"3195","1284","20231215","5.00","4.00","3.00"
"3196","1284","20231215","3.00","5.00","4.00"
"3197","1284","20231215","4.00","4.00","4.00"
"3198","1284","20231215","5.00","5.00","4.00"
"3199","1284","20231215","5.00","5.00","4.00"
"3200","1284","20231215","4.00","5.00","4.00"
"3201","1284","20231215","4.00","3.00","5.00"
"3202","1287","20231215","1.00","2.00","1.00"
"3203","1287","20231215","3.00","2.00","2.00"
"3204","1287","20231215","2.00","2.00","1.00"
"3205","1297","20231215","3.00","2.00","3.00"
"3206","1297","20231215","3.00","3.00","3.00"
"3207","1297","20231215","2.00","2.00","3.00"
"3208","1302","20231215","2.00","3.00","2.00"
"3209","1302","20231215","2.00","2.00","2.00"
"3210","1302","20231215","2.00","3.00","3.00"
"3211","1302","20231215","2.00","3.00","2.00"
"3212","1302","20231215","3.00","3.00","3.00"
"3213","1302","20231215","3.00","3.00","2.00"
"3214","1318","20231215","4.00","4.00","3.00"
"3215","1318","20231215","3.00","3.00","4.00"
"3216","1318","20231215","4.00","4.00","4.00"
"3217","1318","20231215","4.00","3.00","3.00"
"3218","1318","20231215","3.00","3.00","3.00"
"3219","1318","20231215","4.00","4.00","3.00"
"3220","1318","20231215","4.00","5.00","5.00"
"3221","1318","20231215","2.00","4.00","3.00"
"3222","1318","20231215","4.00","4.00","4.00"
"3223","1318","20231215","4.00","4.00","2.00"
"3224","1318","20231215","3.00","3.00","4.00"
"3225","1325","20231215","2.00","2.00","3.00"
"3226","1325","20231215","3.00","4.00","3.00"
"3227","1325","20231215","3.00","3.00","3.00"
"3228","1325","20231215","4.00","4.00","2.00"
"3229","1325","20231215","2.00","3.00","2.00"
"3230","1325","20231215","3.00","3.00","2.00"
"3231","1325","20231215","2.00","2.00","4.00"
"3232","1325","20231215","3.00","3.00","1.00"
"3233","1336","20231215","4.00","3.00","4.00"
"3234","1336","20231215","3.00","3.00","4.00"
"3235","1336","20231215","5.00","4.00","4.00"
"3236","1336","20231215","4.00","4.00","3.00"
"3237","1336","20231215","5.00","5.00","4.00"
"3238","1336","20231215","4.00","5.00","5.00"
"3239","1336","20231215","3.00","5.00","4.00"
"3240","1352","20231215","5.00","5.00","5.00"
"3241","1352","20231215","5.00","5.00","5.00"
"3242","1352","20231215","5.00","5.00","5.00"
"3243","1352","20231215","5.00","5.00","5.00"
"3244","1352","20231215","5.00","5.00","5.00"
"3245","1352","20231215","5.00","5.00","5.00"
"3246","1352","20231215","4.00","5.00","5.00"
"3247","1352","20231215","5.00","5.00","5.00"
"3248","1352","20231215","5.00","5.00","5.00"
"3249","1356","20231215","3.00","5.00","3.00"
"3250","1356","20231215","2.00","4.00","2.00"
"3251","1356","20231215","3.00","2.00","3.00"
"3252","1356","20231215","4.00","3.00","4.00"
"3253","1356","20231215","3.00","4.00","3.00"
"3254","1356","20231215","4.00","3.00","4.00"
"3255","1356","20231215","4.00","4.00","4.00"
"3256","1356","20231215","3.00","5.00","3.00"
"3257","1356","20231215","3.00","4.00","4.00"
"3258","1356","20231215","4.00","3.00","3.00"
"3259","1356","20231215","2.00","4.00","3.00"
"3260","1356","20231215","3.00","4.00","3.00"
"3261","1360","20231215","3.00","4.00","4.00"
"3262","1360","20231215","4.00","3.00","4.00"
"3263","1360","20231215","3.00","4.00","3.00"
"3264","1360","20231215","3.00","3.00","3.00"
"3265","1360","20231215","3.00","3.00","2.00"
"3266","1360","20231215","3.00","4.00","3.00"
"3267","1360","20231215","3.00","3.00","4.00"
"3268","1360","20231215","3.00","4.00","4.00"
"3269","1360","20231215","3.00","3.00","4.00"
"3270","1360","20231215","3.00","4.00","4.00"
"3271","1360","20231215","2.00","3.00","4.00"
"3272","1360","20231215","2.00","3.00","3.00"
"3273","1360","20231215","2.00","4.00","3.00"
"3274","1360","20231215","4.00","4.00","3.00"
"3275","1364","20231215","5.00","4.00","5.00"
"3276","1364","20231215","5.00","5.00","5.00"
"3277","1364","20231215","5.00","5.00","5.00"
"3278","1364","20231215","5.00","5.00","5.00"
"3279","1364","20231215","4.00","5.00","5.00"
"3280","1364","20231215","4.00","5.00","5.00"
"3281","1364","20231215","4.00","5.00","5.00"
"3282","1364","20231215","5.00","5.00","5.00"
"3283","1364","20231215","5.00","4.00","5.00"
"3284","1364","20231215","5.00","5.00","5.00"
"3285","1364","20231215","4.00","5.00","5.00"
"3286","1364","20231215","4.00","5.00","4.00"
"3287","1373","20231215","3.00","3.00","2.00"
"3288","1373","20231215","3.00","2.00","3.00"
"3289","1373","20231215","4.00","4.00","2.00"
"3290","1373","20231215","2.00","2.00","2.00"
"3291","1373","20231215","3.00","3.00","3.00"
"3292","1373","20231215","2.00","2.00","3.00"
"3293","1373","20231215","2.00","3.00","3.00"
"3294","1373","20231215","3.00","3.00","2.00"
"3295","1385","20231215","4.00","4.00","3.00"
"3296","1385","20231215","5.00","4.00","4.00"
"3297","1385","20231215","4.00","3.00","3.00"
"3298","1389","20231215","4.00","5.00","4.00"
"3299","1389","20231215","3.00","5.00","4.00"
"3300","1389","20231215","5.00","4.00","4.00"
"3301","1389","20231215","3.00","5.00","4.00"
"3302","1389","20231215","4.00","5.00","4.00"
"3303","1389","20231215","4.00","5.00","5.00"
"3304","1389","20231215","4.00","4.00","4.00"
"3305","1411","20231215","5.00","5.00","4.00"
"3306","1411","20231215","3.00","5.00","4.00"
"3307","1411","20231215","5.00","4.00","5.00"
"3308","1425","20231215","4.00","3.00","4.00"
"3309","1425","20231215","3.00","3.00","3.00"
"3310","1425","20231215","3.00","5.00","4.00"
"3311","1425","20231215","3.00","3.00","3.00"
"3312","1425","20231215","4.00","4.00","3.00"
"3313","1425","20231215","3.00","4.00","3.00"
"3314","1425","20231215","3.00","4.00","4.00"
"3315","1425","20231215","3.00","4.00","3.00"
"3316","1425","20231215","2.00","3.00","5.00"
"3317","1425","20231215","3.00","4.00","3.00"
"3318","1442","20231215","3.00","3.00","3.00"
"3319","1442","20231215","3.00","4.00","2.00"
"3320","1442","20231215","3.00","2.00","3.00"
"3321","1442","20231215","1.00","1.00","2.00"
"3322","1442","20231215","3.00","3.00","3.00"
"3323","1442","20231215","3.00","3.00","2.00"
"3324","1442","20231215","1.00","3.00","3.00"
"3325","1442","20231215","2.00","2.00","3.00"
"3326","1446","20231215","3.00","3.00","3.00"
"3327","1446","20231215","1.00","2.00","3.00"
"3328","1446","20231215","3.00","3.00","3.00"
"3329","1446","20231215","4.00","3.00","3.00"
"3330","1446","20231215","3.00","3.00","2.00"
"3331","1462","20231215","3.00","3.00","3.00"
"3332","1462","20231215","4.00","3.00","3.00"
"3333","1462","20231215","4.00","4.00","4.00"
"3334","1462","20231215","2.00","3.00","3.00"
"3335","1469","20231215","3.00","3.00","3.00"
"3336","1469","20231215","4.00","4.00","3.00"
"3337","1469","20231215","3.00","3.00","3.00"
"3338","1473","20231215","3.00","4.00","4.00"
"3339","1473","20231215","5.00","4.00","4.00"
"3340","1473","20231215","4.00","4.00","4.00"
"3341","1473","20231215","3.00","4.00","4.00"
"3342","1473","20231215","2.00","4.00","3.00"
"3343","1473","20231215","3.00","5.00","3.00"
"3344","1473","20231215","4.00","4.00","4.00"
"3345","1473","20231215","4.00","5.00","3.00"
"3346","1475","20231215","3.00","4.00","3.00"
"3347","1475","20231215","3.00","3.00","2.00"
"3348","1475","20231215","2.00","3.00","3.00"
"3349","1475","20231215","2.00","3.00","3.00"
"3350","1485","20231215","1.00","3.00","2.00"
"3351","1485","20231215","3.00","3.00","3.00"
"3352","1485","20231215","2.00","3.00","3.00"
"3353","1485","20231215","2.00","4.00","2.00"
"3354","1485","20231215","3.00","2.00","2.00"
"3355","1485","20231215","2.00","2.00","2.00"
"3356","1510","20231215","4.00","5.00","5.00"
"3357","1510","20231215","4.00","5.00","5.00"
"3358","1510","20231215","4.00","5.00","5.00"
"3359","1510","20231215","4.00","5.00","5.00"
"3360","1510","20231215","4.00","5.00","5.00"
"3361","1510","20231215","5.00","5.00","5.00"
"3362","1510","20231215","5.00","5.00","4.00"
"3363","1510","20231215","4.00","5.00","5.00"
"3364","1510","20231215","5.00","4.00","5.00"
"3365","1510","20231215","5.00","4.00","4.00"
"3366","1510","20231215","4.00","5.00","5.00"
"3367","1510","20231215","5.00","4.00","5.00"
"3368","1517","20231215","5.00","5.00","5.00"
"3369","1517","20231215","5.00","5.00","5.00"
"3370","1517","20231215","5.00","5.00","5.00"
"3371","1517","20231215","5.00","5.00","5.00"
"3372","1517","20231215","4.00","5.00","5.00"
"3373","1521","20231215","5.00","4.00","5.00"
"3374","1521","20231215","3.00","3.00","5.00"
"3375","1521","20231215","4.00","5.00","4.00"
"3376","1521","20231215","5.00","4.00","5.00"
"3377","1521","20231215","5.00","5.00","4.00"
"3378","1521","20231215","3.00","4.00","4.00"
"3379","1521","20231215","5.00","4.00","5.00"
"3380","1521","20231215","5.00","4.00","4.00"
"3381","1521","20231215","4.00","4.00","4.00"
"3382","1521","20231215","5.00","4.00","4.00"
"3383","1521","20231215","4.00","4.00","5.00"
"3384","1525","20231215","3.00","2.00","3.00"
"3385","1525","20231215","3.00","3.00","3.00"
"3386","1525","20231215","2.00","3.00","3.00"
"3387","1525","20231215","2.00","4.00","3.00"
"3388","1525","20231215","3.00","2.00","3.00"
"3389","1525","20231215","2.00","2.00","3.00"
"3390","1543","20231215","5.00","5.00","5.00"
"3391","1543","20231215","4.00","5.00","5.00"
"3392","1543","20231215","4.00","5.00","5.00"
"3393","1543","20231215","5.00","5.00","5.00"
"3394","1543","20231215","5.00","5.00","5.00"
"3395","1548","20231215","2.00","3.00","1.00"
"3396","1548","20231215","2.00","2.00","2.00"
"3397","1548","20231215","2.00","2.00","3.00"
"3398","1548","20231215","4.00","1.00","2.00"
"3399","1548","20231215","1.00","1.00","2.00"
"3400","1548","20231215","2.00","2.00","2.00"
"3401","1548","20231215","2.00","2.00","3.00"
"3402","1548","20231215","1.00","1.00","2.00"
"3403","1548","20231215","3.00","3.00","1.00"
"3404","1548","20231215","1.00","2.00","2.00"
"3405","1557","20231215","2.00","2.00","2.00"
"3406","1557","20231215","3.00","2.00","2.00"
"3407","1557","20231215","3.00","2.00","3.00"
"3408","1557","20231215","3.00","2.00","3.00"
"3409","1557","20231215","3.00","1.00","3.00"
"3410","1557","20231215","1.00","3.00","3.00"
"3411","1557","20231215","3.00","2.00","3.00"
"3412","1557","20231215","2.00","3.00","2.00"
"3413","1557","20231215","3.00","2.00","2.00"
"3414","1557","20231215","2.00","3.00","2.00"
"3415","1557","20231215","3.00","3.00","2.00"
"3416","1561","20231215","2.00","5.00","2.00"
"3417","1561","20231215","4.00","3.00","2.00"
"3418","1561","20231215","1.00","2.00","2.00"
"3419","1561","20231215","3.00","3.00","3.00"
"3420","1561","20231215","3.00","3.00","3.00"
"3421","1561","20231215","3.00","3.00","3.00"
"3422","1561","20231215","3.00","4.00","4.00"
"3423","1561","20231215","3.00","4.00","3.00"
"3424","1561","20231215","2.00","3.00","3.00"
"3425","1561","20231215","4.00","2.00","3.00"
"3426","1561","20231215","3.00","3.00","3.00"
"3427","1561","20231215","3.00","3.00","3.00"
"3428","1573","20231215","3.00","4.00","3.00"
"3429","1573","20231215","3.00","3.00","3.00"
"3430","1573","20231215","3.00","3.00","3.00"
"3431","1573","20231215","2.00","3.00","3.00"
"3432","1573","20231215","3.00","3.00","3.00"
"3433","1573","20231215","3.00","5.00","3.00"
"3434","1580","20231215","3.00","4.00","5.00"
"3435","1580","20231215","3.00","5.00","5.00"
"3436","1580","20231215","3.00","5.00","4.00"
"3437","1580","20231215","4.00","4.00","4.00"
"3438","1604","20231215","3.00","3.00","2.00"
"3439","1604","20231215","2.00","4.00","2.00"
"3440","1604","20231215","2.00","4.00","2.00"
"3441","1604","20231215","2.00","3.00","3.00"
"3442","1604","20231215","2.00","1.00","3.00"
"3443","1604","20231215","3.00","2.00","2.00"
"3444","1604","20231215","2.00","2.00","2.00"
"3445","1604","20231215","4.00","2.00","2.00"
"3446","1604","20231215","3.00","3.00","2.00"
"3447","1604","20231215","3.00","2.00","2.00"
"3448","1604","20231215","2.00","2.00","2.00"
"3449","1607","20231215","2.00","2.00","3.00"
"3450","1607","20231215","2.00","3.00","3.00"
"3451","1607","20231215","4.00","2.00","2.00"
"3452","1611","20231215","4.00","3.00","4.00"
"3453","1611","20231215","2.00","2.00","5.00"
"3454","1611","20231215","4.00","4.00","3.00"
"3455","1611","20231215","3.00","3.00","4.00"
"3456","1611","20231215","3.00","3.00","3.00"
"3457","1611","20231215","5.00","4.00","4.00"
"3458","1611","20231215","2.00","4.00","4.00"
"3459","1611","20231215","5.00","4.00","4.00"
"3460","1611","20231215","3.00","3.00","3.00"
"3461","1615","20231215","4.00","4.00","5.00"
"3462","1615","20231215","4.00","5.00","4.00"
"3463","1615","20231215","4.00","5.00","5.00"
"3464","1615","20231215","5.00","5.00","3.00"
"3465","1615","20231215","5.00","4.00","4.00"
"3466","1615","20231215","4.00","4.00","4.00"
"3467","1615","20231215","4.00","4.00","4.00"
"3468","1615","20231215","5.00","5.00","4.00"
"3469","1615","20231215","5.00","5.00","4.00"
"3470","1615","20231215","3.00","4.00","4.00"
"3471","1615","20231215","3.00","5.00","4.00"
"3472","1615","20231215","3.00","5.00","3.00"
"3473","1615","20231215","3.00","4.00","4.00"
"3474","1615","20231215","4.00","4.00","4.00"
"3475","1623","20231215","4.00","3.00","3.00"
"3476","1623","20231215","3.00","4.00","3.00"
"3477","1623","20231215","4.00","4.00","4.00"
"3478","1623","20231215","3.00","4.00","5.00"
"3479","1623","20231215","5.00","5.00","4.00"
"3480","1623","20231215","4.00","3.00","4.00"
"3481","1623","20231215","4.00","4.00","4.00"
"3482","1623","20231215","4.00","4.00","4.00"
"3483","1651","20231215","1.00","2.00","2.00"
"3484","1651","20231215","1.00","2.00","2.00"
"3485","1651","20231215","1.00","2.00","2.00"
"3486","1651","20231215","2.00","1.00","1.00"
"3487","1651","20231215","2.00","2.00","3.00"
"3488","1651","20231215","2.00","2.00","1.00"
"3489","1651","20231215","2.00","2.00","2.00"
"3490","1651","20231215","2.00","2.00","1.00"
"3491","1651","20231215","2.00","2.00","2.00"
"3492","1659","20231215","5.00","5.00","5.00"
"3493","1659","20231215","5.00","5.00","5.00"
"3494","1659","20231215","5.00","5.00","5.00"
"3495","1659","20231215","5.00","5.00","5.00"
"3496","1659","20231215","5.00","5.00","4.00"
"3497","1659","20231215","5.00","5.00","5.00"
"3498","1659","20231215","5.00","5.00","5.00"
"3499","1659","20231215","5.00","5.00","5.00"
"3500","1659","20231215","4.00","5.00","5.00"
"3501","1659","20231215","4.00","5.00","5.00"
"3502","1659","20231215","5.00","5.00","5.00"
"3503","1659","20231215","5.00","5.00","5.00"
"3504","1659","20231215","4.00","5.00","5.00"
"3505","1659","20231215","5.00","5.00","5.00"
"3506","1687","20231215","4.00","3.00","4.00"
"3507","1687","20231215","2.00","3.00","3.00"
"3508","1687","20231215","2.00","4.00","3.00"
"3509","1687","20231215","4.00","3.00","2.00"
"3510","1687","20231215","2.00","3.00","3.00"
"3511","1687","20231215","2.00","3.00","3.00"
"3512","1687","20231215","2.00","4.00","3.00"
"3513","1687","20231215","2.00","3.00","3.00"
"3514","1687","20231215","3.00","3.00","3.00"
"3515","1687","20231215","3.00","3.00","3.00"
"3516","1687","20231215","4.00","3.00","3.00"
"3517","1687","20231215","3.00","4.00","4.00"
"3518","1687","20231215","4.00","3.00","3.00"
"3519","1690","20231215","2.00","3.00","2.00"
"3520","1690","20231215","3.00","3.00","3.00"
"3521","1690","20231215","2.00","2.00","3.00"
"3522","1690","20231215","3.00","3.00","2.00"
"3523","1690","20231215","3.00","3.00","2.00"
"3524","1690","20231215","2.00","3.00","3.00"
"3525","1690","20231215","2.00","2.00","3.00"
"3526","1690","20231215","3.00","2.00","3.00"
"3527","1690","20231215","3.00","3.00","3.00"
"3528","1690","20231215","2.00","2.00","3.00"
"3529","1690","20231215","3.00","3.00","2.00"
"3530","1690","20231215","3.00","3.00","2.00"
"3531","1690","20231215","2.00","3.00","2.00"
"3532","1690","20231215","3.00","4.00","3.00"
"3533","1690","20231215","2.00","2.00","3.00"
"3534","1696","20231215","2.00","2.00","2.00"
"3535","1696","20231215","3.00","2.00","3.00"
"3536","1696","20231215","1.00","2.00","2.00"
"3537","1696","20231215","2.00","3.00","2.00"
"3538","1696","20231215","1.00","2.00","1.00"
"3539","1696","20231215","2.00","2.00","2.00"
"3540","1696","20231215","1.00","2.00","2.00"
"3541","1696","20231215","2.00","2.00","1.00"
"3542","1696","20231215","2.00","2.00","1.00"
"3543","1706","20231215","4.00","5.00","5.00"
"3544","1706","20231215","4.00","5.00","4.00"
"3545","1706","20231215","5.00","4.00","5.00"
"3546","1706","20231215","5.00","5.00","5.00"
"3547","1706","20231215","3.00","5.00","5.00"
"3548","1706","20231215","5.00","5.00","5.00"
"3549","1706","20231215","5.00","5.00","4.00"
"3550","1706","20231215","5.00","5.00","5.00"
"3551","1706","20231215","5.00","4.00","5.00"
"3552","1706","20231215","4.00","5.00","4.00"
"3553","1706","20231215","4.00","4.00","5.00"
"3554","1706","20231215","5.00","5.00","4.00"
"3555","1706","20231215","5.00","4.00","5.00"
"3556","1706","20231215","4.00","5.00","5.00"
"3557","1706","20231215","5.00","5.00","5.00"
"3558","1711","20231215","3.00","3.00","3.00"
"3559","1711","20231215","2.00","3.00","3.00"
"3560","1711","20231215","3.00","2.00","3.00"
"3561","1711","20231215","2.00","3.00","3.00"
"3562","1715","20231215","4.00","5.00","5.00"
"3563","1715","20231215","3.00","4.00","5.00"
"3564","1715","20231215","5.00","3.00","4.00"
"3565","1715","20231215","3.00","5.00","5.00"
"3566","1718","20231215","4.00","4.00","4.00"
"3567","1718","20231215","5.00","4.00","5.00"
"3568","1718","20231215","3.00","5.00","4.00"
"3569","1722","20231215","3.00","4.00","3.00"
"3570","1722","20231215","2.00","3.00","3.00"
"3571","1722","20231215","4.00","4.00","3.00"
"3572","1722","20231215","3.00","3.00","5.00"
"3573","1722","20231215","4.00","4.00","3.00"
"3574","1722","20231215","3.00","4.00","3.00"
"3575","1722","20231215","3.00","4.00","3.00"
"3576","1722","20231215","2.00","3.00","3.00"
"3577","1722","20231215","4.00","5.00","3.00"
"3578","1722","20231215","3.00","3.00","3.00"
"3579","1722","20231215","4.00","4.00","3.00"
"3580","1722","20231215","4.00","2.00","5.00"
"3581","1722","20231215","4.00","5.00","4.00"
"3582","1728","20231215","4.00","5.00","5.00"
"3583","1728","20231215","5.00","5.00","5.00"
"3584","1728","20231215","4.00","5.00","5.00"
"3585","1728","20231215","5.00","5.00","5.00"
"3586","1728","20231215","3.00","5.00","5.00"
"3587","1728","20231215","5.00","5.00","4.00"
"3588","1728","20231215","4.00","5.00","5.00"
"3589","1728","20231215","4.00","5.00","5.00"
"3590","1728","20231215","4.00","5.00","5.00"
"3591","1728","20231215","5.00","4.00","5.00"
"3592","1728","20231215","5.00","5.00","4.00"
"3593","1728","20231215","4.00","5.00","5.00"
"3594","1728","20231215","5.00","4.00","5.00"
"3595","1728","20231215","5.00","5.00","5.00"
"3596","1735","20231215","3.00","2.00","4.00"
"3597","1735","20231215","3.00","2.00","2.00"
"3598","1735","20231215","3.00","2.00","2.00"
"3599","1735","20231215","3.00","2.00","3.00"
"3600","1735","20231215","2.00","3.00","2.00"
"3601","1738","20231215","3.00","3.00","3.00"
"3602","1738","20231215","2.00","4.00","4.00"
"3603","1738","20231215","4.00","4.00","3.00"
"3604","1738","20231215","4.00","3.00","4.00"
"3605","1738","20231215","3.00","3.00","4.00"
"3606","1738","20231215","4.00","4.00","4.00"
"3607","1738","20231215","4.00","5.00","4.00"
"3608","1738","20231215","4.00","4.00","3.00"
"3609","1738","20231215","4.00","5.00","3.00"
"3610","1738","20231215","3.00","4.00","4.00"
"3611","1738","20231215","3.00","4.00","4.00"
"3612","1738","20231215","3.00","5.00","4.00"
"3613","1738","20231215","4.00","4.00","4.00"
"3614","1738","20231215","4.00","3.00","4.00"
"3615","1753","20231215","5.00","5.00","4.00"
"3616","1753","20231215","5.00","5.00","5.00"
"3617","1753","20231215","5.00","5.00","5.00"
"3618","1753","20231215","5.00","5.00","5.00"
"3619","1753","20231215","5.00","5.00","4.00"
"3620","1753","20231215","5.00","5.00","5.00"
"3621","1753","20231215","5.00","5.00","5.00"
"3622","1753","20231215","5.00","5.00","5.00"
"3623","1753","20231215","5.00","5.00","5.00"
"3624","1753","20231215","4.00","5.00","4.00"
"3625","1753","20231215","5.00","5.00","4.00"
"3626","1753","20231215","5.00","5.00","5.00"
"3627","1753","20231215","4.00","5.00","4.00"
"3628","1753","20231215","4.00","5.00","5.00"
"3629","1757","20231215","3.00","3.00","3.00"
"3630","1757","20231215","2.00","1.00","3.00"
"3631","1757","20231215","3.00","4.00","2.00"
"3632","1757","20231215","1.00","3.00","3.00"
"3633","1757","20231215","2.00","3.00","3.00"
"3634","1757","20231215","2.00","3.00","3.00"
"3635","1757","20231215","2.00","2.00","3.00"
"3636","1757","20231215","2.00","3.00","2.00"
"3637","1757","20231215","2.00","4.00","2.00"
"3638","1757","20231215","3.00","3.00","3.00"
"3639","1757","20231215","2.00","2.00","3.00"
"3640","1757","20231215","3.00","4.00","2.00"
"3641","1761","20231215","3.00","4.00","5.00"
"3642","1761","20231215","5.00","3.00","5.00"
"3643","1761","20231215","3.00","4.00","5.00"
"3644","1761","20231215","4.00","4.00","5.00"
"3645","1761","20231215","4.00","4.00","4.00"
"3646","1761","20231215","5.00","5.00","4.00"
"3647","1761","20231215","3.00","4.00","4.00"
"3648","1761","20231215","5.00","4.00","4.00"
"3649","1761","20231215","4.00","4.00","5.00"
"3650","1761","20231215","4.00","5.00","5.00"
"3651","1761","20231215","3.00","4.00","3.00"
"3652","1765","20231215","4.00","4.00","4.00"
"3653","1765","20231215","5.00","5.00","3.00"
"3654","1765","20231215","3.00","5.00","3.00"
"3655","1765","20231215","3.00","4.00","3.00"
"3656","1765","20231215","3.00","4.00","4.00"
"3657","1765","20231215","4.00","3.00","4.00"
"3658","1765","20231215","4.00","4.00","3.00"
"3659","1765","20231215","4.00","4.00","3.00"
"3660","1777","20231215","5.00","5.00","5.00"
"3661","1777","20231215","5.00","5.00","4.00"
"3662","1777","20231215","4.00","5.00","4.00"
"3663","1777","20231215","4.00","4.00","5.00"
"3664","1777","20231215","5.00","5.00","5.00"
"3665","1777","20231215","5.00","5.00","4.00"
"3666","1777","20231215","4.00","4.00","5.00"
"3667","1777","20231215","5.00","5.00","4.00"
"3668","1777","20231215","5.00","5.00","4.00"
"3669","1777","20231215","5.00","5.00","5.00"
"3670","1777","20231215","4.00","4.00","4.00"
"3671","1777","20231215","5.00","5.00","5.00"
"3672","1777","20231215","4.00","5.00","5.00"
"3673","1777","20231215","5.00","5.00","5.00"
"3674","1784","20231215","2.00","2.00","3.00"
"3675","1784","20231215","3.00","4.00","2.00"
"3676","1784","20231215","3.00","2.00","2.00"
"3677","1784","20231215","4.00","3.00","3.00"
"3678","1784","20231215","4.00","4.00","3.00"
"3679","1784","20231215","3.00","3.00","4.00"
"3680","1784","20231215","3.00","3.00","3.00"
"3681","1784","20231215","5.00","3.00","3.00"
"3682","1784","20231215","3.00","3.00","3.00"
"3683","1784","20231215","4.00","4.00","3.00"
"3684","1784","20231215","2.00","3.00","3.00"
"3685","1784","20231215","2.00","4.00","3.00"
"3686","1784","20231215","3.00","3.00","3.00"
"3687","1788","20231215","2.00","3.00","2.00"
"3688","1788","20231215","2.00","2.00","2.00"
"3689","1788","20231215","2.00","4.00","3.00"
"3690","1793","20231215","4.00","2.00","4.00"
"3691","1793","20231215","4.00","4.00","2.00"
"3692","1793","20231215","3.00","3.00","3.00"
"3693","1793","20231215","3.00","3.00","3.00"
"3694","1793","20231215","3.00","3.00","3.00"
"3695","1793","20231215","2.00","2.00","4.00"
"3696","1793","20231215","3.00","3.00","3.00"
"3697","1793","20231215","4.00","5.00","4.00"
"3698","1793","20231215","3.00","4.00","4.00"
"3699","1793","20231215","2.00","3.00","3.00"
"3700","1793","20231215","4.00","4.00","4.00"
"3701","1793","20231215","3.00","3.00","4.00"
"3702","1793","20231215","4.00","2.00","3.00"
"3703","1793","20231215","2.00","4.00","3.00"
"3704","1802","20231215","4.00","4.00","3.00"
"3705","1802","20231215","3.00","4.00","4.00"
"3706","1802","20231215","3.00","3.00","4.00"
"3707","1802","20231215","3.00","3.00","4.00"
"3708","1802","20231215","4.00","3.00","4.00"
"3709","1802","20231215","4.00","4.00","4.00"
"3710","1802","20231215","5.00","4.00","3.00"
"3711","1802","20231215","3.00","4.00","3.00"
"3712","1802","20231215","5.00","3.00","3.00"
"3713","1802","20231215","4.00","3.00","4.00"
"3714","1802","20231215","2.00","4.00","3.00"
"3715","1802","20231215","4.00","3.00","4.00"
"3716","1802","20231215","4.00","5.00","3.00"
"3717","1802","20231215","4.00","3.00","3.00"
"3718","1802","20231215","4.00","3.00","3.00"
"3719","1814","20231215","3.00","4.00","4.00"
"3720","1814","20231215","3.00","4.00","3.00"
"3721","1814","20231215","3.00","4.00","4.00"
"3722","1814","20231215","5.00","4.00","4.00"
"3723","1814","20231215","3.00","4.00","4.00"
"3724","1814","20231215","4.00","4.00","4.00"
"3725","1814","20231215","4.00","4.00","4.00"
"3726","1814","20231215","4.00","5.00","4.00"
"3727","1814","20231215","4.00","5.00","4.00"
"3728","1814","20231215","5.00","3.00","4.00"
"3729","1814","20231215","3.00","4.00","4.00"
"3730","1814","20231215","5.00","4.00","4.00"
"3731","1814","20231215","4.00","4.00","4.00"
"3732","1818","20231215","2.00","3.00","4.00"
"3733","1818","20231215","4.00","4.00","4.00"
"3734","1818","20231215","3.00","3.00","3.00"
"3735","1818","20231215","3.00","2.00","3.00"
"3736","1818","20231215","2.00","4.00","3.00"
"3737","1818","20231215","5.00","3.00","4.00"
"3738","1818","20231215","3.00","5.00","3.00"
"3739","1818","20231215","4.00","4.00","3.00"
"3740","1818","20231215","3.00","3.00","4.00"
"3741","1818","20231215","2.00","3.00","3.00"
"3742","1818","20231215","2.00","2.00","3.00"
"3743","1835","20231215","3.00","4.00","4.00"
"3744","1835","20231215","5.00","4.00","4.00"
"3745","1835","20231215","3.00","4.00","3.00"
"3746","1835","20231215","3.00","5.00","4.00"
"3747","1835","20231215","3.00","4.00","4.00"
"3748","1835","20231215","4.00","4.00","3.00"
"3749","1835","20231215","3.00","5.00","4.00"
"3750","1835","20231215","4.00","4.00","4.00"
"3751","1835","20231215","5.00","4.00","3.00"
"3752","1835","20231215","5.00","5.00","4.00"
"3753","1835","20231215","2.00","4.00","4.00"
"3754","1835","20231215","5.00","4.00","3.00"
"3755","1835","20231215","3.00","3.00","4.00"
"3756","1835","20231215","4.00","3.00","3.00"
"3757","1835","20231215","3.00","4.00","4.00"
"3758","1839","20231215","5.00","5.00","5.00"
"3759","1839","20231215","4.00","5.00","5.00"
"3760","1839","20231215","5.00","5.00","5.00"
"3761","1839","20231215","5.00","5.00","5.00"
"3762","1839","20231215","5.00","5.00","5.00"
"3763","1839","20231215","5.00","5.00","5.00"
"3764","1839","20231215","4.00","5.00","5.00"
"3765","1839","20231215","5.00","5.00","5.00"
"3766","1839","20231215","5.00","5.00","5.00"
"3767","1844","20231215","4.00","4.00","3.00"
"3768","1844","20231215","4.00","4.00","3.00"
"3769","1844","20231215","2.00","3.00","3.00"
"3770","1844","20231215","1.00","4.00","4.00"
"3771","1844","20231215","2.00","3.00","4.00"
"3772","1857","20231215","5.00","4.00","3.00"
"3773","1857","20231215","4.00","5.00","4.00"
"3774","1857","20231215","5.00","5.00","5.00"
"3775","1857","20231215","5.00","5.00","5.00"
"3776","1857","20231215","5.00","5.00","5.00"
"3777","1857","20231215","4.00","4.00","5.00"
"3778","1857","20231215","4.00","5.00","5.00"
"3779","1861","20231215","4.00","5.00","5.00"
"3780","1861","20231215","4.00","5.00","5.00"
"3781","1861","20231215","5.00","5.00","5.00"
"3782","1861","20231215","5.00","5.00","4.00"
"3783","1861","20231215","5.00","5.00","4.00"
"3784","1861","20231215","4.00","4.00","4.00"
"3785","1861","20231215","5.00","5.00","5.00"
"3786","1861","20231215","4.00","5.00","4.00"
"3787","1861","20231215","4.00","4.00","4.00"
"3788","1861","20231215","4.00","5.00","4.00"
"3789","1869","20231215","4.00","3.00","3.00"
"3790","1869","20231215","4.00","4.00","3.00"
"3791","1869","20231215","3.00","3.00","3.00"
"3792","1869","20231215","3.00","3.00","2.00"
"3793","1869","20231215","3.00","3.00","3.00"
"3794","1869","20231215","3.00","2.00","2.00"
"3795","1869","20231215","3.00","2.00","3.00"
"3796","1869","20231215","4.00","3.00","2.00"
"3797","1869","20231215","2.00","3.00","4.00"
"3798","1869","20231215","3.00","2.00","2.00"
"3799","1869","20231215","2.00","3.00","3.00"
"3800","1869","20231215","3.00","3.00","2.00"
"3801","1869","20231215","3.00","3.00","2.00"
"3802","1869","20231215","3.00","3.00","3.00"
"3803","1869","20231215","2.00","2.00","3.00"
"3804","1895","20231215","3.00","3.00","3.00"
"3805","1895","20231215","2.00","3.00","3.00"
"3806","1895","20231215","3.00","3.00","2.00"
"3807","1895","20231215","5.00","4.00","3.00"
"3808","1895","20231215","4.00","3.00","3.00"
"3809","1895","20231215","2.00","3.00","3.00"
"3810","1895","20231215","3.00","4.00","4.00"
"3811","1895","20231215","4.00","4.00","4.00"
"3812","1909","20231215","3.00","2.00","2.00"
"3813","1909","20231215","2.00","2.00","2.00"
"3814","1909","20231215","3.00","3.00","2.00"
"3815","1909","20231215","1.00","2.00","3.00"
"3816","1912","20231215","5.00","5.00","5.00"
"3817","1912","20231215","5.00","5.00","5.00"
"3818","1912","20231215","5.00","5.00","5.00"
"3819","1912","20231215","5.00","3.00","5.00"
"3820","1914","20231215","5.00","5.00","5.00"
"3821","1914","20231215","5.00","5.00","5.00"
"3822","1914","20231215","5.00","5.00","5.00"
"3823","1914","20231215","5.00","5.00","5.00"
"3824","1914","20231215","5.00","5.00","5.00"
"3825","1914","20231215","5.00","5.00","5.00"
"3826","1914","20231215","5.00","5.00","5.00"
"3827","1914","20231215","5.00","5.00","5.00"
"3828","1914","20231215","5.00","5.00","5.00"
"3829","1914","20231215","5.00","5.00","5.00"
"3830","1914","20231215","5.00","5.00","5.00"
"3831","1923","20231215","4.00","3.00","3.00"
"3832","1923","20231215","3.00","3.00","3.00"
"3833","1923","20231215","4.00","3.00","4.00"
"3834","1923","20231215","4.00","3.00","3.00"
"3835","1923","20231215","3.00","4.00","4.00"
"3836","1923","20231215","3.00","2.00","4.00"
"3837","1923","20231215","4.00","3.00","3.00"
"3838","1923","20231215","3.00","4.00","4.00"
"3839","1923","20231215","2.00","3.00","4.00"
"3840","1923","20231215","4.00","3.00","3.00"
"3841","1923","20231215","2.00","3.00","3.00"
"3842","1923","20231215","3.00","4.00","3.00"
"3843","1923","20231215","3.00","3.00","4.00"
"3844","1923","20231215","3.00","4.00","3.00"
"3845","1923","20231215","3.00","4.00","3.00"
"3846","1931","20231215","3.00","4.00","4.00"
"3847","1931","20231215","5.00","4.00","3.00"
"3848","1931","20231215","4.00","4.00","4.00"
"3849","1931","20231215","3.00","4.00","4.00"
"3850","1931","20231215","4.00","4.00","5.00"
"3851","1931","20231215","3.00","3.00","3.00"
"3852","1931","20231215","4.00","4.00","4.00"
"3853","1931","20231215","4.00","4.00","4.00"
"3854","1931","20231215","4.00","5.00","5.00"
"3855","1931","20231215","4.00","4.00","4.00"
"3856","1931","20231215","4.00","3.00","4.00"
"3857","1931","20231215","3.00","3.00","4.00"
"3858","1931","20231215","4.00","3.00","3.00"
"3859","1962","20231215","3.00","3.00","2.00"
"3860","1962","20231215","4.00","3.00","2.00"
"3861","1962","20231215","2.00","2.00","3.00"
"3862","1962","20231215","2.00","3.00","3.00"
"3863","1969","20231215","4.00","5.00","4.00"
"3864","1969","20231215","3.00","5.00","4.00"
"3865","1969","20231215","5.00","5.00","4.00"
"3866","1969","20231215","5.00","3.00","4.00"
"3867","1969","20231215","5.00","5.00","4.00"
"3868","1969","20231215","5.00","5.00","4.00"
"3869","1972","20231215","4.00","5.00","3.00"
"3870","1972","20231215","4.00","5.00","5.00"
"3871","1972","20231215","3.00","4.00","4.00"
"3872","1972","20231215","4.00","4.00","4.00"
"3873","1972","20231215","5.00","5.00","5.00"
"3874","1972","20231215","3.00","4.00","5.00"
"3875","1972","20231215","5.00","5.00","5.00"
"3876","1972","20231215","4.00","5.00","5.00"
"3877","1972","20231215","3.00","5.00","4.00"
"3878","1972","20231215","4.00","4.00","5.00"
"3879","1972","20231215","4.00","4.00","5.00"
"3880","1972","20231215","5.00","5.00","4.00"
"3881","1972","20231215","5.00","4.00","4.00"
"3882","1972","20231215","4.00","4.00","4.00"
"3883","1986","20231215","3.00","4.00","4.00"
"3884","1986","20231215","4.00","4.00","4.00"
"3885","1986","20231215","4.00","5.00","4.00"
"3886","1986","20231215","4.00","4.00","5.00"
"3887","1989","20231215","4.00","4.00","5.00"
"3888","1989","20231215","4.00","4.00","4.00"
"3889","1989","20231215","3.00","4.00","4.00"
"3890","1989","20231215","4.00","4.00","4.00"
"3891","1989","20231215","4.00","4.00","4.00"
"3892","1989","20231215","3.00","3.00","4.00"
"3893","1989","20231215","4.00","5.00","4.00"
"3894","1989","20231215","5.00","4.00","3.00"
"3895","1989","20231215","4.00","4.00","4.00"
"3896","1996","20231215","3.00","3.00","2.00"
"3897","1996","20231215","2.00","2.00","2.00"
"3898","1996","20231215","2.00","2.00","3.00"
"3899","1996","20231215","3.00","2.00","3.00"
"3900","1996","20231215","2.00","3.00","2.00"
"3901","2000","20231215","5.00","4.00","4.00"
"3902","2000","20231215","4.00","5.00","5.00"
"3903","2000","20231215","4.00","4.00","5.00"
"3904","2000","20231215","4.00","5.00","5.00"
"3905","2000","20231215","5.00","4.00","5.00"
"3906","2000","20231215","5.00","5.00","4.00"
"3907","2000","20231215","5.00","5.00","4.00"
"3908","2000","20231215","5.00","4.00","5.00"
"3909","2004","20231215","4.00","3.00","3.00"
"3910","2004","20231215","4.00","4.00","3.00"
"3911","2004","20231215","4.00","5.00","4.00"
"3912","2004","20231215","3.00","3.00","3.00"
"3913","2004","20231215","4.00","3.00","4.00"
"3914","2004","20231215","4.00","4.00","3.00"
"3915","2004","20231215","3.00","3.00","3.00"
"3916","2004","20231215","4.00","3.00","4.00"
"3917","2004","20231215","4.00","3.00","3.00"
"3918","2004","20231215","4.00","4.00","3.00"
"3919","2004","20231215","4.00","4.00","4.00"
"3920","2004","20231215","4.00","3.00","3.00"
"3921","2004","20231215","2.00","4.00","4.00"
"3922","2004","20231215","3.00","3.00","4.00"
"3923","2012","20231215","3.00","4.00","5.00"
"3924","2012","20231215","4.00","4.00","4.00"
"3925","2012","20231215","4.00","4.00","4.00"
"3926","2012","20231215","4.00","4.00","4.00"
"3927","2012","20231215","5.00","4.00","4.00"
"3928","2012","20231215","3.00","4.00","4.00"
"3929","2012","20231215","4.00","2.00","5.00"
"3930","2012","20231215","4.00","4.00","5.00"
"3931","2012","20231215","4.00","4.00","5.00"
"3932","2012","20231215","4.00","4.00","4.00"
"3933","2012","20231215","4.00","3.00","4.00"
"3934","2015","20231215","5.00","5.00","3.00"
"3935","2015","20231215","4.00","5.00","4.00"
"3936","2015","20231215","4.00","5.00","4.00"
"3937","2015","20231215","5.00","5.00","5.00"
"3938","2015","20231215","5.00","5.00","5.00"
"3939","2015","20231215","5.00","5.00","5.00"
"3940","2015","20231215","4.00","5.00","5.00"
"3941","2027","20231215","4.00","3.00","3.00"
"3942","2027","20231215","3.00","3.00","3.00"
"3943","2027","20231215","3.00","4.00","3.00"
"3944","2027","20231215","4.00","3.00","3.00"
"3945","2045","20231215","3.00","2.00","2.00"
"3946","2045","20231215","2.00","2.00","2.00"
"3947","2045","20231215","2.00","3.00","2.00"
"3948","2045","20231215","2.00","2.00","2.00"
"3949","2045","20231215","2.00","3.00","2.00"
"3950","2045","20231215","1.00","2.00","2.00"
"3951","2045","20231215","2.00","2.00","2.00"
"3952","2045","20231215","3.00","2.00","2.00"
"3953","2045","20231215","1.00","2.00","2.00"
"3954","2045","20231215","2.00","2.00","3.00"
"3955","2052","20231215","3.00","3.00","4.00"
"3956","2052","20231215","4.00","4.00","4.00"
"3957","2052","20231215","5.00","5.00","3.00"
"3958","2052","20231215","5.00","4.00","3.00"
"3959","2052","20231215","4.00","5.00","4.00"
"3960","2052","20231215","3.00","3.00","4.00"
"3961","2052","20231215","3.00","5.00","4.00"
"3962","2052","20231215","5.00","4.00","3.00"
"3963","2052","20231215","3.00","4.00","4.00"
"3964","2052","20231215","4.00","3.00","5.00"
"3965","2052","20231215","4.00","4.00","4.00"
"3966","2052","20231215","4.00","3.00","4.00"
"3967","2052","20231215","2.00","5.00","4.00"
"3968","2070","20231215","5.00","5.00","4.00"
"3969","2070","20231215","5.00","4.00","5.00"
"3970","2070","20231215","5.00","5.00","5.00"
"3971","2070","20231215","4.00","5.00","4.00"
"3972","2070","20231215","5.00","5.00","4.00"
"3973","2070","20231215","3.00","4.00","4.00"
"3974","2070","20231215","5.00","5.00","5.00"
"3975","2070","20231215","5.00","5.00","5.00"
"3976","2070","20231215","5.00","5.00","4.00"
"3977","2070","20231215","4.00","5.00","4.00"
"3978","2070","20231215","5.00","4.00","4.00"
"3979","2070","20231215","3.00","5.00","2.00"
"3980","2070","20231215","3.00","4.00","5.00"
"3981","2070","20231215","4.00","4.00","5.00"
"3982","2072","20231215","4.00","4.00","5.00"
"3983","2072","20231215","5.00","5.00","5.00"
"3984","2072","20231215","5.00","4.00","4.00"
"3985","2072","20231215","5.00","5.00","5.00"
"3986","2072","20231215","5.00","4.00","4.00"
"3987","2072","20231215","3.00","4.00","4.00"
"3988","2072","20231215","5.00","5.00","4.00"
"3989","2072","20231215","4.00","5.00","5.00"
"3990","2072","20231215","4.00","5.00","4.00"
"3991","2072","20231215","4.00","5.00","4.00"
"3992","2072","20231215","4.00","5.00","4.00"
"3993","2072","20231215","3.00","5.00","4.00"
"3994","2072","20231215","5.00","5.00","4.00"
"3995","2072","20231215","4.00","4.00","5.00"
"3996","2072","20231215","5.00","5.00","4.00"
"3997","2096","20231215","2.00","2.00","2.00"
"3998","2096","20231215","2.00","1.00","2.00"
"3999","2096","20231215","1.00","3.00","3.00"
"4000","2096","20231215","3.00","2.00","2.00"
"4001","2096","20231215","2.00","3.00","2.00"
"4002","2101","20231215","3.00","4.00","4.00"
"4003","2101","20231215","3.00","3.00","4.00"
"4004","2101","20231215","3.00","4.00","4.00"
"4005","2101","20231215","3.00","4.00","3.00"
"4006","2101","20231215","4.00","4.00","4.00"
"4007","2101","20231215","4.00","4.00","4.00"
"4008","2101","20231215","4.00","4.00","4.00"
"4009","2103","20231215","5.00","5.00","5.00"
"4010","2103","20231215","5.00","5.00","5.00"
"4011","2103","20231215","4.00","5.00","5.00"
"4012","2103","20231215","4.00","5.00","4.00"
"4013","2103","20231215","5.00","5.00","5.00"
"4014","2103","20231215","5.00","4.00","5.00"
"4015","2103","20231215","5.00","5.00","4.00"
"4016","2103","20231215","4.00","5.00","5.00"
"4017","2113","20231215","4.00","5.00","5.00"
"4018","2113","20231215","4.00","5.00","5.00"
"4019","2113","20231215","4.00","5.00","5.00"
"4020","2113","20231215","4.00","4.00","5.00"
"4021","2119","20231215","5.00","5.00","5.00"
"4022","2119","20231215","4.00","5.00","4.00"
"4023","2119","20231215","5.00","5.00","5.00"
"4024","2119","20231215","5.00","5.00","5.00"
"4025","2119","20231215","5.00","5.00","5.00"
"4026","2119","20231215","5.00","5.00","5.00"
"4027","2119","20231215","5.00","5.00","5.00"
"4028","2122","20231215","3.00","3.00","2.00"
"4029","2122","20231215","3.00","3.00","3.00"
"4030","2122","20231215","2.00","4.00","3.00"
"4031","2122","20231215","3.00","3.00","3.00"
"4032","2122","20231215","3.00","3.00","3.00"
"4033","2122","20231215","4.00","4.00","3.00"
"4034","2122","20231215","4.00","4.00","3.00"
"4035","2122","20231215","3.00","3.00","3.00"
"4036","2122","20231215","4.00","3.00","3.00"
"4037","2122","20231215","2.00","3.00","3.00"
"4038","2122","20231215","4.00","3.00","3.00"
"4039","2122","20231215","5.00","3.00","4.00"
"4040","2122","20231215","4.00","3.00","3.00"
"4041","2122","20231215","3.00","4.00","3.00"
"4042","2122","20231215","5.00","3.00","3.00"
"4043","2130","20231215","2.00","3.00","4.00"
"4044","2130","20231215","2.00","4.00","3.00"
"4045","2130","20231215","2.00","4.00","3.00"
"4046","2130","20231215","3.00","4.00","4.00"
"4047","2130","20231215","4.00","4.00","2.00"
"4048","2130","20231215","3.00","3.00","3.00"
"4049","2138","20231215","4.00","4.00","3.00"
"4050","2138","20231215","3.00","4.00","5.00"
"4051","2138","20231215","4.00","4.00","4.00"
"4052","2138","20231215","3.00","4.00","3.00"
"4053","2138","20231215","5.00","3.00","4.00"
"4054","2138","20231215","3.00","4.00","4.00"
"4055","2138","20231215","4.00","5.00","4.00"
"4056","2142","20231215","3.00","4.00","3.00"
"4057","2142","20231215","3.00","3.00","3.00"
"4058","2142","20231215","3.00","3.00","3.00"
"4059","2142","20231215","3.00","3.00","3.00"
"4060","2142","20231215","3.00","4.00","3.00"
"4061","2142","20231215","4.00","3.00","4.00"
"4062","2142","20231215","3.00","3.00","3.00"
"4063","2142","20231215","3.00","4.00","2.00"
"4064","2142","20231215","3.00","3.00","3.00"
"4065","2146","20231215","4.00","3.00","4.00"
"4066","2146","20231215","4.00","4.00","4.00"
"4067","2146","20231215","3.00","4.00","5.00"
"4068","2146","20231215","4.00","4.00","5.00"
"4069","2146","20231215","3.00","5.00","4.00"
"4070","2154","20231215","2.00","4.00","3.00"
"4071","2154","20231215","3.00","4.00","3.00"
"4072","2154","20231215","3.00","3.00","3.00"
"4073","2154","20231215","3.00","4.00","4.00"
"4074","2154","20231215","2.00","4.00","3.00"
"4075","2157","20231215","2.00","3.00","3.00"
"4076","2157","20231215","3.00","2.00","3.00"
"4077","2157","20231215","4.00","4.00","2.00"
"4078","2157","20231215","3.00","3.00","3.00"
"4079","2157","20231215","3.00","3.00","3.00"
"4080","2157","20231215","3.00","3.00","3.00"
"4081","2157","20231215","3.00","4.00","3.00"
"4082","2157","20231215","1.00","2.00","3.00"
"4083","2157","20231215","2.00","3.00","3.00"
"4084","2165","20231215","1.00","1.00","1.00"
"4085","2165","20231215","2.00","3.00","2.00"
"4086","2165","20231215","3.00","2.00","2.00"
"4087","2165","20231215","2.00","3.00","2.00"
"4088","2165","20231215","1.00","2.00","2.00"
"4089","2165","20231215","1.00","3.00","3.00"
"4090","2165","20231215","2.00","1.00","2.00"
"4091","2165","20231215","2.00","2.00","2.00"
"4092","2165","20231215","1.00","1.00","1.00"
"4093","2173","20231215","3.00","3.00","3.00"
"4094","2173","20231215","2.00","4.00","3.00"
"4095","2173","20231215","4.00","3.00","4.00"
"4096","2173","20231215","3.00","3.00","4.00"
"4097","2173","20231215","3.00","2.00","3.00"
"4098","2173","20231215","4.00","3.00","3.00"
"4099","2173","20231215","3.00","2.00","3.00"
"4100","2173","20231215","3.00","4.00","4.00"
"4101","2173","20231215","4.00","4.00","3.00"
"4102","2173","20231215","3.00","4.00","4.00"
"4103","2173","20231215","3.00","3.00","3.00"
"4104","2173","20231215","3.00","3.00","4.00"
"4105","2176","20231215","4.00","3.00","3.00"
"4106","2176","20231215","2.00","3.00","4.00"
"4107","2176","20231215","4.00","3.00","4.00"
"4108","2176","20231215","3.00","4.00","3.00"
"4109","2176","20231215","3.00","4.00","4.00"
"4110","2176","20231215","4.00","4.00","3.00"
"4111","2176","20231215","2.00","3.00","4.00"
"4112","2176","20231215","3.00","4.00","3.00"
"4113","2176","20231215","4.00","4.00","4.00"
"4114","2176","20231215","4.00","4.00","4.00"
"4115","2176","20231215","4.00","3.00","4.00"
"4116","2176","20231215","3.00","4.00","3.00"
"4117","2176","20231215","4.00","4.00","4.00"
"4118","2182","20231215","3.00","3.00","3.00"
"4119","2182","20231215","5.00","3.00","3.00"
"4120","2182","20231215","4.00","4.00","4.00"
"4121","2182","20231215","3.00","4.00","4.00"
"4122","2182","20231215","4.00","3.00","4.00"
"4123","2182","20231215","3.00","4.00","4.00"
"4124","2182","20231215","3.00","4.00","3.00"
"4125","2182","20231215","3.00","2.00","3.00"
"4126","2182","20231215","3.00","3.00","3.00"
"4127","2182","20231215","3.00","3.00","3.00"
"4128","2182","20231215","4.00","4.00","5.00"
"4129","2182","20231215","3.00","3.00","4.00"
"4130","2182","20231215","4.00","4.00","3.00"
"4131","2186","20231215","3.00","5.00","5.00"
"4132","2186","20231215","5.00","4.00","3.00"
"4133","2186","20231215","4.00","4.00","3.00"
"4134","2186","20231215","4.00","4.00","3.00"
"4135","2186","20231215","5.00","4.00","4.00"
"4136","2186","20231215","5.00","4.00","4.00"
"4137","2186","20231215","4.00","4.00","5.00"
"4138","2186","20231215","4.00","4.00","4.00"
"4139","2192","20231215","2.00","4.00","3.00"
"4140","2192","20231215","3.00","4.00","4.00"
"4141","2192","20231215","4.00","3.00","3.00"
"4142","2192","20231215","3.00","4.00","3.00"
"4143","2192","20231215","3.00","3.00","3.00"
"4144","2192","20231215","2.00","3.00","3.00"
"4145","2192","20231215","3.00","2.00","3.00"
"4146","2192","20231215","3.00","4.00","3.00"
"4147","2192","20231215","3.00","4.00","3.00"
"4148","2192","20231215","4.00","4.00","3.00"
"4149","2192","20231215","2.00","3.00","3.00"
"4150","2192","20231215","2.00","4.00","4.00"
"4151","2192","20231215","4.00","3.00","3.00"
"4152","2192","20231215","3.00","3.00","4.00"
"4153","2194","20231215","4.00","5.00","4.00"
"4154","2194","20231215","5.00","5.00","4.00"
"4155","2194","20231215","5.00","4.00","5.00"
"4156","2194","20231215","4.00","4.00","4.00"
"4157","2194","20231215","3.00","5.00","5.00"
"4158","2194","20231215","5.00","4.00","4.00"
"4159","2194","20231215","3.00","4.00","4.00"
"4160","2194","20231215","3.00","4.00","4.00"
"4161","2194","20231215","4.00","5.00","5.00"
"4162","2194","20231215","5.00","5.00","5.00"
"4163","2194","20231215","4.00","5.00","4.00"
"4164","2196","20231215","3.00","3.00","4.00"
"4165","2196","20231215","5.00","3.00","4.00"
"4166","2196","20231215","5.00","4.00","4.00"
"4167","2196","20231215","4.00","4.00","4.00"
"4168","2196","20231215","3.00","4.00","4.00"
"4169","2196","20231215","5.00","4.00","4.00"
"4170","2196","20231215","4.00","4.00","4.00"
"4171","2196","20231215","5.00","4.00","4.00"
"4172","2196","20231215","4.00","4.00","4.00"
"4173","2196","20231215","5.00","5.00","5.00"
"4174","2196","20231215","4.00","5.00","4.00"
"4175","2196","20231215","4.00","4.00","4.00"
"4176","2207","20231215","4.00","4.00","4.00"
"4177","2207","20231215","4.00","5.00","4.00"
"4178","2207","20231215","5.00","4.00","5.00"
"4179","2211","20231215","4.00","3.00","3.00"
"4180","2211","20231215","3.00","3.00","4.00"
"4181","2211","20231215","3.00","4.00","3.00"
"4182","2211","20231215","2.00","2.00","3.00"
"4183","2211","20231215","3.00","3.00","4.00"
"4184","2211","20231215","3.00","3.00","3.00"
"4185","2211","20231215","2.00","3.00","3.00"
"4186","2211","20231215","3.00","3.00","2.00"
"4187","2211","20231215","2.00","3.00","3.00"
"4188","2231","20231215","3.00","3.00","3.00"
"4189","2231","20231215","2.00","4.00","3.00"
"4190","2231","20231215","4.00","4.00","3.00"
"4191","2231","20231215","2.00","4.00","4.00"
"4192","2231","20231215","4.00","4.00","3.00"
"4193","2231","20231215","2.00","3.00","3.00"
"4194","2260","20231215","3.00","4.00","3.00"
"4195","2260","20231215","3.00","4.00","4.00"
"4196","2260","20231215","3.00","3.00","3.00"
"4197","2260","20231215","3.00","4.00","2.00"
"4198","2260","20231215","4.00","5.00","3.00"
"4199","2260","20231215","3.00","3.00","4.00"
"4200","2260","20231215","4.00","3.00","4.00"
"4201","11","20240715","3.00","3.00","3.00"
"4202","11","20240715","3.00","3.00","5.00"
"4203","11","20240715","3.00","5.00","4.00"
"4204","11","20240715","4.00","3.00","4.00"
"4205","37","20240715","3.00","4.00","3.00"
"4206","37","20240715","4.00","4.00","4.00"
"4207","37","20240715","4.00","4.00","5.00"
"4208","37","20240715","5.00","5.00","4.00"
"4209","37","20240715","5.00","5.00","5.00"
"4210","37","20240715","5.00","4.00","4.00"
"4211","37","20240715","4.00","4.00","5.00"
"4212","37","20240715","3.00","4.00","4.00"
"4213","37","20240715","4.00","5.00","4.00"
"4214","37","20240715","5.00","4.00","5.00"
"4215","37","20240715","4.00","5.00","4.00"
"4216","37","20240715","3.00","4.00","4.00"
"4217","37","20240715","4.00","5.00","4.00"
"4218","37","20240715","4.00","4.00","4.00"
"4219","37","20240715","4.00","4.00","4.00"
"4220","43","20240715","4.00","5.00","4.00"
"4221","43","20240715","5.00","5.00","5.00"
"4222","43","20240715","4.00","4.00","4.00"
"4223","43","20240715","5.00","5.00","4.00"
"4224","43","20240715","4.00","4.00","4.00"
"4225","43","20240715","4.00","4.00","4.00"
"4226","46","20240715","2.00","2.00","2.00"
"4227","46","20240715","3.00","4.00","4.00"
"4228","46","20240715","1.00","4.00","2.00"
"4229","46","20240715","3.00","4.00","3.00"
"4230","46","20240715","3.00","3.00","3.00"
"4231","46","20240715","2.00","3.00","3.00"
"4232","46","20240715","3.00","4.00","3.00"
"4233","46","20240715","4.00","3.00","2.00"
"4234","46","20240715","3.00","3.00","3.00"
"4235","46","20240715","4.00","3.00","4.00"
"4236","46","20240715","3.00","2.00","2.00"
"4237","46","20240715","4.00","1.00","3.00"
"4238","50","20240715","3.00","3.00","5.00"
"4239","50","20240715","3.00","5.00","3.00"
"4240","50","20240715","4.00","5.00","4.00"
"4241","50","20240715","4.00","3.00","3.00"
"4242","50","20240715","4.00","5.00","3.00"
"4243","50","20240715","3.00","4.00","4.00"
"4244","50","20240715","4.00","4.00","4.00"
"4245","50","20240715","3.00","5.00","4.00"
"4246","50","20240715","3.00","4.00","3.00"
"4247","83","20240715","5.00","4.00","4.00"
"4248","83","20240715","5.00","4.00","4.00"
"4249","83","20240715","4.00","5.00","4.00"
"4250","83","20240715","3.00","4.00","3.00"
"4251","83","20240715","4.00","5.00","5.00"
"4252","83","20240715","2.00","4.00","4.00"
"4253","83","20240715","4.00","4.00","4.00"
"4254","83","20240715","4.00","4.00","4.00"
"4255","83","20240715","5.00","3.00","4.00"
"4256","83","20240715","5.00","4.00","4.00"
"4257","87","20240715","4.00","4.00","4.00"
"4258","87","20240715","5.00","4.00","4.00"
"4259","87","20240715","4.00","5.00","5.00"
"4260","91","20240715","3.00","4.00","3.00"
"4261","91","20240715","3.00","4.00","3.00"
"4262","91","20240715","3.00","4.00","3.00"
"4263","97","20240715","1.00","2.00","2.00"
"4264","97","20240715","2.00","2.00","3.00"
"4265","97","20240715","2.00","2.00","3.00"
"4266","97","20240715","1.00","3.00","2.00"
"4267","97","20240715","3.00","3.00","2.00"
"4268","97","20240715","3.00","3.00","1.00"
"4269","97","20240715","1.00","3.00","2.00"
"4270","97","20240715","2.00","2.00","1.00"
"4271","97","20240715","1.00","2.00","1.00"
"4272","97","20240715","1.00","2.00","2.00"
"4273","97","20240715","3.00","2.00","2.00"
"4274","104","20240715","4.00","3.00","2.00"
"4275","104","20240715","3.00","4.00","4.00"
"4276","104","20240715","3.00","3.00","3.00"
"4277","104","20240715","4.00","4.00","4.00"
"4278","104","20240715","4.00","3.00","4.00"
"4279","104","20240715","4.00","4.00","4.00"
"4280","104","20240715","4.00","2.00","3.00"
"4281","104","20240715","4.00","3.00","3.00"
"4282","104","20240715","4.00","3.00","4.00"
"4283","111","20240715","5.00","4.00","5.00"
"4284","111","20240715","5.00","5.00","5.00"
"4285","111","20240715","5.00","5.00","5.00"
"4286","119","20240715","4.00","4.00","4.00"
"4287","119","20240715","4.00","4.00","4.00"
"4288","119","20240715","5.00","4.00","4.00"
"4289","119","20240715","4.00","4.00","4.00"
"4290","119","20240715","5.00","4.00","4.00"
"4291","119","20240715","3.00","3.00","4.00"
"4292","119","20240715","4.00","3.00","4.00"
"4293","119","20240715","5.00","4.00","5.00"
"4294","119","20240715","5.00","5.00","5.00"
"4295","119","20240715","4.00","5.00","5.00"
"4296","119","20240715","4.00","5.00","5.00"
"4297","119","20240715","4.00","4.00","4.00"
"4298","119","20240715","5.00","5.00","5.00"
"4299","119","20240715","4.00","5.00","4.00"
"4300","123","20240715","3.00","4.00","3.00"
"4301","123","20240715","3.00","3.00","3.00"
"4302","123","20240715","4.00","3.00","3.00"
"4303","123","20240715","3.00","4.00","3.00"
"4304","123","20240715","1.00","4.00","3.00"
"4305","123","20240715","4.00","3.00","3.00"
"4306","123","20240715","3.00","4.00","3.00"
"4307","123","20240715","4.00","3.00","3.00"
"4308","123","20240715","3.00","3.00","3.00"
"4309","123","20240715","3.00","3.00","4.00"
"4310","123","20240715","4.00","3.00","4.00"
"4311","155","20240715","3.00","4.00","3.00"
"4312","155","20240715","4.00","3.00","3.00"
"4313","155","20240715","3.00","4.00","3.00"
"4314","155","20240715","4.00","4.00","3.00"
"4315","155","20240715","3.00","4.00","4.00"
"4316","155","20240715","4.00","4.00","4.00"
"4317","155","20240715","3.00","5.00","3.00"
"4318","155","20240715","3.00","4.00","4.00"
"4319","155","20240715","4.00","3.00","4.00"
"4320","155","20240715","3.00","3.00","3.00"
"4321","155","20240715","3.00","4.00","4.00"
"4322","155","20240715","3.00","5.00","3.00"
"4323","155","20240715","5.00","4.00","4.00"
"4324","159","20240715","4.00","4.00","4.00"
"4325","159","20240715","5.00","4.00","2.00"
"4326","159","20240715","2.00","5.00","4.00"
"4327","159","20240715","4.00","4.00","4.00"
"4328","159","20240715","4.00","4.00","3.00"
"4329","159","20240715","3.00","4.00","4.00"
"4330","159","20240715","4.00","4.00","3.00"
"4331","159","20240715","4.00","4.00","3.00"
"4332","166","20240715","2.00","3.00","1.00"
"4333","166","20240715","3.00","2.00","3.00"
"4334","166","20240715","2.00","2.00","3.00"
"4335","166","20240715","2.00","3.00","2.00"
"4336","166","20240715","2.00","3.00","3.00"
"4337","166","20240715","2.00","2.00","2.00"
"4338","166","20240715","3.00","3.00","2.00"
"4339","172","20240715","3.00","2.00","4.00"
"4340","172","20240715","3.00","3.00","4.00"
"4341","172","20240715","3.00","3.00","5.00"
"4342","172","20240715","4.00","4.00","3.00"
"4343","172","20240715","4.00","3.00","4.00"
"4344","172","20240715","3.00","4.00","4.00"
"4345","172","20240715","4.00","4.00","4.00"
"4346","172","20240715","4.00","3.00","5.00"
"4347","172","20240715","5.00","3.00","3.00"
"4348","172","20240715","4.00","5.00","3.00"
"4349","179","20240715","2.00","2.00","2.00"
"4350","179","20240715","2.00","2.00","3.00"
"4351","179","20240715","2.00","2.00","2.00"
"4352","179","20240715","2.00","3.00","2.00"
"4353","179","20240715","2.00","3.00","1.00"
"4354","179","20240715","1.00","2.00","2.00"
"4355","179","20240715","3.00","2.00","2.00"
"4356","179","20240715","3.00","1.00","2.00"
"4357","179","20240715","3.00","2.00","2.00"
"4358","179","20240715","3.00","3.00","3.00"
"4359","179","20240715","2.00","2.00","1.00"
"4360","191","20240715","3.00","4.00","3.00"
"4361","191","20240715","3.00","3.00","4.00"
"4362","191","20240715","3.00","4.00","4.00"
"4363","191","20240715","3.00","3.00","4.00"
"4364","191","20240715","3.00","3.00","4.00"
"4365","191","20240715","5.00","3.00","3.00"
"4366","191","20240715","3.00","3.00","4.00"
"4367","191","20240715","3.00","3.00","3.00"
"4368","191","20240715","2.00","3.00","3.00"
"4369","191","20240715","4.00","4.00","3.00"
"4370","191","20240715","3.00","3.00","4.00"
"4371","191","20240715","5.00","4.00","3.00"
"4372","207","20240715","4.00","3.00","4.00"
"4373","207","20240715","5.00","4.00","4.00"
"4374","207","20240715","4.00","5.00","4.00"
"4375","207","20240715","5.00","4.00","3.00"
"4376","207","20240715","4.00","4.00","4.00"
"4377","207","20240715","2.00","5.00","4.00"
"4378","215","20240715","2.00","4.00","4.00"
"4379","215","20240715","3.00","4.00","3.00"
"4380","215","20240715","3.00","4.00","4.00"
"4381","215","20240715","4.00","4.00","4.00"
"4382","215","20240715","4.00","5.00","4.00"
"4383","215","20240715","4.00","4.00","4.00"
"4384","215","20240715","4.00","3.00","3.00"
"4385","215","20240715","3.00","3.00","3.00"
"4386","215","20240715","4.00","4.00","3.00"
"4387","215","20240715","3.00","3.00","3.00"
"4388","215","20240715","3.00","4.00","4.00"
"4389","215","20240715","4.00","4.00","5.00"
"4390","215","20240715","4.00","4.00","3.00"
"4391","215","20240715","3.00","3.00","3.00"
"4392","215","20240715","3.00","4.00","3.00"
"4393","222","20240715","5.00","3.00","4.00"
"4394","222","20240715","5.00","5.00","4.00"
"4395","222","20240715","5.00","4.00","5.00"
"4396","222","20240715","4.00","5.00","5.00"
"4397","222","20240715","4.00","5.00","5.00"
"4398","222","20240715","3.00","5.00","5.00"
"4399","222","20240715","5.00","5.00","5.00"
"4400","222","20240715","5.00","4.00","5.00"
"4401","222","20240715","5.00","4.00","4.00"
"4402","222","20240715","5.00","5.00","5.00"
"4403","222","20240715","5.00","5.00","5.00"
"4404","232","20240715","5.00","5.00","4.00"
"4405","232","20240715","5.00","5.00","5.00"
"4406","232","20240715","4.00","5.00","5.00"
"4407","232","20240715","5.00","5.00","5.00"
"4408","235","20240715","3.00","4.00","5.00"
"4409","235","20240715","4.00","4.00","4.00"
"4410","235","20240715","4.00","4.00","4.00"
"4411","235","20240715","3.00","4.00","4.00"
"4412","235","20240715","4.00","4.00","4.00"
"4413","235","20240715","4.00","4.00","4.00"
"4414","235","20240715","3.00","4.00","4.00"
"4415","235","20240715","3.00","4.00","3.00"
"4416","237","20240715","3.00","3.00","3.00"
"4417","237","20240715","3.00","4.00","3.00"
"4418","237","20240715","4.00","5.00","3.00"
"4419","237","20240715","3.00","3.00","3.00"
"4420","237","20240715","2.00","3.00","2.00"
"4421","237","20240715","3.00","3.00","2.00"
"4422","241","20240715","3.00","3.00","4.00"
"4423","241","20240715","3.00","3.00","3.00"
"4424","241","20240715","3.00","4.00","3.00"
"4425","241","20240715","3.00","2.00","3.00"
"4426","241","20240715","3.00","3.00","3.00"
"4427","241","20240715","4.00","2.00","4.00"
"4428","241","20240715","4.00","4.00","3.00"
"4429","241","20240715","3.00","3.00","3.00"
"4430","241","20240715","2.00","3.00","4.00"
"4431","241","20240715","3.00","4.00","4.00"
"4432","243","20240715","3.00","3.00","3.00"
"4433","243","20240715","2.00","2.00","3.00"
"4434","243","20240715","2.00","2.00","2.00"
"4435","243","20240715","1.00","2.00","2.00"
"4436","243","20240715","1.00","3.00","2.00"
"4437","243","20240715","2.00","2.00","2.00"
"4438","243","20240715","1.00","1.00","3.00"
"4439","243","20240715","3.00","2.00","3.00"
"4440","243","20240715","2.00","4.00","3.00"
"4441","243","20240715","3.00","1.00","3.00"
"4442","243","20240715","2.00","2.00","3.00"
"4443","243","20240715","3.00","3.00","3.00"
"4444","243","20240715","3.00","2.00","2.00"
"4445","243","20240715","3.00","2.00","2.00"
"4446","243","20240715","2.00","2.00","2.00"
"4447","252","20240715","5.00","5.00","5.00"
"4448","252","20240715","5.00","4.00","5.00"
"4449","252","20240715","5.00","4.00","5.00"
"4450","252","20240715","5.00","5.00","5.00"
"4451","252","20240715","2.00","5.00","4.00"
"4452","252","20240715","5.00","5.00","5.00"
"4453","252","20240715","3.00","5.00","5.00"
"4454","252","20240715","5.00","5.00","5.00"
"4455","252","20240715","5.00","5.00","4.00"
"4456","252","20240715","4.00","5.00","5.00"
"4457","274","20240715","3.00","3.00","2.00"
"4458","274","20240715","2.00","3.00","3.00"
"4459","274","20240715","2.00","3.00","3.00"
"4460","274","20240715","2.00","3.00","4.00"
"4461","274","20240715","3.00","3.00","3.00"
"4462","274","20240715","2.00","3.00","3.00"
"4463","274","20240715","2.00","3.00","3.00"
"4464","274","20240715","1.00","4.00","3.00"
"4465","274","20240715","3.00","3.00","2.00"
"4466","274","20240715","3.00","2.00","3.00"
"4467","274","20240715","2.00","3.00","3.00"
"4468","277","20240715","3.00","2.00","3.00"
"4469","277","20240715","3.00","3.00","4.00"
"4470","277","20240715","2.00","3.00","3.00"
"4471","277","20240715","2.00","3.00","3.00"
"4472","281","20240715","5.00","5.00","5.00"
"4473","281","20240715","5.00","5.00","5.00"
"4474","281","20240715","5.00","5.00","5.00"
"4475","281","20240715","4.00","5.00","5.00"
"4476","281","20240715","5.00","5.00","5.00"
"4477","281","20240715","4.00","5.00","5.00"
"4478","317","20240715","3.00","4.00","3.00"
"4479","317","20240715","4.00","3.00","3.00"
"4480","317","20240715","4.00","2.00","3.00"
"4481","317","20240715","3.00","3.00","3.00"
"4482","317","20240715","2.00","4.00","3.00"
"4483","317","20240715","3.00","4.00","3.00"
"4484","317","20240715","3.00","2.00","3.00"
"4485","317","20240715","2.00","4.00","2.00"
"4486","317","20240715","3.00","4.00","2.00"
"4487","317","20240715","4.00","3.00","3.00"
"4488","317","20240715","3.00","4.00","3.00"
"4489","323","20240715","3.00","3.00","2.00"
"4490","323","20240715","2.00","2.00","2.00"
"4491","323","20240715","2.00","3.00","2.00"
"4492","323","20240715","3.00","3.00","3.00"
"4493","323","20240715","3.00","3.00","2.00"
"4494","323","20240715","1.00","3.00","2.00"
"4495","323","20240715","3.00","2.00","3.00"
"4496","323","20240715","2.00","3.00","2.00"
"4497","323","20240715","3.00","3.00","2.00"
"4498","327","20240715","4.00","4.00","3.00"
"4499","327","20240715","3.00","4.00","2.00"
"4500","327","20240715","3.00","4.00","3.00"
"4501","327","20240715","4.00","3.00","4.00"
"4502","327","20240715","4.00","3.00","4.00"
"4503","327","20240715","3.00","2.00","4.00"
"4504","327","20240715","2.00","4.00","3.00"
"4505","327","20240715","3.00","4.00","4.00"
"4506","327","20240715","3.00","3.00","4.00"
"4507","327","20240715","4.00","4.00","4.00"
"4508","327","20240715","2.00","3.00","3.00"
"4509","327","20240715","2.00","3.00","3.00"
"4510","327","20240715","3.00","4.00","3.00"
"4511","335","20240715","2.00","2.00","3.00"
"4512","335","20240715","2.00","1.00","1.00"
"4513","335","20240715","1.00","2.00","2.00"
"4514","335","20240715","1.00","3.00","2.00"
"4515","335","20240715","1.00","2.00","2.00"
"4516","335","20240715","1.00","2.00","2.00"
"4517","339","20240715","1.00","2.00","2.00"
"4518","339","20240715","1.00","2.00","2.00"
"4519","339","20240715","1.00","1.00","2.00"
"4520","339","20240715","3.00","2.00","2.00"
"4521","339","20240715","3.00","2.00","2.00"
"4522","339","20240715","2.00","2.00","2.00"
"4523","343","20240715","4.00","4.00","4.00"
"4524","343","20240715","3.00","5.00","5.00"
"4525","343","20240715","4.00","4.00","3.00"
"4526","347","20240715","2.00","4.00","4.00"
"4527","347","20240715","2.00","4.00","3.00"
"4528","347","20240715","3.00","3.00","3.00"
"4529","347","20240715","3.00","3.00","4.00"
"4530","347","20240715","4.00","3.00","3.00"
"4531","347","20240715","2.00","4.00","4.00"
"4532","369","20240715","5.00","5.00","5.00"
"4533","369","20240715","5.00","5.00","5.00"
"4534","369","20240715","5.00","5.00","5.00"
"4535","369","20240715","5.00","5.00","5.00"
"4536","369","20240715","5.00","5.00","5.00"
"4537","383","20240715","3.00","4.00","3.00"
"4538","383","20240715","3.00","3.00","4.00"
"4539","383","20240715","3.00","4.00","3.00"
"4540","383","20240715","2.00","3.00","4.00"
"4541","383","20240715","2.00","3.00","3.00"
"4542","383","20240715","3.00","4.00","4.00"
"4543","383","20240715","5.00","3.00","3.00"
"4544","383","20240715","3.00","3.00","3.00"
"4545","383","20240715","2.00","3.00","4.00"
"4546","383","20240715","4.00","3.00","4.00"
"4547","383","20240715","3.00","3.00","4.00"
"4548","383","20240715","2.00","4.00","4.00"
"4549","391","20240715","4.00","4.00","3.00"
"4550","391","20240715","3.00","4.00","2.00"
"4551","391","20240715","3.00","3.00","3.00"
"4552","391","20240715","4.00","4.00","3.00"
"4553","391","20240715","4.00","4.00","3.00"
"4554","391","20240715","4.00","4.00","3.00"
"4555","391","20240715","3.00","4.00","4.00"
"4556","391","20240715","3.00","4.00","3.00"
"4557","391","20240715","3.00","4.00","3.00"
"4558","391","20240715","3.00","3.00","3.00"
"4559","391","20240715","3.00","3.00","4.00"
"4560","391","20240715","2.00","3.00","4.00"
"4561","407","20240715","5.00","4.00","5.00"
"4562","407","20240715","5.00","5.00","4.00"
"4563","407","20240715","4.00","5.00","4.00"
"4564","407","20240715","4.00","3.00","4.00"
"4565","407","20240715","3.00","3.00","5.00"
"4566","407","20240715","3.00","4.00","4.00"
"4567","411","20240715","3.00","4.00","3.00"
"4568","411","20240715","3.00","4.00","3.00"
"4569","411","20240715","2.00","4.00","3.00"
"4570","411","20240715","4.00","4.00","3.00"
"4571","423","20240715","2.00","3.00","3.00"
"4572","423","20240715","3.00","2.00","3.00"
"4573","423","20240715","3.00","2.00","2.00"
"4574","423","20240715","2.00","2.00","2.00"
"4575","442","20240715","5.00","5.00","5.00"
"4576","442","20240715","5.00","5.00","5.00"
"4577","442","20240715","5.00","5.00","5.00"
"4578","442","20240715","5.00","5.00","5.00"
"4579","442","20240715","5.00","5.00","5.00"
"4580","442","20240715","3.00","5.00","4.00"
"4581","442","20240715","5.00","5.00","5.00"
"4582","442","20240715","5.00","5.00","5.00"
"4583","442","20240715","5.00","5.00","5.00"
"4584","445","20240715","3.00","4.00","3.00"
"4585","445","20240715","3.00","3.00","3.00"
"4586","445","20240715","2.00","3.00","3.00"
"4587","445","20240715","2.00","2.00","3.00"
"4588","445","20240715","3.00","3.00","3.00"
"4589","445","20240715","2.00","3.00","1.00"
"4590","445","20240715","3.00","3.00","2.00"
"4591","445","20240715","3.00","3.00","2.00"
"4592","445","20240715","3.00","3.00","3.00"
"4593","445","20240715","2.00","3.00","3.00"
"4594","453","20240715","5.00","5.00","5.00"
"4595","453","20240715","5.00","5.00","5.00"
"4596","453","20240715","5.00","5.00","4.00"
"4597","453","20240715","5.00","5.00","4.00"
"4598","453","20240715","4.00","5.00","5.00"
"4599","489","20240715","5.00","5.00","4.00"
"4600","489","20240715","4.00","4.00","4.00"
"4601","489","20240715","5.00","4.00","4.00"
"4602","489","20240715","4.00","4.00","4.00"
"4603","489","20240715","5.00","4.00","4.00"
"4604","489","20240715","4.00","4.00","4.00"
"4605","489","20240715","5.00","4.00","4.00"
"4606","489","20240715","4.00","4.00","4.00"
"4607","492","20240715","3.00","4.00","3.00"
"4608","492","20240715","3.00","4.00","3.00"
"4609","492","20240715","2.00","3.00","3.00"
"4610","492","20240715","3.00","4.00","2.00"
"4611","499","20240715","4.00","4.00","3.00"
"4612","499","20240715","4.00","3.00","4.00"
"4613","499","20240715","3.00","4.00","3.00"
"4614","499","20240715","4.00","3.00","4.00"
"4615","499","20240715","3.00","4.00","4.00"
"4616","499","20240715","3.00","4.00","4.00"
"4617","506","20240715","4.00","4.00","4.00"
"4618","506","20240715","5.00","4.00","4.00"
"4619","506","20240715","4.00","5.00","3.00"
"4620","506","20240715","4.00","4.00","4.00"
"4621","506","20240715","4.00","4.00","4.00"
"4622","506","20240715","4.00","4.00","4.00"
"4623","506","20240715","4.00","5.00","4.00"
"4624","506","20240715","3.00","5.00","4.00"
"4625","506","20240715","5.00","4.00","3.00"
"4626","506","20240715","2.00","5.00","5.00"
"4627","506","20240715","4.00","4.00","4.00"
"4628","506","20240715","2.00","5.00","4.00"
"4629","506","20240715","5.00","5.00","5.00"
"4630","506","20240715","4.00","5.00","4.00"
"4631","506","20240715","4.00","4.00","4.00"
"4632","515","20240715","3.00","3.00","3.00"
"4633","515","20240715","3.00","4.00","2.00"
"4634","515","20240715","3.00","3.00","3.00"
"4635","515","20240715","3.00","4.00","2.00"
"4636","515","20240715","3.00","3.00","3.00"
"4637","515","20240715","3.00","4.00","3.00"
"4638","527","20240715","5.00","5.00","4.00"
"4639","527","20240715","3.00","3.00","2.00"
"4640","527","20240715","4.00","4.00","4.00"
"4641","527","20240715","3.00","4.00","4.00"
"4642","527","20240715","4.00","5.00","4.00"
"4643","534","20240715","2.00","2.00","2.00"
"4644","534","20240715","1.00","2.00","2.00"
"4645","534","20240715","2.00","3.00","3.00"
"4646","534","20240715","2.00","2.00","2.00"
"4647","534","20240715","2.00","2.00","2.00"
"4648","534","20240715","2.00","2.00","3.00"
"4649","534","20240715","2.00","3.00","3.00"
"4650","534","20240715","2.00","2.00","3.00"
"4651","534","20240715","2.00","2.00","2.00"
"4652","534","20240715","3.00","4.00","2.00"
"4653","534","20240715","2.00","3.00","2.00"
"4654","534","20240715","1.00","2.00","1.00"
"4655","534","20240715","2.00","1.00","2.00"
"4656","534","20240715","3.00","3.00","2.00"
"4657","534","20240715","2.00","2.00","3.00"
"4658","538","20240715","5.00","4.00","4.00"
"4659","538","20240715","5.00","5.00","4.00"
"4660","538","20240715","3.00","4.00","5.00"
"4661","538","20240715","4.00","4.00","4.00"
"4662","538","20240715","4.00","4.00","3.00"
"4663","538","20240715","4.00","4.00","4.00"
"4664","538","20240715","5.00","3.00","4.00"
"4665","538","20240715","5.00","4.00","3.00"
"4666","538","20240715","5.00","5.00","4.00"
"4667","538","20240715","4.00","4.00","5.00"
"4668","538","20240715","4.00","4.00","4.00"
"4669","538","20240715","4.00","4.00","5.00"
"4670","538","20240715","4.00","4.00","5.00"
"4671","538","20240715","5.00","4.00","4.00"
"4672","538","20240715","5.00","3.00","4.00"
"4673","548","20240715","5.00","5.00","5.00"
"4674","548","20240715","4.00","5.00","5.00"
"4675","548","20240715","5.00","4.00","4.00"
"4676","564","20240715","5.00","4.00","5.00"
"4677","564","20240715","4.00","5.00","5.00"
"4678","564","20240715","5.00","5.00","4.00"
"4679","564","20240715","5.00","5.00","5.00"
"4680","564","20240715","4.00","5.00","4.00"
"4681","564","20240715","4.00","3.00","5.00"
"4682","564","20240715","5.00","4.00","4.00"
"4683","564","20240715","4.00","5.00","5.00"
"4684","564","20240715","4.00","5.00","5.00"
"4685","567","20240715","3.00","4.00","3.00"
"4686","567","20240715","4.00","3.00","4.00"
"4687","567","20240715","3.00","3.00","3.00"
"4688","567","20240715","4.00","4.00","3.00"
"4689","567","20240715","3.00","4.00","3.00"
"4690","567","20240715","4.00","3.00","3.00"
"4691","567","20240715","4.00","4.00","3.00"
"4692","596","20240715","2.00","4.00","3.00"
"4693","596","20240715","2.00","4.00","4.00"
"4694","596","20240715","4.00","3.00","3.00"
"4695","596","20240715","4.00","4.00","4.00"
"4696","596","20240715","3.00","4.00","5.00"
"4697","596","20240715","3.00","3.00","3.00"
"4698","596","20240715","1.00","4.00","4.00"
"4699","596","20240715","3.00","4.00","3.00"
"4700","596","20240715","2.00","4.00","3.00"
"4701","596","20240715","4.00","5.00","3.00"
"4702","596","20240715","4.00","4.00","4.00"
"4703","596","20240715","3.00","4.00","3.00"
"4704","604","20240715","4.00","4.00","3.00"
"4705","604","20240715","3.00","4.00","3.00"
"4706","604","20240715","3.00","3.00","4.00"
"4707","604","20240715","4.00","4.00","4.00"
"4708","604","20240715","3.00","5.00","3.00"
"4709","604","20240715","4.00","3.00","3.00"
"4710","604","20240715","4.00","4.00","3.00"
"4711","604","20240715","4.00","3.00","2.00"
"4712","604","20240715","2.00","4.00","3.00"
"4713","604","20240715","3.00","4.00","3.00"
"4714","604","20240715","4.00","4.00","3.00"
"4715","604","20240715","2.00","4.00","4.00"
"4716","604","20240715","3.00","4.00","4.00"
"4717","614","20240715","4.00","4.00","3.00"
"4718","614","20240715","5.00","4.00","5.00"
"4719","614","20240715","5.00","4.00","4.00"
"4720","614","20240715","4.00","4.00","4.00"
"4721","614","20240715","4.00","4.00","5.00"
"4722","614","20240715","4.00","5.00","4.00"
"4723","614","20240715","4.00","4.00","5.00"
"4724","614","20240715","5.00","5.00","4.00"
"4725","614","20240715","5.00","4.00","4.00"
"4726","614","20240715","3.00","3.00","5.00"
"4727","614","20240715","4.00","4.00","5.00"
"4728","614","20240715","4.00","4.00","5.00"
"4729","614","20240715","3.00","4.00","4.00"
"4730","614","20240715","4.00","4.00","5.00"
"4731","614","20240715","4.00","4.00","4.00"
"4732","655","20240715","3.00","3.00","4.00"
"4733","655","20240715","4.00","3.00","4.00"
"4734","655","20240715","3.00","4.00","5.00"
"4735","663","20240715","3.00","2.00","1.00"
"4736","663","20240715","1.00","1.00","2.00"
"4737","663","20240715","2.00","1.00","1.00"
"4738","663","20240715","1.00","2.00","2.00"
"4739","663","20240715","2.00","2.00","2.00"
"4740","663","20240715","2.00","1.00","2.00"
"4741","663","20240715","3.00","2.00","2.00"
"4742","663","20240715","2.00","1.00","2.00"
"4743","663","20240715","2.00","1.00","3.00"
"4744","663","20240715","3.00","2.00","2.00"
"4745","663","20240715","2.00","2.00","1.00"
"4746","663","20240715","2.00","2.00","3.00"
"4747","676","20240715","5.00","5.00","5.00"
"4748","676","20240715","4.00","5.00","4.00"
"4749","676","20240715","5.00","5.00","4.00"
"4750","676","20240715","5.00","4.00","5.00"
"4751","676","20240715","5.00","5.00","5.00"
"4752","676","20240715","5.00","5.00","4.00"
"4753","676","20240715","4.00","5.00","5.00"
"4754","676","20240715","4.00","4.00","4.00"
"4755","676","20240715","4.00","5.00","5.00"
"4756","676","20240715","5.00","5.00","4.00"
"4757","676","20240715","4.00","4.00","5.00"
"4758","676","20240715","5.00","5.00","4.00"
"4759","692","20240715","3.00","4.00","5.00"
"4760","692","20240715","4.00","5.00","5.00"
"4761","692","20240715","4.00","5.00","5.00"
"4762","692","20240715","5.00","5.00","4.00"
"4763","694","20240715","2.00","4.00","2.00"
"4764","694","20240715","4.00","3.00","3.00"
"4765","694","20240715","2.00","3.00","3.00"
"4766","694","20240715","2.00","3.00","3.00"
"4767","694","20240715","3.00","2.00","3.00"
"4768","694","20240715","3.00","3.00","3.00"
"4769","694","20240715","2.00","2.00","2.00"
"4770","694","20240715","4.00","2.00","2.00"
"4771","694","20240715","4.00","2.00","3.00"
"4772","694","20240715","3.00","2.00","2.00"
"4773","694","20240715","2.00","3.00","3.00"
"4774","694","20240715","1.00","2.00","3.00"
"4775","694","20240715","1.00","1.00","3.00"
"4776","697","20240715","5.00","5.00","4.00"
"4777","697","20240715","5.00","5.00","4.00"
"4778","697","20240715","5.00","5.00","5.00"
"4779","697","20240715","5.00","5.00","5.00"
"4780","697","20240715","5.00","5.00","5.00"
"4781","697","20240715","5.00","4.00","4.00"
"4782","697","20240715","4.00","5.00","5.00"
"4783","697","20240715","4.00","5.00","5.00"
"4784","697","20240715","5.00","5.00","5.00"
"4785","697","20240715","5.00","5.00","5.00"
"4786","697","20240715","5.00","5.00","5.00"
"4787","709","20240715","3.00","3.00","3.00"
"4788","709","20240715","4.00","4.00","4.00"
"4789","709","20240715","4.00","4.00","2.00"
"4790","709","20240715","4.00","3.00","3.00"
"4791","709","20240715","4.00","3.00","4.00"
"4792","709","20240715","5.00","3.00","4.00"
"4793","709","20240715","4.00","4.00","3.00"
"4794","717","20240715","3.00","5.00","5.00"
"4795","717","20240715","5.00","5.00","5.00"
"4796","717","20240715","5.00","5.00","5.00"
"4797","720","20240715","3.00","3.00","3.00"
"4798","720","20240715","3.00","4.00","3.00"
"4799","720","20240715","4.00","4.00","3.00"
"4800","734","20240715","1.00","2.00","2.00"
"4801","734","20240715","1.00","3.00","2.00"
"4802","734","20240715","2.00","2.00","2.00"
"4803","734","20240715","2.00","2.00","2.00"
"4804","734","20240715","2.00","2.00","3.00"
"4805","734","20240715","1.00","1.00","2.00"
"4806","734","20240715","2.00","3.00","2.00"
"4807","734","20240715","1.00","3.00","2.00"
"4808","734","20240715","3.00","3.00","1.00"
"4809","734","20240715","2.00","2.00","1.00"
"4810","734","20240715","2.00","2.00","2.00"
"4811","734","20240715","2.00","2.00","2.00"
"4812","734","20240715","1.00","2.00","1.00"
"4813","734","20240715","3.00","3.00","2.00"
"4814","744","20240715","4.00","4.00","4.00"
"4815","744","20240715","5.00","5.00","3.00"
"4816","744","20240715","5.00","5.00","5.00"
"4817","744","20240715","4.00","5.00","5.00"
"4818","744","20240715","4.00","5.00","5.00"
"4819","744","20240715","4.00","5.00","4.00"
"4820","752","20240715","3.00","3.00","4.00"
"4821","752","20240715","3.00","3.00","3.00"
"4822","752","20240715","4.00","3.00","3.00"
"4823","756","20240715","3.00","4.00","4.00"
"4824","756","20240715","5.00","3.00","5.00"
"4825","756","20240715","4.00","3.00","3.00"
"4826","756","20240715","4.00","4.00","3.00"
"4827","756","20240715","3.00","5.00","4.00"
"4828","773","20240715","4.00","5.00","5.00"
"4829","773","20240715","4.00","4.00","5.00"
"4830","773","20240715","5.00","5.00","4.00"
"4831","773","20240715","5.00","4.00","5.00"
"4832","773","20240715","4.00","5.00","4.00"
"4833","773","20240715","5.00","4.00","4.00"
"4834","777","20240715","3.00","3.00","2.00"
"4835","777","20240715","3.00","3.00","3.00"
"4836","777","20240715","2.00","3.00","4.00"
"4837","777","20240715","1.00","1.00","2.00"
"4838","777","20240715","3.00","2.00","3.00"
"4839","777","20240715","2.00","2.00","3.00"
"4840","777","20240715","2.00","4.00","2.00"
"4841","777","20240715","4.00","1.00","3.00"
"4842","777","20240715","2.00","3.00","3.00"
"4843","777","20240715","4.00","3.00","3.00"
"4844","781","20240715","4.00","4.00","3.00"
"4845","781","20240715","4.00","4.00","4.00"
"4846","781","20240715","4.00","5.00","4.00"
"4847","781","20240715","4.00","4.00","3.00"
"4848","781","20240715","3.00","3.00","4.00"
"4849","781","20240715","4.00","4.00","3.00"
"4850","781","20240715","5.00","4.00","3.00"
"4851","789","20240715","4.00","4.00","3.00"
"4852","789","20240715","3.00","4.00","3.00"
"4853","789","20240715","2.00","3.00","3.00"
"4854","789","20240715","4.00","3.00","4.00"
"4855","789","20240715","3.00","4.00","4.00"
"4856","789","20240715","4.00","3.00","4.00"
"4857","789","20240715","3.00","4.00","3.00"
"4858","789","20240715","3.00","4.00","3.00"
"4859","797","20240715","3.00","4.00","4.00"
"4860","797","20240715","3.00","3.00","3.00"
"4861","797","20240715","3.00","3.00","3.00"
"4862","797","20240715","3.00","3.00","3.00"
"4863","797","20240715","3.00","3.00","3.00"
"4864","797","20240715","2.00","3.00","2.00"
"4865","797","20240715","3.00","3.00","3.00"
"4866","797","20240715","3.00","4.00","2.00"
"4867","797","20240715","4.00","4.00","3.00"
"4868","797","20240715","2.00","3.00","2.00"
"4869","801","20240715","3.00","3.00","3.00"
"4870","801","20240715","4.00","3.00","3.00"
"4871","801","20240715","2.00","4.00","3.00"
"4872","801","20240715","3.00","3.00","3.00"
"4873","801","20240715","3.00","3.00","3.00"
"4874","801","20240715","3.00","3.00","3.00"
"4875","801","20240715","4.00","3.00","3.00"
"4876","801","20240715","3.00","4.00","2.00"
"4877","801","20240715","4.00","2.00","3.00"
"4878","801","20240715","3.00","2.00","3.00"
"4879","808","20240715","4.00","4.00","4.00"
"4880","808","20240715","2.00","3.00","3.00"
"4881","808","20240715","2.00","3.00","3.00"
"4882","808","20240715","3.00","3.00","3.00"
"4883","818","20240715","4.00","4.00","4.00"
"4884","818","20240715","4.00","4.00","4.00"
"4885","818","20240715","3.00","4.00","3.00"
"4886","818","20240715","3.00","3.00","3.00"
"4887","822","20240715","4.00","4.00","3.00"
"4888","822","20240715","4.00","3.00","4.00"
"4889","822","20240715","4.00","5.00","5.00"
"4890","822","20240715","5.00","3.00","4.00"
"4891","822","20240715","4.00","5.00","3.00"
"4892","822","20240715","4.00","4.00","4.00"
"4893","830","20240715","3.00","3.00","4.00"
"4894","830","20240715","4.00","3.00","4.00"
"4895","830","20240715","3.00","3.00","4.00"
"4896","830","20240715","3.00","3.00","4.00"
"4897","830","20240715","4.00","4.00","3.00"
"4898","830","20240715","3.00","4.00","3.00"
"4899","830","20240715","4.00","3.00","4.00"
"4900","830","20240715","3.00","3.00","3.00"
"4901","830","20240715","4.00","4.00","3.00"
"4902","830","20240715","3.00","4.00","3.00"
"4903","830","20240715","4.00","3.00","3.00"
"4904","834","20240715","4.00","4.00","4.00"
"4905","834","20240715","5.00","4.00","4.00"
"4906","834","20240715","4.00","4.00","5.00"
"4907","834","20240715","3.00","5.00","4.00"
"4908","834","20240715","4.00","4.00","5.00"
"4909","834","20240715","3.00","4.00","5.00"
"4910","834","20240715","4.00","5.00","4.00"
"4911","834","20240715","5.00","5.00","4.00"
"4912","834","20240715","4.00","4.00","4.00"
"4913","834","20240715","4.00","4.00","4.00"
"4914","834","20240715","4.00","4.00","4.00"
"4915","834","20240715","2.00","5.00","5.00"
"4916","834","20240715","3.00","4.00","4.00"
"4917","834","20240715","4.00","5.00","3.00"
"4918","837","20240715","3.00","3.00","2.00"
"4919","837","20240715","2.00","3.00","3.00"
"4920","837","20240715","2.00","3.00","3.00"
"4921","837","20240715","3.00","3.00","2.00"
"4922","837","20240715","2.00","3.00","3.00"
"4923","837","20240715","3.00","4.00","2.00"
"4924","837","20240715","3.00","4.00","2.00"
"4925","837","20240715","3.00","2.00","3.00"
"4926","837","20240715","2.00","3.00","3.00"
"4927","837","20240715","2.00","3.00","2.00"
"4928","857","20240715","4.00","3.00","4.00"
"4929","857","20240715","2.00","4.00","3.00"
"4930","857","20240715","3.00","4.00","3.00"
"4931","881","20240715","3.00","3.00","2.00"
"4932","881","20240715","4.00","3.00","3.00"
"4933","881","20240715","3.00","3.00","2.00"
"4934","881","20240715","2.00","2.00","2.00"
"4935","881","20240715","5.00","3.00","2.00"
"4936","881","20240715","2.00","3.00","3.00"
"4937","881","20240715","4.00","3.00","3.00"
"4938","898","20240715","1.00","3.00","2.00"
"4939","898","20240715","3.00","2.00","2.00"
"4940","898","20240715","1.00","3.00","2.00"
"4941","898","20240715","1.00","2.00","2.00"
"4942","898","20240715","2.00","2.00","2.00"
"4943","898","20240715","3.00","3.00","2.00"
"4944","898","20240715","1.00","3.00","2.00"
"4945","898","20240715","2.00","2.00","2.00"
"4946","898","20240715","3.00","1.00","2.00"
"4947","898","20240715","1.00","3.00","1.00"
"4948","898","20240715","1.00","1.00","2.00"
"4949","898","20240715","2.00","2.00","1.00"
"4950","898","20240715","1.00","2.00","2.00"
"4951","898","20240715","2.00","1.00","1.00"
"4952","900","20240715","3.00","4.00","3.00"
"4953","900","20240715","2.00","3.00","4.00"
"4954","900","20240715","4.00","4.00","3.00"
"4955","900","20240715","3.00","4.00","3.00"
"4956","900","20240715","3.00","4.00","3.00"
"4957","900","20240715","3.00","3.00","3.00"
"4958","900","20240715","2.00","4.00","3.00"
"4959","900","20240715","3.00","3.00","4.00"
"4960","900","20240715","4.00","2.00","2.00"
"4961","900","20240715","4.00","4.00","4.00"
"4962","902","20240715","5.00","5.00","5.00"
"4963","902","20240715","5.00","5.00","5.00"
"4964","902","20240715","4.00","4.00","5.00"
"4965","902","20240715","5.00","5.00","5.00"
"4966","902","20240715","5.00","5.00","5.00"
"4967","902","20240715","5.00","5.00","5.00"
"4968","902","20240715","4.00","5.00","5.00"
"4969","902","20240715","5.00","5.00","5.00"
"4970","902","20240715","5.00","5.00","5.00"
"4971","902","20240715","5.00","5.00","5.00"
"4972","931","20240715","4.00","4.00","3.00"
"4973","931","20240715","3.00","3.00","4.00"
"4974","931","20240715","3.00","3.00","3.00"
"4975","931","20240715","2.00","4.00","5.00"
"4976","931","20240715","2.00","2.00","4.00"
"4977","931","20240715","3.00","4.00","4.00"
"4978","931","20240715","3.00","4.00","3.00"
"4979","931","20240715","3.00","3.00","4.00"
"4980","931","20240715","3.00","3.00","3.00"
"4981","931","20240715","1.00","4.00","3.00"
"4982","931","20240715","4.00","3.00","3.00"
"4983","931","20240715","3.00","4.00","3.00"
"4984","931","20240715","2.00","3.00","5.00"
"4985","931","20240715","3.00","3.00","3.00"
"4986","931","20240715","3.00","4.00","3.00"
"4987","935","20240715","3.00","4.00","3.00"
"4988","935","20240715","1.00","4.00","2.00"
"4989","935","20240715","3.00","4.00","3.00"
"4990","935","20240715","4.00","2.00","3.00"
"4991","935","20240715","4.00","3.00","3.00"
"4992","935","20240715","3.00","4.00","4.00"
"4993","935","20240715","3.00","4.00","3.00"
"4994","935","20240715","4.00","4.00","3.00"
"4995","935","20240715","4.00","4.00","3.00"
"4996","935","20240715","3.00","3.00","4.00"
"4997","935","20240715","4.00","4.00","3.00"
"4998","935","20240715","3.00","4.00","3.00"
"4999","935","20240715","4.00","3.00","3.00"
"5000","935","20240715","5.00","3.00","3.00"
"5001","935","20240715","4.00","3.00","3.00"
"5002","943","20240715","4.00","4.00","5.00"
"5003","943","20240715","3.00","4.00","5.00"
"5004","943","20240715","4.00","5.00","4.00"
"5005","943","20240715","3.00","5.00","4.00"
"5006","943","20240715","4.00","4.00","3.00"
"5007","943","20240715","4.00","4.00","5.00"
"5008","943","20240715","5.00","5.00","4.00"
"5009","943","20240715","4.00","3.00","3.00"
"5010","943","20240715","4.00","5.00","4.00"
"5011","943","20240715","4.00","4.00","5.00"
"5012","943","20240715","4.00","5.00","5.00"
"5013","943","20240715","3.00","4.00","4.00"
"5014","943","20240715","4.00","5.00","4.00"
"5015","943","20240715","5.00","5.00","5.00"
"5016","943","20240715","5.00","5.00","4.00"
"5017","953","20240715","3.00","4.00","4.00"
"5018","953","20240715","2.00","4.00","3.00"
"5019","953","20240715","4.00","3.00","4.00"
"5020","953","20240715","2.00","3.00","3.00"
"5021","956","20240715","3.00","4.00","3.00"
"5022","956","20240715","4.00","4.00","4.00"
"5023","956","20240715","3.00","5.00","3.00"
"5024","956","20240715","4.00","4.00","4.00"
"5025","956","20240715","5.00","3.00","3.00"
"5026","956","20240715","3.00","2.00","4.00"
"5027","956","20240715","3.00","4.00","4.00"
"5028","956","20240715","4.00","4.00","4.00"
"5029","956","20240715","3.00","3.00","4.00"
"5030","956","20240715","4.00","3.00","4.00"
"5031","956","20240715","4.00","3.00","3.00"
"5032","956","20240715","3.00","4.00","3.00"
"5033","956","20240715","2.00","4.00","3.00"
"5034","972","20240715","4.00","5.00","3.00"
"5035","972","20240715","5.00","5.00","4.00"
"5036","972","20240715","5.00","5.00","5.00"
"5037","972","20240715","3.00","4.00","4.00"
"5038","972","20240715","4.00","5.00","4.00"
"5039","972","20240715","5.00","5.00","4.00"
"5040","972","20240715","4.00","3.00","5.00"
"5041","972","20240715","5.00","4.00","4.00"
"5042","972","20240715","4.00","4.00","4.00"
"5043","972","20240715","4.00","4.00","4.00"
"5044","983","20240715","3.00","5.00","3.00"
"5045","983","20240715","3.00","3.00","4.00"
"5046","983","20240715","4.00","3.00","2.00"
"5047","983","20240715","5.00","4.00","4.00"
"5048","983","20240715","4.00","3.00","3.00"
"5049","983","20240715","5.00","3.00","4.00"
"5050","983","20240715","4.00","3.00","4.00"
"5051","983","20240715","3.00","4.00","3.00"
"5052","983","20240715","4.00","3.00","3.00"
"5053","983","20240715","3.00","4.00","3.00"
"5054","991","20240715","4.00","3.00","4.00"
"5055","991","20240715","3.00","4.00","4.00"
"5056","991","20240715","4.00","4.00","4.00"
"5057","991","20240715","4.00","3.00","5.00"
"5058","991","20240715","5.00","3.00","3.00"
"5059","991","20240715","3.00","4.00","4.00"
"5060","994","20240715","3.00","4.00","4.00"
"5061","994","20240715","4.00","5.00","3.00"
"5062","994","20240715","4.00","4.00","4.00"
"5063","994","20240715","3.00","4.00","3.00"
"5064","994","20240715","3.00","5.00","4.00"
"5065","994","20240715","4.00","4.00","5.00"
"5066","994","20240715","4.00","4.00","4.00"
"5067","994","20240715","4.00","4.00","4.00"
"5068","994","20240715","4.00","4.00","4.00"
"5069","994","20240715","3.00","3.00","4.00"
"5070","994","20240715","4.00","4.00","4.00"
"5071","994","20240715","4.00","4.00","4.00"
"5072","994","20240715","5.00","4.00","4.00"
"5073","997","20240715","2.00","1.00","3.00"
"5074","997","20240715","3.00","2.00","2.00"
"5075","997","20240715","2.00","2.00","2.00"
"5076","997","20240715","1.00","2.00","1.00"
"5077","997","20240715","1.00","3.00","2.00"
"5078","997","20240715","4.00","3.00","3.00"
"5079","997","20240715","1.00","3.00","3.00"
"5080","997","20240715","1.00","3.00","2.00"
"5081","997","20240715","2.00","1.00","2.00"
"5082","997","20240715","2.00","2.00","3.00"
"5083","997","20240715","3.00","2.00","2.00"
"5084","997","20240715","3.00","2.00","3.00"
"5085","997","20240715","2.00","3.00","3.00"
"5086","997","20240715","4.00","3.00","3.00"
"5087","997","20240715","1.00","2.00","3.00"
"5088","1005","20240715","3.00","3.00","4.00"
"5089","1005","20240715","2.00","3.00","4.00"
"5090","1005","20240715","3.00","3.00","3.00"
"5091","1009","20240715","3.00","3.00","4.00"
"5092","1009","20240715","4.00","3.00","3.00"
"5093","1009","20240715","4.00","3.00","4.00"
"5094","1009","20240715","4.00","5.00","3.00"
"5095","1009","20240715","3.00","4.00","4.00"
"5096","1009","20240715","3.00","4.00","4.00"
"5097","1009","20240715","5.00","4.00","3.00"
"5098","1009","20240715","3.00","4.00","3.00"
"5099","1013","20240715","5.00","3.00","4.00"
"5100","1013","20240715","3.00","5.00","4.00"
"5101","1013","20240715","4.00","4.00","4.00"
"5102","1013","20240715","4.00","4.00","4.00"
"5103","1013","20240715","4.00","4.00","4.00"
"5104","1013","20240715","2.00","4.00","4.00"
"5105","1013","20240715","3.00","3.00","4.00"
"5106","1013","20240715","3.00","5.00","3.00"
"5107","1016","20240715","4.00","5.00","4.00"
"5108","1016","20240715","4.00","5.00","4.00"
"5109","1016","20240715","5.00","4.00","4.00"
"5110","1016","20240715","3.00","5.00","5.00"
"5111","1016","20240715","4.00","4.00","4.00"
"5112","1016","20240715","3.00","4.00","3.00"
"5113","1016","20240715","5.00","3.00","3.00"
"5114","1016","20240715","4.00","3.00","4.00"
"5115","1037","20240715","3.00","4.00","4.00"
"5116","1037","20240715","4.00","3.00","3.00"
"5117","1037","20240715","3.00","4.00","3.00"
"5118","1037","20240715","4.00","3.00","3.00"
"5119","1037","20240715","3.00","4.00","3.00"
"5120","1037","20240715","4.00","4.00","4.00"
"5121","1037","20240715","4.00","4.00","4.00"
"5122","1037","20240715","4.00","3.00","3.00"
"5123","1041","20240715","3.00","4.00","4.00"
"5124","1041","20240715","4.00","3.00","4.00"
"5125","1041","20240715","3.00","4.00","4.00"
"5126","1041","20240715","3.00","3.00","4.00"
"5127","1060","20240715","2.00","2.00","3.00"
"5128","1060","20240715","3.00","2.00","3.00"
"5129","1060","20240715","3.00","3.00","2.00"
"5130","1060","20240715","2.00","1.00","3.00"
"5131","1060","20240715","2.00","2.00","3.00"
"5132","1060","20240715","2.00","3.00","1.00"
"5133","1060","20240715","2.00","2.00","2.00"
"5134","1060","20240715","3.00","2.00","2.00"
"5135","1060","20240715","1.00","3.00","3.00"
"5136","1060","20240715","3.00","3.00","2.00"
"5137","1060","20240715","3.00","2.00","1.00"
"5138","1060","20240715","3.00","2.00","4.00"
"5139","1060","20240715","3.00","3.00","2.00"
"5140","1060","20240715","2.00","3.00","3.00"
"5141","1060","20240715","3.00","2.00","2.00"
"5142","1063","20240715","5.00","5.00","5.00"
"5143","1063","20240715","5.00","5.00","4.00"
"5144","1063","20240715","4.00","5.00","5.00"
"5145","1063","20240715","4.00","5.00","4.00"
"5146","1063","20240715","4.00","5.00","4.00"
"5147","1063","20240715","5.00","4.00","5.00"
"5148","1063","20240715","5.00","5.00","5.00"
"5149","1075","20240715","5.00","3.00","4.00"
"5150","1075","20240715","4.00","5.00","4.00"
"5151","1075","20240715","4.00","5.00","4.00"
"5152","1075","20240715","4.00","5.00","4.00"
"5153","1075","20240715","4.00","4.00","4.00"
"5154","1075","20240715","3.00","5.00","5.00"
"5155","1075","20240715","5.00","4.00","5.00"
"5156","1075","20240715","5.00","5.00","4.00"
"5157","1075","20240715","4.00","5.00","5.00"
"5158","1075","20240715","5.00","4.00","5.00"
"5159","1075","20240715","5.00","5.00","4.00"
"5160","1075","20240715","4.00","5.00","4.00"
"5161","1075","20240715","5.00","5.00","5.00"
"5162","1075","20240715","4.00","4.00","4.00"
"5163","1080","20240715","5.00","4.00","4.00"
"5164","1080","20240715","2.00","4.00","3.00"
"5165","1080","20240715","4.00","3.00","4.00"
"5166","1080","20240715","4.00","4.00","4.00"
"5167","1080","20240715","4.00","5.00","4.00"
"5168","1080","20240715","3.00","4.00","4.00"
"5169","1080","20240715","5.00","4.00","4.00"
"5170","1080","20240715","5.00","5.00","4.00"
"5171","1080","20240715","5.00","4.00","4.00"
"5172","1080","20240715","5.00","5.00","4.00"
"5173","1080","20240715","4.00","4.00","5.00"
"5174","1082","20240715","4.00","3.00","4.00"
"5175","1082","20240715","4.00","4.00","5.00"
"5176","1082","20240715","4.00","5.00","4.00"
"5177","1095","20240715","3.00","3.00","4.00"
"5178","1095","20240715","4.00","5.00","3.00"
"5179","1095","20240715","4.00","3.00","5.00"
"5180","1095","20240715","3.00","4.00","5.00"
"5181","1095","20240715","3.00","3.00","3.00"
"5182","1095","20240715","5.00","4.00","3.00"
"5183","1095","20240715","3.00","3.00","3.00"
"5184","1095","20240715","3.00","4.00","4.00"
"5185","1095","20240715","5.00","5.00","3.00"
"5186","1095","20240715","2.00","4.00","3.00"
"5187","1095","20240715","4.00","4.00","4.00"
"5188","1095","20240715","4.00","4.00","4.00"
"5189","1095","20240715","4.00","3.00","3.00"
"5190","1095","20240715","4.00","5.00","3.00"
"5191","1103","20240715","4.00","4.00","3.00"
"5192","1103","20240715","4.00","5.00","5.00"
"5193","1103","20240715","4.00","5.00","4.00"
"5194","1103","20240715","5.00","4.00","5.00"
"5195","1103","20240715","4.00","4.00","4.00"
"5196","1115","20240715","4.00","3.00","3.00"
"5197","1115","20240715","4.00","3.00","4.00"
"5198","1115","20240715","3.00","3.00","4.00"
"5199","1145","20240715","2.00","3.00","3.00"
"5200","1145","20240715","2.00","4.00","3.00"
"5201","1145","20240715","2.00","3.00","3.00"
"5202","1145","20240715","3.00","3.00","4.00"
"5203","1145","20240715","3.00","4.00","2.00"
"5204","1145","20240715","2.00","2.00","3.00"
"5205","1145","20240715","4.00","3.00","3.00"
"5206","1145","20240715","3.00","2.00","3.00"
"5207","1145","20240715","2.00","3.00","4.00"
"5208","1153","20240715","3.00","4.00","4.00"
"5209","1153","20240715","5.00","4.00","4.00"
"5210","1153","20240715","4.00","3.00","4.00"
"5211","1153","20240715","3.00","4.00","4.00"
"5212","1153","20240715","4.00","5.00","3.00"
"5213","1153","20240715","3.00","4.00","4.00"
"5214","1153","20240715","4.00","3.00","3.00"
"5215","1153","20240715","4.00","4.00","4.00"
"5216","1153","20240715","4.00","4.00","3.00"
"5217","1153","20240715","4.00","4.00","4.00"
"5218","1157","20240715","3.00","5.00","4.00"
"5219","1157","20240715","3.00","4.00","4.00"
"5220","1157","20240715","3.00","5.00","3.00"
"5221","1157","20240715","4.00","4.00","4.00"
"5222","1157","20240715","5.00","4.00","4.00"
"5223","1157","20240715","4.00","4.00","4.00"
"5224","1161","20240715","4.00","3.00","4.00"
"5225","1161","20240715","4.00","3.00","3.00"
"5226","1161","20240715","2.00","4.00","3.00"
"5227","1161","20240715","3.00","4.00","4.00"
"5228","1161","20240715","3.00","3.00","3.00"
"5229","1161","20240715","3.00","3.00","3.00"
"5230","1161","20240715","4.00","3.00","3.00"
"5231","1161","20240715","4.00","3.00","2.00"
"5232","1161","20240715","3.00","4.00","3.00"
"5233","1161","20240715","2.00","3.00","3.00"
"5234","1161","20240715","4.00","3.00","3.00"
"5235","1161","20240715","2.00","3.00","3.00"
"5236","1161","20240715","4.00","3.00","3.00"
"5237","1161","20240715","3.00","3.00","3.00"
"5238","1166","20240715","3.00","3.00","4.00"
"5239","1166","20240715","3.00","3.00","3.00"
"5240","1166","20240715","4.00","3.00","3.00"
"5241","1166","20240715","3.00","4.00","3.00"
"5242","1166","20240715","3.00","3.00","3.00"
"5243","1180","20240715","4.00","3.00","3.00"
"5244","1180","20240715","3.00","4.00","4.00"
"5245","1180","20240715","3.00","4.00","4.00"
"5246","1180","20240715","4.00","3.00","3.00"
"5247","1180","20240715","4.00","4.00","4.00"
"5248","1180","20240715","3.00","4.00","4.00"
"5249","1180","20240715","4.00","3.00","4.00"
"5250","1180","20240715","3.00","4.00","3.00"
"5251","1180","20240715","3.00","4.00","3.00"
"5252","1180","20240715","3.00","3.00","3.00"
"5253","1180","20240715","4.00","5.00","3.00"
"5254","1180","20240715","5.00","3.00","4.00"
"5255","1180","20240715","2.00","4.00","3.00"
"5256","1184","20240715","4.00","4.00","3.00"
"5257","1184","20240715","4.00","3.00","5.00"
"5258","1184","20240715","3.00","4.00","4.00"
"5259","1184","20240715","3.00","5.00","4.00"
"5260","1184","20240715","4.00","4.00","4.00"
"5261","1184","20240715","4.00","4.00","4.00"
"5262","1184","20240715","4.00","5.00","4.00"
"5263","1184","20240715","4.00","4.00","4.00"
"5264","1184","20240715","4.00","4.00","5.00"
"5265","1184","20240715","4.00","5.00","5.00"
"5266","1184","20240715","4.00","5.00","4.00"
"5267","1184","20240715","4.00","3.00","5.00"
"5268","1184","20240715","4.00","4.00","4.00"
"5269","1184","20240715","3.00","3.00","4.00"
"5270","1192","20240715","5.00","4.00","5.00"
"5271","1192","20240715","5.00","5.00","5.00"
"5272","1192","20240715","4.00","5.00","5.00"
"5273","1192","20240715","5.00","5.00","4.00"
"5274","1192","20240715","4.00","5.00","3.00"
"5275","1196","20240715","1.00","3.00","3.00"
"5276","1196","20240715","3.00","3.00","3.00"
"5277","1196","20240715","2.00","3.00","3.00"
"5278","1196","20240715","4.00","3.00","3.00"
"5279","1196","20240715","3.00","3.00","3.00"
"5280","1196","20240715","2.00","3.00","2.00"
"5281","1196","20240715","4.00","2.00","2.00"
"5282","1196","20240715","2.00","3.00","3.00"
"5283","1196","20240715","4.00","3.00","2.00"
"5284","1196","20240715","2.00","4.00","3.00"
"5285","1196","20240715","4.00","3.00","3.00"
"5286","1196","20240715","3.00","3.00","3.00"
"5287","1196","20240715","3.00","3.00","4.00"
"5288","1206","20240715","3.00","3.00","4.00"
"5289","1206","20240715","4.00","4.00","4.00"
"5290","1206","20240715","3.00","3.00","3.00"
"5291","1206","20240715","2.00","4.00","4.00"
"5292","1206","20240715","2.00","4.00","4.00"
"5293","1239","20240715","3.00","3.00","3.00"
"5294","1239","20240715","2.00","2.00","4.00"
"5295","1239","20240715","4.00","4.00","3.00"
"5296","1239","20240715","3.00","4.00","3.00"
"5297","1239","20240715","3.00","4.00","3.00"
"5298","1239","20240715","2.00","4.00","3.00"
"5299","1239","20240715","3.00","4.00","3.00"
"5300","1239","20240715","2.00","3.00","3.00"
"5301","1239","20240715","3.00","3.00","4.00"
"5302","1239","20240715","3.00","4.00","3.00"
"5303","1239","20240715","3.00","3.00","4.00"
"5304","1239","20240715","3.00","3.00","3.00"
"5305","1239","20240715","4.00","3.00","3.00"
"5306","1239","20240715","3.00","4.00","3.00"
"5307","1243","20240715","3.00","3.00","3.00"
"5308","1243","20240715","2.00","3.00","3.00"
"5309","1243","20240715","1.00","2.00","2.00"
"5310","1243","20240715","2.00","3.00","4.00"
"5311","1243","20240715","2.00","4.00","2.00"
"5312","1243","20240715","3.00","2.00","2.00"
"5313","1243","20240715","3.00","4.00","2.00"
"5314","1243","20240715","4.00","1.00","3.00"
"5315","1243","20240715","3.00","4.00","2.00"
"5316","1259","20240715","4.00","4.00","3.00"
"5317","1259","20240715","3.00","3.00","4.00"
"5318","1259","20240715","3.00","3.00","4.00"
"5319","1259","20240715","3.00","3.00","4.00"
"5320","1259","20240715","3.00","3.00","4.00"
"5321","1259","20240715","4.00","4.00","4.00"
"5322","1259","20240715","4.00","4.00","3.00"
"5323","1272","20240715","4.00","5.00","4.00"
"5324","1272","20240715","5.00","3.00","3.00"
"5325","1272","20240715","5.00","5.00","5.00"
"5326","1272","20240715","3.00","4.00","4.00"
"5327","1272","20240715","4.00","4.00","3.00"
"5328","1272","20240715","4.00","3.00","4.00"
"5329","1272","20240715","3.00","4.00","3.00"
"5330","1272","20240715","2.00","4.00","3.00"
"5331","1272","20240715","4.00","5.00","4.00"
"5332","1272","20240715","4.00","4.00","3.00"
"5333","1272","20240715","3.00","3.00","3.00"
"5334","1272","20240715","5.00","3.00","3.00"
"5335","1272","20240715","4.00","4.00","4.00"
"5336","1272","20240715","3.00","4.00","3.00"
"5337","1272","20240715","3.00","3.00","4.00"
"5338","1281","20240715","4.00","3.00","3.00"
"5339","1281","20240715","3.00","3.00","3.00"
"5340","1281","20240715","4.00","4.00","3.00"
"5341","1281","20240715","4.00","4.00","4.00"
"5342","1281","20240715","4.00","3.00","3.00"
"5343","1281","20240715","2.00","3.00","4.00"
"5344","1281","20240715","3.00","3.00","4.00"
"5345","1281","20240715","2.00","4.00","3.00"
"5346","1281","20240715","4.00","3.00","4.00"
"5347","1281","20240715","3.00","4.00","4.00"
"5348","1281","20240715","2.00","3.00","4.00"
"5349","1281","20240715","4.00","4.00","4.00"
"5350","1303","20240715","3.00","4.00","4.00"
"5351","1303","20240715","4.00","5.00","3.00"
"5352","1303","20240715","3.00","5.00","4.00"
"5353","1303","20240715","3.00","4.00","3.00"
"5354","1303","20240715","5.00","4.00","4.00"
"5355","1303","20240715","4.00","5.00","4.00"
"5356","1303","20240715","4.00","3.00","5.00"
"5357","1303","20240715","4.00","4.00","4.00"
"5358","1303","20240715","4.00","3.00","4.00"
"5359","1303","20240715","4.00","4.00","3.00"
"5360","1303","20240715","3.00","4.00","3.00"
"5361","1311","20240715","5.00","5.00","5.00"
"5362","1311","20240715","5.00","5.00","4.00"
"5363","1311","20240715","4.00","4.00","4.00"
"5364","1323","20240715","3.00","3.00","4.00"
"5365","1323","20240715","3.00","3.00","3.00"
"5366","1323","20240715","2.00","3.00","3.00"
"5367","1323","20240715","3.00","4.00","3.00"
"5368","1323","20240715","3.00","4.00","3.00"
"5369","1323","20240715","4.00","4.00","3.00"
"5370","1323","20240715","3.00","4.00","3.00"
"5371","1323","20240715","3.00","3.00","4.00"
"5372","1323","20240715","3.00","3.00","3.00"
"5373","1323","20240715","3.00","3.00","3.00"
"5374","1330","20240715","4.00","4.00","5.00"
"5375","1330","20240715","4.00","4.00","5.00"
"5376","1330","20240715","4.00","4.00","4.00"
"5377","1342","20240715","4.00","5.00","4.00"
"5378","1342","20240715","4.00","5.00","4.00"
"5379","1342","20240715","5.00","4.00","4.00"
"5380","1349","20240715","5.00","3.00","4.00"
"5381","1349","20240715","3.00","3.00","4.00"
"5382","1349","20240715","5.00","3.00","3.00"
"5383","1349","20240715","4.00","4.00","4.00"
"5384","1349","20240715","5.00","4.00","3.00"
"5385","1349","20240715","4.00","4.00","4.00"
"5386","1349","20240715","4.00","4.00","3.00"
"5387","1349","20240715","4.00","4.00","3.00"
"5388","1349","20240715","2.00","4.00","4.00"
"5389","1374","20240715","3.00","3.00","2.00"
"5390","1374","20240715","2.00","4.00","2.00"
"5391","1374","20240715","3.00","2.00","3.00"
"5392","1374","20240715","2.00","3.00","2.00"
"5393","1374","20240715","2.00","3.00","3.00"
"5394","1374","20240715","1.00","2.00","2.00"
"5395","1378","20240715","1.00","1.00","2.00"
"5396","1378","20240715","1.00","1.00","1.00"
"5397","1378","20240715","1.00","1.00","1.00"
"5398","1378","20240715","1.00","1.00","1.00"
"5399","1378","20240715","2.00","2.00","1.00"
"5400","1390","20240715","4.00","3.00","4.00"
"5401","1390","20240715","4.00","5.00","4.00"
"5402","1390","20240715","3.00","4.00","3.00"
"5403","1390","20240715","5.00","4.00","4.00"
"5404","1390","20240715","4.00","5.00","4.00"
"5405","1390","20240715","5.00","5.00","3.00"
"5406","1390","20240715","4.00","5.00","4.00"
"5407","1390","20240715","3.00","4.00","3.00"
"5408","1390","20240715","3.00","4.00","3.00"
"5409","1390","20240715","4.00","5.00","4.00"
"5410","1390","20240715","5.00","4.00","4.00"
"5411","1390","20240715","3.00","4.00","2.00"
"5412","1390","20240715","3.00","3.00","4.00"
"5413","1398","20240715","4.00","4.00","4.00"
"5414","1398","20240715","4.00","4.00","4.00"
"5415","1398","20240715","4.00","4.00","3.00"
"5416","1398","20240715","4.00","3.00","3.00"
"5417","1398","20240715","3.00","4.00","4.00"
"5418","1398","20240715","4.00","4.00","4.00"
"5419","1398","20240715","3.00","4.00","4.00"
"5420","1398","20240715","4.00","3.00","4.00"
"5421","1443","20240715","4.00","5.00","4.00"
"5422","1443","20240715","4.00","4.00","4.00"
"5423","1443","20240715","4.00","5.00","4.00"
"5424","1443","20240715","4.00","4.00","4.00"
"5425","1443","20240715","4.00","4.00","5.00"
"5426","1443","20240715","4.00","5.00","3.00"
"5427","1443","20240715","5.00","5.00","5.00"
"5428","1447","20240715","4.00","4.00","4.00"
"5429","1447","20240715","3.00","4.00","4.00"
"5430","1447","20240715","3.00","5.00","4.00"
"5431","1447","20240715","5.00","4.00","4.00"
"5432","1447","20240715","4.00","4.00","4.00"
"5433","1459","20240715","5.00","5.00","5.00"
"5434","1459","20240715","5.00","5.00","5.00"
"5435","1459","20240715","5.00","4.00","4.00"
"5436","1459","20240715","5.00","4.00","4.00"
"5437","1459","20240715","5.00","5.00","5.00"
"5438","1459","20240715","3.00","5.00","5.00"
"5439","1459","20240715","2.00","5.00","5.00"
"5440","1459","20240715","5.00","5.00","4.00"
"5441","1459","20240715","5.00","4.00","5.00"
"5442","1459","20240715","4.00","5.00","4.00"
"5443","1467","20240715","3.00","3.00","3.00"
"5444","1467","20240715","3.00","2.00","3.00"
"5445","1467","20240715","2.00","2.00","3.00"
"5446","1467","20240715","3.00","4.00","3.00"
"5447","1467","20240715","3.00","3.00","4.00"
"5448","1467","20240715","3.00","4.00","4.00"
"5449","1467","20240715","2.00","3.00","3.00"
"5450","1467","20240715","3.00","3.00","4.00"
"5451","1467","20240715","3.00","3.00","3.00"
"5452","1467","20240715","2.00","2.00","3.00"
"5453","1482","20240715","4.00","5.00","4.00"
"5454","1482","20240715","4.00","4.00","5.00"
"5455","1482","20240715","4.00","4.00","4.00"
"5456","1482","20240715","4.00","5.00","4.00"
"5457","1482","20240715","5.00","5.00","4.00"
"5458","1482","20240715","3.00","4.00","4.00"
"5459","1482","20240715","4.00","5.00","5.00"
"5460","1482","20240715","4.00","5.00","4.00"
"5461","1482","20240715","2.00","5.00","5.00"
"5462","1482","20240715","4.00","5.00","4.00"
"5463","1482","20240715","4.00","5.00","4.00"
"5464","1482","20240715","5.00","4.00","4.00"
"5465","1482","20240715","5.00","4.00","5.00"
"5466","1482","20240715","4.00","5.00","5.00"
"5467","1482","20240715","4.00","5.00","5.00"
"5468","1489","20240715","4.00","5.00","3.00"
"5469","1489","20240715","3.00","5.00","4.00"
"5470","1489","20240715","4.00","3.00","3.00"
"5471","1489","20240715","4.00","4.00","4.00"
"5472","1489","20240715","4.00","5.00","3.00"
"5473","1489","20240715","4.00","4.00","4.00"
"5474","1489","20240715","4.00","4.00","4.00"
"5475","1489","20240715","3.00","4.00","4.00"
"5476","1489","20240715","5.00","4.00","4.00"
"5477","1489","20240715","3.00","5.00","4.00"
"5478","1489","20240715","3.00","4.00","4.00"
"5479","1507","20240715","2.00","2.00","3.00"
"5480","1507","20240715","2.00","3.00","3.00"
"5481","1507","20240715","1.00","3.00","2.00"
"5482","1507","20240715","4.00","2.00","3.00"
"5483","1507","20240715","2.00","3.00","3.00"
"5484","1507","20240715","3.00","3.00","3.00"
"5485","1507","20240715","2.00","2.00","2.00"
"5486","1507","20240715","3.00","3.00","3.00"
"5487","1507","20240715","2.00","2.00","2.00"
"5488","1507","20240715","3.00","2.00","2.00"
"5489","1507","20240715","2.00","3.00","2.00"
"5490","1507","20240715","3.00","2.00","2.00"
"5491","1507","20240715","3.00","2.00","1.00"
"5492","1507","20240715","3.00","3.00","2.00"
"5493","1507","20240715","2.00","3.00","3.00"
"5494","1522","20240715","2.00","4.00","4.00"
"5495","1522","20240715","4.00","4.00","4.00"
"5496","1522","20240715","5.00","5.00","5.00"
"5497","1522","20240715","4.00","4.00","4.00"
"5498","1522","20240715","3.00","4.00","4.00"
"5499","1522","20240715","5.00","4.00","3.00"
"5500","1522","20240715","3.00","4.00","4.00"
"5501","1544","20240715","4.00","3.00","3.00"
"5502","1544","20240715","3.00","3.00","2.00"
"5503","1544","20240715","2.00","3.00","3.00"
"5504","1544","20240715","3.00","2.00","2.00"
"5505","1544","20240715","2.00","5.00","3.00"
"5506","1544","20240715","3.00","2.00","3.00"
"5507","1544","20240715","3.00","2.00","2.00"
"5508","1544","20240715","4.00","2.00","3.00"
"5509","1544","20240715","3.00","4.00","3.00"
"5510","1544","20240715","2.00","3.00","2.00"
"5511","1544","20240715","2.00","4.00","2.00"
"5512","1544","20240715","4.00","2.00","2.00"
"5513","1544","20240715","3.00","3.00","3.00"
"5514","1544","20240715","1.00","2.00","3.00"
"5515","1547","20240715","4.00","5.00","4.00"
"5516","1547","20240715","5.00","4.00","4.00"
"5517","1547","20240715","3.00","5.00","4.00"
"5518","1547","20240715","5.00","5.00","4.00"
"5519","1547","20240715","5.00","5.00","4.00"
"5520","1547","20240715","5.00","4.00","4.00"
"5521","1547","20240715","4.00","4.00","4.00"
"5522","1549","20240715","5.00","5.00","4.00"
"5523","1549","20240715","5.00","5.00","5.00"
"5524","1549","20240715","5.00","5.00","5.00"
"5525","1549","20240715","3.00","3.00","5.00"
"5526","1549","20240715","5.00","4.00","5.00"
"5527","1549","20240715","5.00","4.00","4.00"
"5528","1549","20240715","4.00","5.00","4.00"
"5529","1549","20240715","4.00","5.00","4.00"
"5530","1549","20240715","5.00","4.00","4.00"
"5531","1549","20240715","5.00","5.00","4.00"
"5532","1549","20240715","4.00","5.00","5.00"
"5533","1549","20240715","5.00","5.00","5.00"
"5534","1549","20240715","4.00","5.00","4.00"
"5535","1549","20240715","5.00","4.00","5.00"
"5536","1566","20240715","3.00","4.00","4.00"
"5537","1566","20240715","4.00","4.00","3.00"
"5538","1566","20240715","3.00","3.00","3.00"
"5539","1566","20240715","4.00","3.00","4.00"
"5540","1566","20240715","4.00","4.00","4.00"
"5541","1566","20240715","3.00","4.00","3.00"
"5542","1566","20240715","3.00","3.00","4.00"
"5543","1566","20240715","3.00","4.00","3.00"
"5544","1566","20240715","4.00","3.00","3.00"
"5545","1566","20240715","4.00","3.00","3.00"
"5546","1566","20240715","4.00","4.00","3.00"
"5547","1566","20240715","3.00","3.00","3.00"
"5548","1566","20240715","3.00","5.00","4.00"
"5549","1566","20240715","2.00","3.00","3.00"
"5550","1566","20240715","2.00","3.00","4.00"
"5551","1570","20240715","5.00","3.00","5.00"
"5552","1570","20240715","4.00","4.00","5.00"
"5553","1570","20240715","4.00","4.00","5.00"
"5554","1570","20240715","4.00","4.00","3.00"
"5555","1570","20240715","3.00","4.00","5.00"
"5556","1574","20240715","4.00","2.00","3.00"
"5557","1574","20240715","4.00","4.00","3.00"
"5558","1574","20240715","3.00","3.00","3.00"
"5559","1574","20240715","4.00","3.00","3.00"
"5560","1574","20240715","2.00","3.00","3.00"
"5561","1574","20240715","2.00","4.00","3.00"
"5562","1574","20240715","4.00","2.00","2.00"
"5563","1574","20240715","3.00","2.00","3.00"
"5564","1574","20240715","4.00","3.00","3.00"
"5565","1574","20240715","3.00","3.00","3.00"
"5566","1574","20240715","3.00","4.00","4.00"
"5567","1578","20240715","3.00","3.00","4.00"
"5568","1578","20240715","3.00","3.00","3.00"
"5569","1578","20240715","3.00","2.00","3.00"
"5570","1578","20240715","3.00","4.00","3.00"
"5571","1578","20240715","2.00","3.00","4.00"
"5572","1578","20240715","3.00","4.00","3.00"
"5573","1578","20240715","3.00","4.00","2.00"
"5574","1578","20240715","5.00","4.00","3.00"
"5575","1587","20240715","5.00","4.00","5.00"
"5576","1587","20240715","5.00","5.00","4.00"
"5577","1587","20240715","4.00","4.00","5.00"
"5578","1587","20240715","4.00","5.00","5.00"
"5579","1587","20240715","5.00","5.00","4.00"
"5580","1587","20240715","5.00","5.00","5.00"
"5581","1587","20240715","5.00","5.00","5.00"
"5582","1587","20240715","4.00","5.00","5.00"
"5583","1587","20240715","5.00","5.00","5.00"
"5584","1587","20240715","4.00","5.00","5.00"
"5585","1587","20240715","5.00","5.00","4.00"
"5586","1587","20240715","5.00","5.00","5.00"
"5587","1595","20240715","3.00","5.00","5.00"
"5588","1595","20240715","4.00","4.00","4.00"
"5589","1595","20240715","4.00","3.00","4.00"
"5590","1595","20240715","4.00","3.00","4.00"
"5591","1595","20240715","4.00","5.00","4.00"
"5592","1595","20240715","5.00","5.00","5.00"
"5593","1595","20240715","5.00","4.00","3.00"
"5594","1595","20240715","3.00","4.00","4.00"
"5595","1595","20240715","4.00","3.00","5.00"
"5596","1595","20240715","4.00","3.00","4.00"
"5597","1595","20240715","4.00","4.00","4.00"
"5598","1595","20240715","3.00","4.00","4.00"
"5599","1595","20240715","4.00","5.00","4.00"
"5600","1595","20240715","5.00","4.00","2.00"
"5601","1595","20240715","5.00","5.00","3.00"
"5602","1612","20240715","3.00","3.00","3.00"
"5603","1612","20240715","3.00","3.00","4.00"
"5604","1612","20240715","3.00","3.00","3.00"
"5605","1612","20240715","3.00","3.00","3.00"
"5606","1612","20240715","4.00","4.00","2.00"
"5607","1612","20240715","4.00","3.00","3.00"
"5608","1612","20240715","4.00","3.00","4.00"
"5609","1612","20240715","2.00","2.00","3.00"
"5610","1612","20240715","3.00","4.00","3.00"
"5611","1612","20240715","3.00","4.00","2.00"
"5612","1612","20240715","2.00","3.00","2.00"
"5613","1612","20240715","3.00","2.00","3.00"
"5614","1612","20240715","2.00","3.00","2.00"
"5615","1612","20240715","2.00","4.00","3.00"
"5616","1612","20240715","3.00","3.00","3.00"
"5617","1624","20240715","4.00","5.00","5.00"
"5618","1624","20240715","4.00","4.00","5.00"
"5619","1624","20240715","4.00","5.00","4.00"
"5620","1624","20240715","4.00","5.00","3.00"
"5621","1624","20240715","4.00","5.00","4.00"
"5622","1636","20240715","3.00","4.00","3.00"
"5623","1636","20240715","2.00","3.00","4.00"
"5624","1636","20240715","5.00","3.00","4.00"
"5625","1636","20240715","4.00","4.00","3.00"
"5626","1636","20240715","3.00","3.00","4.00"
"5627","1636","20240715","2.00","2.00","3.00"
"5628","1636","20240715","3.00","3.00","3.00"
"5629","1636","20240715","4.00","3.00","4.00"
"5630","1636","20240715","2.00","4.00","3.00"
"5631","1647","20240715","2.00","4.00","3.00"
"5632","1647","20240715","3.00","3.00","3.00"
"5633","1647","20240715","3.00","3.00","3.00"
"5634","1647","20240715","4.00","3.00","3.00"
"5635","1647","20240715","3.00","3.00","3.00"
"5636","1647","20240715","3.00","4.00","4.00"
"5637","1647","20240715","3.00","4.00","3.00"
"5638","1647","20240715","3.00","3.00","4.00"
"5639","1656","20240715","3.00","3.00","3.00"
"5640","1656","20240715","3.00","3.00","3.00"
"5641","1656","20240715","4.00","4.00","4.00"
"5642","1656","20240715","4.00","4.00","4.00"
"5643","1656","20240715","4.00","4.00","4.00"
"5644","1656","20240715","3.00","4.00","4.00"
"5645","1656","20240715","4.00","4.00","3.00"
"5646","1656","20240715","4.00","4.00","4.00"
"5647","1656","20240715","4.00","3.00","3.00"
"5648","1660","20240715","4.00","4.00","5.00"
"5649","1660","20240715","5.00","5.00","4.00"
"5650","1660","20240715","5.00","5.00","4.00"
"5651","1660","20240715","4.00","5.00","4.00"
"5652","1660","20240715","5.00","5.00","5.00"
"5653","1660","20240715","4.00","5.00","3.00"
"5654","1660","20240715","4.00","3.00","4.00"
"5655","1660","20240715","4.00","5.00","5.00"
"5656","1660","20240715","4.00","4.00","5.00"
"5657","1660","20240715","5.00","5.00","4.00"
"5658","1664","20240715","2.00","2.00","1.00"
"5659","1664","20240715","2.00","2.00","2.00"
"5660","1664","20240715","2.00","3.00","2.00"
"5661","1664","20240715","1.00","2.00","2.00"
"5662","1664","20240715","1.00","2.00","1.00"
"5663","1664","20240715","3.00","2.00","2.00"
"5664","1664","20240715","2.00","1.00","2.00"
"5665","1664","20240715","2.00","2.00","2.00"
"5666","1664","20240715","2.00","2.00","2.00"
"5667","1664","20240715","2.00","2.00","2.00"
"5668","1680","20240715","5.00","3.00","4.00"
"5669","1680","20240715","4.00","4.00","4.00"
"5670","1680","20240715","5.00","4.00","4.00"
"5671","1680","20240715","4.00","5.00","4.00"
"5672","1680","20240715","4.00","5.00","4.00"
"5673","1680","20240715","4.00","4.00","4.00"
"5674","1680","20240715","4.00","4.00","4.00"
"5675","1688","20240715","5.00","5.00","4.00"
"5676","1688","20240715","5.00","4.00","4.00"
"5677","1688","20240715","4.00","5.00","4.00"
"5678","1688","20240715","3.00","5.00","5.00"
"5679","1688","20240715","4.00","5.00","4.00"
"5680","1688","20240715","4.00","4.00","5.00"
"5681","1688","20240715","4.00","4.00","4.00"
"5682","1688","20240715","3.00","5.00","4.00"
"5683","1688","20240715","3.00","5.00","4.00"
"5684","1688","20240715","4.00","5.00","4.00"
"5685","1688","20240715","5.00","4.00","5.00"
"5686","1699","20240715","2.00","3.00","2.00"
"5687","1699","20240715","2.00","2.00","3.00"
"5688","1699","20240715","3.00","2.00","3.00"
"5689","1699","20240715","2.00","3.00","2.00"
"5690","1699","20240715","2.00","1.00","3.00"
"5691","1699","20240715","3.00","2.00","3.00"
"5692","1699","20240715","2.00","4.00","3.00"
"5693","1699","20240715","2.00","2.00","2.00"
"5694","1699","20240715","3.00","3.00","2.00"
"5695","1703","20240715","5.00","5.00","5.00"
"5696","1703","20240715","5.00","5.00","4.00"
"5697","1703","20240715","5.00","5.00","5.00"
"5698","1703","20240715","4.00","4.00","5.00"
"5699","1703","20240715","4.00","4.00","4.00"
"5700","1703","20240715","5.00","5.00","4.00"
"5701","1703","20240715","4.00","5.00","5.00"
"5702","1703","20240715","4.00","5.00","5.00"
"5703","1703","20240715","5.00","4.00","5.00"
"5704","1703","20240715","4.00","4.00","5.00"
"5705","1703","20240715","5.00","5.00","5.00"
"5706","1719","20240715","4.00","2.00","3.00"
"5707","1719","20240715","4.00","3.00","2.00"
"5708","1719","20240715","3.00","1.00","3.00"
"5709","1719","20240715","2.00","3.00","4.00"
"5710","1719","20240715","3.00","3.00","2.00"
"5711","1719","20240715","3.00","3.00","3.00"
"5712","1719","20240715","3.00","3.00","2.00"
"5713","1719","20240715","3.00","2.00","3.00"
"5714","1719","20240715","3.00","2.00","2.00"
"5715","1719","20240715","2.00","3.00","3.00"
"5716","1723","20240715","2.00","3.00","2.00"
"5717","1723","20240715","3.00","2.00","2.00"
"5718","1723","20240715","1.00","3.00","2.00"
"5719","1723","20240715","2.00","2.00","3.00"
"5720","1723","20240715","1.00","2.00","2.00"
"5721","1723","20240715","3.00","2.00","1.00"
"5722","1723","20240715","3.00","2.00","2.00"
"5723","1723","20240715","2.00","2.00","2.00"
"5724","1723","20240715","2.00","3.00","2.00"
"5725","1723","20240715","3.00","3.00","3.00"
"5726","1723","20240715","2.00","2.00","2.00"
"5727","1723","20240715","3.00","2.00","2.00"
"5728","1723","20240715","2.00","2.00","2.00"
"5729","1732","20240715","1.00","3.00","3.00"
"5730","1732","20240715","3.00","3.00","3.00"
"5731","1732","20240715","2.00","4.00","3.00"
"5732","1732","20240715","4.00","4.00","4.00"
"5733","1732","20240715","4.00","3.00","3.00"
"5734","1732","20240715","2.00","3.00","3.00"
"5735","1732","20240715","3.00","3.00","3.00"
"5736","1732","20240715","4.00","4.00","4.00"
"5737","1732","20240715","3.00","4.00","3.00"
"5738","1732","20240715","3.00","3.00","4.00"
"5739","1732","20240715","2.00","3.00","3.00"
"5740","1732","20240715","3.00","4.00","3.00"
"5741","1739","20240715","5.00","4.00","5.00"
"5742","1739","20240715","3.00","4.00","5.00"
"5743","1739","20240715","4.00","4.00","5.00"
"5744","1739","20240715","4.00","4.00","4.00"
"5745","1739","20240715","4.00","4.00","4.00"
"5746","1739","20240715","4.00","3.00","4.00"
"5747","1739","20240715","4.00","4.00","4.00"
"5748","1739","20240715","4.00","4.00","3.00"
"5749","1739","20240715","5.00","5.00","2.00"
"5750","1741","20240715","4.00","5.00","5.00"
"5751","1741","20240715","5.00","5.00","5.00"
"5752","1741","20240715","5.00","5.00","5.00"
"5753","1741","20240715","5.00","5.00","4.00"
"5754","1741","20240715","5.00","5.00","4.00"
"5755","1741","20240715","4.00","5.00","4.00"
"5756","1741","20240715","4.00","5.00","5.00"
"5757","1741","20240715","5.00","5.00","5.00"
"5758","1741","20240715","5.00","5.00","4.00"
"5759","1741","20240715","4.00","5.00","5.00"
"5760","1741","20240715","5.00","4.00","5.00"
"5761","1741","20240715","5.00","5.00","5.00"
"5762","1741","20240715","5.00","4.00","5.00"
"5763","1741","20240715","5.00","5.00","5.00"
"5764","1741","20240715","5.00","5.00","4.00"
"5765","1758","20240715","4.00","4.00","4.00"
"5766","1758","20240715","3.00","4.00","3.00"
"5767","1758","20240715","5.00","3.00","4.00"
"5768","1758","20240715","3.00","4.00","4.00"
"5769","1758","20240715","5.00","4.00","4.00"
"5770","1758","20240715","4.00","4.00","4.00"
"5771","1758","20240715","3.00","4.00","4.00"
"5772","1758","20240715","5.00","4.00","2.00"
"5773","1758","20240715","3.00","4.00","4.00"
"5774","1758","20240715","5.00","4.00","3.00"
"5775","1758","20240715","3.00","4.00","4.00"
"5776","1758","20240715","5.00","4.00","4.00"
"5777","1766","20240715","3.00","3.00","3.00"
"5778","1766","20240715","3.00","4.00","3.00"
"5779","1766","20240715","3.00","4.00","3.00"
"5780","1766","20240715","3.00","4.00","5.00"
"5781","1766","20240715","3.00","3.00","3.00"
"5782","1766","20240715","3.00","3.00","4.00"
"5783","1766","20240715","5.00","4.00","2.00"
"5784","1766","20240715","3.00","3.00","3.00"
"5785","1766","20240715","4.00","4.00","2.00"
"5786","1766","20240715","3.00","3.00","3.00"
"5787","1766","20240715","2.00","3.00","3.00"
"5788","1766","20240715","3.00","4.00","4.00"
"5789","1766","20240715","3.00","2.00","3.00"
"5790","1789","20240715","1.00","1.00","1.00"
"5791","1789","20240715","1.00","2.00","2.00"
"5792","1789","20240715","1.00","2.00","1.00"
"5793","1789","20240715","1.00","1.00","1.00"
"5794","1789","20240715","1.00","1.00","1.00"
"5795","1789","20240715","1.00","1.00","2.00"
"5796","1789","20240715","2.00","1.00","2.00"
"5797","1789","20240715","1.00","1.00","1.00"
"5798","1789","20240715","1.00","1.00","1.00"
"5799","1789","20240715","1.00","1.00","1.00"
"5800","1789","20240715","2.00","1.00","1.00"
"5801","1789","20240715","2.00","2.00","1.00"
"5802","1789","20240715","1.00","2.00","1.00"
"5803","1789","20240715","3.00","1.00","2.00"
"5804","1792","20240715","4.00","4.00","5.00"
"5805","1792","20240715","5.00","4.00","4.00"
"5806","1792","20240715","5.00","5.00","4.00"
"5807","1792","20240715","5.00","5.00","5.00"
"5808","1792","20240715","5.00","4.00","4.00"
"5809","1792","20240715","4.00","5.00","4.00"
"5810","1792","20240715","4.00","3.00","4.00"
"5811","1792","20240715","5.00","4.00","4.00"
"5812","1792","20240715","5.00","4.00","4.00"
"5813","1792","20240715","4.00","4.00","3.00"
"5814","1792","20240715","5.00","5.00","4.00"
"5815","1792","20240715","3.00","5.00","5.00"
"5816","1792","20240715","5.00","5.00","4.00"
"5817","1815","20240715","5.00","5.00","5.00"
"5818","1815","20240715","5.00","5.00","5.00"
"5819","1815","20240715","4.00","5.00","4.00"
"5820","1823","20240715","4.00","4.00","4.00"
"5821","1823","20240715","5.00","4.00","4.00"
"5822","1823","20240715","4.00","5.00","4.00"
"5823","1823","20240715","4.00","4.00","4.00"
"5824","1823","20240715","4.00","5.00","4.00"
"5825","1823","20240715","4.00","4.00","4.00"
"5826","1823","20240715","5.00","5.00","5.00"
"5827","1823","20240715","4.00","4.00","5.00"
"5828","1823","20240715","4.00","3.00","4.00"
"5829","1826","20240715","4.00","3.00","4.00"
"5830","1826","20240715","4.00","3.00","3.00"
"5831","1826","20240715","3.00","2.00","4.00"
"5832","1826","20240715","3.00","4.00","3.00"
"5833","1826","20240715","3.00","3.00","3.00"
"5834","1826","20240715","1.00","4.00","3.00"
"5835","1826","20240715","4.00","4.00","3.00"
"5836","1830","20240715","4.00","3.00","4.00"
"5837","1830","20240715","4.00","4.00","4.00"
"5838","1830","20240715","2.00","4.00","3.00"
"5839","1830","20240715","4.00","3.00","3.00"
"5840","1830","20240715","3.00","3.00","4.00"
"5841","1830","20240715","2.00","3.00","3.00"
"5842","1854","20240715","3.00","3.00","3.00"
"5843","1854","20240715","2.00","3.00","3.00"
"5844","1854","20240715","3.00","3.00","3.00"
"5845","1854","20240715","3.00","3.00","3.00"
"5846","1854","20240715","2.00","4.00","3.00"
"5847","1854","20240715","3.00","3.00","2.00"
"5848","1854","20240715","3.00","4.00","3.00"
"5849","1854","20240715","3.00","4.00","3.00"
"5850","1854","20240715","3.00","2.00","3.00"
"5851","1854","20240715","2.00","3.00","3.00"
"5852","1866","20240715","4.00","3.00","4.00"
"5853","1866","20240715","3.00","3.00","4.00"
"5854","1866","20240715","3.00","4.00","3.00"
"5855","1866","20240715","4.00","4.00","3.00"
"5856","1866","20240715","4.00","5.00","4.00"
"5857","1866","20240715","3.00","4.00","4.00"
"5858","1866","20240715","3.00","4.00","3.00"
"5859","1866","20240715","5.00","4.00","4.00"
"5860","1866","20240715","3.00","4.00","3.00"
"5861","1866","20240715","3.00","4.00","3.00"
"5862","1866","20240715","4.00","5.00","4.00"
"5863","1866","20240715","4.00","3.00","4.00"
"5864","1866","20240715","4.00","3.00","4.00"
"5865","1866","20240715","4.00","5.00","4.00"
"5866","1866","20240715","4.00","2.00","3.00"
"5867","1870","20240715","4.00","4.00","3.00"
"5868","1870","20240715","4.00","4.00","4.00"
"5869","1870","20240715","3.00","4.00","4.00"
"5870","1870","20240715","3.00","4.00","3.00"
"5871","1870","20240715","4.00","4.00","4.00"
"5872","1870","20240715","3.00","4.00","2.00"
"5873","1870","20240715","4.00","4.00","3.00"
"5874","1870","20240715","4.00","4.00","3.00"
"5875","1870","20240715","4.00","4.00","4.00"
"5876","1870","20240715","3.00","3.00","3.00"
"5877","1870","20240715","4.00","3.00","3.00"
"5878","1870","20240715","3.00","3.00","3.00"
"5879","1870","20240715","3.00","3.00","3.00"
"5880","1870","20240715","2.00","4.00","4.00"
"5881","1870","20240715","3.00","4.00","4.00"
"5882","1874","20240715","4.00","4.00","3.00"
"5883","1874","20240715","3.00","4.00","4.00"
"5884","1874","20240715","4.00","4.00","5.00"
"5885","1874","20240715","4.00","5.00","3.00"
"5886","1874","20240715","4.00","3.00","3.00"
"5887","1874","20240715","4.00","3.00","4.00"
"5888","1874","20240715","4.00","4.00","4.00"
"5889","1874","20240715","3.00","4.00","3.00"
"5890","1874","20240715","3.00","4.00","3.00"
"5891","1874","20240715","2.00","4.00","4.00"
"5892","1878","20240715","3.00","4.00","4.00"
"5893","1878","20240715","3.00","4.00","4.00"
"5894","1878","20240715","3.00","4.00","4.00"
"5895","1878","20240715","4.00","3.00","3.00"
"5896","1878","20240715","2.00","3.00","4.00"
"5897","1878","20240715","5.00","2.00","4.00"
"5898","1878","20240715","5.00","5.00","4.00"
"5899","1878","20240715","4.00","4.00","3.00"
"5900","1893","20240715","2.00","3.00","3.00"
"5901","1893","20240715","2.00","2.00","2.00"
"5902","1893","20240715","4.00","3.00","3.00"
"5903","1893","20240715","2.00","3.00","2.00"
"5904","1893","20240715","4.00","3.00","3.00"
"5905","1893","20240715","1.00","3.00","2.00"
"5906","1893","20240715","3.00","3.00","2.00"
"5907","1893","20240715","3.00","4.00","3.00"
"5908","1893","20240715","2.00","2.00","2.00"
"5909","1893","20240715","3.00","3.00","2.00"
"5910","1893","20240715","2.00","3.00","2.00"
"5911","1900","20240715","3.00","3.00","4.00"
"5912","1900","20240715","4.00","5.00","4.00"
"5913","1900","20240715","5.00","5.00","4.00"
"5914","1900","20240715","4.00","4.00","3.00"
"5915","1900","20240715","4.00","5.00","4.00"
"5916","1900","20240715","4.00","4.00","5.00"
"5917","1900","20240715","2.00","4.00","4.00"
"5918","1900","20240715","3.00","5.00","4.00"
"5919","1900","20240715","2.00","4.00","4.00"
"5920","1900","20240715","4.00","4.00","4.00"
"5921","1900","20240715","4.00","4.00","4.00"
"5922","1910","20240715","3.00","4.00","4.00"
"5923","1910","20240715","4.00","4.00","4.00"
"5924","1910","20240715","2.00","3.00","3.00"
"5925","1910","20240715","3.00","5.00","5.00"
"5926","1910","20240715","3.00","4.00","3.00"
"5927","1910","20240715","3.00","4.00","3.00"
"5928","1910","20240715","4.00","4.00","4.00"
"5929","1910","20240715","4.00","3.00","3.00"
"5930","1910","20240715","3.00","5.00","4.00"
"5931","1920","20240715","3.00","3.00","3.00"
"5932","1920","20240715","4.00","3.00","3.00"
"5933","1920","20240715","3.00","3.00","3.00"
"5934","1920","20240715","3.00","3.00","3.00"
"5935","1920","20240715","4.00","3.00","3.00"
"5936","1920","20240715","3.00","3.00","2.00"
"5937","1920","20240715","4.00","3.00","3.00"
"5938","1920","20240715","3.00","2.00","4.00"
"5939","1920","20240715","3.00","3.00","3.00"
"5940","1920","20240715","3.00","3.00","3.00"
"5941","1920","20240715","2.00","3.00","3.00"
"5942","1920","20240715","3.00","4.00","3.00"
"5943","1920","20240715","2.00","3.00","3.00"
"5944","1920","20240715","4.00","3.00","4.00"
"5945","1920","20240715","2.00","3.00","4.00"
"5946","1924","20240715","3.00","3.00","4.00"
"5947","1924","20240715","2.00","3.00","3.00"
"5948","1924","20240715","4.00","3.00","3.00"
"5949","1924","20240715","4.00","4.00","4.00"
"5950","1924","20240715","3.00","3.00","3.00"
"5951","1959","20240715","2.00","4.00","3.00"
"5952","1959","20240715","4.00","3.00","3.00"
"5953","1959","20240715","4.00","3.00","3.00"
"5954","1980","20240715","3.00","3.00","3.00"
"5955","1980","20240715","4.00","3.00","3.00"
"5956","1980","20240715","3.00","3.00","3.00"
"5957","1980","20240715","5.00","3.00","3.00"
"5958","1980","20240715","3.00","3.00","5.00"
"5959","1980","20240715","4.00","3.00","3.00"
"5960","1980","20240715","4.00","4.00","4.00"
"5961","1980","20240715","2.00","3.00","4.00"
"5962","1980","20240715","4.00","3.00","4.00"
"5963","1980","20240715","3.00","4.00","3.00"
"5964","1980","20240715","3.00","4.00","3.00"
"5965","1987","20240715","3.00","3.00","4.00"
"5966","1987","20240715","3.00","3.00","4.00"
"5967","1987","20240715","3.00","4.00","3.00"
"5968","1987","20240715","4.00","4.00","4.00"
"5969","1987","20240715","3.00","3.00","3.00"
"5970","1987","20240715","3.00","4.00","3.00"
"5971","1987","20240715","4.00","5.00","3.00"
"5972","1993","20240715","3.00","3.00","4.00"
"5973","1993","20240715","5.00","4.00","2.00"
"5974","1993","20240715","3.00","4.00","3.00"
"5975","1993","20240715","3.00","3.00","4.00"
"5976","1993","20240715","3.00","4.00","4.00"
"5977","1993","20240715","3.00","4.00","4.00"
"5978","1993","20240715","3.00","3.00","3.00"
"5979","1993","20240715","3.00","3.00","3.00"
"5980","1993","20240715","4.00","3.00","3.00"
"5981","1997","20240715","3.00","3.00","3.00"
"5982","1997","20240715","4.00","3.00","3.00"
"5983","1997","20240715","3.00","3.00","3.00"
"5984","1997","20240715","3.00","4.00","2.00"
"5985","1997","20240715","2.00","3.00","3.00"
"5986","1997","20240715","2.00","3.00","2.00"
"5987","1997","20240715","3.00","4.00","3.00"
"5988","1997","20240715","3.00","3.00","3.00"
"5989","1997","20240715","3.00","2.00","2.00"
"5990","1997","20240715","3.00","4.00","3.00"
"5991","2001","20240715","2.00","4.00","3.00"
"5992","2001","20240715","3.00","3.00","3.00"
"5993","2001","20240715","2.00","4.00","2.00"
"5994","2001","20240715","3.00","3.00","4.00"
"5995","2001","20240715","2.00","3.00","3.00"
"5996","2001","20240715","3.00","3.00","3.00"
"5997","2001","20240715","2.00","3.00","2.00"
"5998","2001","20240715","2.00","3.00","3.00"
"5999","2009","20240715","3.00","2.00","3.00"
"6000","2009","20240715","3.00","3.00","2.00"
"6001","2009","20240715","3.00","3.00","2.00"
"6002","2009","20240715","3.00","3.00","3.00"
"6003","2009","20240715","2.00","2.00","3.00"
"6004","2009","20240715","3.00","3.00","2.00"
"6005","2013","20240715","5.00","4.00","5.00"
"6006","2013","20240715","3.00","5.00","4.00"
"6007","2013","20240715","5.00","4.00","5.00"
"6008","2016","20240715","3.00","5.00","3.00"
"6009","2016","20240715","3.00","5.00","3.00"
"6010","2016","20240715","3.00","3.00","3.00"
"6011","2016","20240715","3.00","4.00","3.00"
"6012","2016","20240715","4.00","3.00","4.00"
"6013","2016","20240715","3.00","3.00","3.00"
"6014","2016","20240715","4.00","3.00","3.00"
"6015","2016","20240715","3.00","3.00","3.00"
"6016","2016","20240715","3.00","4.00","3.00"
"6017","2016","20240715","4.00","3.00","2.00"
"6018","2016","20240715","3.00","3.00","3.00"
"6019","2016","20240715","4.00","3.00","3.00"
"6020","2025","20240715","5.00","4.00","3.00"
"6021","2025","20240715","5.00","4.00","4.00"
"6022","2025","20240715","4.00","4.00","4.00"
"6023","2025","20240715","4.00","5.00","4.00"
"6024","2025","20240715","5.00","3.00","3.00"
"6025","2025","20240715","3.00","4.00","4.00"
"6026","2025","20240715","3.00","4.00","3.00"
"6027","2025","20240715","4.00","3.00","3.00"
"6028","2025","20240715","4.00","3.00","3.00"
"6029","2025","20240715","4.00","3.00","4.00"
"6030","2025","20240715","4.00","4.00","4.00"
"6031","2031","20240715","3.00","4.00","3.00"
"6032","2031","20240715","3.00","4.00","4.00"
"6033","2031","20240715","4.00","3.00","3.00"
"6034","2031","20240715","3.00","3.00","3.00"
"6035","2031","20240715","3.00","4.00","4.00"
"6036","2031","20240715","3.00","4.00","3.00"
"6037","2034","20240715","2.00","2.00","2.00"
"6038","2034","20240715","1.00","2.00","2.00"
"6039","2034","20240715","3.00","3.00","3.00"
"6040","2034","20240715","2.00","2.00","2.00"
"6041","2034","20240715","2.00","2.00","3.00"
"6042","2034","20240715","3.00","2.00","2.00"
"6043","2034","20240715","3.00","2.00","2.00"
"6044","2034","20240715","3.00","3.00","1.00"
"6045","2034","20240715","3.00","2.00","3.00"
"6046","2034","20240715","2.00","2.00","1.00"
"6047","2046","20240715","4.00","4.00","3.00"
"6048","2046","20240715","5.00","4.00","5.00"
"6049","2046","20240715","5.00","5.00","2.00"
"6050","2046","20240715","3.00","5.00","5.00"
"6051","2046","20240715","4.00","5.00","5.00"
"6052","2046","20240715","5.00","5.00","5.00"
"6053","2060","20240715","3.00","2.00","3.00"
"6054","2060","20240715","3.00","2.00","3.00"
"6055","2060","20240715","3.00","3.00","2.00"
"6056","2060","20240715","3.00","4.00","3.00"
"6057","2060","20240715","4.00","5.00","3.00"
"6058","2060","20240715","4.00","3.00","3.00"
"6059","2060","20240715","3.00","3.00","3.00"
"6060","2060","20240715","3.00","4.00","3.00"
"6061","2060","20240715","2.00","3.00","4.00"
"6062","2060","20240715","3.00","4.00","3.00"
"6063","2060","20240715","4.00","4.00","3.00"
"6064","2060","20240715","4.00","4.00","4.00"
"6065","2060","20240715","2.00","3.00","3.00"
"6066","2060","20240715","4.00","1.00","3.00"
"6067","2060","20240715","3.00","4.00","3.00"
"6068","2080","20240715","4.00","5.00","5.00"
"6069","2080","20240715","5.00","5.00","5.00"
"6070","2080","20240715","5.00","4.00","5.00"
"6071","2080","20240715","4.00","4.00","4.00"
"6072","2080","20240715","4.00","4.00","5.00"
"6073","2080","20240715","4.00","5.00","4.00"
"6074","2080","20240715","5.00","5.00","4.00"
"6075","2080","20240715","5.00","4.00","4.00"
"6076","2080","20240715","3.00","5.00","4.00"
"6077","2080","20240715","5.00","5.00","4.00"
"6078","2080","20240715","5.00","5.00","5.00"
"6079","2080","20240715","5.00","4.00","5.00"
"6080","2080","20240715","5.00","5.00","4.00"
"6081","2082","20240715","4.00","4.00","3.00"
"6082","2082","20240715","3.00","3.00","4.00"
"6083","2082","20240715","4.00","4.00","3.00"
"6084","2082","20240715","3.00","4.00","3.00"
"6085","2082","20240715","4.00","3.00","4.00"
"6086","2082","20240715","4.00","3.00","4.00"
"6087","2082","20240715","4.00","3.00","4.00"
"6088","2093","20240715","3.00","3.00","3.00"
"6089","2093","20240715","3.00","3.00","3.00"
"6090","2093","20240715","4.00","5.00","3.00"
"6091","2093","20240715","3.00","4.00","3.00"
"6092","2093","20240715","4.00","4.00","3.00"
"6093","2102","20240715","3.00","4.00","2.00"
"6094","2102","20240715","3.00","3.00","3.00"
"6095","2102","20240715","2.00","3.00","2.00"
"6096","2102","20240715","1.00","3.00","3.00"
"6097","2106","20240715","3.00","4.00","3.00"
"6098","2106","20240715","2.00","4.00","4.00"
"6099","2106","20240715","5.00","3.00","3.00"
"6100","2106","20240715","3.00","4.00","4.00"
"6101","2106","20240715","3.00","3.00","4.00"
"6102","2106","20240715","4.00","2.00","4.00"
"6103","2106","20240715","4.00","4.00","3.00"
"6104","2106","20240715","4.00","4.00","4.00"
"6105","2106","20240715","5.00","4.00","4.00"
"6106","2106","20240715","4.00","4.00","4.00"
"6107","2106","20240715","4.00","4.00","4.00"
"6108","2106","20240715","3.00","3.00","3.00"
"6109","2106","20240715","4.00","4.00","4.00"
"6110","2106","20240715","2.00","4.00","4.00"
"6111","2106","20240715","4.00","4.00","4.00"
"6112","2109","20240715","3.00","3.00","4.00"
"6113","2109","20240715","5.00","5.00","3.00"
"6114","2109","20240715","3.00","4.00","3.00"
"6115","2109","20240715","5.00","4.00","3.00"
"6116","2109","20240715","4.00","4.00","4.00"
"6117","2109","20240715","4.00","4.00","4.00"
"6118","2109","20240715","4.00","3.00","4.00"
"6119","2109","20240715","4.00","4.00","4.00"
"6120","2116","20240715","2.00","3.00","2.00"
"6121","2116","20240715","2.00","3.00","3.00"
"6122","2116","20240715","3.00","2.00","3.00"
"6123","2116","20240715","2.00","3.00","3.00"
"6124","2116","20240715","3.00","3.00","3.00"
"6125","2116","20240715","3.00","3.00","3.00"
"6126","2116","20240715","2.00","3.00","3.00"
"6127","2116","20240715","4.00","3.00","2.00"
"6128","2116","20240715","4.00","3.00","3.00"
"6129","2131","20240715","3.00","4.00","5.00"
"6130","2131","20240715","4.00","4.00","3.00"
"6131","2131","20240715","4.00","3.00","4.00"
"6132","2143","20240715","3.00","4.00","4.00"
"6133","2143","20240715","4.00","3.00","3.00"
"6134","2143","20240715","3.00","3.00","4.00"
"6135","2143","20240715","4.00","4.00","4.00"
"6136","2155","20240715","4.00","4.00","3.00"
"6137","2155","20240715","5.00","5.00","4.00"
"6138","2155","20240715","4.00","3.00","5.00"
"6139","2155","20240715","4.00","5.00","4.00"
"6140","2155","20240715","4.00","3.00","3.00"
"6141","2155","20240715","4.00","4.00","4.00"
"6142","2155","20240715","4.00","5.00","4.00"
"6143","2155","20240715","5.00","5.00","4.00"
"6144","2155","20240715","5.00","3.00","4.00"
"6145","2155","20240715","4.00","4.00","4.00"
"6146","2155","20240715","4.00","4.00","4.00"
"6147","2155","20240715","5.00","3.00","5.00"
"6148","2155","20240715","4.00","5.00","4.00"
"6149","2155","20240715","4.00","5.00","4.00"
"6150","2169","20240715","3.00","5.00","4.00"
"6151","2169","20240715","3.00","5.00","4.00"
"6152","2169","20240715","5.00","4.00","3.00"
"6153","2169","20240715","4.00","4.00","4.00"
"6154","2169","20240715","3.00","4.00","4.00"
"6155","2171","20240715","2.00","2.00","3.00"
"6156","2171","20240715","4.00","2.00","3.00"
"6157","2171","20240715","3.00","4.00","2.00"
"6158","2171","20240715","3.00","3.00","3.00"
"6159","2171","20240715","3.00","3.00","3.00"
"6160","2180","20240715","4.00","4.00","4.00"
"6161","2180","20240715","5.00","4.00","4.00"
"6162","2180","20240715","4.00","5.00","4.00"
"6163","2180","20240715","4.00","5.00","4.00"
"6164","2180","20240715","4.00","5.00","3.00"
"6165","2180","20240715","4.00","4.00","4.00"
"6166","2180","20240715","5.00","3.00","4.00"
"6167","2180","20240715","5.00","5.00","5.00"
"6168","2183","20240715","3.00","3.00","3.00"
"6169","2183","20240715","3.00","4.00","3.00"
"6170","2183","20240715","4.00","4.00","4.00"
"6171","2183","20240715","4.00","4.00","3.00"
"6172","2183","20240715","3.00","4.00","4.00"
"6173","2187","20240715","3.00","3.00","4.00"
"6174","2187","20240715","2.00","5.00","4.00"
"6175","2187","20240715","3.00","4.00","4.00"
"6176","2187","20240715","5.00","4.00","4.00"
"6177","2187","20240715","4.00","5.00","4.00"
"6178","2187","20240715","4.00","4.00","4.00"
"6179","2187","20240715","3.00","5.00","3.00"
"6180","2226","20240715","3.00","4.00","3.00"
"6181","2226","20240715","3.00","3.00","3.00"
"6182","2226","20240715","3.00","3.00","3.00"
"6183","2226","20240715","3.00","3.00","3.00"
"6184","2226","20240715","1.00","4.00","3.00"
"6185","2226","20240715","2.00","4.00","3.00"
"6186","2232","20240715","5.00","5.00","4.00"
"6187","2232","20240715","5.00","5.00","5.00"
"6188","2232","20240715","5.00","5.00","5.00"
"6189","2232","20240715","4.00","5.00","4.00"
"6190","2232","20240715","5.00","5.00","5.00"
"6191","2232","20240715","4.00","5.00","5.00"
"6192","2232","20240715","5.00","5.00","5.00"
"6193","2232","20240715","4.00","5.00","5.00"
"6194","2232","20240715","5.00","5.00","5.00"
"6195","2234","20240715","4.00","4.00","5.00"
"6196","2234","20240715","4.00","4.00","4.00"
"6197","2234","20240715","4.00","5.00","4.00"
"6198","2234","20240715","4.00","5.00","5.00"
"6199","2234","20240715","3.00","4.00","4.00"
"6200","2234","20240715","3.00","5.00","3.00"
"6201","2234","20240715","5.00","4.00","4.00"
"6202","2234","20240715","4.00","4.00","4.00"
"6203","2234","20240715","3.00","4.00","4.00"
"6204","2234","20240715","4.00","3.00","3.00"
"6205","2234","20240715","5.00","5.00","5.00"
"6206","2234","20240715","4.00","4.00","4.00"
"6207","2234","20240715","2.00","4.00","4.00"
"6208","2234","20240715","4.00","4.00","4.00"
"6209","2251","20240715","3.00","3.00","3.00"
"6210","2251","20240715","2.00","4.00","4.00"
"6211","2251","20240715","5.00","4.00","3.00"
"6212","2251","20240715","4.00","3.00","3.00"
"6213","2251","20240715","3.00","4.00","3.00"
"6214","2251","20240715","3.00","3.00","4.00"
"6215","2251","20240715","3.00","4.00","3.00"
"6216","2251","20240715","4.00","4.00","4.00"
"6217","2254","20240715","4.00","4.00","3.00"
"6218","2254","20240715","4.00","3.00","4.00"
"6219","2254","20240715","5.00","2.00","3.00"
"6220","2254","20240715","3.00","4.00","3.00"
"6221","2254","20240715","3.00","3.00","3.00"
"6222","2254","20240715","3.00","3.00","4.00"
"6223","2254","20240715","4.00","4.00","4.00"
"6224","2258","20240715","4.00","4.00","3.00"
"6225","2258","20240715","4.00","4.00","4.00"
"6226","2258","20240715","5.00","4.00","4.00"
"6227","2258","20240715","4.00","3.00","4.00"
"6228","2258","20240715","4.00","3.00","4.00"
"6229","2258","20240715","3.00","3.00","3.00"
"6230","2258","20240715","4.00","4.00","4.00"
"6231","2258","20240715","3.00","5.00","4.00"
"6232","2258","20240715","4.00","4.00","5.00"
"6233","2258","20240715","3.00","4.00","3.00"
"6234","4","20241215","2.00","4.00","3.00"
"6235","4","20241215","2.00","2.00","3.00"
"6236","4","20241215","3.00","3.00","2.00"
"6237","4","20241215","3.00","3.00","3.00"
"6238","4","20241215","2.00","3.00","2.00"
"6239","4","20241215","1.00","2.00","3.00"
"6240","4","20241215","3.00","2.00","3.00"
"6241","4","20241215","3.00","3.00","3.00"
"6242","4","20241215","3.00","2.00","2.00"
"6243","20","20241215","3.00","3.00","2.00"
"6244","20","20241215","3.00","2.00","3.00"
"6245","20","20241215","4.00","3.00","4.00"
"6246","20","20241215","3.00","3.00","2.00"
"6247","20","20241215","4.00","3.00","3.00"
"6248","20","20241215","4.00","3.00","4.00"
"6249","20","20241215","4.00","2.00","4.00"
"6250","20","20241215","2.00","4.00","3.00"
"6251","20","20241215","4.00","3.00","4.00"
"6252","20","20241215","2.00","3.00","3.00"
"6253","20","20241215","4.00","3.00","3.00"
"6254","20","20241215","3.00","2.00","4.00"
"6255","34","20241215","5.00","5.00","4.00"
"6256","34","20241215","4.00","5.00","5.00"
"6257","34","20241215","5.00","5.00","5.00"
"6258","34","20241215","4.00","4.00","5.00"
"6259","34","20241215","5.00","5.00","4.00"
"6260","34","20241215","5.00","5.00","5.00"
"6261","38","20241215","4.00","4.00","4.00"
"6262","38","20241215","5.00","4.00","5.00"
"6263","38","20241215","3.00","4.00","5.00"
"6264","38","20241215","4.00","4.00","4.00"
"6265","38","20241215","4.00","5.00","4.00"
"6266","38","20241215","5.00","4.00","3.00"
"6267","38","20241215","3.00","4.00","5.00"
"6268","38","20241215","5.00","5.00","5.00"
"6269","38","20241215","4.00","4.00","5.00"
"6270","38","20241215","4.00","5.00","4.00"
"6271","47","20241215","3.00","3.00","4.00"
"6272","47","20241215","3.00","3.00","3.00"
"6273","47","20241215","3.00","3.00","3.00"
"6274","47","20241215","3.00","3.00","3.00"
"6275","47","20241215","2.00","3.00","2.00"
"6276","47","20241215","3.00","4.00","3.00"
"6277","47","20241215","4.00","3.00","3.00"
"6278","47","20241215","3.00","3.00","3.00"
"6279","47","20241215","2.00","3.00","3.00"
"6280","47","20241215","4.00","2.00","2.00"
"6281","47","20241215","1.00","3.00","3.00"
"6282","47","20241215","1.00","3.00","3.00"
"6283","51","20241215","3.00","3.00","3.00"
"6284","51","20241215","2.00","3.00","3.00"
"6285","51","20241215","3.00","4.00","3.00"
"6286","55","20241215","2.00","2.00","3.00"
"6287","55","20241215","1.00","2.00","3.00"
"6288","55","20241215","2.00","2.00","2.00"
"6289","55","20241215","3.00","4.00","3.00"
"6290","55","20241215","2.00","3.00","3.00"
"6291","55","20241215","3.00","3.00","3.00"
"6292","55","20241215","4.00","2.00","3.00"
"6293","55","20241215","4.00","2.00","3.00"
"6294","55","20241215","3.00","3.00","3.00"
"6295","55","20241215","3.00","3.00","3.00"
"6296","72","20241215","5.00","5.00","5.00"
"6297","72","20241215","5.00","5.00","5.00"
"6298","72","20241215","5.00","5.00","5.00"
"6299","72","20241215","5.00","5.00","5.00"
"6300","72","20241215","5.00","5.00","5.00"
"6301","88","20241215","4.00","4.00","4.00"
"6302","88","20241215","3.00","4.00","4.00"
"6303","88","20241215","3.00","3.00","4.00"
"6304","88","20241215","3.00","4.00","4.00"
"6305","88","20241215","4.00","3.00","4.00"
"6306","88","20241215","4.00","3.00","3.00"
"6307","88","20241215","3.00","4.00","4.00"
"6308","88","20241215","3.00","3.00","3.00"
"6309","88","20241215","4.00","4.00","3.00"
"6310","94","20241215","4.00","3.00","3.00"
"6311","94","20241215","2.00","4.00","2.00"
"6312","94","20241215","2.00","3.00","3.00"
"6313","94","20241215","3.00","4.00","3.00"
"6314","94","20241215","3.00","3.00","3.00"
"6315","94","20241215","3.00","3.00","3.00"
"6316","94","20241215","3.00","3.00","3.00"
"6317","94","20241215","3.00","3.00","3.00"
"6318","94","20241215","3.00","3.00","4.00"
"6319","94","20241215","2.00","3.00","2.00"
"6320","94","20241215","3.00","3.00","2.00"
"6321","94","20241215","5.00","3.00","3.00"
"6322","102","20241215","4.00","3.00","3.00"
"6323","102","20241215","3.00","3.00","3.00"
"6324","102","20241215","4.00","2.00","4.00"
"6325","102","20241215","3.00","3.00","3.00"
"6326","102","20241215","3.00","3.00","4.00"
"6327","105","20241215","3.00","3.00","3.00"
"6328","105","20241215","4.00","3.00","4.00"
"6329","105","20241215","3.00","3.00","3.00"
"6330","105","20241215","5.00","3.00","3.00"
"6331","105","20241215","3.00","3.00","2.00"
"6332","105","20241215","2.00","4.00","2.00"
"6333","105","20241215","4.00","4.00","4.00"
"6334","105","20241215","4.00","4.00","3.00"
"6335","105","20241215","3.00","4.00","3.00"
"6336","105","20241215","2.00","3.00","4.00"
"6337","108","20241215","5.00","3.00","3.00"
"6338","108","20241215","4.00","4.00","4.00"
"6339","108","20241215","3.00","4.00","4.00"
"6340","108","20241215","3.00","4.00","4.00"
"6341","108","20241215","4.00","3.00","4.00"
"6342","108","20241215","3.00","4.00","4.00"
"6343","108","20241215","4.00","4.00","3.00"
"6344","108","20241215","3.00","5.00","3.00"
"6345","120","20241215","5.00","3.00","4.00"
"6346","120","20241215","3.00","4.00","4.00"
"6347","120","20241215","3.00","3.00","4.00"
"6348","120","20241215","4.00","3.00","4.00"
"6349","120","20241215","4.00","4.00","4.00"
"6350","120","20241215","4.00","2.00","3.00"
"6351","120","20241215","3.00","4.00","4.00"
"6352","120","20241215","4.00","4.00","5.00"
"6353","120","20241215","4.00","3.00","4.00"
"6354","120","20241215","4.00","3.00","3.00"
"6355","120","20241215","4.00","4.00","4.00"
"6356","120","20241215","4.00","4.00","4.00"
"6357","128","20241215","3.00","4.00","4.00"
"6358","128","20241215","4.00","4.00","3.00"
"6359","128","20241215","5.00","4.00","4.00"
"6360","128","20241215","5.00","5.00","4.00"
"6361","128","20241215","5.00","4.00","4.00"
"6362","128","20241215","4.00","3.00","4.00"
"6363","128","20241215","4.00","4.00","5.00"
"6364","128","20241215","4.00","5.00","4.00"
"6365","128","20241215","3.00","5.00","5.00"
"6366","128","20241215","4.00","5.00","4.00"
"6367","128","20241215","5.00","5.00","4.00"
"6368","128","20241215","4.00","5.00","4.00"
"6369","138","20241215","4.00","5.00","5.00"
"6370","138","20241215","4.00","4.00","5.00"
"6371","138","20241215","3.00","4.00","4.00"
"6372","138","20241215","5.00","5.00","5.00"
"6373","138","20241215","4.00","5.00","4.00"
"6374","138","20241215","4.00","4.00","4.00"
"6375","138","20241215","4.00","4.00","5.00"
"6376","138","20241215","5.00","4.00","4.00"
"6377","138","20241215","3.00","4.00","4.00"
"6378","138","20241215","4.00","5.00","4.00"
"6379","138","20241215","4.00","4.00","4.00"
"6380","148","20241215","3.00","4.00","4.00"
"6381","148","20241215","4.00","4.00","5.00"
"6382","148","20241215","4.00","3.00","4.00"
"6383","148","20241215","3.00","4.00","3.00"
"6384","148","20241215","4.00","4.00","3.00"
"6385","148","20241215","3.00","4.00","4.00"
"6386","148","20241215","3.00","4.00","3.00"
"6387","148","20241215","3.00","3.00","4.00"
"6388","148","20241215","3.00","4.00","3.00"
"6389","148","20241215","4.00","3.00","3.00"
"6390","148","20241215","5.00","4.00","3.00"
"6391","148","20241215","3.00","3.00","4.00"
"6392","148","20241215","5.00","4.00","3.00"
"6393","148","20241215","2.00","3.00","3.00"
"6394","152","20241215","5.00","3.00","2.00"
"6395","152","20241215","4.00","4.00","3.00"
"6396","152","20241215","2.00","3.00","4.00"
"6397","152","20241215","3.00","4.00","5.00"
"6398","152","20241215","3.00","5.00","4.00"
"6399","156","20241215","5.00","5.00","4.00"
"6400","156","20241215","5.00","5.00","4.00"
"6401","156","20241215","3.00","5.00","4.00"
"6402","156","20241215","4.00","4.00","5.00"
"6403","156","20241215","5.00","5.00","5.00"
"6404","156","20241215","5.00","4.00","3.00"
"6405","160","20241215","3.00","3.00","3.00"
"6406","160","20241215","3.00","4.00","3.00"
"6407","160","20241215","4.00","4.00","2.00"
"6408","160","20241215","3.00","3.00","4.00"
"6409","160","20241215","2.00","4.00","3.00"
"6410","170","20241215","2.00","2.00","2.00"
"6411","170","20241215","2.00","3.00","3.00"
"6412","170","20241215","1.00","2.00","1.00"
"6413","170","20241215","3.00","2.00","2.00"
"6414","170","20241215","2.00","2.00","2.00"
"6415","170","20241215","1.00","2.00","2.00"
"6416","170","20241215","3.00","2.00","2.00"
"6417","170","20241215","2.00","1.00","2.00"
"6418","170","20241215","1.00","3.00","2.00"
"6419","170","20241215","4.00","3.00","2.00"
"6420","184","20241215","3.00","3.00","3.00"
"6421","184","20241215","4.00","3.00","3.00"
"6422","184","20241215","3.00","4.00","4.00"
"6423","184","20241215","3.00","4.00","4.00"
"6424","184","20241215","3.00","3.00","3.00"
"6425","184","20241215","3.00","4.00","3.00"
"6426","184","20241215","4.00","3.00","3.00"
"6427","184","20241215","3.00","5.00","4.00"
"6428","184","20241215","4.00","3.00","3.00"
"6429","188","20241215","5.00","5.00","5.00"
"6430","188","20241215","5.00","5.00","5.00"
"6431","188","20241215","5.00","4.00","5.00"
"6432","196","20241215","3.00","3.00","4.00"
"6433","196","20241215","4.00","4.00","5.00"
"6434","196","20241215","4.00","4.00","3.00"
"6435","196","20241215","4.00","4.00","3.00"
"6436","196","20241215","3.00","4.00","4.00"
"6437","196","20241215","5.00","4.00","3.00"
"6438","196","20241215","4.00","3.00","3.00"
"6439","196","20241215","3.00","4.00","4.00"
"6440","196","20241215","5.00","3.00","4.00"
"6441","196","20241215","4.00","3.00","4.00"
"6442","196","20241215","3.00","4.00","4.00"
"6443","196","20241215","3.00","3.00","4.00"
"6444","212","20241215","4.00","3.00","3.00"
"6445","212","20241215","4.00","3.00","3.00"
"6446","212","20241215","3.00","4.00","2.00"
"6447","212","20241215","2.00","4.00","4.00"
"6448","212","20241215","1.00","3.00","2.00"
"6449","212","20241215","3.00","3.00","3.00"
"6450","212","20241215","2.00","2.00","3.00"
"6451","212","20241215","3.00","3.00","2.00"
"6452","212","20241215","4.00","2.00","2.00"
"6453","233","20241215","2.00","4.00","3.00"
"6454","233","20241215","2.00","4.00","3.00"
"6455","233","20241215","3.00","4.00","3.00"
"6456","233","20241215","2.00","4.00","3.00"
"6457","233","20241215","5.00","3.00","3.00"
"6458","233","20241215","2.00","3.00","2.00"
"6459","233","20241215","3.00","4.00","3.00"
"6460","233","20241215","3.00","4.00","3.00"
"6461","233","20241215","4.00","3.00","3.00"
"6462","233","20241215","2.00","3.00","4.00"
"6463","233","20241215","4.00","3.00","4.00"
"6464","233","20241215","3.00","4.00","3.00"
"6465","233","20241215","3.00","3.00","3.00"
"6466","239","20241215","4.00","3.00","4.00"
"6467","239","20241215","3.00","4.00","3.00"
"6468","239","20241215","3.00","4.00","3.00"
"6469","239","20241215","4.00","3.00","4.00"
"6470","239","20241215","3.00","4.00","3.00"
"6471","239","20241215","3.00","4.00","3.00"
"6472","239","20241215","3.00","2.00","2.00"
"6473","239","20241215","4.00","3.00","3.00"
"6474","239","20241215","2.00","3.00","3.00"
"6475","239","20241215","4.00","2.00","3.00"
"6476","239","20241215","3.00","3.00","4.00"
"6477","239","20241215","4.00","3.00","3.00"
"6478","261","20241215","4.00","4.00","4.00"
"6479","261","20241215","4.00","5.00","4.00"
"6480","261","20241215","4.00","4.00","4.00"
"6481","261","20241215","4.00","5.00","4.00"
"6482","261","20241215","5.00","4.00","3.00"
"6483","261","20241215","4.00","4.00","3.00"
"6484","261","20241215","3.00","4.00","3.00"
"6485","261","20241215","3.00","3.00","3.00"
"6486","261","20241215","5.00","3.00","4.00"
"6487","265","20241215","2.00","3.00","3.00"
"6488","265","20241215","3.00","3.00","3.00"
"6489","265","20241215","4.00","3.00","3.00"
"6490","265","20241215","4.00","3.00","3.00"
"6491","265","20241215","3.00","3.00","4.00"
"6492","265","20241215","3.00","1.00","4.00"
"6493","265","20241215","3.00","3.00","3.00"
"6494","265","20241215","3.00","3.00","3.00"
"6495","269","20241215","2.00","2.00","3.00"
"6496","269","20241215","4.00","3.00","2.00"
"6497","269","20241215","3.00","2.00","4.00"
"6498","286","20241215","5.00","3.00","3.00"
"6499","286","20241215","4.00","3.00","4.00"
"6500","286","20241215","3.00","4.00","4.00"
"6501","286","20241215","4.00","5.00","3.00"
"6502","286","20241215","3.00","3.00","3.00"
"6503","286","20241215","4.00","4.00","4.00"
"6504","286","20241215","3.00","3.00","4.00"
"6505","286","20241215","5.00","3.00","4.00"
"6506","289","20241215","3.00","4.00","4.00"
"6507","289","20241215","3.00","4.00","4.00"
"6508","289","20241215","3.00","4.00","3.00"
"6509","289","20241215","3.00","4.00","3.00"
"6510","289","20241215","2.00","4.00","4.00"
"6511","289","20241215","3.00","4.00","4.00"
"6512","289","20241215","3.00","3.00","3.00"
"6513","289","20241215","4.00","4.00","3.00"
"6514","289","20241215","5.00","4.00","3.00"
"6515","289","20241215","3.00","4.00","4.00"
"6516","298","20241215","3.00","3.00","3.00"
"6517","298","20241215","3.00","3.00","2.00"
"6518","298","20241215","3.00","3.00","3.00"
"6519","298","20241215","2.00","3.00","3.00"
"6520","298","20241215","2.00","2.00","3.00"
"6521","298","20241215","2.00","2.00","3.00"
"6522","298","20241215","2.00","3.00","3.00"
"6523","298","20241215","3.00","3.00","2.00"
"6524","298","20241215","2.00","2.00","3.00"
"6525","310","20241215","4.00","2.00","4.00"
"6526","310","20241215","1.00","3.00","2.00"
"6527","310","20241215","2.00","4.00","2.00"
"6528","310","20241215","2.00","3.00","3.00"
"6529","310","20241215","3.00","2.00","3.00"
"6530","310","20241215","2.00","3.00","3.00"
"6531","310","20241215","2.00","4.00","3.00"
"6532","310","20241215","2.00","2.00","3.00"
"6533","310","20241215","2.00","3.00","3.00"
"6534","310","20241215","2.00","2.00","3.00"
"6535","310","20241215","2.00","2.00","3.00"
"6536","318","20241215","3.00","4.00","4.00"
"6537","318","20241215","3.00","4.00","3.00"
"6538","318","20241215","2.00","3.00","4.00"
"6539","318","20241215","3.00","4.00","4.00"
"6540","318","20241215","3.00","2.00","3.00"
"6541","318","20241215","2.00","4.00","4.00"
"6542","318","20241215","4.00","4.00","3.00"
"6543","318","20241215","5.00","4.00","5.00"
"6544","318","20241215","4.00","3.00","4.00"
"6545","318","20241215","3.00","4.00","3.00"
"6546","318","20241215","2.00","3.00","3.00"
"6547","328","20241215","5.00","4.00","4.00"
"6548","328","20241215","4.00","4.00","4.00"
"6549","328","20241215","4.00","4.00","4.00"
"6550","328","20241215","4.00","4.00","4.00"
"6551","328","20241215","3.00","4.00","4.00"
"6552","340","20241215","5.00","4.00","4.00"
"6553","340","20241215","4.00","5.00","5.00"
"6554","340","20241215","5.00","5.00","5.00"
"6555","340","20241215","4.00","5.00","5.00"
"6556","340","20241215","5.00","5.00","5.00"
"6557","340","20241215","4.00","4.00","5.00"
"6558","340","20241215","5.00","5.00","5.00"
"6559","340","20241215","5.00","5.00","3.00"
"6560","344","20241215","3.00","4.00","4.00"
"6561","344","20241215","4.00","3.00","4.00"
"6562","344","20241215","3.00","4.00","4.00"
"6563","344","20241215","4.00","4.00","4.00"
"6564","344","20241215","4.00","5.00","3.00"
"6565","344","20241215","2.00","4.00","3.00"
"6566","344","20241215","3.00","4.00","5.00"
"6567","344","20241215","4.00","4.00","3.00"
"6568","344","20241215","4.00","5.00","3.00"
"6569","344","20241215","4.00","4.00","4.00"
"6570","344","20241215","4.00","4.00","4.00"
"6571","344","20241215","4.00","4.00","4.00"
"6572","344","20241215","3.00","4.00","3.00"
"6573","344","20241215","5.00","4.00","4.00"
"6574","344","20241215","3.00","4.00","4.00"
"6575","348","20241215","5.00","4.00","4.00"
"6576","348","20241215","4.00","5.00","4.00"
"6577","348","20241215","4.00","4.00","3.00"
"6578","348","20241215","3.00","4.00","3.00"
"6579","348","20241215","4.00","4.00","3.00"
"6580","348","20241215","4.00","4.00","4.00"
"6581","348","20241215","3.00","5.00","3.00"
"6582","348","20241215","3.00","3.00","4.00"
"6583","348","20241215","4.00","4.00","3.00"
"6584","348","20241215","3.00","4.00","4.00"
"6585","348","20241215","4.00","3.00","4.00"
"6586","348","20241215","5.00","4.00","4.00"
"6587","348","20241215","4.00","5.00","3.00"
"6588","348","20241215","3.00","4.00","4.00"
"6589","354","20241215","5.00","4.00","5.00"
"6590","354","20241215","4.00","4.00","3.00"
"6591","354","20241215","3.00","4.00","4.00"
"6592","354","20241215","4.00","4.00","5.00"
"6593","354","20241215","4.00","4.00","4.00"
"6594","354","20241215","3.00","2.00","4.00"
"6595","354","20241215","4.00","5.00","4.00"
"6596","354","20241215","4.00","5.00","4.00"
"6597","354","20241215","4.00","4.00","4.00"
"6598","354","20241215","5.00","5.00","3.00"
"6599","354","20241215","3.00","4.00","5.00"
"6600","354","20241215","4.00","4.00","4.00"
"6601","370","20241215","2.00","4.00","4.00"
"6602","370","20241215","3.00","4.00","3.00"
"6603","370","20241215","3.00","4.00","3.00"
"6604","370","20241215","4.00","4.00","3.00"
"6605","370","20241215","2.00","3.00","3.00"
"6606","370","20241215","3.00","3.00","3.00"
"6607","370","20241215","3.00","3.00","3.00"
"6608","370","20241215","2.00","4.00","3.00"
"6609","376","20241215","5.00","5.00","5.00"
"6610","376","20241215","5.00","5.00","4.00"
"6611","376","20241215","3.00","4.00","5.00"
"6612","376","20241215","4.00","5.00","5.00"
"6613","376","20241215","5.00","5.00","5.00"
"6614","376","20241215","5.00","5.00","5.00"
"6615","376","20241215","5.00","4.00","4.00"
"6616","376","20241215","5.00","4.00","5.00"
"6617","376","20241215","5.00","5.00","5.00"
"6618","376","20241215","4.00","5.00","5.00"
"6619","376","20241215","5.00","5.00","5.00"
"6620","384","20241215","1.00","2.00","3.00"
"6621","384","20241215","3.00","3.00","2.00"
"6622","384","20241215","3.00","3.00","2.00"
"6623","384","20241215","3.00","3.00","2.00"
"6624","384","20241215","2.00","3.00","2.00"
"6625","384","20241215","2.00","3.00","3.00"
"6626","384","20241215","1.00","2.00","2.00"
"6627","384","20241215","2.00","3.00","3.00"
"6628","384","20241215","2.00","3.00","2.00"
"6629","396","20241215","3.00","3.00","3.00"
"6630","396","20241215","2.00","2.00","2.00"
"6631","396","20241215","1.00","2.00","3.00"
"6632","396","20241215","1.00","2.00","2.00"
"6633","396","20241215","3.00","3.00","2.00"
"6634","400","20241215","3.00","5.00","4.00"
"6635","400","20241215","4.00","5.00","3.00"
"6636","400","20241215","4.00","5.00","4.00"
"6637","400","20241215","4.00","4.00","4.00"
"6638","400","20241215","5.00","5.00","4.00"
"6639","400","20241215","4.00","5.00","4.00"
"6640","400","20241215","4.00","4.00","4.00"
"6641","404","20241215","4.00","4.00","5.00"
"6642","404","20241215","3.00","5.00","4.00"
"6643","404","20241215","5.00","5.00","4.00"
"6644","404","20241215","4.00","4.00","4.00"
"6645","404","20241215","4.00","4.00","3.00"
"6646","404","20241215","3.00","5.00","4.00"
"6647","404","20241215","4.00","3.00","4.00"
"6648","404","20241215","4.00","3.00","4.00"
"6649","404","20241215","4.00","4.00","4.00"
"6650","404","20241215","4.00","4.00","5.00"
"6651","404","20241215","4.00","5.00","5.00"
"6652","404","20241215","5.00","5.00","3.00"
"6653","408","20241215","5.00","4.00","5.00"
"6654","408","20241215","4.00","4.00","5.00"
"6655","408","20241215","4.00","5.00","3.00"
"6656","416","20241215","5.00","4.00","5.00"
"6657","416","20241215","5.00","5.00","5.00"
"6658","416","20241215","5.00","5.00","4.00"
"6659","416","20241215","5.00","5.00","5.00"
"6660","416","20241215","5.00","5.00","5.00"
"6661","416","20241215","4.00","5.00","5.00"
"6662","420","20241215","2.00","2.00","1.00"
"6663","420","20241215","2.00","3.00","2.00"
"6664","420","20241215","1.00","2.00","2.00"
"6665","420","20241215","2.00","1.00","1.00"
"6666","420","20241215","1.00","2.00","1.00"
"6667","420","20241215","1.00","1.00","2.00"
"6668","420","20241215","2.00","1.00","1.00"
"6669","420","20241215","2.00","3.00","2.00"
"6670","420","20241215","2.00","2.00","1.00"
"6671","420","20241215","2.00","2.00","2.00"
"6672","443","20241215","4.00","4.00","3.00"
"6673","443","20241215","3.00","4.00","3.00"
"6674","443","20241215","3.00","3.00","3.00"
"6675","443","20241215","3.00","4.00","4.00"
"6676","443","20241215","5.00","4.00","3.00"
"6677","443","20241215","2.00","3.00","3.00"
"6678","443","20241215","5.00","3.00","3.00"
"6679","443","20241215","3.00","4.00","3.00"
"6680","443","20241215","4.00","4.00","5.00"
"6681","443","20241215","4.00","4.00","3.00"
"6682","443","20241215","4.00","3.00","4.00"
"6683","443","20241215","3.00","3.00","3.00"
"6684","443","20241215","4.00","4.00","4.00"
"6685","451","20241215","4.00","4.00","3.00"
"6686","451","20241215","3.00","3.00","3.00"
"6687","451","20241215","3.00","4.00","4.00"
"6688","451","20241215","3.00","4.00","4.00"
"6689","451","20241215","2.00","4.00","3.00"
"6690","478","20241215","3.00","2.00","2.00"
"6691","478","20241215","2.00","3.00","3.00"
"6692","478","20241215","3.00","3.00","3.00"
"6693","490","20241215","3.00","4.00","4.00"
"6694","490","20241215","5.00","4.00","4.00"
"6695","490","20241215","2.00","2.00","3.00"
"6696","490","20241215","4.00","5.00","4.00"
"6697","490","20241215","3.00","4.00","5.00"
"6698","490","20241215","4.00","3.00","4.00"
"6699","490","20241215","3.00","5.00","5.00"
"6700","490","20241215","4.00","4.00","4.00"
"6701","490","20241215","5.00","3.00","4.00"
"6702","490","20241215","3.00","4.00","3.00"
"6703","490","20241215","4.00","5.00","3.00"
"6704","490","20241215","3.00","3.00","4.00"
"6705","490","20241215","3.00","4.00","4.00"
"6706","490","20241215","5.00","5.00","4.00"
"6707","490","20241215","4.00","4.00","4.00"
"6708","496","20241215","5.00","4.00","5.00"
"6709","496","20241215","4.00","4.00","5.00"
"6710","496","20241215","5.00","5.00","5.00"
"6711","496","20241215","4.00","5.00","5.00"
"6712","496","20241215","5.00","3.00","4.00"
"6713","496","20241215","5.00","5.00","5.00"
"6714","496","20241215","4.00","4.00","5.00"
"6715","496","20241215","4.00","5.00","5.00"
"6716","496","20241215","3.00","5.00","5.00"
"6717","496","20241215","5.00","5.00","5.00"
"6718","496","20241215","5.00","5.00","5.00"
"6719","496","20241215","5.00","5.00","5.00"
"6720","496","20241215","5.00","5.00","5.00"
"6721","500","20241215","4.00","4.00","3.00"
"6722","500","20241215","3.00","4.00","3.00"
"6723","500","20241215","4.00","3.00","5.00"
"6724","500","20241215","3.00","4.00","3.00"
"6725","500","20241215","4.00","4.00","2.00"
"6726","500","20241215","3.00","2.00","3.00"
"6727","500","20241215","3.00","3.00","4.00"
"6728","502","20241215","3.00","2.00","2.00"
"6729","502","20241215","2.00","3.00","2.00"
"6730","502","20241215","2.00","2.00","2.00"
"6731","502","20241215","2.00","3.00","3.00"
"6732","502","20241215","2.00","2.00","2.00"
"6733","502","20241215","3.00","2.00","3.00"
"6734","502","20241215","2.00","2.00","2.00"
"6735","502","20241215","3.00","2.00","2.00"
"6736","502","20241215","2.00","1.00","2.00"
"6737","502","20241215","1.00","2.00","2.00"
"6738","504","20241215","4.00","4.00","4.00"
"6739","504","20241215","5.00","4.00","4.00"
"6740","504","20241215","5.00","3.00","3.00"
"6741","504","20241215","4.00","4.00","4.00"
"6742","504","20241215","4.00","4.00","5.00"
"6743","504","20241215","4.00","4.00","4.00"
"6744","504","20241215","4.00","4.00","4.00"
"6745","504","20241215","5.00","4.00","5.00"
"6746","504","20241215","5.00","5.00","4.00"
"6747","504","20241215","3.00","4.00","3.00"
"6748","504","20241215","2.00","4.00","4.00"
"6749","504","20241215","5.00","3.00","4.00"
"6750","512","20241215","2.00","3.00","3.00"
"6751","512","20241215","2.00","4.00","3.00"
"6752","512","20241215","2.00","3.00","3.00"
"6753","512","20241215","3.00","2.00","2.00"
"6754","512","20241215","2.00","3.00","2.00"
"6755","512","20241215","3.00","3.00","3.00"
"6756","512","20241215","2.00","2.00","3.00"
"6757","512","20241215","2.00","3.00","2.00"
"6758","512","20241215","4.00","2.00","3.00"
"6759","512","20241215","4.00","2.00","2.00"
"6760","512","20241215","2.00","3.00","4.00"
"6761","512","20241215","2.00","3.00","2.00"
"6762","516","20241215","5.00","5.00","5.00"
"6763","516","20241215","5.00","5.00","4.00"
"6764","516","20241215","4.00","5.00","5.00"
"6765","524","20241215","5.00","5.00","5.00"
"6766","524","20241215","5.00","5.00","5.00"
"6767","524","20241215","5.00","5.00","5.00"
"6768","524","20241215","5.00","5.00","5.00"
"6769","524","20241215","5.00","5.00","5.00"
"6770","524","20241215","5.00","5.00","5.00"
"6771","531","20241215","3.00","5.00","4.00"
"6772","531","20241215","3.00","4.00","4.00"
"6773","531","20241215","3.00","4.00","4.00"
"6774","531","20241215","3.00","5.00","3.00"
"6775","531","20241215","3.00","4.00","3.00"
"6776","531","20241215","5.00","4.00","3.00"
"6777","535","20241215","3.00","1.00","2.00"
"6778","535","20241215","3.00","2.00","3.00"
"6779","535","20241215","3.00","2.00","3.00"
"6780","535","20241215","2.00","3.00","3.00"
"6781","535","20241215","3.00","3.00","2.00"
"6782","535","20241215","3.00","2.00","4.00"
"6783","535","20241215","2.00","2.00","2.00"
"6784","535","20241215","3.00","3.00","2.00"
"6785","535","20241215","3.00","3.00","2.00"
"6786","535","20241215","2.00","3.00","2.00"
"6787","539","20241215","4.00","3.00","3.00"
"6788","539","20241215","3.00","3.00","3.00"
"6789","539","20241215","4.00","3.00","3.00"
"6790","539","20241215","3.00","4.00","3.00"
"6791","539","20241215","2.00","3.00","4.00"
"6792","539","20241215","3.00","4.00","3.00"
"6793","539","20241215","3.00","2.00","2.00"
"6794","539","20241215","2.00","3.00","3.00"
"6795","539","20241215","3.00","3.00","2.00"
"6796","539","20241215","4.00","3.00","4.00"
"6797","539","20241215","3.00","4.00","3.00"
"6798","539","20241215","2.00","4.00","3.00"
"6799","539","20241215","3.00","3.00","2.00"
"6800","539","20241215","3.00","4.00","3.00"
"6801","541","20241215","3.00","5.00","4.00"
"6802","541","20241215","5.00","5.00","5.00"
"6803","541","20241215","4.00","5.00","4.00"
"6804","541","20241215","3.00","4.00","5.00"
"6805","541","20241215","4.00","5.00","5.00"
"6806","541","20241215","4.00","5.00","5.00"
"6807","541","20241215","3.00","5.00","5.00"
"6808","541","20241215","4.00","4.00","4.00"
"6809","541","20241215","4.00","5.00","5.00"
"6810","541","20241215","4.00","5.00","4.00"
"6811","541","20241215","5.00","5.00","4.00"
"6812","541","20241215","5.00","5.00","5.00"
"6813","541","20241215","5.00","4.00","4.00"
"6814","541","20241215","5.00","5.00","4.00"
"6815","549","20241215","5.00","4.00","5.00"
"6816","549","20241215","5.00","5.00","5.00"
"6817","549","20241215","4.00","4.00","5.00"
"6818","549","20241215","5.00","5.00","4.00"
"6819","549","20241215","4.00","4.00","5.00"
"6820","549","20241215","3.00","4.00","5.00"
"6821","549","20241215","4.00","5.00","4.00"
"6822","549","20241215","5.00","5.00","5.00"
"6823","549","20241215","4.00","5.00","4.00"
"6824","549","20241215","4.00","5.00","4.00"
"6825","549","20241215","5.00","5.00","5.00"
"6826","549","20241215","4.00","4.00","5.00"
"6827","557","20241215","4.00","3.00","3.00"
"6828","557","20241215","3.00","4.00","4.00"
"6829","557","20241215","3.00","3.00","4.00"
"6830","557","20241215","3.00","3.00","4.00"
"6831","557","20241215","4.00","3.00","3.00"
"6832","557","20241215","3.00","4.00","4.00"
"6833","557","20241215","4.00","4.00","4.00"
"6834","557","20241215","4.00","5.00","3.00"
"6835","557","20241215","4.00","4.00","4.00"
"6836","557","20241215","3.00","3.00","2.00"
"6837","557","20241215","4.00","4.00","3.00"
"6838","557","20241215","4.00","4.00","4.00"
"6839","569","20241215","4.00","4.00","4.00"
"6840","569","20241215","3.00","3.00","5.00"
"6841","569","20241215","5.00","4.00","4.00"
"6842","569","20241215","5.00","4.00","5.00"
"6843","569","20241215","4.00","5.00","4.00"
"6844","577","20241215","5.00","5.00","5.00"
"6845","577","20241215","4.00","5.00","4.00"
"6846","577","20241215","4.00","5.00","5.00"
"6847","577","20241215","5.00","5.00","4.00"
"6848","577","20241215","5.00","5.00","5.00"
"6849","577","20241215","4.00","5.00","4.00"
"6850","577","20241215","5.00","5.00","5.00"
"6851","577","20241215","4.00","4.00","5.00"
"6852","577","20241215","4.00","4.00","4.00"
"6853","577","20241215","4.00","4.00","5.00"
"6854","597","20241215","3.00","3.00","2.00"
"6855","597","20241215","3.00","1.00","1.00"
"6856","597","20241215","1.00","1.00","1.00"
"6857","597","20241215","2.00","1.00","2.00"
"6858","597","20241215","2.00","2.00","1.00"
"6859","597","20241215","2.00","3.00","2.00"
"6860","601","20241215","2.00","3.00","3.00"
"6861","601","20241215","4.00","5.00","4.00"
"6862","601","20241215","3.00","3.00","3.00"
"6863","601","20241215","3.00","4.00","4.00"
"6864","601","20241215","2.00","5.00","4.00"
"6865","615","20241215","3.00","3.00","3.00"
"6866","615","20241215","4.00","4.00","4.00"
"6867","615","20241215","3.00","2.00","3.00"
"6868","615","20241215","5.00","3.00","3.00"
"6869","615","20241215","3.00","4.00","4.00"
"6870","615","20241215","3.00","4.00","3.00"
"6871","623","20241215","3.00","4.00","2.00"
"6872","623","20241215","4.00","3.00","3.00"
"6873","623","20241215","2.00","3.00","3.00"
"6874","623","20241215","4.00","1.00","3.00"
"6875","623","20241215","3.00","4.00","3.00"
"6876","623","20241215","3.00","3.00","3.00"
"6877","623","20241215","4.00","4.00","3.00"
"6878","623","20241215","3.00","4.00","3.00"
"6879","623","20241215","3.00","2.00","3.00"
"6880","623","20241215","2.00","4.00","3.00"
"6881","623","20241215","3.00","3.00","2.00"
"6882","623","20241215","2.00","3.00","3.00"
"6883","639","20241215","3.00","4.00","3.00"
"6884","639","20241215","3.00","3.00","3.00"
"6885","639","20241215","4.00","3.00","3.00"
"6886","639","20241215","5.00","4.00","2.00"
"6887","639","20241215","2.00","3.00","3.00"
"6888","639","20241215","3.00","3.00","4.00"
"6889","639","20241215","3.00","4.00","4.00"
"6890","639","20241215","3.00","4.00","3.00"
"6891","639","20241215","2.00","3.00","3.00"
"6892","639","20241215","3.00","4.00","4.00"
"6893","639","20241215","5.00","3.00","2.00"
"6894","639","20241215","3.00","3.00","3.00"
"6895","639","20241215","3.00","3.00","3.00"
"6896","656","20241215","4.00","5.00","4.00"
"6897","656","20241215","2.00","3.00","3.00"
"6898","656","20241215","3.00","4.00","3.00"
"6899","656","20241215","3.00","4.00","4.00"
"6900","656","20241215","4.00","4.00","4.00"
"6901","656","20241215","3.00","4.00","4.00"
"6902","656","20241215","4.00","4.00","3.00"
"6903","656","20241215","4.00","4.00","3.00"
"6904","656","20241215","3.00","5.00","3.00"
"6905","656","20241215","5.00","4.00","3.00"
"6906","656","20241215","4.00","4.00","3.00"
"6907","656","20241215","5.00","4.00","4.00"
"6908","656","20241215","5.00","3.00","4.00"
"6909","656","20241215","4.00","4.00","4.00"
"6910","684","20241215","3.00","4.00","4.00"
"6911","684","20241215","2.00","4.00","3.00"
"6912","684","20241215","3.00","4.00","3.00"
"6913","684","20241215","3.00","3.00","4.00"
"6914","684","20241215","3.00","3.00","3.00"
"6915","710","20241215","5.00","5.00","5.00"
"6916","710","20241215","5.00","5.00","5.00"
"6917","710","20241215","5.00","5.00","5.00"
"6918","710","20241215","5.00","5.00","5.00"
"6919","710","20241215","5.00","5.00","5.00"
"6920","710","20241215","5.00","5.00","5.00"
"6921","714","20241215","3.00","4.00","3.00"
"6922","714","20241215","2.00","3.00","4.00"
"6923","714","20241215","3.00","4.00","3.00"
"6924","714","20241215","3.00","3.00","3.00"
"6925","714","20241215","2.00","4.00","3.00"
"6926","714","20241215","4.00","4.00","3.00"
"6927","718","20241215","3.00","4.00","3.00"
"6928","718","20241215","4.00","4.00","3.00"
"6929","718","20241215","4.00","2.00","3.00"
"6930","718","20241215","3.00","3.00","3.00"
"6931","718","20241215","3.00","4.00","3.00"
"6932","718","20241215","2.00","3.00","4.00"
"6933","718","20241215","2.00","4.00","4.00"
"6934","749","20241215","2.00","3.00","1.00"
"6935","749","20241215","3.00","1.00","2.00"
"6936","749","20241215","3.00","3.00","2.00"
"6937","749","20241215","4.00","4.00","2.00"
"6938","749","20241215","3.00","1.00","3.00"
"6939","749","20241215","3.00","3.00","2.00"
"6940","749","20241215","2.00","3.00","2.00"
"6941","749","20241215","2.00","2.00","3.00"
"6942","759","20241215","2.00","4.00","3.00"
"6943","759","20241215","4.00","3.00","3.00"
"6944","759","20241215","3.00","4.00","3.00"
"6945","759","20241215","4.00","4.00","3.00"
"6946","759","20241215","3.00","4.00","5.00"
"6947","759","20241215","4.00","4.00","4.00"
"6948","759","20241215","3.00","3.00","4.00"
"6949","759","20241215","4.00","4.00","4.00"
"6950","759","20241215","3.00","4.00","4.00"
"6951","759","20241215","3.00","4.00","4.00"
"6952","766","20241215","5.00","4.00","4.00"
"6953","766","20241215","5.00","4.00","4.00"
"6954","766","20241215","2.00","3.00","3.00"
"6955","766","20241215","4.00","4.00","4.00"
"6956","766","20241215","2.00","3.00","4.00"
"6957","766","20241215","3.00","5.00","3.00"
"6958","766","20241215","3.00","4.00","5.00"
"6959","766","20241215","3.00","3.00","3.00"
"6960","766","20241215","4.00","4.00","3.00"
"6961","770","20241215","4.00","4.00","5.00"
"6962","770","20241215","4.00","4.00","5.00"
"6963","770","20241215","5.00","5.00","4.00"
"6964","778","20241215","3.00","4.00","3.00"
"6965","778","20241215","4.00","4.00","4.00"
"6966","778","20241215","3.00","3.00","4.00"
"6967","778","20241215","3.00","2.00","4.00"
"6968","778","20241215","4.00","3.00","3.00"
"6969","778","20241215","4.00","2.00","3.00"
"6970","778","20241215","2.00","4.00","3.00"
"6971","778","20241215","2.00","3.00","4.00"
"6972","778","20241215","2.00","3.00","3.00"
"6973","782","20241215","4.00","3.00","3.00"
"6974","782","20241215","4.00","3.00","3.00"
"6975","782","20241215","4.00","4.00","4.00"
"6976","782","20241215","4.00","4.00","3.00"
"6977","782","20241215","3.00","3.00","3.00"
"6978","782","20241215","4.00","4.00","4.00"
"6979","782","20241215","4.00","3.00","3.00"
"6980","782","20241215","4.00","1.00","4.00"
"6981","782","20241215","3.00","4.00","2.00"
"6982","782","20241215","3.00","4.00","3.00"
"6983","782","20241215","3.00","4.00","3.00"
"6984","782","20241215","2.00","3.00","3.00"
"6985","786","20241215","3.00","2.00","3.00"
"6986","786","20241215","3.00","3.00","2.00"
"6987","786","20241215","3.00","2.00","3.00"
"6988","786","20241215","3.00","3.00","3.00"
"6989","786","20241215","3.00","3.00","2.00"
"6990","786","20241215","4.00","3.00","3.00"
"6991","786","20241215","3.00","3.00","3.00"
"6992","786","20241215","3.00","3.00","3.00"
"6993","786","20241215","2.00","3.00","2.00"
"6994","786","20241215","3.00","4.00","3.00"
"6995","786","20241215","3.00","3.00","2.00"
"6996","786","20241215","2.00","2.00","2.00"
"6997","786","20241215","2.00","3.00","3.00"
"6998","794","20241215","5.00","5.00","5.00"
"6999","794","20241215","4.00","4.00","3.00"
"7000","794","20241215","4.00","5.00","5.00"
"7001","794","20241215","5.00","4.00","4.00"
"7002","798","20241215","3.00","4.00","3.00"
"7003","798","20241215","5.00","4.00","4.00"
"7004","798","20241215","3.00","4.00","5.00"
"7005","798","20241215","4.00","5.00","3.00"
"7006","798","20241215","4.00","4.00","4.00"
"7007","798","20241215","3.00","4.00","3.00"
"7008","798","20241215","4.00","3.00","4.00"
"7009","798","20241215","5.00","5.00","4.00"
"7010","798","20241215","5.00","5.00","4.00"
"7011","798","20241215","4.00","5.00","5.00"
"7012","798","20241215","5.00","5.00","4.00"
"7013","798","20241215","4.00","5.00","4.00"
"7014","806","20241215","4.00","5.00","5.00"
"7015","806","20241215","4.00","5.00","4.00"
"7016","806","20241215","5.00","5.00","4.00"
"7017","806","20241215","4.00","5.00","5.00"
"7018","806","20241215","5.00","5.00","4.00"
"7019","806","20241215","4.00","5.00","4.00"
"7020","806","20241215","5.00","5.00","4.00"
"7021","806","20241215","5.00","5.00","4.00"
"7022","806","20241215","4.00","5.00","5.00"
"7023","806","20241215","5.00","5.00","5.00"
"7024","806","20241215","5.00","4.00","4.00"
"7025","806","20241215","4.00","5.00","4.00"
"7026","806","20241215","5.00","4.00","5.00"
"7027","806","20241215","4.00","4.00","5.00"
"7028","806","20241215","4.00","5.00","5.00"
"7029","811","20241215","4.00","3.00","3.00"
"7030","811","20241215","3.00","4.00","3.00"
"7031","811","20241215","3.00","4.00","3.00"
"7032","811","20241215","2.00","3.00","4.00"
"7033","811","20241215","3.00","3.00","3.00"
"7034","811","20241215","2.00","2.00","3.00"
"7035","811","20241215","3.00","3.00","3.00"
"7036","811","20241215","2.00","3.00","4.00"
"7037","811","20241215","3.00","3.00","3.00"
"7038","811","20241215","3.00","4.00","2.00"
"7039","811","20241215","3.00","4.00","4.00"
"7040","811","20241215","3.00","3.00","3.00"
"7041","815","20241215","4.00","5.00","5.00"
"7042","815","20241215","5.00","4.00","4.00"
"7043","815","20241215","5.00","5.00","4.00"
"7044","815","20241215","5.00","5.00","4.00"
"7045","815","20241215","5.00","5.00","5.00"
"7046","815","20241215","3.00","3.00","5.00"
"7047","815","20241215","4.00","5.00","5.00"
"7048","815","20241215","4.00","3.00","4.00"
"7049","823","20241215","4.00","4.00","4.00"
"7050","823","20241215","3.00","3.00","4.00"
"7051","823","20241215","3.00","3.00","3.00"
"7052","823","20241215","3.00","4.00","4.00"
"7053","823","20241215","4.00","3.00","3.00"
"7054","823","20241215","4.00","4.00","2.00"
"7055","823","20241215","3.00","3.00","3.00"
"7056","823","20241215","3.00","4.00","4.00"
"7057","823","20241215","4.00","3.00","4.00"
"7058","823","20241215","2.00","4.00","4.00"
"7059","827","20241215","4.00","5.00","5.00"
"7060","827","20241215","5.00","5.00","5.00"
"7061","827","20241215","4.00","5.00","5.00"
"7062","827","20241215","4.00","5.00","3.00"
"7063","842","20241215","4.00","5.00","4.00"
"7064","842","20241215","4.00","5.00","4.00"
"7065","842","20241215","4.00","5.00","4.00"
"7066","842","20241215","2.00","4.00","4.00"
"7067","842","20241215","5.00","4.00","5.00"
"7068","842","20241215","3.00","3.00","4.00"
"7069","842","20241215","5.00","5.00","4.00"
"7070","842","20241215","4.00","3.00","4.00"
"7071","842","20241215","5.00","4.00","4.00"
"7072","842","20241215","4.00","4.00","4.00"
"7073","842","20241215","5.00","4.00","4.00"
"7074","846","20241215","3.00","3.00","3.00"
"7075","846","20241215","3.00","3.00","4.00"
"7076","846","20241215","3.00","3.00","3.00"
"7077","846","20241215","3.00","3.00","3.00"
"7078","846","20241215","3.00","4.00","2.00"
"7079","850","20241215","3.00","2.00","3.00"
"7080","850","20241215","3.00","4.00","3.00"
"7081","850","20241215","3.00","3.00","3.00"
"7082","850","20241215","3.00","2.00","3.00"
"7083","850","20241215","3.00","3.00","3.00"
"7084","850","20241215","3.00","4.00","3.00"
"7085","850","20241215","4.00","3.00","3.00"
"7086","850","20241215","2.00","3.00","3.00"
"7087","850","20241215","3.00","5.00","3.00"
"7088","850","20241215","3.00","4.00","4.00"
"7089","850","20241215","3.00","3.00","4.00"
"7090","850","20241215","3.00","4.00","3.00"
"7091","850","20241215","3.00","3.00","3.00"
"7092","850","20241215","5.00","3.00","3.00"
"7093","858","20241215","4.00","5.00","4.00"
"7094","858","20241215","4.00","4.00","5.00"
"7095","858","20241215","4.00","4.00","3.00"
"7096","858","20241215","4.00","5.00","3.00"
"7097","858","20241215","4.00","4.00","5.00"
"7098","858","20241215","3.00","4.00","4.00"
"7099","858","20241215","5.00","4.00","5.00"
"7100","858","20241215","5.00","5.00","4.00"
"7101","866","20241215","2.00","1.00","2.00"
"7102","866","20241215","2.00","2.00","3.00"
"7103","866","20241215","1.00","2.00","2.00"
"7104","866","20241215","2.00","2.00","3.00"
"7105","866","20241215","1.00","2.00","2.00"
"7106","866","20241215","2.00","3.00","2.00"
"7107","866","20241215","1.00","2.00","2.00"
"7108","866","20241215","2.00","2.00","2.00"
"7109","866","20241215","2.00","3.00","1.00"
"7110","866","20241215","2.00","2.00","2.00"
"7111","866","20241215","2.00","2.00","1.00"
"7112","866","20241215","2.00","2.00","3.00"
"7113","866","20241215","2.00","2.00","2.00"
"7114","866","20241215","2.00","2.00","2.00"
"7115","866","20241215","1.00","2.00","2.00"
"7116","874","20241215","3.00","5.00","4.00"
"7117","874","20241215","4.00","4.00","4.00"
"7118","874","20241215","4.00","5.00","4.00"
"7119","874","20241215","5.00","5.00","5.00"
"7120","874","20241215","4.00","4.00","5.00"
"7121","874","20241215","4.00","4.00","4.00"
"7122","878","20241215","3.00","3.00","2.00"
"7123","878","20241215","4.00","4.00","2.00"
"7124","878","20241215","4.00","3.00","3.00"
"7125","882","20241215","4.00","4.00","4.00"
"7126","882","20241215","4.00","5.00","4.00"
"7127","882","20241215","5.00","5.00","4.00"
"7128","890","20241215","3.00","3.00","3.00"
"7129","890","20241215","4.00","3.00","5.00"
"7130","890","20241215","4.00","4.00","3.00"
"7131","890","20241215","4.00","4.00","4.00"
"7132","890","20241215","4.00","4.00","3.00"
"7133","890","20241215","4.00","4.00","4.00"
"7134","893","20241215","4.00","4.00","4.00"
"7135","893","20241215","3.00","4.00","4.00"
"7136","893","20241215","5.00","4.00","5.00"
"7137","893","20241215","5.00","3.00","4.00"
"7138","893","20241215","4.00","3.00","4.00"
"7139","893","20241215","5.00","3.00","4.00"
"7140","893","20241215","3.00","5.00","4.00"
"7141","893","20241215","3.00","3.00","4.00"
"7142","893","20241215","5.00","4.00","4.00"
"7143","893","20241215","4.00","4.00","4.00"
"7144","896","20241215","4.00","3.00","3.00"
"7145","896","20241215","3.00","3.00","3.00"
"7146","896","20241215","4.00","4.00","2.00"
"7147","896","20241215","4.00","4.00","2.00"
"7148","896","20241215","2.00","2.00","3.00"
"7149","896","20241215","4.00","4.00","3.00"
"7150","896","20241215","4.00","3.00","4.00"
"7151","914","20241215","2.00","2.00","1.00"
"7152","914","20241215","3.00","3.00","2.00"
"7153","914","20241215","1.00","2.00","3.00"
"7154","914","20241215","2.00","2.00","2.00"
"7155","914","20241215","2.00","3.00","2.00"
"7156","914","20241215","2.00","2.00","2.00"
"7157","914","20241215","2.00","2.00","2.00"
"7158","914","20241215","3.00","2.00","2.00"
"7159","914","20241215","3.00","2.00","1.00"
"7160","944","20241215","4.00","4.00","3.00"
"7161","944","20241215","3.00","4.00","2.00"
"7162","944","20241215","4.00","5.00","4.00"
"7163","944","20241215","3.00","4.00","4.00"
"7164","944","20241215","4.00","4.00","4.00"
"7165","944","20241215","5.00","4.00","4.00"
"7166","944","20241215","4.00","4.00","4.00"
"7167","944","20241215","4.00","4.00","4.00"
"7168","944","20241215","5.00","4.00","5.00"
"7169","944","20241215","5.00","4.00","4.00"
"7170","944","20241215","4.00","3.00","4.00"
"7171","944","20241215","3.00","5.00","3.00"
"7172","944","20241215","4.00","4.00","4.00"
"7173","944","20241215","4.00","3.00","3.00"
"7174","944","20241215","4.00","5.00","4.00"
"7175","948","20241215","3.00","3.00","4.00"
"7176","948","20241215","4.00","4.00","4.00"
"7177","948","20241215","2.00","4.00","4.00"
"7178","948","20241215","4.00","5.00","4.00"
"7179","948","20241215","3.00","4.00","4.00"
"7180","948","20241215","4.00","4.00","4.00"
"7181","951","20241215","3.00","3.00","3.00"
"7182","951","20241215","2.00","2.00","3.00"
"7183","951","20241215","1.00","4.00","3.00"
"7184","951","20241215","3.00","4.00","4.00"
"7185","951","20241215","3.00","2.00","3.00"
"7186","951","20241215","3.00","4.00","2.00"
"7187","951","20241215","5.00","3.00","4.00"
"7188","951","20241215","3.00","4.00","3.00"
"7189","951","20241215","3.00","4.00","4.00"
"7190","957","20241215","4.00","4.00","3.00"
"7191","957","20241215","4.00","4.00","5.00"
"7192","957","20241215","4.00","4.00","3.00"
"7193","957","20241215","3.00","4.00","4.00"
"7194","957","20241215","4.00","5.00","4.00"
"7195","961","20241215","5.00","5.00","4.00"
"7196","961","20241215","3.00","3.00","4.00"
"7197","961","20241215","4.00","5.00","3.00"
"7198","961","20241215","4.00","3.00","4.00"
"7199","961","20241215","3.00","5.00","4.00"
"7200","961","20241215","3.00","3.00","4.00"
"7201","969","20241215","5.00","4.00","4.00"
"7202","969","20241215","4.00","5.00","3.00"
"7203","969","20241215","4.00","3.00","4.00"
"7204","969","20241215","4.00","3.00","3.00"
"7205","969","20241215","4.00","3.00","4.00"
"7206","969","20241215","5.00","3.00","4.00"
"7207","969","20241215","4.00","4.00","4.00"
"7208","969","20241215","4.00","4.00","4.00"
"7209","969","20241215","3.00","4.00","3.00"
"7210","969","20241215","3.00","4.00","3.00"
"7211","969","20241215","4.00","3.00","4.00"
"7212","969","20241215","4.00","4.00","3.00"
"7213","969","20241215","4.00","5.00","3.00"
"7214","969","20241215","4.00","5.00","4.00"
"7215","969","20241215","3.00","4.00","4.00"
"7216","984","20241215","5.00","4.00","5.00"
"7217","984","20241215","5.00","5.00","5.00"
"7218","984","20241215","4.00","5.00","5.00"
"7219","984","20241215","5.00","5.00","5.00"
"7220","984","20241215","5.00","5.00","5.00"
"7221","984","20241215","5.00","5.00","4.00"
"7222","984","20241215","5.00","5.00","4.00"
"7223","984","20241215","5.00","5.00","5.00"
"7224","984","20241215","4.00","5.00","5.00"
"7225","984","20241215","5.00","5.00","5.00"
"7226","984","20241215","5.00","5.00","4.00"
"7227","984","20241215","4.00","5.00","5.00"
"7228","988","20241215","3.00","4.00","4.00"
"7229","988","20241215","3.00","4.00","3.00"
"7230","988","20241215","4.00","4.00","3.00"
"7231","988","20241215","3.00","3.00","4.00"
"7232","988","20241215","3.00","3.00","3.00"
"7233","988","20241215","4.00","3.00","4.00"
"7234","988","20241215","3.00","3.00","3.00"
"7235","1002","20241215","4.00","4.00","4.00"
"7236","1002","20241215","3.00","5.00","5.00"
"7237","1002","20241215","4.00","5.00","5.00"
"7238","1002","20241215","5.00","4.00","5.00"
"7239","1002","20241215","3.00","4.00","5.00"
"7240","1010","20241215","4.00","4.00","3.00"
"7241","1010","20241215","4.00","4.00","4.00"
"7242","1010","20241215","3.00","5.00","4.00"
"7243","1010","20241215","4.00","4.00","4.00"
"7244","1010","20241215","4.00","5.00","3.00"
"7245","1010","20241215","4.00","4.00","3.00"
"7246","1010","20241215","3.00","4.00","3.00"
"7247","1010","20241215","3.00","4.00","4.00"
"7248","1018","20241215","4.00","4.00","4.00"
"7249","1018","20241215","5.00","4.00","3.00"
"7250","1018","20241215","3.00","5.00","5.00"
"7251","1018","20241215","4.00","4.00","4.00"
"7252","1018","20241215","4.00","4.00","5.00"
"7253","1018","20241215","3.00","5.00","4.00"
"7254","1018","20241215","4.00","4.00","3.00"
"7255","1018","20241215","3.00","2.00","4.00"
"7256","1018","20241215","3.00","5.00","4.00"
"7257","1018","20241215","4.00","3.00","4.00"
"7258","1018","20241215","4.00","5.00","4.00"
"7259","1018","20241215","4.00","4.00","4.00"
"7260","1018","20241215","4.00","4.00","3.00"
"7261","1030","20241215","4.00","4.00","3.00"
"7262","1030","20241215","2.00","4.00","4.00"
"7263","1030","20241215","3.00","4.00","3.00"
"7264","1030","20241215","4.00","2.00","3.00"
"7265","1030","20241215","3.00","3.00","3.00"
"7266","1030","20241215","3.00","3.00","3.00"
"7267","1030","20241215","4.00","2.00","3.00"
"7268","1030","20241215","3.00","4.00","3.00"
"7269","1030","20241215","2.00","3.00","4.00"
"7270","1030","20241215","3.00","3.00","3.00"
"7271","1030","20241215","4.00","3.00","3.00"
"7272","1030","20241215","3.00","4.00","3.00"
"7273","1030","20241215","1.00","3.00","3.00"
"7274","1034","20241215","3.00","3.00","4.00"
"7275","1034","20241215","4.00","3.00","4.00"
"7276","1034","20241215","3.00","4.00","3.00"
"7277","1034","20241215","4.00","3.00","3.00"
"7278","1034","20241215","2.00","3.00","3.00"
"7279","1034","20241215","3.00","5.00","3.00"
"7280","1038","20241215","5.00","4.00","4.00"
"7281","1038","20241215","4.00","4.00","4.00"
"7282","1038","20241215","3.00","5.00","5.00"
"7283","1038","20241215","4.00","4.00","4.00"
"7284","1038","20241215","4.00","4.00","4.00"
"7285","1038","20241215","4.00","4.00","5.00"
"7286","1038","20241215","4.00","5.00","4.00"
"7287","1038","20241215","4.00","4.00","4.00"
"7288","1038","20241215","4.00","4.00","4.00"
"7289","1042","20241215","4.00","3.00","4.00"
"7290","1042","20241215","3.00","4.00","4.00"
"7291","1042","20241215","4.00","4.00","4.00"
"7292","1042","20241215","5.00","4.00","3.00"
"7293","1042","20241215","4.00","4.00","4.00"
"7294","1042","20241215","4.00","4.00","3.00"
"7295","1042","20241215","3.00","4.00","4.00"
"7296","1042","20241215","4.00","4.00","4.00"
"7297","1042","20241215","3.00","4.00","4.00"
"7298","1042","20241215","5.00","4.00","3.00"
"7299","1042","20241215","5.00","5.00","4.00"
"7300","1046","20241215","3.00","4.00","3.00"
"7301","1046","20241215","2.00","4.00","3.00"
"7302","1046","20241215","3.00","4.00","3.00"
"7303","1058","20241215","4.00","3.00","3.00"
"7304","1058","20241215","3.00","3.00","3.00"
"7305","1058","20241215","3.00","2.00","4.00"
"7306","1058","20241215","4.00","4.00","3.00"
"7307","1058","20241215","1.00","2.00","3.00"
"7308","1058","20241215","4.00","2.00","3.00"
"7309","1058","20241215","4.00","2.00","4.00"
"7310","1058","20241215","3.00","3.00","3.00"
"7311","1058","20241215","3.00","2.00","3.00"
"7312","1058","20241215","4.00","3.00","3.00"
"7313","1058","20241215","3.00","4.00","2.00"
"7314","1058","20241215","2.00","3.00","3.00"
"7315","1058","20241215","4.00","3.00","3.00"
"7316","1068","20241215","3.00","4.00","5.00"
"7317","1068","20241215","5.00","5.00","4.00"
"7318","1068","20241215","4.00","4.00","4.00"
"7319","1076","20241215","3.00","4.00","4.00"
"7320","1076","20241215","3.00","4.00","4.00"
"7321","1076","20241215","3.00","4.00","3.00"
"7322","1076","20241215","4.00","3.00","3.00"
"7323","1076","20241215","5.00","4.00","3.00"
"7324","1076","20241215","3.00","4.00","4.00"
"7325","1076","20241215","4.00","4.00","3.00"
"7326","1076","20241215","3.00","4.00","3.00"
"7327","1076","20241215","3.00","4.00","3.00"
"7328","1076","20241215","3.00","4.00","5.00"
"7329","1076","20241215","3.00","3.00","3.00"
"7330","1076","20241215","3.00","4.00","4.00"
"7331","1076","20241215","3.00","4.00","3.00"
"7332","1092","20241215","4.00","2.00","3.00"
"7333","1092","20241215","3.00","4.00","3.00"
"7334","1092","20241215","4.00","3.00","3.00"
"7335","1092","20241215","4.00","3.00","3.00"
"7336","1092","20241215","4.00","5.00","4.00"
"7337","1092","20241215","3.00","2.00","4.00"
"7338","1092","20241215","4.00","4.00","3.00"
"7339","1092","20241215","3.00","3.00","3.00"
"7340","1092","20241215","2.00","4.00","4.00"
"7341","1092","20241215","3.00","3.00","4.00"
"7342","1092","20241215","4.00","4.00","3.00"
"7343","1092","20241215","3.00","4.00","3.00"
"7344","1110","20241215","3.00","3.00","3.00"
"7345","1110","20241215","2.00","2.00","3.00"
"7346","1110","20241215","3.00","2.00","2.00"
"7347","1110","20241215","4.00","2.00","4.00"
"7348","1116","20241215","5.00","4.00","4.00"
"7349","1116","20241215","4.00","3.00","4.00"
"7350","1116","20241215","3.00","4.00","4.00"
"7351","1116","20241215","4.00","4.00","4.00"
"7352","1129","20241215","4.00","4.00","5.00"
"7353","1129","20241215","3.00","3.00","4.00"
"7354","1129","20241215","4.00","4.00","4.00"
"7355","1129","20241215","5.00","5.00","3.00"
"7356","1129","20241215","3.00","4.00","4.00"
"7357","1142","20241215","4.00","2.00","3.00"
"7358","1142","20241215","3.00","3.00","3.00"
"7359","1142","20241215","3.00","2.00","4.00"
"7360","1142","20241215","3.00","3.00","4.00"
"7361","1142","20241215","3.00","4.00","4.00"
"7362","1142","20241215","3.00","3.00","4.00"
"7363","1142","20241215","4.00","4.00","3.00"
"7364","1142","20241215","3.00","2.00","3.00"
"7365","1146","20241215","5.00","5.00","4.00"
"7366","1146","20241215","4.00","5.00","5.00"
"7367","1146","20241215","4.00","4.00","4.00"
"7368","1146","20241215","4.00","5.00","5.00"
"7369","1146","20241215","5.00","4.00","5.00"
"7370","1146","20241215","3.00","4.00","5.00"
"7371","1146","20241215","5.00","5.00","4.00"
"7372","1146","20241215","4.00","4.00","4.00"
"7373","1146","20241215","5.00","4.00","5.00"
"7374","1146","20241215","5.00","5.00","5.00"
"7375","1146","20241215","5.00","5.00","4.00"
"7376","1146","20241215","5.00","5.00","5.00"
"7377","1146","20241215","4.00","4.00","4.00"
"7378","1146","20241215","5.00","5.00","5.00"
"7379","1150","20241215","4.00","4.00","5.00"
"7380","1150","20241215","4.00","3.00","4.00"
"7381","1150","20241215","4.00","5.00","4.00"
"7382","1150","20241215","5.00","4.00","4.00"
"7383","1150","20241215","5.00","5.00","5.00"
"7384","1150","20241215","3.00","5.00","4.00"
"7385","1150","20241215","4.00","5.00","4.00"
"7386","1150","20241215","5.00","4.00","4.00"
"7387","1150","20241215","5.00","3.00","5.00"
"7388","1150","20241215","2.00","4.00","4.00"
"7389","1150","20241215","4.00","5.00","4.00"
"7390","1154","20241215","3.00","4.00","4.00"
"7391","1154","20241215","5.00","5.00","3.00"
"7392","1154","20241215","4.00","4.00","5.00"
"7393","1154","20241215","4.00","4.00","3.00"
"7394","1154","20241215","4.00","5.00","5.00"
"7395","1154","20241215","4.00","3.00","4.00"
"7396","1154","20241215","3.00","5.00","3.00"
"7397","1154","20241215","5.00","4.00","4.00"
"7398","1154","20241215","4.00","5.00","4.00"
"7399","1154","20241215","4.00","3.00","3.00"
"7400","1162","20241215","3.00","3.00","3.00"
"7401","1162","20241215","3.00","3.00","4.00"
"7402","1162","20241215","3.00","3.00","3.00"
"7403","1162","20241215","2.00","3.00","3.00"
"7404","1162","20241215","2.00","3.00","3.00"
"7405","1162","20241215","3.00","3.00","4.00"
"7406","1162","20241215","2.00","3.00","3.00"
"7407","1164","20241215","2.00","2.00","2.00"
"7408","1164","20241215","1.00","2.00","2.00"
"7409","1164","20241215","2.00","2.00","1.00"
"7410","1164","20241215","2.00","2.00","2.00"
"7411","1164","20241215","2.00","2.00","2.00"
"7412","1164","20241215","1.00","3.00","2.00"
"7413","1164","20241215","2.00","2.00","2.00"
"7414","1164","20241215","1.00","2.00","2.00"
"7415","1164","20241215","1.00","3.00","2.00"
"7416","1164","20241215","3.00","2.00","3.00"
"7417","1164","20241215","2.00","1.00","2.00"
"7418","1164","20241215","3.00","3.00","2.00"
"7419","1164","20241215","2.00","2.00","3.00"
"7420","1164","20241215","2.00","3.00","2.00"
"7421","1175","20241215","5.00","5.00","5.00"
"7422","1175","20241215","5.00","5.00","5.00"
"7423","1175","20241215","5.00","5.00","5.00"
"7424","1175","20241215","5.00","5.00","4.00"
"7425","1175","20241215","5.00","3.00","5.00"
"7426","1175","20241215","5.00","5.00","4.00"
"7427","1175","20241215","4.00","5.00","5.00"
"7428","1175","20241215","5.00","5.00","4.00"
"7429","1175","20241215","5.00","4.00","5.00"
"7430","1175","20241215","4.00","4.00","5.00"
"7431","1175","20241215","5.00","5.00","5.00"
"7432","1175","20241215","5.00","5.00","5.00"
"7433","1175","20241215","5.00","5.00","5.00"
"7434","1175","20241215","5.00","5.00","5.00"
"7435","1175","20241215","5.00","5.00","4.00"
"7436","1181","20241215","3.00","2.00","2.00"
"7437","1181","20241215","3.00","2.00","3.00"
"7438","1181","20241215","3.00","2.00","3.00"
"7439","1181","20241215","2.00","3.00","3.00"
"7440","1181","20241215","2.00","3.00","2.00"
"7441","1181","20241215","2.00","2.00","2.00"
"7442","1181","20241215","2.00","2.00","3.00"
"7443","1181","20241215","3.00","3.00","2.00"
"7444","1181","20241215","3.00","2.00","2.00"
"7445","1181","20241215","2.00","3.00","2.00"
"7446","1197","20241215","4.00","4.00","4.00"
"7447","1197","20241215","4.00","5.00","5.00"
"7448","1197","20241215","4.00","4.00","4.00"
"7449","1197","20241215","4.00","4.00","4.00"
"7450","1197","20241215","3.00","4.00","5.00"
"7451","1197","20241215","5.00","4.00","4.00"
"7452","1197","20241215","3.00","5.00","4.00"
"7453","1197","20241215","4.00","5.00","4.00"
"7454","1197","20241215","4.00","4.00","4.00"
"7455","1197","20241215","5.00","4.00","4.00"
"7456","1197","20241215","3.00","5.00","5.00"
"7457","1197","20241215","4.00","4.00","4.00"
"7458","1211","20241215","2.00","3.00","4.00"
"7459","1211","20241215","3.00","3.00","3.00"
"7460","1211","20241215","2.00","3.00","4.00"
"7461","1211","20241215","2.00","3.00","2.00"
"7462","1211","20241215","2.00","3.00","3.00"
"7463","1221","20241215","4.00","3.00","3.00"
"7464","1221","20241215","4.00","3.00","4.00"
"7465","1221","20241215","4.00","4.00","4.00"
"7466","1221","20241215","4.00","5.00","4.00"
"7467","1221","20241215","3.00","4.00","4.00"
"7468","1221","20241215","4.00","4.00","4.00"
"7469","1221","20241215","3.00","4.00","3.00"
"7470","1221","20241215","4.00","4.00","4.00"
"7471","1221","20241215","4.00","4.00","4.00"
"7472","1221","20241215","4.00","4.00","4.00"
"7473","1221","20241215","3.00","5.00","3.00"
"7474","1221","20241215","4.00","4.00","3.00"
"7475","1221","20241215","3.00","4.00","4.00"
"7476","1221","20241215","4.00","4.00","3.00"
"7477","1221","20241215","5.00","3.00","4.00"
"7478","1224","20241215","4.00","5.00","4.00"
"7479","1224","20241215","4.00","4.00","4.00"
"7480","1224","20241215","4.00","5.00","3.00"
"7481","1232","20241215","4.00","4.00","4.00"
"7482","1232","20241215","4.00","4.00","3.00"
"7483","1232","20241215","4.00","4.00","4.00"
"7484","1240","20241215","3.00","4.00","4.00"
"7485","1240","20241215","3.00","3.00","4.00"
"7486","1240","20241215","4.00","5.00","3.00"
"7487","1240","20241215","3.00","3.00","4.00"
"7488","1240","20241215","4.00","3.00","3.00"
"7489","1240","20241215","3.00","4.00","4.00"
"7490","1240","20241215","4.00","3.00","4.00"
"7491","1240","20241215","3.00","5.00","3.00"
"7492","1240","20241215","4.00","4.00","4.00"
"7493","1240","20241215","4.00","3.00","4.00"
"7494","1240","20241215","4.00","5.00","3.00"
"7495","1240","20241215","3.00","5.00","4.00"
"7496","1240","20241215","4.00","4.00","4.00"
"7497","1256","20241215","3.00","4.00","4.00"
"7498","1256","20241215","5.00","4.00","5.00"
"7499","1256","20241215","5.00","4.00","4.00"
"7500","1256","20241215","4.00","4.00","5.00"
"7501","1256","20241215","5.00","4.00","4.00"
"7502","1256","20241215","3.00","4.00","4.00"
"7503","1256","20241215","4.00","3.00","4.00"
"7504","1256","20241215","4.00","3.00","4.00"
"7505","1256","20241215","4.00","5.00","5.00"
"7506","1256","20241215","5.00","4.00","4.00"
"7507","1256","20241215","4.00","4.00","4.00"
"7508","1260","20241215","4.00","4.00","4.00"
"7509","1260","20241215","5.00","4.00","5.00"
"7510","1260","20241215","5.00","4.00","5.00"
"7511","1260","20241215","5.00","5.00","5.00"
"7512","1260","20241215","5.00","4.00","4.00"
"7513","1260","20241215","4.00","4.00","3.00"
"7514","1260","20241215","5.00","4.00","3.00"
"7515","1260","20241215","5.00","5.00","4.00"
"7516","1260","20241215","5.00","5.00","4.00"
"7517","1260","20241215","4.00","5.00","4.00"
"7518","1260","20241215","4.00","4.00","4.00"
"7519","1260","20241215","5.00","4.00","4.00"
"7520","1260","20241215","3.00","4.00","5.00"
"7521","1260","20241215","5.00","5.00","5.00"
"7522","1260","20241215","4.00","5.00","4.00"
"7523","1267","20241215","3.00","3.00","3.00"
"7524","1267","20241215","5.00","4.00","3.00"
"7525","1267","20241215","4.00","3.00","3.00"
"7526","1267","20241215","4.00","4.00","3.00"
"7527","1267","20241215","4.00","3.00","4.00"
"7528","1267","20241215","3.00","4.00","4.00"
"7529","1267","20241215","3.00","4.00","3.00"
"7530","1267","20241215","4.00","4.00","4.00"
"7531","1267","20241215","3.00","4.00","3.00"
"7532","1267","20241215","4.00","4.00","4.00"
"7533","1267","20241215","4.00","4.00","3.00"
"7534","1267","20241215","5.00","4.00","4.00"
"7535","1267","20241215","5.00","4.00","4.00"
"7536","1267","20241215","3.00","4.00","3.00"
"7537","1269","20241215","5.00","5.00","4.00"
"7538","1269","20241215","4.00","4.00","5.00"
"7539","1269","20241215","4.00","5.00","4.00"
"7540","1269","20241215","5.00","5.00","4.00"
"7541","1276","20241215","3.00","3.00","3.00"
"7542","1276","20241215","2.00","4.00","4.00"
"7543","1276","20241215","3.00","1.00","3.00"
"7544","1282","20241215","4.00","3.00","3.00"
"7545","1282","20241215","3.00","2.00","2.00"
"7546","1282","20241215","3.00","3.00","3.00"
"7547","1294","20241215","1.00","2.00","2.00"
"7548","1294","20241215","2.00","2.00","2.00"
"7549","1294","20241215","1.00","2.00","2.00"
"7550","1294","20241215","2.00","3.00","2.00"
"7551","1294","20241215","2.00","1.00","2.00"
"7552","1294","20241215","2.00","2.00","2.00"
"7553","1294","20241215","2.00","1.00","3.00"
"7554","1294","20241215","1.00","2.00","2.00"
"7555","1294","20241215","1.00","3.00","1.00"
"7556","1294","20241215","3.00","3.00","2.00"
"7557","1294","20241215","4.00","2.00","2.00"
"7558","1308","20241215","5.00","5.00","5.00"
"7559","1308","20241215","5.00","5.00","5.00"
"7560","1308","20241215","5.00","5.00","4.00"
"7561","1308","20241215","4.00","4.00","5.00"
"7562","1308","20241215","5.00","5.00","4.00"
"7563","1308","20241215","4.00","5.00","5.00"
"7564","1308","20241215","4.00","5.00","5.00"
"7565","1308","20241215","5.00","5.00","5.00"
"7566","1308","20241215","5.00","5.00","5.00"
"7567","1308","20241215","5.00","5.00","5.00"
"7568","1308","20241215","5.00","5.00","5.00"
"7569","1312","20241215","3.00","2.00","3.00"
"7570","1312","20241215","4.00","4.00","4.00"
"7571","1312","20241215","3.00","3.00","3.00"
"7572","1312","20241215","4.00","2.00","3.00"
"7573","1312","20241215","3.00","3.00","3.00"
"7574","1312","20241215","3.00","3.00","3.00"
"7575","1312","20241215","4.00","3.00","3.00"
"7576","1320","20241215","4.00","4.00","4.00"
"7577","1320","20241215","4.00","4.00","3.00"
"7578","1320","20241215","4.00","4.00","4.00"
"7579","1334","20241215","3.00","4.00","4.00"
"7580","1334","20241215","5.00","4.00","5.00"
"7581","1334","20241215","4.00","4.00","4.00"
"7582","1334","20241215","3.00","4.00","4.00"
"7583","1334","20241215","4.00","4.00","4.00"
"7584","1334","20241215","3.00","5.00","4.00"
"7585","1334","20241215","4.00","4.00","4.00"
"7586","1334","20241215","4.00","5.00","4.00"
"7587","1334","20241215","5.00","4.00","5.00"
"7588","1334","20241215","3.00","3.00","4.00"
"7589","1334","20241215","5.00","4.00","4.00"
"7590","1334","20241215","3.00","4.00","4.00"
"7591","1334","20241215","4.00","5.00","5.00"
"7592","1350","20241215","3.00","4.00","5.00"
"7593","1350","20241215","5.00","5.00","4.00"
"7594","1350","20241215","5.00","5.00","4.00"
"7595","1350","20241215","5.00","4.00","5.00"
"7596","1350","20241215","4.00","4.00","3.00"
"7597","1350","20241215","4.00","4.00","4.00"
"7598","1350","20241215","4.00","4.00","4.00"
"7599","1350","20241215","5.00","4.00","4.00"
"7600","1350","20241215","4.00","4.00","5.00"
"7601","1366","20241215","4.00","5.00","4.00"
"7602","1366","20241215","4.00","4.00","4.00"
"7603","1366","20241215","3.00","4.00","5.00"
"7604","1366","20241215","4.00","4.00","5.00"
"7605","1366","20241215","3.00","5.00","4.00"
"7606","1366","20241215","5.00","4.00","4.00"
"7607","1366","20241215","5.00","5.00","5.00"
"7608","1366","20241215","5.00","5.00","4.00"
"7609","1366","20241215","3.00","4.00","5.00"
"7610","1366","20241215","4.00","5.00","5.00"
"7611","1368","20241215","2.00","3.00","2.00"
"7612","1368","20241215","2.00","1.00","2.00"
"7613","1368","20241215","2.00","2.00","1.00"
"7614","1368","20241215","2.00","2.00","2.00"
"7615","1368","20241215","2.00","2.00","3.00"
"7616","1368","20241215","3.00","3.00","2.00"
"7617","1368","20241215","2.00","3.00","2.00"
"7618","1368","20241215","2.00","3.00","2.00"
"7619","1368","20241215","2.00","2.00","2.00"
"7620","1368","20241215","1.00","2.00","2.00"
"7621","1368","20241215","3.00","2.00","2.00"
"7622","1368","20241215","1.00","2.00","3.00"
"7623","1368","20241215","1.00","2.00","2.00"
"7624","1368","20241215","3.00","2.00","3.00"
"7625","1368","20241215","3.00","3.00","2.00"
"7626","1379","20241215","2.00","3.00","2.00"
"7627","1379","20241215","2.00","2.00","2.00"
"7628","1379","20241215","3.00","2.00","3.00"
"7629","1379","20241215","3.00","3.00","4.00"
"7630","1379","20241215","2.00","3.00","2.00"
"7631","1381","20241215","4.00","2.00","2.00"
"7632","1381","20241215","2.00","3.00","2.00"
"7633","1381","20241215","3.00","2.00","2.00"
"7634","1383","20241215","3.00","4.00","3.00"
"7635","1383","20241215","3.00","4.00","4.00"
"7636","1383","20241215","4.00","5.00","4.00"
"7637","1383","20241215","3.00","5.00","3.00"
"7638","1383","20241215","3.00","5.00","5.00"
"7639","1383","20241215","4.00","3.00","3.00"
"7640","1383","20241215","5.00","4.00","4.00"
"7641","1383","20241215","4.00","4.00","3.00"
"7642","1383","20241215","4.00","4.00","4.00"
"7643","1383","20241215","3.00","5.00","5.00"
"7644","1409","20241215","3.00","4.00","2.00"
"7645","1409","20241215","3.00","3.00","3.00"
"7646","1409","20241215","3.00","3.00","2.00"
"7647","1409","20241215","3.00","4.00","3.00"
"7648","1409","20241215","2.00","3.00","3.00"
"7649","1423","20241215","4.00","3.00","3.00"
"7650","1423","20241215","3.00","4.00","3.00"
"7651","1423","20241215","4.00","4.00","4.00"
"7652","1423","20241215","4.00","3.00","4.00"
"7653","1423","20241215","4.00","4.00","3.00"
"7654","1423","20241215","4.00","4.00","3.00"
"7655","1423","20241215","3.00","3.00","4.00"
"7656","1428","20241215","4.00","5.00","5.00"
"7657","1428","20241215","4.00","5.00","5.00"
"7658","1428","20241215","4.00","5.00","4.00"
"7659","1428","20241215","4.00","5.00","5.00"
"7660","1428","20241215","4.00","5.00","5.00"
"7661","1428","20241215","4.00","5.00","4.00"
"7662","1428","20241215","5.00","5.00","4.00"
"7663","1428","20241215","5.00","5.00","4.00"
"7664","1428","20241215","4.00","4.00","4.00"
"7665","1428","20241215","5.00","5.00","5.00"
"7666","1428","20241215","4.00","4.00","4.00"
"7667","1428","20241215","4.00","5.00","5.00"
"7668","1428","20241215","4.00","4.00","5.00"
"7669","1428","20241215","4.00","5.00","5.00"
"7670","1428","20241215","5.00","4.00","5.00"
"7671","1436","20241215","1.00","2.00","2.00"
"7672","1436","20241215","3.00","2.00","2.00"
"7673","1436","20241215","3.00","4.00","2.00"
"7674","1436","20241215","4.00","3.00","2.00"
"7675","1436","20241215","2.00","3.00","3.00"
"7676","1436","20241215","2.00","3.00","3.00"
"7677","1436","20241215","2.00","4.00","3.00"
"7678","1436","20241215","2.00","2.00","3.00"
"7679","1436","20241215","1.00","2.00","2.00"
"7680","1436","20241215","2.00","3.00","3.00"
"7681","1440","20241215","3.00","3.00","3.00"
"7682","1440","20241215","3.00","3.00","3.00"
"7683","1440","20241215","1.00","3.00","3.00"
"7684","1440","20241215","3.00","2.00","3.00"
"7685","1440","20241215","2.00","3.00","3.00"
"7686","1440","20241215","2.00","3.00","3.00"
"7687","1440","20241215","3.00","3.00","3.00"
"7688","1440","20241215","2.00","3.00","3.00"
"7689","1440","20241215","4.00","3.00","2.00"
"7690","1440","20241215","3.00","4.00","2.00"
"7691","1440","20241215","2.00","3.00","3.00"
"7692","1440","20241215","2.00","2.00","3.00"
"7693","1448","20241215","2.00","3.00","3.00"
"7694","1448","20241215","2.00","3.00","4.00"
"7695","1448","20241215","3.00","3.00","3.00"
"7696","1448","20241215","4.00","4.00","3.00"
"7697","1448","20241215","3.00","3.00","2.00"
"7698","1448","20241215","4.00","4.00","3.00"
"7699","1448","20241215","2.00","4.00","3.00"
"7700","1448","20241215","4.00","4.00","4.00"
"7701","1448","20241215","3.00","3.00","3.00"
"7702","1448","20241215","4.00","3.00","3.00"
"7703","1448","20241215","2.00","4.00","4.00"
"7704","1448","20241215","3.00","4.00","4.00"
"7705","1448","20241215","3.00","3.00","3.00"
"7706","1448","20241215","4.00","4.00","4.00"
"7707","1456","20241215","1.00","2.00","2.00"
"7708","1456","20241215","2.00","3.00","2.00"
"7709","1456","20241215","2.00","2.00","2.00"
"7710","1456","20241215","2.00","2.00","1.00"
"7711","1456","20241215","1.00","2.00","2.00"
"7712","1456","20241215","2.00","1.00","2.00"
"7713","1456","20241215","2.00","1.00","2.00"
"7714","1456","20241215","1.00","3.00","2.00"
"7715","1456","20241215","1.00","2.00","1.00"
"7716","1456","20241215","1.00","2.00","2.00"
"7717","1456","20241215","2.00","2.00","1.00"
"7718","1456","20241215","1.00","1.00","2.00"
"7719","1456","20241215","2.00","1.00","2.00"
"7720","1460","20241215","3.00","3.00","4.00"
"7721","1460","20241215","2.00","3.00","3.00"
"7722","1460","20241215","2.00","3.00","3.00"
"7723","1460","20241215","3.00","3.00","3.00"
"7724","1460","20241215","3.00","3.00","3.00"
"7725","1460","20241215","2.00","4.00","3.00"
"7726","1460","20241215","4.00","3.00","3.00"
"7727","1460","20241215","3.00","3.00","2.00"
"7728","1460","20241215","2.00","3.00","3.00"
"7729","1460","20241215","2.00","3.00","3.00"
"7730","1460","20241215","4.00","3.00","3.00"
"7731","1460","20241215","3.00","3.00","3.00"
"7732","1460","20241215","2.00","3.00","3.00"
"7733","1474","20241215","5.00","5.00","4.00"
"7734","1474","20241215","5.00","5.00","5.00"
"7735","1474","20241215","5.00","5.00","5.00"
"7736","1474","20241215","5.00","5.00","5.00"
"7737","1474","20241215","5.00","5.00","5.00"
"7738","1502","20241215","4.00","2.00","4.00"
"7739","1502","20241215","4.00","4.00","4.00"
"7740","1502","20241215","4.00","5.00","4.00"
"7741","1502","20241215","4.00","5.00","5.00"
"7742","1502","20241215","4.00","3.00","5.00"
"7743","1502","20241215","3.00","4.00","4.00"
"7744","1502","20241215","3.00","5.00","4.00"
"7745","1502","20241215","2.00","3.00","4.00"
"7746","1511","20241215","4.00","5.00","3.00"
"7747","1511","20241215","4.00","4.00","4.00"
"7748","1511","20241215","3.00","5.00","4.00"
"7749","1527","20241215","4.00","4.00","5.00"
"7750","1527","20241215","5.00","5.00","4.00"
"7751","1527","20241215","5.00","5.00","5.00"
"7752","1527","20241215","4.00","5.00","5.00"
"7753","1527","20241215","4.00","5.00","5.00"
"7754","1527","20241215","5.00","4.00","4.00"
"7755","1527","20241215","5.00","4.00","3.00"
"7756","1527","20241215","4.00","5.00","5.00"
"7757","1527","20241215","5.00","5.00","4.00"
"7758","1527","20241215","4.00","5.00","3.00"
"7759","1527","20241215","5.00","5.00","5.00"
"7760","1527","20241215","5.00","5.00","3.00"
"7761","1571","20241215","4.00","3.00","3.00"
"7762","1571","20241215","1.00","3.00","4.00"
"7763","1571","20241215","4.00","4.00","3.00"
"7764","1571","20241215","2.00","4.00","4.00"
"7765","1600","20241215","3.00","2.00","3.00"
"7766","1600","20241215","3.00","3.00","3.00"
"7767","1600","20241215","2.00","3.00","3.00"
"7768","1600","20241215","3.00","4.00","2.00"
"7769","1600","20241215","3.00","4.00","3.00"
"7770","1613","20241215","1.00","2.00","2.00"
"7771","1613","20241215","3.00","2.00","2.00"
"7772","1613","20241215","2.00","2.00","2.00"
"7773","1613","20241215","4.00","2.00","3.00"
"7774","1613","20241215","2.00","1.00","2.00"
"7775","1613","20241215","2.00","3.00","2.00"
"7776","1613","20241215","3.00","2.00","2.00"
"7777","1613","20241215","3.00","1.00","3.00"
"7778","1613","20241215","2.00","3.00","1.00"
"7779","1613","20241215","2.00","3.00","3.00"
"7780","1613","20241215","1.00","4.00","2.00"
"7781","1631","20241215","3.00","4.00","3.00"
"7782","1631","20241215","5.00","4.00","3.00"
"7783","1631","20241215","3.00","3.00","3.00"
"7784","1631","20241215","4.00","4.00","3.00"
"7785","1631","20241215","3.00","4.00","4.00"
"7786","1631","20241215","3.00","3.00","4.00"
"7787","1631","20241215","3.00","3.00","4.00"
"7788","1637","20241215","4.00","4.00","2.00"
"7789","1637","20241215","3.00","2.00","3.00"
"7790","1637","20241215","3.00","4.00","2.00"
"7791","1637","20241215","4.00","3.00","3.00"
"7792","1637","20241215","3.00","4.00","5.00"
"7793","1637","20241215","2.00","3.00","3.00"
"7794","1637","20241215","3.00","4.00","3.00"
"7795","1637","20241215","3.00","2.00","3.00"
"7796","1637","20241215","3.00","3.00","3.00"
"7797","1637","20241215","3.00","4.00","2.00"
"7798","1637","20241215","2.00","2.00","4.00"
"7799","1637","20241215","3.00","3.00","3.00"
"7800","1637","20241215","4.00","4.00","3.00"
"7801","1637","20241215","3.00","4.00","3.00"
"7802","1637","20241215","3.00","4.00","3.00"
"7803","1643","20241215","4.00","4.00","5.00"
"7804","1643","20241215","4.00","5.00","4.00"
"7805","1643","20241215","4.00","5.00","4.00"
"7806","1643","20241215","5.00","4.00","4.00"
"7807","1643","20241215","4.00","4.00","5.00"
"7808","1643","20241215","5.00","4.00","4.00"
"7809","1643","20241215","5.00","5.00","4.00"
"7810","1643","20241215","4.00","4.00","4.00"
"7811","1643","20241215","5.00","5.00","4.00"
"7812","1643","20241215","4.00","5.00","5.00"
"7813","1643","20241215","4.00","5.00","4.00"
"7814","1657","20241215","2.00","2.00","2.00"
"7815","1657","20241215","5.00","2.00","2.00"
"7816","1657","20241215","3.00","2.00","2.00"
"7817","1665","20241215","3.00","4.00","2.00"
"7818","1665","20241215","2.00","3.00","3.00"
"7819","1665","20241215","3.00","4.00","2.00"
"7820","1665","20241215","5.00","3.00","2.00"
"7821","1665","20241215","2.00","3.00","3.00"
"7822","1665","20241215","3.00","2.00","3.00"
"7823","1665","20241215","4.00","3.00","3.00"
"7824","1665","20241215","2.00","3.00","2.00"
"7825","1665","20241215","1.00","3.00","3.00"
"7826","1665","20241215","3.00","3.00","3.00"
"7827","1665","20241215","3.00","3.00","3.00"
"7828","1665","20241215","2.00","3.00","3.00"
"7829","1665","20241215","3.00","4.00","3.00"
"7830","1677","20241215","3.00","3.00","3.00"
"7831","1677","20241215","2.00","3.00","3.00"
"7832","1677","20241215","5.00","2.00","2.00"
"7833","1677","20241215","2.00","3.00","2.00"
"7834","1677","20241215","3.00","2.00","3.00"
"7835","1677","20241215","2.00","4.00","2.00"
"7836","1677","20241215","3.00","3.00","2.00"
"7837","1677","20241215","3.00","4.00","3.00"
"7838","1677","20241215","3.00","3.00","3.00"
"7839","1677","20241215","2.00","3.00","3.00"
"7840","1677","20241215","3.00","2.00","2.00"
"7841","1677","20241215","3.00","2.00","2.00"
"7842","1685","20241215","2.00","2.00","1.00"
"7843","1685","20241215","3.00","2.00","3.00"
"7844","1685","20241215","2.00","2.00","2.00"
"7845","1685","20241215","3.00","2.00","2.00"
"7846","1685","20241215","2.00","2.00","3.00"
"7847","1685","20241215","1.00","2.00","2.00"
"7848","1685","20241215","3.00","2.00","3.00"
"7849","1685","20241215","2.00","3.00","2.00"
"7850","1685","20241215","2.00","3.00","1.00"
"7851","1692","20241215","5.00","5.00","5.00"
"7852","1692","20241215","5.00","5.00","4.00"
"7853","1692","20241215","4.00","5.00","5.00"
"7854","1692","20241215","5.00","4.00","4.00"
"7855","1692","20241215","4.00","5.00","4.00"
"7856","1692","20241215","4.00","5.00","5.00"
"7857","1692","20241215","5.00","5.00","5.00"
"7858","1692","20241215","4.00","5.00","4.00"
"7859","1692","20241215","4.00","5.00","5.00"
"7860","1692","20241215","5.00","5.00","5.00"
"7861","1692","20241215","5.00","5.00","4.00"
"7862","1692","20241215","5.00","5.00","5.00"
"7863","1708","20241215","2.00","3.00","4.00"
"7864","1708","20241215","3.00","4.00","3.00"
"7865","1708","20241215","4.00","4.00","4.00"
"7866","1708","20241215","4.00","5.00","4.00"
"7867","1708","20241215","2.00","4.00","3.00"
"7868","1708","20241215","4.00","3.00","5.00"
"7869","1708","20241215","4.00","3.00","3.00"
"7870","1712","20241215","4.00","4.00","4.00"
"7871","1712","20241215","3.00","4.00","4.00"
"7872","1712","20241215","5.00","4.00","4.00"
"7873","1712","20241215","4.00","5.00","5.00"
"7874","1712","20241215","4.00","5.00","4.00"
"7875","1712","20241215","4.00","4.00","4.00"
"7876","1712","20241215","5.00","4.00","4.00"
"7877","1730","20241215","2.00","2.00","2.00"
"7878","1730","20241215","2.00","1.00","2.00"
"7879","1730","20241215","3.00","3.00","2.00"
"7880","1730","20241215","2.00","2.00","4.00"
"7881","1737","20241215","2.00","3.00","3.00"
"7882","1737","20241215","4.00","3.00","4.00"
"7883","1737","20241215","3.00","3.00","3.00"
"7884","1737","20241215","3.00","3.00","3.00"
"7885","1737","20241215","3.00","4.00","3.00"
"7886","1737","20241215","3.00","4.00","3.00"
"7887","1737","20241215","3.00","4.00","3.00"
"7888","1737","20241215","3.00","3.00","3.00"
"7889","1737","20241215","3.00","3.00","3.00"
"7890","1737","20241215","4.00","3.00","3.00"
"7891","1737","20241215","3.00","4.00","3.00"
"7892","1737","20241215","2.00","4.00","3.00"
"7893","1737","20241215","3.00","3.00","3.00"
"7894","1751","20241215","4.00","5.00","4.00"
"7895","1751","20241215","5.00","5.00","3.00"
"7896","1751","20241215","4.00","5.00","4.00"
"7897","1751","20241215","5.00","4.00","5.00"
"7898","1751","20241215","5.00","5.00","5.00"
"7899","1759","20241215","5.00","4.00","5.00"
"7900","1759","20241215","2.00","5.00","4.00"
"7901","1759","20241215","3.00","4.00","4.00"
"7902","1759","20241215","5.00","4.00","4.00"
"7903","1759","20241215","3.00","5.00","5.00"
"7904","1759","20241215","4.00","4.00","4.00"
"7905","1759","20241215","5.00","4.00","5.00"
"7906","1759","20241215","5.00","4.00","4.00"
"7907","1759","20241215","5.00","4.00","4.00"
"7908","1759","20241215","4.00","4.00","4.00"
"7909","1759","20241215","5.00","4.00","4.00"
"7910","1759","20241215","4.00","4.00","4.00"
"7911","1759","20241215","4.00","4.00","4.00"
"7912","1759","20241215","5.00","4.00","4.00"
"7913","1759","20241215","3.00","5.00","5.00"
"7914","1772","20241215","4.00","4.00","5.00"
"7915","1772","20241215","3.00","3.00","3.00"
"7916","1772","20241215","5.00","3.00","4.00"
"7917","1772","20241215","3.00","5.00","4.00"
"7918","1772","20241215","4.00","4.00","4.00"
"7919","1772","20241215","5.00","5.00","4.00"
"7920","1772","20241215","2.00","5.00","4.00"
"7921","1772","20241215","5.00","5.00","3.00"
"7922","1772","20241215","4.00","5.00","4.00"
"7923","1772","20241215","4.00","4.00","5.00"
"7924","1772","20241215","4.00","4.00","4.00"
"7925","1772","20241215","5.00","5.00","5.00"
"7926","1775","20241215","5.00","3.00","3.00"
"7927","1775","20241215","4.00","4.00","4.00"
"7928","1775","20241215","3.00","3.00","4.00"
"7929","1775","20241215","3.00","4.00","3.00"
"7930","1775","20241215","2.00","3.00","3.00"
"7931","1775","20241215","4.00","3.00","3.00"
"7932","1775","20241215","3.00","3.00","3.00"
"7933","1775","20241215","2.00","3.00","3.00"
"7934","1775","20241215","3.00","4.00","3.00"
"7935","1779","20241215","1.00","2.00","2.00"
"7936","1779","20241215","2.00","2.00","2.00"
"7937","1779","20241215","1.00","3.00","3.00"
"7938","1779","20241215","2.00","1.00","2.00"
"7939","1779","20241215","3.00","2.00","2.00"
"7940","1779","20241215","2.00","2.00","2.00"
"7941","1779","20241215","2.00","2.00","2.00"
"7942","1779","20241215","2.00","1.00","2.00"
"7943","1779","20241215","3.00","2.00","3.00"
"7944","1779","20241215","1.00","2.00","2.00"
"7945","1779","20241215","1.00","3.00","1.00"
"7946","1779","20241215","1.00","2.00","2.00"
"7947","1800","20241215","2.00","3.00","4.00"
"7948","1800","20241215","4.00","5.00","4.00"
"7949","1800","20241215","3.00","3.00","4.00"
"7950","1800","20241215","5.00","3.00","4.00"
"7951","1800","20241215","3.00","3.00","5.00"
"7952","1800","20241215","4.00","4.00","3.00"
"7953","1800","20241215","5.00","5.00","4.00"
"7954","1800","20241215","4.00","3.00","3.00"
"7955","1800","20241215","4.00","3.00","4.00"
"7956","1800","20241215","4.00","3.00","4.00"
"7957","1800","20241215","2.00","5.00","4.00"
"7958","1800","20241215","4.00","5.00","3.00"
"7959","1804","20241215","4.00","5.00","3.00"
"7960","1804","20241215","4.00","5.00","5.00"
"7961","1804","20241215","4.00","5.00","4.00"
"7962","1804","20241215","4.00","4.00","4.00"
"7963","1804","20241215","4.00","4.00","3.00"
"7964","1804","20241215","5.00","4.00","4.00"
"7965","1808","20241215","2.00","3.00","3.00"
"7966","1808","20241215","4.00","5.00","5.00"
"7967","1808","20241215","3.00","5.00","3.00"
"7968","1808","20241215","2.00","4.00","3.00"
"7969","1808","20241215","2.00","2.00","3.00"
"7970","1808","20241215","4.00","3.00","3.00"
"7971","1808","20241215","3.00","2.00","3.00"
"7972","1831","20241215","4.00","4.00","2.00"
"7973","1831","20241215","3.00","4.00","3.00"
"7974","1831","20241215","4.00","3.00","3.00"
"7975","1831","20241215","2.00","4.00","3.00"
"7976","1831","20241215","2.00","4.00","4.00"
"7977","1831","20241215","4.00","3.00","3.00"
"7978","1831","20241215","4.00","4.00","3.00"
"7979","1831","20241215","3.00","3.00","3.00"
"7980","1831","20241215","3.00","3.00","3.00"
"7981","1831","20241215","3.00","4.00","3.00"
"7982","1831","20241215","4.00","4.00","3.00"
"7983","1855","20241215","4.00","3.00","4.00"
"7984","1855","20241215","3.00","3.00","3.00"
"7985","1855","20241215","3.00","4.00","4.00"
"7986","1855","20241215","3.00","3.00","3.00"
"7987","1879","20241215","4.00","4.00","4.00"
"7988","1879","20241215","5.00","5.00","3.00"
"7989","1879","20241215","3.00","4.00","4.00"
"7990","1879","20241215","4.00","4.00","3.00"
"7991","1879","20241215","2.00","2.00","4.00"
"7992","1879","20241215","3.00","4.00","4.00"
"7993","1879","20241215","4.00","5.00","4.00"
"7994","1879","20241215","4.00","5.00","3.00"
"7995","1879","20241215","5.00","4.00","3.00"
"7996","1891","20241215","3.00","2.00","4.00"
"7997","1891","20241215","3.00","3.00","3.00"
"7998","1891","20241215","3.00","3.00","3.00"
"7999","1891","20241215","3.00","2.00","3.00"
"8000","1891","20241215","3.00","2.00","3.00"
"8001","1891","20241215","3.00","4.00","3.00"
"8002","1891","20241215","4.00","2.00","3.00"
"8003","1894","20241215","4.00","4.00","4.00"
"8004","1894","20241215","4.00","4.00","4.00"
"8005","1894","20241215","5.00","4.00","4.00"
"8006","1894","20241215","5.00","4.00","4.00"
"8007","1894","20241215","4.00","4.00","5.00"
"8008","1894","20241215","4.00","5.00","4.00"
"8009","1894","20241215","4.00","3.00","4.00"
"8010","1894","20241215","5.00","3.00","4.00"
"8011","1894","20241215","5.00","4.00","3.00"
"8012","1896","20241215","5.00","4.00","3.00"
"8013","1896","20241215","4.00","3.00","3.00"
"8014","1896","20241215","3.00","3.00","4.00"
"8015","1896","20241215","2.00","4.00","3.00"
"8016","1896","20241215","3.00","4.00","3.00"
"8017","1896","20241215","4.00","4.00","3.00"
"8018","1896","20241215","3.00","4.00","3.00"
"8019","1906","20241215","4.00","4.00","3.00"
"8020","1906","20241215","4.00","3.00","3.00"
"8021","1906","20241215","4.00","3.00","2.00"
"8022","1906","20241215","3.00","3.00","3.00"
"8023","1906","20241215","1.00","3.00","3.00"
"8024","1906","20241215","3.00","4.00","4.00"
"8025","1906","20241215","2.00","3.00","2.00"
"8026","1906","20241215","4.00","3.00","3.00"
"8027","1906","20241215","3.00","3.00","3.00"
"8028","1906","20241215","3.00","4.00","3.00"
"8029","1906","20241215","3.00","3.00","3.00"
"8030","1906","20241215","3.00","4.00","3.00"
"8031","1906","20241215","3.00","2.00","3.00"
"8032","1906","20241215","3.00","3.00","4.00"
"8033","1921","20241215","4.00","5.00","4.00"
"8034","1921","20241215","5.00","4.00","4.00"
"8035","1921","20241215","5.00","5.00","4.00"
"8036","1921","20241215","4.00","4.00","4.00"
"8037","1921","20241215","4.00","4.00","4.00"
"8038","1921","20241215","4.00","5.00","5.00"
"8039","1921","20241215","3.00","4.00","4.00"
"8040","1921","20241215","4.00","5.00","5.00"
"8041","1921","20241215","3.00","4.00","4.00"
"8042","1921","20241215","3.00","4.00","5.00"
"8043","1927","20241215","5.00","5.00","5.00"
"8044","1927","20241215","5.00","4.00","5.00"
"8045","1927","20241215","5.00","5.00","4.00"
"8046","1927","20241215","5.00","4.00","4.00"
"8047","1927","20241215","3.00","4.00","5.00"
"8048","1927","20241215","4.00","5.00","4.00"
"8049","1927","20241215","5.00","4.00","5.00"
"8050","1927","20241215","5.00","5.00","5.00"
"8051","1927","20241215","5.00","5.00","4.00"
"8052","1927","20241215","5.00","5.00","5.00"
"8053","1927","20241215","5.00","5.00","5.00"
"8054","1927","20241215","4.00","5.00","4.00"
"8055","1927","20241215","4.00","5.00","4.00"
"8056","1933","20241215","4.00","5.00","5.00"
"8057","1933","20241215","5.00","5.00","4.00"
"8058","1933","20241215","4.00","5.00","4.00"
"8059","1933","20241215","4.00","5.00","4.00"
"8060","1933","20241215","5.00","4.00","5.00"
"8061","1933","20241215","5.00","5.00","5.00"
"8062","1938","20241215","3.00","5.00","5.00"
"8063","1938","20241215","5.00","5.00","4.00"
"8064","1938","20241215","4.00","5.00","5.00"
"8065","1938","20241215","4.00","4.00","5.00"
"8066","1938","20241215","3.00","4.00","4.00"
"8067","1938","20241215","5.00","3.00","5.00"
"8068","1938","20241215","3.00","5.00","4.00"
"8069","1940","20241215","3.00","4.00","3.00"
"8070","1940","20241215","3.00","4.00","2.00"
"8071","1940","20241215","3.00","3.00","3.00"
"8072","1940","20241215","4.00","3.00","2.00"
"8073","1940","20241215","3.00","2.00","4.00"
"8074","1940","20241215","2.00","3.00","3.00"
"8075","1944","20241215","5.00","5.00","5.00"
"8076","1944","20241215","4.00","5.00","5.00"
"8077","1944","20241215","4.00","5.00","5.00"
"8078","1944","20241215","3.00","5.00","4.00"
"8079","1944","20241215","5.00","5.00","4.00"
"8080","1944","20241215","4.00","5.00","5.00"
"8081","1944","20241215","4.00","5.00","5.00"
"8082","1944","20241215","5.00","4.00","5.00"
"8083","1944","20241215","5.00","5.00","5.00"
"8084","1944","20241215","4.00","5.00","5.00"
"8085","1948","20241215","5.00","5.00","5.00"
"8086","1948","20241215","5.00","5.00","5.00"
"8087","1948","20241215","5.00","5.00","5.00"
"8088","1948","20241215","5.00","5.00","5.00"
"8089","1948","20241215","5.00","5.00","5.00"
"8090","1948","20241215","5.00","5.00","5.00"
"8091","1948","20241215","4.00","5.00","5.00"
"8092","1948","20241215","4.00","5.00","5.00"
"8093","1948","20241215","5.00","5.00","5.00"
"8094","1948","20241215","5.00","5.00","5.00"
"8095","1948","20241215","5.00","5.00","5.00"
"8096","1948","20241215","4.00","5.00","5.00"
"8097","1948","20241215","5.00","5.00","5.00"
"8098","1948","20241215","5.00","5.00","5.00"
"8099","1952","20241215","2.00","2.00","3.00"
"8100","1952","20241215","1.00","2.00","2.00"
"8101","1952","20241215","2.00","3.00","2.00"
"8102","1952","20241215","2.00","2.00","1.00"
"8103","1952","20241215","3.00","2.00","3.00"
"8104","1952","20241215","2.00","3.00","3.00"
"8105","1952","20241215","3.00","2.00","3.00"
"8106","1952","20241215","4.00","4.00","2.00"
"8107","1956","20241215","2.00","4.00","4.00"
"8108","1956","20241215","5.00","4.00","4.00"
"8109","1956","20241215","5.00","4.00","4.00"
"8110","1956","20241215","5.00","3.00","4.00"
"8111","1956","20241215","3.00","4.00","4.00"
"8112","1956","20241215","4.00","4.00","4.00"
"8113","1984","20241215","4.00","3.00","3.00"
"8114","1984","20241215","2.00","4.00","2.00"
"8115","1984","20241215","1.00","3.00","3.00"
"8116","1984","20241215","3.00","3.00","3.00"
"8117","2002","20241215","3.00","4.00","3.00"
"8118","2002","20241215","5.00","4.00","4.00"
"8119","2002","20241215","4.00","4.00","5.00"
"8120","2002","20241215","2.00","4.00","3.00"
"8121","2002","20241215","2.00","4.00","3.00"
"8122","2002","20241215","3.00","3.00","3.00"
"8123","2002","20241215","4.00","3.00","4.00"
"8124","2010","20241215","5.00","5.00","5.00"
"8125","2010","20241215","5.00","5.00","5.00"
"8126","2010","20241215","5.00","5.00","5.00"
"8127","2010","20241215","5.00","5.00","5.00"
"8128","2010","20241215","5.00","5.00","5.00"
"8129","2010","20241215","5.00","5.00","5.00"
"8130","2010","20241215","5.00","5.00","5.00"
"8131","2010","20241215","4.00","5.00","5.00"
"8132","2010","20241215","5.00","5.00","5.00"
"8133","2010","20241215","5.00","5.00","5.00"
"8134","2014","20241215","5.00","5.00","4.00"
"8135","2014","20241215","3.00","4.00","4.00"
"8136","2014","20241215","5.00","3.00","4.00"
"8137","2014","20241215","5.00","4.00","4.00"
"8138","2014","20241215","5.00","5.00","4.00"
"8139","2014","20241215","3.00","3.00","5.00"
"8140","2014","20241215","5.00","4.00","4.00"
"8141","2014","20241215","4.00","3.00","3.00"
"8142","2014","20241215","4.00","4.00","3.00"
"8143","2014","20241215","4.00","5.00","5.00"
"8144","2014","20241215","4.00","4.00","4.00"
"8145","2014","20241215","5.00","4.00","5.00"
"8146","2014","20241215","4.00","5.00","5.00"
"8147","2014","20241215","3.00","5.00","4.00"
"8148","2014","20241215","3.00","5.00","4.00"
"8149","2018","20241215","2.00","4.00","4.00"
"8150","2018","20241215","2.00","4.00","3.00"
"8151","2018","20241215","3.00","2.00","2.00"
"8152","2018","20241215","4.00","3.00","2.00"
"8153","2018","20241215","2.00","4.00","3.00"
"8154","2018","20241215","3.00","2.00","4.00"
"8155","2018","20241215","4.00","4.00","3.00"
"8156","2018","20241215","3.00","3.00","3.00"
"8157","2018","20241215","4.00","4.00","2.00"
"8158","2018","20241215","4.00","3.00","2.00"
"8159","2018","20241215","4.00","4.00","3.00"
"8160","2026","20241215","4.00","3.00","4.00"
"8161","2026","20241215","4.00","4.00","4.00"
"8162","2026","20241215","5.00","4.00","4.00"
"8163","2026","20241215","3.00","5.00","4.00"
"8164","2026","20241215","4.00","5.00","4.00"
"8165","2026","20241215","4.00","4.00","4.00"
"8166","2028","20241215","3.00","4.00","2.00"
"8167","2028","20241215","3.00","3.00","3.00"
"8168","2028","20241215","4.00","4.00","3.00"
"8169","2039","20241215","3.00","5.00","3.00"
"8170","2039","20241215","5.00","3.00","4.00"
"8171","2039","20241215","3.00","3.00","4.00"
"8172","2039","20241215","4.00","3.00","3.00"
"8173","2053","20241215","3.00","3.00","3.00"
"8174","2053","20241215","4.00","4.00","3.00"
"8175","2053","20241215","4.00","4.00","3.00"
"8176","2053","20241215","3.00","3.00","2.00"
"8177","2053","20241215","4.00","2.00","3.00"
"8178","2053","20241215","3.00","3.00","3.00"
"8179","2055","20241215","2.00","4.00","3.00"
"8180","2055","20241215","3.00","4.00","2.00"
"8181","2055","20241215","4.00","2.00","3.00"
"8182","2055","20241215","3.00","4.00","3.00"
"8183","2055","20241215","3.00","4.00","3.00"
"8184","2055","20241215","2.00","2.00","3.00"
"8185","2055","20241215","3.00","3.00","4.00"
"8186","2055","20241215","2.00","3.00","3.00"
"8187","2055","20241215","3.00","4.00","3.00"
"8188","2055","20241215","3.00","3.00","3.00"
"8189","2055","20241215","1.00","2.00","2.00"
"8190","2065","20241215","3.00","5.00","5.00"
"8191","2065","20241215","4.00","4.00","5.00"
"8192","2065","20241215","5.00","4.00","4.00"
"8193","2065","20241215","5.00","4.00","4.00"
"8194","2065","20241215","5.00","5.00","5.00"
"8195","2065","20241215","3.00","4.00","5.00"
"8196","2065","20241215","3.00","4.00","5.00"
"8197","2065","20241215","4.00","4.00","5.00"
"8198","2065","20241215","3.00","5.00","4.00"
"8199","2065","20241215","5.00","4.00","5.00"
"8200","2065","20241215","4.00","5.00","5.00"
"8201","2065","20241215","4.00","5.00","4.00"
"8202","2065","20241215","5.00","4.00","5.00"
"8203","2065","20241215","5.00","4.00","4.00"
"8204","2065","20241215","4.00","5.00","5.00"
"8205","2090","20241215","3.00","3.00","3.00"
"8206","2090","20241215","2.00","4.00","3.00"
"8207","2090","20241215","4.00","4.00","3.00"
"8208","2090","20241215","3.00","4.00","4.00"
"8209","2090","20241215","4.00","3.00","3.00"
"8210","2090","20241215","5.00","4.00","3.00"
"8211","2090","20241215","4.00","4.00","5.00"
"8212","2090","20241215","3.00","4.00","3.00"
"8213","2090","20241215","3.00","4.00","3.00"
"8214","2094","20241215","4.00","4.00","5.00"
"8215","2094","20241215","5.00","4.00","4.00"
"8216","2094","20241215","4.00","5.00","4.00"
"8217","2094","20241215","5.00","3.00","4.00"
"8218","2094","20241215","4.00","4.00","4.00"
"8219","2094","20241215","5.00","4.00","4.00"
"8220","2100","20241215","3.00","3.00","3.00"
"8221","2100","20241215","2.00","3.00","3.00"
"8222","2100","20241215","3.00","4.00","3.00"
"8223","2100","20241215","2.00","3.00","2.00"
"8224","2100","20241215","3.00","3.00","3.00"
"8225","2100","20241215","3.00","3.00","2.00"
"8226","2100","20241215","3.00","4.00","4.00"
"8227","2100","20241215","4.00","4.00","3.00"
"8228","2100","20241215","2.00","3.00","3.00"
"8229","2100","20241215","4.00","3.00","3.00"
"8230","2100","20241215","3.00","3.00","3.00"
"8231","2107","20241215","4.00","4.00","4.00"
"8232","2107","20241215","4.00","5.00","4.00"
"8233","2107","20241215","5.00","5.00","4.00"
"8234","2114","20241215","5.00","4.00","3.00"
"8235","2114","20241215","2.00","3.00","4.00"
"8236","2114","20241215","3.00","3.00","4.00"
"8237","2114","20241215","4.00","4.00","4.00"
"8238","2114","20241215","2.00","3.00","4.00"
"8239","2114","20241215","3.00","3.00","4.00"
"8240","2114","20241215","4.00","4.00","3.00"
"8241","2114","20241215","3.00","4.00","3.00"
"8242","2118","20241215","5.00","3.00","3.00"
"8243","2118","20241215","3.00","3.00","3.00"
"8244","2118","20241215","4.00","3.00","4.00"
"8245","2118","20241215","3.00","4.00","3.00"
"8246","2118","20241215","4.00","3.00","3.00"
"8247","2118","20241215","3.00","4.00","4.00"
"8248","2118","20241215","2.00","4.00","3.00"
"8249","2118","20241215","3.00","4.00","3.00"
"8250","2118","20241215","2.00","4.00","4.00"
"8251","2118","20241215","3.00","5.00","4.00"
"8252","2118","20241215","4.00","4.00","3.00"
"8253","2118","20241215","3.00","5.00","3.00"
"8254","2118","20241215","3.00","5.00","4.00"
"8255","2118","20241215","4.00","3.00","2.00"
"8256","2128","20241215","4.00","5.00","5.00"
"8257","2128","20241215","5.00","5.00","5.00"
"8258","2128","20241215","5.00","5.00","5.00"
"8259","2128","20241215","5.00","5.00","4.00"
"8260","2128","20241215","4.00","5.00","5.00"
"8261","2140","20241215","3.00","2.00","4.00"
"8262","2140","20241215","3.00","2.00","3.00"
"8263","2140","20241215","3.00","2.00","3.00"
"8264","2140","20241215","4.00","4.00","4.00"
"8265","2140","20241215","3.00","4.00","3.00"
"8266","2140","20241215","3.00","4.00","3.00"
"8267","2140","20241215","2.00","3.00","3.00"
"8268","2140","20241215","2.00","4.00","3.00"
"8269","2140","20241215","3.00","4.00","3.00"
"8270","2140","20241215","5.00","3.00","3.00"
"8271","2156","20241215","5.00","3.00","5.00"
"8272","2156","20241215","2.00","5.00","5.00"
"8273","2156","20241215","5.00","4.00","4.00"
"8274","2156","20241215","4.00","4.00","5.00"
"8275","2156","20241215","5.00","5.00","5.00"
"8276","2156","20241215","4.00","5.00","5.00"
"8277","2156","20241215","3.00","5.00","4.00"
"8278","2156","20241215","4.00","5.00","5.00"
"8279","2156","20241215","5.00","5.00","4.00"
"8280","2156","20241215","4.00","5.00","5.00"
"8281","2156","20241215","3.00","4.00","5.00"
"8282","2156","20241215","5.00","5.00","5.00"
"8283","2156","20241215","5.00","5.00","4.00"
"8284","2178","20241215","4.00","3.00","3.00"
"8285","2178","20241215","4.00","3.00","4.00"
"8286","2178","20241215","3.00","4.00","4.00"
"8287","2178","20241215","4.00","3.00","3.00"
"8288","2178","20241215","3.00","2.00","4.00"
"8289","2178","20241215","3.00","2.00","3.00"
"8290","2178","20241215","2.00","4.00","4.00"
"8291","2178","20241215","2.00","4.00","4.00"
"8292","2178","20241215","5.00","2.00","3.00"
"8293","2184","20241215","2.00","3.00","2.00"
"8294","2184","20241215","1.00","1.00","2.00"
"8295","2184","20241215","2.00","2.00","1.00"
"8296","2184","20241215","1.00","1.00","2.00"
"8297","2184","20241215","2.00","2.00","3.00"
"8298","2184","20241215","2.00","4.00","3.00"
"8299","2184","20241215","3.00","2.00","1.00"
"8300","2184","20241215","2.00","2.00","2.00"
"8301","2201","20241215","3.00","4.00","3.00"
"8302","2201","20241215","4.00","4.00","3.00"
"8303","2201","20241215","2.00","3.00","2.00"
"8304","2201","20241215","2.00","3.00","2.00"
"8305","2201","20241215","2.00","3.00","4.00"
"8306","2201","20241215","4.00","3.00","3.00"
"8307","2201","20241215","3.00","3.00","3.00"
"8308","2201","20241215","2.00","2.00","3.00"
"8309","2201","20241215","3.00","2.00","3.00"
"8310","2201","20241215","3.00","4.00","2.00"
"8311","2201","20241215","1.00","4.00","3.00"
"8312","2205","20241215","5.00","5.00","5.00"
"8313","2205","20241215","3.00","5.00","5.00"
"8314","2205","20241215","5.00","5.00","5.00"
"8315","2205","20241215","5.00","5.00","5.00"
"8316","2205","20241215","5.00","5.00","5.00"
"8317","2205","20241215","3.00","5.00","5.00"
"8318","2205","20241215","5.00","5.00","5.00"
"8319","2205","20241215","5.00","5.00","5.00"
"8320","2220","20241215","3.00","4.00","4.00"
"8321","2220","20241215","3.00","3.00","3.00"
"8322","2220","20241215","4.00","3.00","2.00"
"8323","2220","20241215","4.00","3.00","3.00"
"8324","2220","20241215","4.00","4.00","3.00"
"8325","2220","20241215","2.00","2.00","4.00"
"8326","2220","20241215","3.00","3.00","4.00"
"8327","2230","20241215","2.00","4.00","4.00"
"8328","2230","20241215","4.00","4.00","3.00"
"8329","2230","20241215","4.00","4.00","4.00"
"8330","2230","20241215","2.00","5.00","4.00"
"8331","2230","20241215","5.00","4.00","5.00"
"8332","2230","20241215","4.00","5.00","4.00"
"8333","2230","20241215","4.00","5.00","4.00"
"8334","2230","20241215","5.00","4.00","4.00"
"8335","2230","20241215","5.00","4.00","4.00"
"8336","2230","20241215","4.00","3.00","3.00"
"8337","2230","20241215","4.00","4.00","4.00"
"8338","2230","20241215","5.00","4.00","4.00"
"8339","2230","20241215","4.00","4.00","4.00"
"8340","2235","20241215","2.00","3.00","3.00"
"8341","2235","20241215","3.00","3.00","3.00"
"8342","2235","20241215","3.00","4.00","3.00"
"8343","2235","20241215","3.00","3.00","3.00"
"8344","2235","20241215","2.00","4.00","3.00"
"8345","2235","20241215","3.00","3.00","3.00"
"8346","2248","20241215","3.00","4.00","2.00"
"8347","2248","20241215","3.00","2.00","2.00"
"8348","2248","20241215","3.00","3.00","3.00"
"8349","2248","20241215","2.00","3.00","3.00"
"8350","2248","20241215","2.00","3.00","2.00"
"8351","2248","20241215","3.00","4.00","3.00"
"8352","2248","20241215","3.00","3.00","3.00"
"8353","2248","20241215","2.00","2.00","3.00"
"8354","2248","20241215","2.00","3.00","4.00"
"8355","2248","20241215","1.00","3.00","3.00"
"8356","2248","20241215","2.00","3.00","3.00"
"8357","2248","20241215","3.00","2.00","3.00"
"8358","2259","20241215","4.00","3.00","3.00"
"8359","2259","20241215","5.00","3.00","3.00"
"8360","2259","20241215","3.00","3.00","4.00"
